^2026^|^01^|^015116^|^015^|^08^|^CD^|^6212^|^FAL^|^01^|^51^|^2^|^002^|^100^|^1^|^1^|^Tidak ada komponen^|^ ^|0|0|0|0|^2023^|^^|^0^|^00^|^1^|^1^|^1^|^1^|^1^|0|0|0|0|^^|0|0
^2026^|^01^|^015116^|^015^|^08^|^CD^|^6214^|^FAL^|^01^|^51^|^2^|^001^|^100^|^1^|^1^|^Tidak ada komponen^|^ ^|0|0|0|0|^2023^|^^|^0^|^00^|^1^|^1^|^1^|^1^|^1^|0|0|0|0|^^|0|0
^2026^|^01^|^015116^|^015^|^08^|^CD^|^6215^|^FAH^|^01^|^51^|^2^|^003^|^100^|^1^|^1^|^Tidak ada komponen^|^ ^|0|0|0|0|^2023^|^^|^0^|^00^|^1^|^1^|^1^|^1^|^1^|0|0|0|0|^^|0|0
^2026^|^01^|^015116^|^015^|^08^|^WA^|^4715^|^EBA^|^01^|^51^|^2^|^001^|^100^|^1^|^1^|^Tidak Ada Komponen^|^ ^|0|0|0|0|^2023^|^^|^0^|^00^|^1^|^1^|^1^|^1^|^1^|0|0|0|0|^^|0|0
^2026^|^01^|^015116^|^015^|^08^|^WA^|^4715^|^EBA^|^01^|^51^|^2^|^002^|^100^|^1^|^1^|^Tidak Ada Komponen^|^ ^|0|0|0|0|^2023^|^^|^0^|^00^|^1^|^1^|^1^|^1^|^1^|0|0|0|0|^^|0|0
^2026^|^01^|^015116^|^015^|^08^|^WA^|^4715^|^EBA^|^01^|^51^|^2^|^994^|^002^|^1^|^1^|^Operasional dan Pemeliharaan Kantor^|^ ^|0|0|0|0|^2023^|^^|^0^|^00^|^1^|^1^|^1^|^1^|^1^|0|0|0|0|^^|0|0
^2026^|^01^|^015116^|^015^|^08^|^WA^|^4719^|^EBA^|^01^|^51^|^2^|^994^|^001^|^1^|^1^|^Gaji dan Tunjangan^|^ ^|0|0|0|0|^2023^|^^|^0^|^00^|^1^|^1^|^1^|^1^|^1^|0|0|0|0|^^|0|0
^2026^|^01^|^015116^|^015^|^08^|^WA^|^4719^|^EBC^|^01^|^51^|^2^|^001^|^100^|^1^|^1^|^Tidak Ada Komponen^|^ ^|0|0|0|0|^2023^|^^|^0^|^00^|^1^|^1^|^1^|^1^|^1^|0|0|0|0|^^|0|0
^2026^|^01^|^015115^|^015^|^08^|^CD^|^6212^|^FAC^|^01^|^51^|^2^|^001^|^100^|^2^|^1^|^Tidak Ada Komponen^|^ ^|0|0|0|0|^2023^|^^|^0^|^00^|^1^|^1^|^1^|^1^|^1^|0|0|0|0|^^|0|0
^2026^|^01^|^015115^|^015^|^08^|^CD^|^6212^|^FAH^|^01^|^51^|^2^|^001^|^100^|^2^|^1^|^Tidak ada komponen^|^ ^|0|0|0|0|^2023^|^^|^0^|^00^|^1^|^1^|^1^|^1^|^1^|0|0|0|0|^^|0|0
^2026^|^01^|^015115^|^015^|^08^|^CD^|^6212^|^FAL^|^01^|^51^|^2^|^004^|^100^|^2^|^1^|^Tidak ada komponen^|^ ^|0|0|0|0|^2023^|^^|^0^|^00^|^1^|^1^|^1^|^1^|^1^|0|0|0|0|^^|0|0
^2026^|^01^|^015115^|^015^|^08^|^CD^|^6213^|^FAC^|^01^|^51^|^2^|^001^|^100^|^2^|^1^|^Tidak ada komponen^|^ ^|0|0|0|0|^2023^|^^|^0^|^00^|^1^|^1^|^1^|^1^|^1^|0|0|0|0|^^|0|0
^2026^|^01^|^015115^|^015^|^08^|^CD^|^6214^|^FAL^|^01^|^51^|^2^|^002^|^100^|^2^|^1^|^Tidak ada komponen^|^ ^|0|0|0|0|^2023^|^^|^0^|^00^|^1^|^1^|^1^|^1^|^1^|0|0|0|0|^^|0|0
^2026^|^01^|^015115^|^015^|^08^|^CD^|^6215^|^FAH^|^01^|^51^|^2^|^003^|^100^|^2^|^1^|^Tidak ada komponen^|^ ^|0|0|0|0|^2023^|^^|^0^|^00^|^1^|^1^|^1^|^1^|^1^|0|0|0|0|^^|0|0
^2026^|^01^|^015115^|^015^|^08^|^WA^|^4715^|^EBA^|^01^|^51^|^2^|^001^|^100^|^1^|^1^|^Tidak Ada Komponen^|^ ^|0|0|0|0|^2023^|^^|^0^|^00^|^1^|^1^|^1^|^1^|^1^|0|0|0|0|^^|0|0
^2026^|^01^|^015115^|^015^|^08^|^WA^|^4715^|^EBA^|^01^|^51^|^2^|^002^|^100^|^1^|^1^|^Tidak Ada Komponen^|^ ^|0|0|0|0|^2023^|^^|^0^|^00^|^1^|^1^|^1^|^1^|^1^|0|0|0|0|^^|0|0
^2026^|^01^|^015115^|^015^|^08^|^WA^|^4715^|^EBA^|^01^|^51^|^2^|^994^|^002^|^1^|^1^|^Operasional dan Pemeliharaan Kantor^|^ ^|0|0|0|0|^2023^|^^|^0^|^00^|^1^|^1^|^1^|^1^|^1^|0|0|0|0|^^|0|0
^2026^|^01^|^015115^|^015^|^08^|^WA^|^4718^|^BMB^|^01^|^51^|^2^|^002^|^100^|^1^|^1^|^Tidak Ada Komponen^|^ ^|0|0|0|0|^2023^|^^|^0^|^00^|^1^|^1^|^1^|^1^|^1^|0|0|0|0|^^|0|0
^2026^|^01^|^015115^|^015^|^08^|^WA^|^4718^|^BMB^|^01^|^51^|^2^|^001^|^100^|^1^|^1^|^Tidak ada komponen^|^ ^|0|0|0|0|^2023^|^^|^0^|^00^|^1^|^1^|^1^|^1^|^1^|0|0|0|0|^^|0|0
^2026^|^01^|^015115^|^015^|^08^|^WA^|^4719^|^EBA^|^01^|^51^|^2^|^994^|^001^|^1^|^1^|^Gaji dan Tunjangan^|^ ^|0|0|0|0|^2023^|^^|^0^|^00^|^1^|^1^|^1^|^1^|^1^|0|0|0|0|^^|0|0
^2026^|^01^|^015115^|^015^|^08^|^WA^|^4719^|^EBA^|^01^|^51^|^2^|^004^|^100^|^1^|^1^|^Tidak Ada Komponen^|^ ^|0|0|0|0|^2023^|^^|^0^|^00^|^1^|^1^|^1^|^1^|^1^|0|0|0|0|^^|0|0
^2026^|^01^|^015115^|^015^|^08^|^WA^|^4719^|^EBC^|^01^|^51^|^2^|^001^|^100^|^1^|^1^|^Tidak Ada Komponen^|^ ^|0|0|0|0|^2023^|^^|^0^|^00^|^1^|^1^|^1^|^1^|^1^|0|0|0|0|^^|0|0
^2026^|^01^|^015117^|^015^|^08^|^CD^|^6212^|^AEF^|^01^|^51^|^2^|^I01^|^100^|^2^|^1^|^Tidak Ada Komponen^|^ ^|0|0|0|0|^2024^|^^|^0^|^00^|^1^|^1^|^1^|^1^|^1^|0|0|0|0|^^|0|0
^2026^|^01^|^015117^|^015^|^08^|^WA^|^4715^|^EBA^|^01^|^51^|^2^|^001^|^100^|^1^|^1^|^Tidak Ada Komponen^|^ ^|0|0|0|0|^2023^|^^|^0^|^00^|^1^|^1^|^1^|^1^|^1^|0|0|0|0|^^|0|0
^2026^|^01^|^015117^|^015^|^08^|^WA^|^4715^|^EBA^|^01^|^51^|^2^|^002^|^100^|^1^|^1^|^Tidak Ada Komponen^|^ ^|0|0|0|0|^2023^|^^|^0^|^00^|^1^|^1^|^1^|^1^|^1^|0|0|0|0|^^|0|0
^2026^|^01^|^015117^|^015^|^08^|^WA^|^4715^|^EBA^|^01^|^51^|^2^|^994^|^002^|^1^|^1^|^Operasional dan Pemeliharaan Kantor^|^ ^|0|0|0|0|^2023^|^^|^0^|^00^|^1^|^1^|^1^|^1^|^1^|0|0|0|0|^^|0|0
^2026^|^01^|^015117^|^015^|^08^|^WA^|^4715^|^EBD^|^01^|^51^|^2^|^974^|^100^|^1^|^1^|^Tidak Ada Komponen^|^ ^|0|0|0|0|^2023^|^^|^0^|^00^|^1^|^1^|^1^|^1^|^1^|0|0|0|0|^^|0|0
^2026^|^01^|^015117^|^015^|^08^|^WA^|^4719^|^EBA^|^01^|^51^|^2^|^994^|^001^|^1^|^1^|^Gaji dan Tunjangan^|^ ^|0|0|0|0|^2023^|^^|^0^|^00^|^1^|^1^|^1^|^1^|^1^|0|0|0|0|^^|0|0
^2026^|^01^|^015117^|^015^|^08^|^WA^|^4719^|^EBC^|^01^|^51^|^2^|^001^|^100^|^1^|^1^|^Tidak Ada Komponen^|^ ^|0|0|0|0|^2023^|^^|^0^|^00^|^1^|^1^|^1^|^1^|^1^|0|0|0|0|^^|0|0
^2026^|^01^|^325237^|^015^|^08^|^CD^|^6212^|^BMB^|^32^|^52^|^2^|^001^|^100^|^1^|^1^|^Tidak Ada Komponen^|^ ^|0|0|0|0|^2024^|^^|^0^|^00^|^1^|^1^|^1^|^1^|^1^|0|0|0|0|^^|0|0
^2026^|^01^|^325237^|^015^|^08^|^CD^|^6212^|^FAH^|^32^|^52^|^2^|^002^|^100^|^2^|^1^|^Tidak ada komponen^|^ ^|0|0|0|0|^2023^|^^|^0^|^00^|^1^|^1^|^1^|^1^|^1^|0|0|0|0|^^|0|0
^2026^|^01^|^325237^|^015^|^08^|^CD^|^6212^|^FAH^|^32^|^52^|^2^|^003^|^100^|^2^|^1^|^Tidak ada komponen^|^ ^|0|0|0|0|^2023^|^^|^0^|^00^|^1^|^1^|^1^|^1^|^1^|0|0|0|0|^^|0|0
^2026^|^01^|^325237^|^015^|^08^|^CD^|^6212^|^FAL^|^32^|^52^|^2^|^001^|^100^|^2^|^1^|^Tidak ada komponen^|^ ^|0|0|0|0|^2023^|^^|^0^|^00^|^1^|^1^|^1^|^1^|^1^|0|0|0|0|^^|0|0
^2026^|^01^|^325237^|^015^|^08^|^CD^|^6213^|^FAE^|^32^|^52^|^2^|^008^|^100^|^2^|^1^|^Tidak Ada Komponen^|^ ^|0|0|0|0|^2023^|^^|^0^|^00^|^1^|^1^|^1^|^1^|^1^|0|0|0|0|^^|0|0
^2026^|^01^|^325237^|^015^|^08^|^CD^|^6213^|^FAE^|^32^|^52^|^2^|^009^|^100^|^1^|^1^|^Tidak Ada Komponen^|^ ^|0|0|0|0|^2024^|^^|^0^|^00^|^1^|^1^|^1^|^1^|^1^|0|0|0|0|^^|0|0
^2026^|^01^|^325237^|^015^|^08^|^CD^|^6213^|^FAL^|^32^|^52^|^2^|^003^|^100^|^2^|^1^|^Tidak ada komponen^|^ ^|0|0|0|0|^2023^|^^|^0^|^00^|^1^|^1^|^1^|^1^|^1^|0|0|0|0|^^|0|0
^2026^|^01^|^325237^|^015^|^08^|^CD^|^6215^|^FAH^|^32^|^52^|^2^|^001^|^100^|^2^|^1^|^Tidak ada komponen^|^ ^|0|0|0|0|^2023^|^^|^0^|^00^|^1^|^1^|^1^|^1^|^1^|0|0|0|0|^^|0|0
^2026^|^01^|^325237^|^015^|^08^|^CD^|^6215^|^FAH^|^32^|^52^|^2^|^003^|^100^|^2^|^1^|^Tidak ada komponen^|^ ^|0|0|0|0|^2023^|^^|^0^|^00^|^1^|^1^|^1^|^1^|^1^|0|0|0|0|^^|0|0
^2026^|^01^|^325237^|^015^|^08^|^WA^|^4715^|^EBA^|^32^|^52^|^2^|^001^|^100^|^2^|^1^|^Tidak Ada Komponen^|^ ^|0|0|0|0|^2023^|^^|^0^|^00^|^1^|^1^|^1^|^1^|^1^|0|0|0|0|^^|0|0
^2026^|^01^|^325237^|^015^|^08^|^WA^|^4715^|^EBA^|^32^|^52^|^2^|^002^|^100^|^2^|^1^|^Tidak Ada Komponen^|^ ^|0|0|0|0|^2023^|^^|^0^|^00^|^1^|^1^|^1^|^1^|^1^|0|0|0|0|^^|0|0
^2026^|^01^|^325237^|^015^|^08^|^WA^|^4715^|^EBA^|^32^|^52^|^2^|^994^|^002^|^1^|^1^|^Operasional dan Pemeliharaan Kantor^|^ ^|0|0|0|0|^2023^|^^|^0^|^00^|^1^|^1^|^1^|^1^|^1^|0|0|0|0|^^|0|0
^2026^|^01^|^325237^|^015^|^08^|^WA^|^4715^|^EBB^|^32^|^52^|^2^|^004^|^100^|^1^|^1^|^Tidak Ada Komponen^|^ ^|0|0|0|0|^2025^|^^|^0^|^00^|^1^|^1^|^1^|^1^|^1^|0|0|0|0|^^|0|0
^2026^|^01^|^325237^|^015^|^08^|^WA^|^4715^|^EBD^|^32^|^52^|^2^|^Z26^|^100^|^2^|^1^|^Tidak Ada Komponen^|^ ^|0|0|0|0|^2023^|^^|^0^|^00^|^1^|^1^|^1^|^1^|^1^|0|0|0|0|^^|0|0
^2026^|^01^|^325237^|^015^|^08^|^WA^|^4715^|^EBD^|^32^|^52^|^2^|^Z36^|^100^|^2^|^1^|^Tidak Ada Komponen^|^ ^|0|0|0|0|^2023^|^^|^0^|^00^|^1^|^1^|^1^|^1^|^1^|0|0|0|0|^^|0|0
^2026^|^01^|^325237^|^015^|^08^|^WA^|^4718^|^BMB^|^32^|^52^|^2^|^001^|^100^|^2^|^1^|^Tidak ada komponen^|^ ^|0|0|0|0|^2023^|^^|^0^|^00^|^1^|^1^|^1^|^1^|^1^|0|0|0|0|^^|0|0
^2026^|^01^|^325237^|^015^|^08^|^WA^|^4718^|^BMB^|^32^|^52^|^2^|^002^|^100^|^2^|^1^|^Tidak Ada Komponen^|^ ^|0|0|0|0|^2023^|^^|^0^|^00^|^1^|^1^|^1^|^1^|^1^|0|0|0|0|^^|0|0
^2026^|^01^|^325237^|^015^|^08^|^WA^|^4719^|^EBA^|^32^|^52^|^2^|^003^|^100^|^2^|^1^|^Tidak Ada Komponen^|^ ^|0|0|0|0|^2023^|^^|^0^|^00^|^1^|^1^|^1^|^1^|^1^|0|0|0|0|^^|0|0
^2026^|^01^|^325237^|^015^|^08^|^WA^|^4719^|^EBA^|^32^|^52^|^2^|^994^|^001^|^1^|^1^|^Gaji dan Tunjangan^|^ ^|0|0|0|0|^2023^|^^|^0^|^00^|^1^|^1^|^1^|^1^|^1^|0|0|0|0|^^|0|0
^2026^|^01^|^325237^|^015^|^08^|^WA^|^4719^|^EBC^|^32^|^52^|^2^|^001^|^100^|^2^|^1^|^Tidak Ada Komponen^|^ ^|0|0|0|0|^2023^|^^|^0^|^00^|^1^|^1^|^1^|^1^|^1^|0|0|0|0|^^|0|0
^2026^|^01^|^325237^|^015^|^08^|^WA^|^4722^|^EBD^|^32^|^52^|^2^|^001^|^100^|^2^|^1^|^Tidak Ada Komponen^|^ ^|0|0|0|0|^2023^|^^|^0^|^00^|^1^|^1^|^1^|^1^|^1^|0|0|0|0|^^|0|0
^2026^|^01^|^015114^|^015^|^08^|^WA^|^4718^|^BMB^|^01^|^51^|^2^|^001^|^100^|^2^|^1^|^Tidak ada komponen^|^ ^|0|0|0|0|^2023^|^^|^0^|^00^|^1^|^1^|^1^|^1^|^1^|0|0|0|0|^^|0|0
^2026^|^01^|^015114^|^015^|^08^|^WA^|^4718^|^BMB^|^01^|^51^|^2^|^002^|^100^|^2^|^1^|^Tidak Ada Komponen^|^ ^|0|0|0|0|^2023^|^^|^0^|^00^|^1^|^1^|^1^|^1^|^1^|0|0|0|0|^^|0|0
^2026^|^01^|^015114^|^015^|^08^|^WA^|^4719^|^EBA^|^01^|^51^|^2^|^004^|^100^|^2^|^1^|^Tidak Ada Komponen^|^ ^|0|0|0|0|^2023^|^^|^0^|^00^|^1^|^1^|^1^|^1^|^1^|0|0|0|0|^^|0|0
^2026^|^01^|^015114^|^015^|^08^|^WA^|^4719^|^EBA^|^01^|^51^|^2^|^994^|^001^|^1^|^1^|^Gaji dan Tunjangan^|^ ^|0|0|0|0|^2023^|^^|^0^|^00^|^1^|^1^|^1^|^1^|^1^|0|0|0|0|^^|0|0
^2026^|^01^|^015114^|^015^|^08^|^WA^|^4719^|^EBC^|^01^|^51^|^2^|^001^|^100^|^2^|^1^|^Tidak Ada Komponen^|^ ^|0|0|0|0|^2023^|^^|^0^|^00^|^1^|^1^|^1^|^1^|^1^|0|0|0|0|^^|0|0
^2026^|^01^|^015114^|^015^|^08^|^CD^|^6212^|^FAC^|^01^|^51^|^2^|^001^|^100^|^2^|^1^|^Tidak Ada Komponen^|^ ^|0|0|0|0|^2023^|^^|^0^|^00^|^1^|^1^|^1^|^1^|^1^|0|0|0|0|^^|0|0
^2026^|^01^|^015114^|^015^|^08^|^CD^|^6212^|^FAH^|^01^|^51^|^2^|^001^|^100^|^2^|^1^|^Tidak ada komponen^|^ ^|0|0|0|0|^2023^|^^|^0^|^00^|^1^|^1^|^1^|^1^|^1^|0|0|0|0|^^|0|0
^2026^|^01^|^015114^|^015^|^08^|^CD^|^6212^|^FAL^|^01^|^51^|^2^|^004^|^100^|^2^|^1^|^Tidak ada komponen^|^ ^|0|0|0|0|^2023^|^^|^0^|^00^|^1^|^1^|^1^|^1^|^1^|0|0|0|0|^^|0|0
^2026^|^01^|^015114^|^015^|^08^|^CD^|^6213^|^FAC^|^01^|^51^|^2^|^001^|^100^|^2^|^1^|^Tidak ada komponen^|^ ^|0|0|0|0|^2023^|^^|^0^|^00^|^1^|^1^|^1^|^1^|^1^|0|0|0|0|^^|0|0
^2026^|^01^|^015114^|^015^|^08^|^CD^|^6213^|^FAL^|^01^|^51^|^2^|^003^|^100^|^2^|^1^|^Tidak ada komponen^|^ ^|0|0|0|0|^2023^|^^|^0^|^00^|^1^|^1^|^1^|^1^|^1^|0|0|0|0|^^|0|0
^2026^|^01^|^015114^|^015^|^08^|^CD^|^6214^|^FAL^|^01^|^51^|^2^|^002^|^100^|^2^|^1^|^Tidak ada komponen^|^ ^|0|0|0|0|^2023^|^^|^0^|^00^|^1^|^1^|^1^|^1^|^1^|0|0|0|0|^^|0|0
^2026^|^01^|^015114^|^015^|^08^|^CD^|^6215^|^FAH^|^01^|^51^|^2^|^003^|^100^|^2^|^1^|^Tidak ada komponen^|^ ^|0|0|0|0|^2023^|^^|^0^|^00^|^1^|^1^|^1^|^1^|^1^|0|0|0|0|^^|0|0
^2026^|^01^|^015114^|^015^|^08^|^WA^|^4715^|^EBA^|^01^|^51^|^2^|^001^|^100^|^2^|^1^|^Tidak Ada Komponen^|^ ^|0|0|0|0|^2023^|^^|^0^|^00^|^1^|^1^|^1^|^1^|^1^|0|0|0|0|^^|0|0
^2026^|^01^|^015114^|^015^|^08^|^WA^|^4715^|^EBA^|^01^|^51^|^2^|^002^|^100^|^2^|^1^|^Tidak Ada Komponen^|^ ^|0|0|0|0|^2023^|^^|^0^|^00^|^1^|^1^|^1^|^1^|^1^|0|0|0|0|^^|0|0
^2026^|^01^|^015114^|^015^|^08^|^WA^|^4715^|^EBA^|^01^|^51^|^2^|^994^|^002^|^1^|^1^|^Operasional dan Pemeliharaan Kantor^|^ ^|0|0|0|0|^2023^|^^|^0^|^00^|^1^|^1^|^1^|^1^|^1^|0|0|0|0|^^|0|0
^2026^|^01^|^330171^|^015^|^08^|^CD^|^6212^|^BMB^|^33^|^01^|^2^|^001^|^100^|^1^|^1^|^Tidak Ada Komponen^|^ ^|0|0|0|0|^2024^|^^|^0^|^00^|^1^|^1^|^1^|^1^|^1^|0|0|0|0|^^|0|0
^2026^|^01^|^330171^|^015^|^08^|^CD^|^6212^|^FAC^|^33^|^01^|^2^|^002^|^100^|^1^|^1^|^Tidak ada komponen^|^ ^|0|0|0|0|^2020^|^^|^0^|^00^|^1^|^1^|^1^|^1^|^1^|0|0|0|0|^^|0|0
^2026^|^01^|^330171^|^015^|^08^|^CD^|^6212^|^FAH^|^33^|^01^|^2^|^002^|^100^|^1^|^1^|^Tidak ada komponen^|^ ^|0|0|0|0|^2020^|^^|^0^|^00^|^1^|^1^|^1^|^1^|^1^|0|0|0|0|^^|0|0
^2026^|^01^|^330171^|^015^|^08^|^CD^|^6212^|^FAL^|^33^|^01^|^2^|^001^|^100^|^1^|^1^|^Tidak ada komponen^|^ ^|0|0|0|0|^2020^|^^|^0^|^00^|^1^|^1^|^1^|^1^|^1^|0|0|0|0|^^|0|0
^2026^|^01^|^330171^|^015^|^08^|^CD^|^6213^|^ABA^|^33^|^01^|^2^|^001^|^100^|^1^|^1^|^Tidak Ada Komponen^|^ ^|0|0|0|0|^2024^|^^|^0^|^00^|^1^|^1^|^1^|^1^|^1^|0|0|0|0|^^|0|0
^2026^|^01^|^330171^|^015^|^08^|^CD^|^6213^|^FAE^|^33^|^01^|^2^|^008^|^100^|^2^|^1^|^Tidak Ada Komponen^|^ ^|0|0|0|0|^2022^|^^|^0^|^00^|^1^|^1^|^1^|^1^|^1^|0|0|0|0|^^|0|0
^2026^|^01^|^330171^|^015^|^08^|^CD^|^6213^|^FAE^|^33^|^01^|^2^|^009^|^100^|^1^|^1^|^Tidak Ada Komponen^|^ ^|0|0|0|0|^2024^|^^|^0^|^00^|^1^|^1^|^1^|^1^|^1^|0|0|0|0|^^|0|0
^2026^|^01^|^330171^|^015^|^08^|^CD^|^6213^|^FAL^|^33^|^01^|^2^|^003^|^100^|^1^|^1^|^Tidak ada komponen^|^ ^|0|0|0|0|^2020^|^^|^0^|^00^|^1^|^1^|^1^|^1^|^1^|0|0|0|0|^^|0|0
^2026^|^01^|^330171^|^015^|^08^|^CD^|^6215^|^FAH^|^33^|^01^|^2^|^001^|^100^|^2^|^1^|^Tidak ada komponen^|^ ^|0|0|0|0|^2020^|^^|^0^|^00^|^1^|^1^|^1^|^1^|^1^|0|0|0|0|^^|0|0
^2026^|^01^|^330171^|^015^|^08^|^CD^|^6215^|^FAH^|^33^|^01^|^2^|^003^|^100^|^2^|^1^|^Tidak ada komponen^|^ ^|0|0|0|0|^2020^|^^|^0^|^00^|^1^|^1^|^1^|^1^|^1^|0|0|0|0|^^|0|0
^2026^|^01^|^330171^|^015^|^08^|^WA^|^4715^|^EBA^|^33^|^01^|^2^|^001^|^100^|^2^|^1^|^Tidak Ada Komponen^|^ ^|0|0|0|0|^2021^|^^|^0^|^00^|^1^|^1^|^1^|^1^|^1^|0|0|0|0|^^|0|0
^2026^|^01^|^330171^|^015^|^08^|^WA^|^4715^|^EBA^|^33^|^01^|^2^|^002^|^100^|^2^|^1^|^Tidak Ada Komponen^|^ ^|0|0|0|0|^2021^|^^|^0^|^00^|^1^|^1^|^1^|^1^|^1^|0|0|0|0|^^|0|0
^2026^|^01^|^330171^|^015^|^08^|^WA^|^4715^|^EBA^|^33^|^01^|^2^|^994^|^002^|^1^|^1^|^Operasional dan Pemeliharaan Kantor^|^ ^|0|0|0|0|^2021^|^^|^0^|^00^|^1^|^1^|^1^|^1^|^1^|0|0|0|0|^^|0|0
^2026^|^01^|^330171^|^015^|^08^|^WA^|^4715^|^EBB^|^33^|^01^|^2^|^004^|^100^|^1^|^1^|^Tidak Ada Komponen^|^ ^|0|0|0|0|^2025^|^^|^0^|^00^|^1^|^1^|^1^|^1^|^1^|0|0|0|0|^^|0|0
^2026^|^01^|^330171^|^015^|^08^|^WA^|^4715^|^EBD^|^33^|^01^|^2^|^Z26^|^100^|^2^|^1^|^Tidak Ada Komponen^|^ ^|0|0|0|0|^2021^|^^|^0^|^00^|^1^|^1^|^1^|^1^|^1^|0|0|0|0|^^|0|0
^2026^|^01^|^330171^|^015^|^08^|^WA^|^4715^|^EBD^|^33^|^01^|^2^|^Z36^|^100^|^2^|^1^|^Tidak Ada Komponen^|^ ^|0|0|0|0|^2021^|^^|^0^|^00^|^1^|^1^|^1^|^1^|^1^|0|0|0|0|^^|0|0
^2026^|^01^|^330171^|^015^|^08^|^WA^|^4718^|^BMB^|^33^|^01^|^2^|^001^|^100^|^1^|^1^|^Tidak ada komponen^|^ ^|0|0|0|0|^2020^|^^|^0^|^00^|^1^|^1^|^1^|^1^|^1^|0|0|0|0|^^|0|0
^2026^|^01^|^330171^|^015^|^08^|^WA^|^4718^|^BMB^|^33^|^01^|^2^|^002^|^100^|^2^|^1^|^Tidak Ada Komponen^|^ ^|0|0|0|0|^2021^|^^|^0^|^00^|^1^|^1^|^1^|^1^|^1^|0|0|0|0|^^|0|0
^2026^|^01^|^330171^|^015^|^08^|^WA^|^4719^|^EBA^|^33^|^01^|^2^|^003^|^100^|^2^|^1^|^Tidak Ada Komponen^|^ ^|0|0|0|0|^2021^|^^|^0^|^00^|^1^|^1^|^1^|^1^|^1^|0|0|0|0|^^|0|0
^2026^|^01^|^330171^|^015^|^08^|^WA^|^4719^|^EBA^|^33^|^01^|^2^|^994^|^001^|^1^|^1^|^Gaji dan Tunjangan^|^ ^|0|0|0|0|^2021^|^^|^0^|^00^|^1^|^1^|^1^|^1^|^1^|0|0|0|0|^^|0|0
^2026^|^01^|^330171^|^015^|^08^|^WA^|^4719^|^EBC^|^33^|^01^|^2^|^001^|^100^|^2^|^1^|^Tidak Ada Komponen^|^ ^|0|0|0|0|^2021^|^^|^0^|^00^|^1^|^1^|^1^|^1^|^1^|0|0|0|0|^^|0|0
^2026^|^01^|^330171^|^015^|^08^|^WA^|^4722^|^EBD^|^33^|^01^|^2^|^001^|^100^|^2^|^1^|^Tidak Ada Komponen^|^ ^|0|0|0|0|^2021^|^^|^0^|^00^|^1^|^1^|^1^|^1^|^1^|0|0|0|0|^^|0|0
^2026^|^01^|^330171^|^015^|^08^|^WA^|^6990^|^ABA^|^33^|^01^|^2^|^001^|^100^|^1^|^1^|^Tidak Ada Komponen^|^ ^|0|0|0|0|^2025^|^^|^0^|^00^|^1^|^1^|^1^|^1^|^1^|0|0|0|0|^^|0|0
^2026^|^01^|^330171^|^015^|^08^|^CD^|^6216^|^FAE^|^33^|^01^|^2^|^002^|^100^|^1^|^1^|^Tidak ada komponen^|^ ^|0|0|0|0|^2025^|^^|^0^|^00^|^1^|^1^|^1^|^1^|^1^|0|0|0|0|^^|0|0
^2026^|^01^|^439165^|^015^|^08^|^CD^|^6216^|^AAH^|^01^|^51^|^1^|^F01^|^100^|^1^|^1^|^Tidak ada komponen^|^ ^|0|0|0|0|^2023^|^^|^0^|^00^|^1^|^1^|^1^|^1^|^1^|0|0|0|0|^^|0|0
^2026^|^01^|^439165^|^015^|^08^|^WA^|^4715^|^EBA^|^01^|^51^|^1^|^994^|^002^|^1^|^1^|^Operasional dan Pemeliharaan Kantor^|^ ^|0|0|0|0|^2023^|^^|^0^|^00^|^1^|^1^|^1^|^1^|^1^|0|0|0|0|^^|0|0
^2026^|^01^|^445371^|^015^|^08^|^CD^|^6212^|^FAC^|^26^|^06^|^2^|^001^|^100^|^2^|^1^|^Tidak Ada Komponen^|^ ^|0|0|0|0|^2023^|^^|^0^|^00^|^1^|^1^|^1^|^1^|^1^|0|0|0|0|^^|0|0
^2026^|^01^|^445371^|^015^|^08^|^CD^|^6212^|^FAH^|^26^|^06^|^2^|^001^|^100^|^2^|^1^|^Tidak ada komponen^|^ ^|0|0|0|0|^2023^|^^|^0^|^00^|^1^|^1^|^1^|^1^|^1^|0|0|0|0|^^|0|0
^2026^|^01^|^445371^|^015^|^08^|^CD^|^6212^|^FAL^|^26^|^06^|^2^|^004^|^100^|^2^|^1^|^Tidak ada komponen^|^ ^|0|0|0|0|^2023^|^^|^0^|^00^|^1^|^1^|^1^|^1^|^1^|0|0|0|0|^^|0|0
^2026^|^01^|^445371^|^015^|^08^|^CD^|^6213^|^FAC^|^26^|^06^|^2^|^001^|^100^|^2^|^1^|^Tidak ada komponen^|^ ^|0|0|0|0|^2023^|^^|^0^|^00^|^1^|^1^|^1^|^1^|^1^|0|0|0|0|^^|0|0
^2026^|^01^|^445371^|^015^|^08^|^CD^|^6213^|^FAL^|^26^|^06^|^2^|^003^|^100^|^2^|^1^|^Tidak ada komponen^|^ ^|0|0|0|0|^2023^|^^|^0^|^00^|^1^|^1^|^1^|^1^|^1^|0|0|0|0|^^|0|0
^2026^|^01^|^445371^|^015^|^08^|^CD^|^6214^|^FAL^|^26^|^06^|^2^|^002^|^100^|^2^|^1^|^Tidak ada komponen^|^ ^|0|0|0|0|^2023^|^^|^0^|^00^|^1^|^1^|^1^|^1^|^1^|0|0|0|0|^^|0|0
^2026^|^01^|^445371^|^015^|^08^|^CD^|^6215^|^FAH^|^26^|^06^|^2^|^003^|^100^|^2^|^1^|^Tidak ada komponen^|^ ^|0|0|0|0|^2023^|^^|^0^|^00^|^1^|^1^|^1^|^1^|^1^|0|0|0|0|^^|0|0
^2026^|^01^|^445371^|^015^|^08^|^WA^|^4715^|^EBA^|^26^|^06^|^2^|^001^|^100^|^2^|^1^|^Tidak Ada Komponen^|^ ^|0|0|0|0|^2023^|^^|^0^|^00^|^1^|^1^|^1^|^1^|^1^|0|0|0|0|^^|0|0
^2026^|^01^|^445371^|^015^|^08^|^WA^|^4715^|^EBA^|^26^|^06^|^2^|^002^|^100^|^1^|^1^|^Tidak Ada Komponen^|^ ^|0|0|0|0|^2023^|^^|^0^|^00^|^1^|^1^|^1^|^1^|^1^|0|0|0|0|^^|0|0
^2026^|^01^|^445371^|^015^|^08^|^WA^|^4715^|^EBA^|^26^|^06^|^2^|^994^|^002^|^1^|^1^|^Operasional dan Pemeliharaan Kantor^|^ ^|0|0|0|0|^2023^|^^|^0^|^00^|^1^|^1^|^1^|^1^|^1^|0|0|0|0|^^|0|0
^2026^|^01^|^445371^|^015^|^08^|^WA^|^4715^|^EBD^|^26^|^06^|^2^|^Z36^|^100^|^2^|^1^|^Tidak Ada Komponen^|^ ^|0|0|0|0|^2023^|^^|^0^|^00^|^1^|^1^|^1^|^1^|^1^|0|0|0|0|^^|0|0
^2026^|^01^|^445371^|^015^|^08^|^WA^|^4718^|^BMB^|^26^|^06^|^2^|^001^|^100^|^2^|^1^|^Tidak ada komponen^|^ ^|0|0|0|0|^2023^|^^|^0^|^00^|^1^|^1^|^1^|^1^|^1^|0|0|0|0|^^|0|0
^2026^|^01^|^445371^|^015^|^08^|^WA^|^4718^|^BMB^|^26^|^06^|^2^|^002^|^100^|^2^|^1^|^Tidak Ada Komponen^|^ ^|0|0|0|0|^2023^|^^|^0^|^00^|^1^|^1^|^1^|^1^|^1^|0|0|0|0|^^|0|0
^2026^|^01^|^445371^|^015^|^08^|^WA^|^4719^|^EBA^|^26^|^06^|^2^|^004^|^100^|^2^|^1^|^Tidak Ada Komponen^|^ ^|0|0|0|0|^2023^|^^|^0^|^00^|^1^|^1^|^1^|^1^|^1^|0|0|0|0|^^|0|0
^2026^|^01^|^445371^|^015^|^08^|^WA^|^4719^|^EBA^|^26^|^06^|^2^|^994^|^001^|^1^|^1^|^Gaji dan Tunjangan^|^ ^|0|0|0|0|^2023^|^^|^0^|^00^|^1^|^1^|^1^|^1^|^1^|0|0|0|0|^^|0|0
^2026^|^01^|^445371^|^015^|^08^|^WA^|^4719^|^EBC^|^26^|^06^|^2^|^001^|^100^|^2^|^1^|^Tidak Ada Komponen^|^ ^|0|0|0|0|^2023^|^^|^0^|^00^|^1^|^1^|^1^|^1^|^1^|0|0|0|0|^^|0|0
^2026^|^01^|^451531^|^015^|^08^|^CD^|^6212^|^BMB^|^02^|^51^|^2^|^001^|^100^|^1^|^1^|^Tidak Ada Komponen^|^ ^|0|0|0|0|^2024^|^^|^0^|^00^|^1^|^1^|^1^|^1^|^1^|0|0|0|0|^^|0|0
^2026^|^01^|^451531^|^015^|^08^|^CD^|^6212^|^FAC^|^02^|^51^|^2^|^001^|^100^|^1^|^1^|^Tidak Ada Komponen^|^ ^|0|0|0|0|^2023^|^^|^0^|^00^|^1^|^1^|^1^|^1^|^1^|0|0|0|0|^^|0|0
^2026^|^01^|^451531^|^015^|^08^|^CD^|^6212^|^FAH^|^02^|^51^|^2^|^001^|^100^|^1^|^1^|^Tidak ada komponen^|^ ^|0|0|0|0|^2023^|^^|^0^|^00^|^1^|^1^|^1^|^1^|^1^|0|0|0|0|^^|0|0
^2026^|^01^|^451531^|^015^|^08^|^CD^|^6212^|^FAL^|^02^|^51^|^2^|^004^|^100^|^1^|^1^|^Tidak ada komponen^|^ ^|0|0|0|0|^2023^|^^|^0^|^00^|^1^|^1^|^1^|^1^|^1^|0|0|0|0|^^|0|0
^2026^|^01^|^451531^|^015^|^08^|^CD^|^6213^|^FAC^|^02^|^51^|^2^|^001^|^100^|^1^|^1^|^Tidak ada komponen^|^ ^|0|0|0|0|^2023^|^^|^0^|^00^|^1^|^1^|^1^|^1^|^1^|0|0|0|0|^^|0|0
^2026^|^01^|^451531^|^015^|^08^|^CD^|^6213^|^FAE^|^02^|^51^|^2^|^009^|^100^|^1^|^1^|^Tidak Ada Komponen^|^ ^|0|0|0|0|^2024^|^^|^0^|^00^|^1^|^1^|^1^|^1^|^1^|0|0|0|0|^^|0|0
^2026^|^01^|^451531^|^015^|^08^|^CD^|^6213^|^FAL^|^02^|^51^|^2^|^003^|^100^|^1^|^1^|^Tidak ada komponen^|^ ^|0|0|0|0|^2023^|^^|^0^|^00^|^1^|^1^|^1^|^1^|^1^|0|0|0|0|^^|0|0
^2026^|^01^|^451531^|^015^|^08^|^CD^|^6214^|^FAL^|^02^|^51^|^2^|^002^|^100^|^1^|^1^|^Tidak ada komponen^|^ ^|0|0|0|0|^2023^|^^|^0^|^00^|^1^|^1^|^1^|^1^|^1^|0|0|0|0|^^|0|0
^2026^|^01^|^451531^|^015^|^08^|^CD^|^6215^|^FAH^|^02^|^51^|^2^|^003^|^100^|^1^|^1^|^Tidak ada komponen^|^ ^|0|0|0|0|^2023^|^^|^0^|^00^|^1^|^1^|^1^|^1^|^1^|0|0|0|0|^^|0|0
^2026^|^01^|^451531^|^015^|^08^|^WA^|^4715^|^EBA^|^02^|^51^|^2^|^001^|^100^|^1^|^1^|^Tidak Ada Komponen^|^ ^|0|0|0|0|^2023^|^^|^0^|^00^|^1^|^1^|^1^|^1^|^1^|0|0|0|0|^^|0|0
^2026^|^01^|^451531^|^015^|^08^|^WA^|^4715^|^EBA^|^02^|^51^|^2^|^002^|^100^|^1^|^1^|^Tidak Ada Komponen^|^ ^|0|0|0|0|^2023^|^^|^0^|^00^|^1^|^1^|^1^|^1^|^1^|0|0|0|0|^^|0|0
^2026^|^01^|^451531^|^015^|^08^|^WA^|^4715^|^EBA^|^02^|^51^|^2^|^994^|^002^|^1^|^1^|^Operasional dan Pemeliharaan Kantor^|^ ^|0|0|0|0|^2023^|^^|^0^|^00^|^1^|^1^|^1^|^1^|^1^|0|0|0|0|^^|0|0
^2026^|^01^|^451531^|^015^|^08^|^WA^|^4715^|^EBB^|^02^|^51^|^2^|^002^|^100^|^1^|^1^|^Tidak Ada Komponen^|^ ^|0|0|0|0|^2025^|^^|^0^|^00^|^1^|^1^|^1^|^1^|^1^|0|0|0|0|^^|0|0
^2026^|^01^|^451531^|^015^|^08^|^WA^|^4715^|^EBD^|^02^|^51^|^2^|^Z36^|^100^|^1^|^1^|^Tidak Ada Komponen^|^ ^|0|0|0|0|^2023^|^^|^0^|^00^|^1^|^1^|^1^|^1^|^1^|0|0|0|0|^^|0|0
^2026^|^01^|^451531^|^015^|^08^|^WA^|^4718^|^BMB^|^02^|^51^|^2^|^001^|^100^|^1^|^1^|^Tidak ada komponen^|^ ^|0|0|0|0|^2023^|^^|^0^|^00^|^1^|^1^|^1^|^1^|^1^|0|0|0|0|^^|0|0
^2026^|^01^|^451531^|^015^|^08^|^WA^|^4718^|^BMB^|^02^|^51^|^2^|^002^|^100^|^1^|^1^|^Tidak Ada Komponen^|^ ^|0|0|0|0|^2023^|^^|^0^|^00^|^1^|^1^|^1^|^1^|^1^|0|0|0|0|^^|0|0
^2026^|^01^|^451531^|^015^|^08^|^WA^|^4719^|^EBA^|^02^|^51^|^2^|^004^|^100^|^1^|^1^|^Tidak Ada Komponen^|^ ^|0|0|0|0|^2023^|^^|^0^|^00^|^1^|^1^|^1^|^1^|^1^|0|0|0|0|^^|0|0
^2026^|^01^|^451531^|^015^|^08^|^WA^|^4719^|^EBA^|^02^|^51^|^2^|^994^|^001^|^1^|^1^|^Gaji dan Tunjangan^|^ ^|0|0|0|0|^2023^|^^|^0^|^00^|^1^|^1^|^1^|^1^|^1^|0|0|0|0|^^|0|0
^2026^|^01^|^451531^|^015^|^08^|^WA^|^4719^|^EBC^|^02^|^51^|^2^|^001^|^100^|^1^|^1^|^Tidak Ada Komponen^|^ ^|0|0|0|0|^2023^|^^|^0^|^00^|^1^|^1^|^1^|^1^|^1^|0|0|0|0|^^|0|0
^2026^|^01^|^340249^|^015^|^08^|^CD^|^6213^|^FAE^|^34^|^02^|^2^|^008^|^100^|^2^|^1^|^Tidak Ada Komponen^|^ ^|0|0|0|0|^2023^|^^|^0^|^00^|^1^|^1^|^1^|^1^|^1^|0|0|0|0|^^|0|0
^2026^|^01^|^340249^|^015^|^08^|^CD^|^6213^|^FAE^|^34^|^02^|^2^|^009^|^100^|^1^|^1^|^Tidak Ada Komponen^|^ ^|0|0|0|0|^2024^|^^|^0^|^00^|^1^|^1^|^1^|^1^|^1^|0|0|0|0|^^|0|0
^2026^|^01^|^340249^|^015^|^08^|^CD^|^6213^|^FAL^|^34^|^02^|^2^|^003^|^100^|^2^|^1^|^Tidak ada komponen^|^ ^|0|0|0|0|^2023^|^^|^0^|^00^|^1^|^1^|^1^|^1^|^1^|0|0|0|0|^^|0|0
^2026^|^01^|^340249^|^015^|^08^|^CD^|^6215^|^FAH^|^34^|^02^|^2^|^001^|^100^|^2^|^1^|^Tidak ada komponen^|^ ^|0|0|0|0|^2023^|^^|^0^|^00^|^1^|^1^|^1^|^1^|^1^|0|0|0|0|^^|0|0
^2026^|^01^|^340249^|^015^|^08^|^CD^|^6215^|^FAH^|^34^|^02^|^2^|^003^|^100^|^2^|^1^|^Tidak ada komponen^|^ ^|0|0|0|0|^2023^|^^|^0^|^00^|^1^|^1^|^1^|^1^|^1^|0|0|0|0|^^|0|0
^2026^|^01^|^340249^|^015^|^08^|^CD^|^6216^|^FAE^|^34^|^02^|^2^|^002^|^100^|^2^|^1^|^Tidak ada komponen^|^ ^|0|0|0|0|^2023^|^^|^0^|^00^|^1^|^1^|^1^|^1^|^1^|0|0|0|0|^^|0|0
^2026^|^01^|^340249^|^015^|^08^|^WA^|^4715^|^EBA^|^34^|^02^|^2^|^001^|^100^|^2^|^1^|^Tidak Ada Komponen^|^ ^|0|0|0|0|^2023^|^^|^0^|^00^|^1^|^1^|^1^|^1^|^1^|0|0|0|0|^^|0|0
^2026^|^01^|^340249^|^015^|^08^|^WA^|^4715^|^EBA^|^34^|^02^|^2^|^002^|^100^|^2^|^1^|^Tidak Ada Komponen^|^ ^|0|0|0|0|^2023^|^^|^0^|^00^|^1^|^1^|^1^|^1^|^1^|0|0|0|0|^^|0|0
^2026^|^01^|^340249^|^015^|^08^|^WA^|^4715^|^EBA^|^34^|^02^|^2^|^994^|^002^|^1^|^1^|^Operasional dan Pemeliharaan Kantor^|^ ^|0|0|0|0|^2023^|^^|^0^|^00^|^1^|^1^|^1^|^1^|^1^|0|0|0|0|^^|0|0
^2026^|^01^|^340249^|^015^|^08^|^WA^|^4715^|^EBD^|^34^|^02^|^2^|^Z26^|^100^|^2^|^1^|^Tidak Ada Komponen^|^ ^|0|0|0|0|^2023^|^^|^0^|^00^|^1^|^1^|^1^|^1^|^1^|0|0|0|0|^^|0|0
^2026^|^01^|^340249^|^015^|^08^|^WA^|^4715^|^EBD^|^34^|^02^|^2^|^Z36^|^100^|^2^|^1^|^Tidak Ada Komponen^|^ ^|0|0|0|0|^2023^|^^|^0^|^00^|^1^|^1^|^1^|^1^|^1^|0|0|0|0|^^|0|0
^2026^|^01^|^340249^|^015^|^08^|^WA^|^4718^|^BMB^|^34^|^02^|^2^|^001^|^100^|^2^|^1^|^Tidak ada komponen^|^ ^|0|0|0|0|^2023^|^^|^0^|^00^|^1^|^1^|^1^|^1^|^1^|0|0|0|0|^^|0|0
^2026^|^01^|^340249^|^015^|^08^|^WA^|^4718^|^BMB^|^34^|^02^|^2^|^002^|^100^|^2^|^1^|^Tidak Ada Komponen^|^ ^|0|0|0|0|^2023^|^^|^0^|^00^|^1^|^1^|^1^|^1^|^1^|0|0|0|0|^^|0|0
^2026^|^01^|^340249^|^015^|^08^|^WA^|^4719^|^EBA^|^34^|^02^|^2^|^003^|^100^|^2^|^1^|^Tidak Ada Komponen^|^ ^|0|0|0|0|^2023^|^^|^0^|^00^|^1^|^1^|^1^|^1^|^1^|0|0|0|0|^^|0|0
^2026^|^01^|^340249^|^015^|^08^|^WA^|^4719^|^EBA^|^34^|^02^|^2^|^994^|^001^|^1^|^1^|^Gaji dan Tunjangan^|^ ^|0|0|0|0|^2023^|^^|^0^|^00^|^1^|^1^|^1^|^1^|^1^|0|0|0|0|^^|0|0
^2026^|^01^|^340249^|^015^|^08^|^WA^|^4719^|^EBC^|^34^|^02^|^2^|^001^|^100^|^2^|^1^|^Tidak Ada Komponen^|^ ^|0|0|0|0|^2023^|^^|^0^|^00^|^1^|^1^|^1^|^1^|^1^|0|0|0|0|^^|0|0
^2026^|^01^|^340249^|^015^|^08^|^WA^|^4722^|^EBD^|^34^|^02^|^2^|^001^|^100^|^2^|^1^|^Tidak Ada Komponen^|^ ^|0|0|0|0|^2023^|^^|^0^|^00^|^1^|^1^|^1^|^1^|^1^|0|0|0|0|^^|0|0
^2026^|^01^|^340249^|^015^|^08^|^CD^|^6212^|^BMB^|^34^|^02^|^2^|^001^|^100^|^1^|^1^|^Tidak Ada Komponen^|^ ^|0|0|0|0|^2024^|^^|^0^|^00^|^1^|^1^|^1^|^1^|^1^|0|0|0|0|^^|0|0
^2026^|^01^|^340249^|^015^|^08^|^CD^|^6212^|^FAC^|^34^|^02^|^2^|^002^|^100^|^2^|^1^|^Tidak ada komponen^|^ ^|0|0|0|0|^2023^|^^|^0^|^00^|^1^|^1^|^1^|^1^|^1^|0|0|0|0|^^|0|0
^2026^|^01^|^340249^|^015^|^08^|^CD^|^6212^|^FAH^|^34^|^02^|^2^|^002^|^100^|^2^|^1^|^Tidak ada komponen^|^ ^|0|0|0|0|^2023^|^^|^0^|^00^|^1^|^1^|^1^|^1^|^1^|0|0|0|0|^^|0|0
^2026^|^01^|^340249^|^015^|^08^|^CD^|^6212^|^FAH^|^34^|^02^|^2^|^003^|^100^|^2^|^1^|^Tidak ada komponen^|^ ^|0|0|0|0|^2023^|^^|^0^|^00^|^1^|^1^|^1^|^1^|^1^|0|0|0|0|^^|0|0
^2026^|^01^|^340249^|^015^|^08^|^CD^|^6212^|^FAL^|^34^|^02^|^2^|^001^|^100^|^2^|^1^|^Tidak ada komponen^|^ ^|0|0|0|0|^2023^|^^|^0^|^00^|^1^|^1^|^1^|^1^|^1^|0|0|0|0|^^|0|0
^2026^|^01^|^340249^|^015^|^08^|^CD^|^6213^|^ABA^|^34^|^02^|^2^|^001^|^100^|^1^|^1^|^Tidak Ada Komponen^|^ ^|0|0|0|0|^2024^|^^|^0^|^00^|^1^|^1^|^1^|^1^|^1^|0|0|0|0|^^|0|0
^2026^|^01^|^451604^|^015^|^08^|^CD^|^6212^|^FAC^|^34^|^02^|^2^|^001^|^100^|^1^|^1^|^Tidak Ada Komponen^|^ ^|0|0|0|0|^2023^|^^|^0^|^00^|^1^|^1^|^1^|^1^|^1^|0|0|0|0|^^|0|0
^2026^|^01^|^451604^|^015^|^08^|^CD^|^6212^|^FAH^|^34^|^02^|^2^|^001^|^100^|^1^|^1^|^Tidak ada komponen^|^ ^|0|0|0|0|^2023^|^^|^0^|^00^|^1^|^1^|^1^|^1^|^1^|0|0|0|0|^^|0|0
^2026^|^01^|^451604^|^015^|^08^|^CD^|^6212^|^FAL^|^34^|^02^|^2^|^004^|^100^|^1^|^1^|^Tidak ada komponen^|^ ^|0|0|0|0|^2023^|^^|^0^|^00^|^1^|^1^|^1^|^1^|^1^|0|0|0|0|^^|0|0
^2026^|^01^|^451604^|^015^|^08^|^CD^|^6213^|^FAC^|^34^|^02^|^2^|^001^|^100^|^1^|^1^|^Tidak ada komponen^|^ ^|0|0|0|0|^2023^|^^|^0^|^00^|^1^|^1^|^1^|^1^|^1^|0|0|0|0|^^|0|0
^2026^|^01^|^451604^|^015^|^08^|^CD^|^6213^|^FAE^|^34^|^02^|^2^|^009^|^100^|^1^|^1^|^Tidak Ada Komponen^|^ ^|0|0|0|0|^2024^|^^|^0^|^00^|^1^|^1^|^1^|^1^|^1^|0|0|0|0|^^|0|0
^2026^|^01^|^451604^|^015^|^08^|^CD^|^6213^|^FAL^|^34^|^02^|^2^|^003^|^100^|^1^|^1^|^Tidak ada komponen^|^ ^|0|0|0|0|^2023^|^^|^0^|^00^|^1^|^1^|^1^|^1^|^1^|0|0|0|0|^^|0|0
^2026^|^01^|^451604^|^015^|^08^|^CD^|^6214^|^FAL^|^34^|^02^|^2^|^002^|^100^|^1^|^1^|^Tidak ada komponen^|^ ^|0|0|0|0|^2023^|^^|^0^|^00^|^1^|^1^|^1^|^1^|^1^|0|0|0|0|^^|0|0
^2026^|^01^|^451604^|^015^|^08^|^CD^|^6215^|^FAH^|^34^|^02^|^2^|^003^|^100^|^1^|^1^|^Tidak ada komponen^|^ ^|0|0|0|0|^2023^|^^|^0^|^00^|^1^|^1^|^1^|^1^|^1^|0|0|0|0|^^|0|0
^2026^|^01^|^451604^|^015^|^08^|^WA^|^4715^|^EBA^|^34^|^02^|^2^|^001^|^100^|^1^|^2^|^Tidak Ada Komponen^|^ ^|0|0|0|0|^2023^|^^|^0^|^00^|^1^|^1^|^1^|^1^|^1^|0|0|0|0|^^|0|0
^2026^|^01^|^451604^|^015^|^08^|^WA^|^4715^|^EBA^|^34^|^02^|^2^|^002^|^100^|^1^|^2^|^Tidak Ada Komponen^|^ ^|0|0|0|0|^2023^|^^|^0^|^00^|^1^|^1^|^1^|^1^|^1^|0|0|0|0|^^|0|0
^2026^|^01^|^451604^|^015^|^08^|^WA^|^4715^|^EBA^|^34^|^02^|^2^|^994^|^002^|^1^|^1^|^Operasional dan Pemeliharaan Kantor^|^ ^|0|0|0|0|^2023^|^^|^0^|^00^|^1^|^1^|^1^|^1^|^1^|0|0|0|0|^^|0|0
^2026^|^01^|^451604^|^015^|^08^|^WA^|^4715^|^EBD^|^34^|^02^|^2^|^Z36^|^100^|^1^|^1^|^Tidak Ada Komponen^|^ ^|0|0|0|0|^2023^|^^|^0^|^00^|^1^|^1^|^1^|^1^|^1^|0|0|0|0|^^|0|0
^2026^|^01^|^451604^|^015^|^08^|^WA^|^4718^|^BMB^|^34^|^02^|^2^|^002^|^100^|^1^|^2^|^Tidak Ada Komponen^|^ ^|0|0|0|0|^2023^|^^|^0^|^00^|^1^|^1^|^1^|^1^|^1^|0|0|0|0|^^|0|0
^2026^|^01^|^451604^|^015^|^08^|^WA^|^4718^|^BMB^|^34^|^02^|^2^|^001^|^100^|^1^|^1^|^Tidak ada komponen^|^ ^|0|0|0|0|^2023^|^^|^0^|^00^|^1^|^1^|^1^|^1^|^1^|0|0|0|0|^^|0|0
^2026^|^01^|^451604^|^015^|^08^|^WA^|^4719^|^EBA^|^34^|^02^|^2^|^994^|^001^|^1^|^1^|^Gaji dan Tunjangan^|^ ^|0|0|0|0|^2023^|^^|^0^|^00^|^1^|^1^|^1^|^1^|^1^|0|0|0|0|^^|0|0
^2026^|^01^|^451604^|^015^|^08^|^WA^|^4719^|^EBA^|^34^|^02^|^2^|^004^|^100^|^1^|^2^|^Tidak Ada Komponen^|^ ^|0|0|0|0|^2023^|^^|^0^|^00^|^1^|^1^|^1^|^1^|^1^|0|0|0|0|^^|0|0
^2026^|^01^|^451604^|^015^|^08^|^WA^|^4719^|^EBC^|^34^|^02^|^2^|^001^|^100^|^1^|^2^|^Tidak Ada Komponen^|^ ^|0|0|0|0|^2023^|^^|^0^|^00^|^1^|^1^|^1^|^1^|^1^|0|0|0|0|^^|0|0
^2026^|^01^|^452878^|^015^|^08^|^CD^|^6212^|^BMB^|^28^|^03^|^2^|^001^|^100^|^1^|^1^|^Tidak Ada Komponen^|^ ^|0|0|0|0|^2024^|^^|^0^|^00^|^1^|^1^|^1^|^1^|^1^|0|0|0|0|^^|0|0
^2026^|^01^|^452878^|^015^|^08^|^CD^|^6212^|^FAC^|^28^|^03^|^2^|^001^|^100^|^1^|^1^|^Tidak Ada Komponen^|^ ^|0|0|0|0|^2023^|^^|^0^|^00^|^1^|^1^|^1^|^1^|^1^|0|0|0|0|^^|0|0
^2026^|^01^|^452878^|^015^|^08^|^CD^|^6212^|^FAH^|^28^|^03^|^2^|^001^|^100^|^1^|^1^|^Tidak ada komponen^|^ ^|0|0|0|0|^2023^|^^|^0^|^00^|^1^|^1^|^1^|^1^|^1^|0|0|0|0|^^|0|0
^2026^|^01^|^452878^|^015^|^08^|^CD^|^6212^|^FAL^|^28^|^03^|^2^|^004^|^100^|^1^|^1^|^Tidak ada komponen^|^ ^|0|0|0|0|^2023^|^^|^0^|^00^|^1^|^1^|^1^|^1^|^1^|0|0|0|0|^^|0|0
^2026^|^01^|^452878^|^015^|^08^|^CD^|^6213^|^FAC^|^28^|^03^|^2^|^001^|^100^|^1^|^1^|^Tidak ada komponen^|^ ^|0|0|0|0|^2023^|^^|^0^|^00^|^1^|^1^|^1^|^1^|^1^|0|0|0|0|^^|0|0
^2026^|^01^|^452878^|^015^|^08^|^CD^|^6214^|^FAL^|^28^|^03^|^2^|^002^|^100^|^1^|^1^|^Tidak ada komponen^|^ ^|0|0|0|0|^2023^|^^|^0^|^00^|^1^|^1^|^1^|^1^|^1^|0|0|0|0|^^|0|0
^2026^|^01^|^452878^|^015^|^08^|^CD^|^6215^|^FAH^|^28^|^03^|^2^|^003^|^100^|^1^|^1^|^Tidak ada komponen^|^ ^|0|0|0|0|^2023^|^^|^0^|^00^|^1^|^1^|^1^|^1^|^1^|0|0|0|0|^^|0|0
^2026^|^01^|^452878^|^015^|^08^|^WA^|^4715^|^EBA^|^28^|^03^|^2^|^001^|^100^|^1^|^1^|^Tidak Ada Komponen^|^ ^|0|0|0|0|^2023^|^^|^0^|^00^|^1^|^1^|^1^|^1^|^1^|0|0|0|0|^^|0|0
^2026^|^01^|^452878^|^015^|^08^|^WA^|^4715^|^EBA^|^28^|^03^|^2^|^002^|^100^|^1^|^1^|^Tidak Ada Komponen^|^ ^|0|0|0|0|^2023^|^^|^0^|^00^|^1^|^1^|^1^|^1^|^1^|0|0|0|0|^^|0|0
^2026^|^01^|^452878^|^015^|^08^|^WA^|^4715^|^EBA^|^28^|^03^|^2^|^994^|^002^|^1^|^1^|^Operasional dan Pemeliharaan Kantor^|^ ^|0|0|0|0|^2023^|^^|^0^|^00^|^1^|^1^|^1^|^1^|^1^|0|0|0|0|^^|0|0
^2026^|^01^|^452878^|^015^|^08^|^WA^|^4715^|^EBD^|^28^|^03^|^2^|^Z36^|^100^|^1^|^1^|^Tidak Ada Komponen^|^ ^|0|0|0|0|^2023^|^^|^0^|^00^|^1^|^1^|^1^|^1^|^1^|0|0|0|0|^^|0|0
^2026^|^01^|^452878^|^015^|^08^|^WA^|^4718^|^BMB^|^28^|^03^|^2^|^001^|^100^|^1^|^1^|^Tidak ada komponen^|^ ^|0|0|0|0|^2023^|^^|^0^|^00^|^1^|^1^|^1^|^1^|^1^|0|0|0|0|^^|0|0
^2026^|^01^|^452878^|^015^|^08^|^WA^|^4718^|^BMB^|^28^|^03^|^2^|^002^|^100^|^1^|^1^|^Tidak Ada Komponen^|^ ^|0|0|0|0|^2023^|^^|^0^|^00^|^1^|^1^|^1^|^1^|^1^|0|0|0|0|^^|0|0
^2026^|^01^|^452878^|^015^|^08^|^WA^|^4719^|^EBA^|^28^|^03^|^2^|^004^|^100^|^1^|^1^|^Tidak Ada Komponen^|^ ^|0|0|0|0|^2023^|^^|^0^|^00^|^1^|^1^|^1^|^1^|^1^|0|0|0|0|^^|0|0
^2026^|^01^|^452878^|^015^|^08^|^WA^|^4719^|^EBA^|^28^|^03^|^2^|^994^|^001^|^1^|^1^|^Gaji dan Tunjangan^|^ ^|0|0|0|0|^2023^|^^|^0^|^00^|^1^|^1^|^1^|^1^|^1^|0|0|0|0|^^|0|0
^2026^|^01^|^452878^|^015^|^08^|^WA^|^4719^|^EBC^|^28^|^03^|^2^|^001^|^100^|^1^|^1^|^Tidak Ada Komponen^|^ ^|0|0|0|0|^2023^|^^|^0^|^00^|^1^|^1^|^1^|^1^|^1^|0|0|0|0|^^|0|0
^2026^|^01^|^451547^|^015^|^08^|^CD^|^6212^|^BMB^|^03^|^51^|^2^|^001^|^100^|^1^|^1^|^Tidak Ada Komponen^|^ ^|0|0|0|0|^2024^|^^|^0^|^00^|^1^|^1^|^1^|^1^|^1^|0|0|0|0|^^|0|0
^2026^|^01^|^451547^|^015^|^08^|^CD^|^6212^|^FAC^|^03^|^51^|^2^|^001^|^100^|^2^|^1^|^Tidak Ada Komponen^|^ ^|0|0|0|0|^2023^|^^|^0^|^00^|^1^|^1^|^1^|^1^|^1^|0|0|0|0|^^|0|0
^2026^|^01^|^451547^|^015^|^08^|^CD^|^6212^|^FAH^|^03^|^51^|^2^|^001^|^100^|^2^|^1^|^Tidak ada komponen^|^ ^|0|0|0|0|^2023^|^^|^0^|^00^|^1^|^1^|^1^|^1^|^1^|0|0|0|0|^^|0|0
^2026^|^01^|^451547^|^015^|^08^|^CD^|^6212^|^FAL^|^03^|^51^|^2^|^004^|^100^|^2^|^1^|^Tidak ada komponen^|^ ^|0|0|0|0|^2023^|^^|^0^|^00^|^1^|^1^|^1^|^1^|^1^|0|0|0|0|^^|0|0
^2026^|^01^|^451547^|^015^|^08^|^CD^|^6213^|^FAC^|^03^|^51^|^2^|^001^|^100^|^1^|^1^|^Tidak ada komponen^|^ ^|0|0|0|0|^2023^|^^|^0^|^00^|^1^|^1^|^1^|^1^|^1^|0|0|0|0|^^|0|0
^2026^|^01^|^451547^|^015^|^08^|^CD^|^6213^|^FAE^|^03^|^51^|^2^|^009^|^100^|^1^|^1^|^Tidak Ada Komponen^|^ ^|0|0|0|0|^2024^|^^|^0^|^00^|^1^|^1^|^1^|^1^|^1^|0|0|0|0|^^|0|0
^2026^|^01^|^451547^|^015^|^08^|^CD^|^6213^|^FAL^|^03^|^51^|^2^|^003^|^100^|^2^|^1^|^Tidak ada komponen^|^ ^|0|0|0|0|^2023^|^^|^0^|^00^|^1^|^1^|^1^|^1^|^1^|0|0|0|0|^^|0|0
^2026^|^01^|^451547^|^015^|^08^|^CD^|^6214^|^FAL^|^03^|^51^|^2^|^002^|^100^|^2^|^1^|^Tidak ada komponen^|^ ^|0|0|0|0|^2023^|^^|^0^|^00^|^1^|^1^|^1^|^1^|^1^|0|0|0|0|^^|0|0
^2026^|^01^|^451547^|^015^|^08^|^CD^|^6215^|^FAH^|^03^|^51^|^2^|^003^|^100^|^2^|^1^|^Tidak ada komponen^|^ ^|0|0|0|0|^2023^|^^|^0^|^00^|^1^|^1^|^1^|^1^|^1^|0|0|0|0|^^|0|0
^2026^|^01^|^451547^|^015^|^08^|^WA^|^4715^|^EBA^|^03^|^51^|^2^|^001^|^100^|^1^|^2^|^Tidak Ada Komponen^|^ ^|0|0|0|0|^2023^|^^|^0^|^00^|^1^|^1^|^1^|^1^|^1^|0|0|0|0|^^|0|0
^2026^|^01^|^451547^|^015^|^08^|^WA^|^4715^|^EBA^|^03^|^51^|^2^|^002^|^100^|^1^|^2^|^Tidak Ada Komponen^|^ ^|0|0|0|0|^2023^|^^|^0^|^00^|^1^|^1^|^1^|^1^|^1^|0|0|0|0|^^|0|0
^2026^|^01^|^451547^|^015^|^08^|^WA^|^4715^|^EBA^|^03^|^51^|^2^|^994^|^002^|^1^|^1^|^Operasional dan Pemeliharaan Kantor^|^ ^|0|0|0|0|^2023^|^^|^0^|^00^|^1^|^1^|^1^|^1^|^1^|0|0|0|0|^^|0|0
^2026^|^01^|^451547^|^015^|^08^|^WA^|^4715^|^EBB^|^03^|^51^|^2^|^002^|^100^|^1^|^1^|^Tidak Ada Komponen^|^5 Unit^|0|0|0|0|^2025^|^^|^0^|^00^|^1^|^1^|^1^|^1^|^1^|0|0|0|0|^^|0|0
^2026^|^01^|^451547^|^015^|^08^|^WA^|^4718^|^BMB^|^03^|^51^|^2^|^001^|^100^|^1^|^2^|^Tidak ada komponen^|^ ^|0|0|0|0|^2023^|^^|^0^|^00^|^1^|^1^|^1^|^1^|^1^|0|0|0|0|^^|0|0
^2026^|^01^|^451547^|^015^|^08^|^WA^|^4718^|^BMB^|^03^|^51^|^2^|^002^|^100^|^1^|^2^|^Tidak Ada Komponen^|^ ^|0|0|0|0|^2023^|^^|^0^|^00^|^1^|^1^|^1^|^1^|^1^|0|0|0|0|^^|0|0
^2026^|^01^|^451547^|^015^|^08^|^WA^|^4719^|^EBA^|^03^|^51^|^2^|^004^|^100^|^1^|^2^|^Tidak Ada Komponen^|^ ^|0|0|0|0|^2023^|^^|^0^|^00^|^1^|^1^|^1^|^1^|^1^|0|0|0|0|^^|0|0
^2026^|^01^|^451547^|^015^|^08^|^WA^|^4719^|^EBA^|^03^|^51^|^2^|^994^|^001^|^1^|^1^|^Gaji dan Tunjangan^|^ ^|0|0|0|0|^2023^|^^|^0^|^00^|^1^|^1^|^1^|^1^|^1^|0|0|0|0|^^|0|0
^2026^|^01^|^451547^|^015^|^08^|^WA^|^4719^|^EBC^|^03^|^51^|^2^|^001^|^100^|^1^|^2^|^Tidak Ada Komponen^|^ ^|0|0|0|0|^2023^|^^|^0^|^00^|^1^|^1^|^1^|^1^|^1^|0|0|0|0|^^|0|0
^2026^|^01^|^451562^|^015^|^08^|^CD^|^6212^|^BMB^|^07^|^51^|^2^|^001^|^100^|^1^|^1^|^Tidak Ada Komponen^|^ ^|0|0|0|0|^2024^|^^|^0^|^00^|^1^|^1^|^1^|^1^|^1^|0|0|0|0|^^|0|0
^2026^|^01^|^451562^|^015^|^08^|^CD^|^6212^|^FAC^|^07^|^51^|^2^|^001^|^100^|^1^|^1^|^Tidak Ada Komponen^|^ ^|0|0|0|0|^2023^|^^|^0^|^00^|^1^|^1^|^1^|^1^|^1^|0|0|0|0|^^|0|0
^2026^|^01^|^451562^|^015^|^08^|^CD^|^6212^|^FAH^|^07^|^51^|^2^|^001^|^100^|^1^|^1^|^Tidak ada komponen^|^ ^|0|0|0|0|^2023^|^^|^0^|^00^|^1^|^1^|^1^|^1^|^1^|0|0|0|0|^^|0|0
^2026^|^01^|^451562^|^015^|^08^|^CD^|^6212^|^FAL^|^07^|^51^|^2^|^004^|^100^|^1^|^1^|^Tidak ada komponen^|^ ^|0|0|0|0|^2023^|^^|^0^|^00^|^1^|^1^|^1^|^1^|^1^|0|0|0|0|^^|0|0
^2026^|^01^|^451562^|^015^|^08^|^CD^|^6213^|^FAC^|^07^|^51^|^2^|^001^|^100^|^1^|^1^|^Tidak ada komponen^|^ ^|0|0|0|0|^2023^|^^|^0^|^00^|^1^|^1^|^1^|^1^|^1^|0|0|0|0|^^|0|0
^2026^|^01^|^451562^|^015^|^08^|^CD^|^6213^|^FAE^|^07^|^51^|^2^|^009^|^100^|^1^|^1^|^Tidak Ada Komponen^|^ ^|0|0|0|0|^2024^|^^|^0^|^00^|^1^|^1^|^1^|^1^|^1^|0|0|0|0|^^|0|0
^2026^|^01^|^451562^|^015^|^08^|^CD^|^6213^|^FAL^|^07^|^51^|^2^|^003^|^100^|^1^|^1^|^Tidak ada komponen^|^ ^|0|0|0|0|^2023^|^^|^0^|^00^|^1^|^1^|^1^|^1^|^1^|0|0|0|0|^^|0|0
^2026^|^01^|^451562^|^015^|^08^|^CD^|^6214^|^FAL^|^07^|^51^|^2^|^002^|^100^|^1^|^1^|^Tidak ada komponen^|^ ^|0|0|0|0|^2023^|^^|^0^|^00^|^1^|^1^|^1^|^1^|^1^|0|0|0|0|^^|0|0
^2026^|^01^|^451562^|^015^|^08^|^CD^|^6215^|^FAH^|^07^|^51^|^2^|^003^|^100^|^1^|^1^|^Tidak ada komponen^|^ ^|0|0|0|0|^2023^|^^|^0^|^00^|^1^|^1^|^1^|^1^|^1^|0|0|0|0|^^|0|0
^2026^|^01^|^451562^|^015^|^08^|^WA^|^4715^|^EBA^|^07^|^51^|^2^|^001^|^100^|^1^|^1^|^Tidak Ada Komponen^|^ ^|0|0|0|0|^2023^|^^|^0^|^00^|^1^|^1^|^1^|^1^|^1^|0|0|0|0|^^|0|0
^2026^|^01^|^451562^|^015^|^08^|^WA^|^4715^|^EBA^|^07^|^51^|^2^|^002^|^100^|^1^|^1^|^Tidak Ada Komponen^|^ ^|0|0|0|0|^2023^|^^|^0^|^00^|^1^|^1^|^1^|^1^|^1^|0|0|0|0|^^|0|0
^2026^|^01^|^451562^|^015^|^08^|^WA^|^4715^|^EBA^|^07^|^51^|^2^|^994^|^002^|^1^|^1^|^Operasional dan Pemeliharaan Kantor^|^ ^|0|0|0|0|^2023^|^^|^0^|^00^|^1^|^1^|^1^|^1^|^1^|0|0|0|0|^^|0|0
^2026^|^01^|^451562^|^015^|^08^|^WA^|^4715^|^EBD^|^07^|^51^|^2^|^Z36^|^100^|^1^|^1^|^Tidak Ada Komponen^|^ ^|0|0|0|0|^2023^|^^|^0^|^00^|^1^|^1^|^1^|^1^|^1^|0|0|0|0|^^|0|0
^2026^|^01^|^451562^|^015^|^08^|^WA^|^4718^|^BMB^|^07^|^51^|^2^|^001^|^100^|^1^|^1^|^Tidak ada komponen^|^ ^|0|0|0|0|^2023^|^^|^0^|^00^|^1^|^1^|^1^|^1^|^1^|0|0|0|0|^^|0|0
^2026^|^01^|^451562^|^015^|^08^|^WA^|^4718^|^BMB^|^07^|^51^|^2^|^002^|^100^|^1^|^1^|^Tidak Ada Komponen^|^ ^|0|0|0|0|^2023^|^^|^0^|^00^|^1^|^1^|^1^|^1^|^1^|0|0|0|0|^^|0|0
^2026^|^01^|^451562^|^015^|^08^|^WA^|^4719^|^EBA^|^07^|^51^|^2^|^004^|^100^|^1^|^1^|^Tidak Ada Komponen^|^ ^|0|0|0|0|^2023^|^^|^0^|^00^|^1^|^1^|^1^|^1^|^1^|0|0|0|0|^^|0|0
^2026^|^01^|^451562^|^015^|^08^|^WA^|^4719^|^EBA^|^07^|^51^|^2^|^994^|^001^|^1^|^1^|^Gaji dan Tunjangan^|^ ^|0|0|0|0|^2023^|^^|^0^|^00^|^1^|^1^|^1^|^1^|^1^|0|0|0|0|^^|0|0
^2026^|^01^|^451562^|^015^|^08^|^WA^|^4719^|^EBC^|^07^|^51^|^2^|^001^|^100^|^1^|^1^|^Tidak Ada Komponen^|^ ^|0|0|0|0|^2023^|^^|^0^|^00^|^1^|^1^|^1^|^1^|^1^|0|0|0|0|^^|0|0
^2026^|^01^|^451553^|^015^|^08^|^CD^|^6212^|^BMB^|^05^|^51^|^2^|^001^|^100^|^1^|^1^|^Tidak Ada Komponen^|^ ^|0|0|0|0|^2024^|^^|^0^|^00^|^1^|^1^|^1^|^1^|^1^|0|0|0|0|^^|0|0
^2026^|^01^|^451553^|^015^|^08^|^CD^|^6212^|^FAC^|^05^|^51^|^2^|^001^|^100^|^1^|^1^|^Tidak Ada Komponen^|^ ^|0|0|0|0|^2023^|^^|^0^|^00^|^1^|^1^|^1^|^1^|^1^|0|0|0|0|^^|0|0
^2026^|^01^|^451553^|^015^|^08^|^CD^|^6212^|^FAH^|^05^|^51^|^2^|^001^|^100^|^1^|^1^|^Tidak ada komponen^|^ ^|0|0|0|0|^2023^|^^|^0^|^00^|^1^|^1^|^1^|^1^|^1^|0|0|0|0|^^|0|0
^2026^|^01^|^451553^|^015^|^08^|^CD^|^6212^|^FAL^|^05^|^51^|^2^|^004^|^100^|^1^|^1^|^Tidak ada komponen^|^ ^|0|0|0|0|^2023^|^^|^0^|^00^|^1^|^1^|^1^|^1^|^1^|0|0|0|0|^^|0|0
^2026^|^01^|^451553^|^015^|^08^|^CD^|^6213^|^FAC^|^05^|^51^|^2^|^001^|^100^|^1^|^1^|^Tidak ada komponen^|^ ^|0|0|0|0|^2023^|^^|^0^|^00^|^1^|^1^|^1^|^1^|^1^|0|0|0|0|^^|0|0
^2026^|^01^|^451553^|^015^|^08^|^CD^|^6213^|^FAE^|^05^|^51^|^2^|^009^|^100^|^1^|^1^|^Tidak Ada Komponen^|^ ^|0|0|0|0|^2024^|^^|^0^|^00^|^1^|^1^|^1^|^1^|^1^|0|0|0|0|^^|0|0
^2026^|^01^|^451553^|^015^|^08^|^CD^|^6213^|^FAL^|^05^|^51^|^2^|^003^|^100^|^1^|^1^|^Tidak ada komponen^|^ ^|0|0|0|0|^2023^|^^|^0^|^00^|^1^|^1^|^1^|^1^|^1^|0|0|0|0|^^|0|0
^2026^|^01^|^451553^|^015^|^08^|^CD^|^6214^|^FAL^|^05^|^51^|^2^|^002^|^100^|^1^|^1^|^Tidak ada komponen^|^ ^|0|0|0|0|^2023^|^^|^0^|^00^|^1^|^1^|^1^|^1^|^1^|0|0|0|0|^^|0|0
^2026^|^01^|^451553^|^015^|^08^|^CD^|^6215^|^FAH^|^05^|^51^|^2^|^003^|^100^|^1^|^1^|^Tidak ada komponen^|^ ^|0|0|0|0|^2023^|^^|^0^|^00^|^1^|^1^|^1^|^1^|^1^|0|0|0|0|^^|0|0
^2026^|^01^|^451553^|^015^|^08^|^WA^|^4715^|^EBA^|^05^|^51^|^2^|^001^|^100^|^1^|^1^|^Tidak Ada Komponen^|^ ^|0|0|0|0|^2023^|^^|^0^|^00^|^1^|^1^|^1^|^1^|^1^|0|0|0|0|^^|0|0
^2026^|^01^|^451553^|^015^|^08^|^WA^|^4715^|^EBA^|^05^|^51^|^2^|^002^|^100^|^1^|^1^|^Tidak Ada Komponen^|^ ^|0|0|0|0|^2023^|^^|^0^|^00^|^1^|^1^|^1^|^1^|^1^|0|0|0|0|^^|0|0
^2026^|^01^|^451553^|^015^|^08^|^WA^|^4715^|^EBA^|^05^|^51^|^2^|^994^|^002^|^1^|^1^|^Operasional dan Pemeliharaan Kantor^|^ ^|0|0|0|0|^2023^|^^|^0^|^00^|^1^|^1^|^1^|^1^|^1^|0|0|0|0|^^|0|0
^2026^|^01^|^451553^|^015^|^08^|^WA^|^4715^|^EBD^|^05^|^51^|^2^|^Z36^|^100^|^1^|^1^|^Tidak Ada Komponen^|^ ^|0|0|0|0|^2023^|^^|^0^|^00^|^1^|^1^|^1^|^1^|^1^|0|0|0|0|^^|0|0
^2026^|^01^|^451553^|^015^|^08^|^WA^|^4718^|^BMB^|^05^|^51^|^2^|^002^|^100^|^1^|^1^|^Tidak Ada Komponen^|^ ^|0|0|0|0|^2023^|^^|^0^|^00^|^1^|^1^|^1^|^1^|^1^|0|0|0|0|^^|0|0
^2026^|^01^|^451553^|^015^|^08^|^WA^|^4718^|^BMB^|^05^|^51^|^2^|^001^|^100^|^1^|^1^|^Tidak ada komponen^|^ ^|0|0|0|0|^2023^|^^|^0^|^00^|^1^|^1^|^1^|^1^|^1^|0|0|0|0|^^|0|0
^2026^|^01^|^451553^|^015^|^08^|^WA^|^4719^|^EBA^|^05^|^51^|^2^|^994^|^001^|^1^|^1^|^Gaji dan Tunjangan^|^ ^|0|0|0|0|^2023^|^^|^0^|^00^|^1^|^1^|^1^|^1^|^1^|0|0|0|0|^^|0|0
^2026^|^01^|^451553^|^015^|^08^|^WA^|^4719^|^EBA^|^05^|^51^|^2^|^004^|^100^|^1^|^1^|^Tidak Ada Komponen^|^ ^|0|0|0|0|^2023^|^^|^0^|^00^|^1^|^1^|^1^|^1^|^1^|0|0|0|0|^^|0|0
^2026^|^01^|^451553^|^015^|^08^|^WA^|^4719^|^EBC^|^05^|^51^|^2^|^001^|^100^|^1^|^1^|^Tidak Ada Komponen^|^ ^|0|0|0|0|^2023^|^^|^0^|^00^|^1^|^1^|^1^|^1^|^1^|0|0|0|0|^^|0|0
^2026^|^01^|^497587^|^015^|^08^|^CD^|^6212^|^BMB^|^04^|^04^|^2^|^001^|^100^|^1^|^1^|^Tidak Ada Komponen^|^ ^|0|0|0|0|^2024^|^^|^0^|^00^|^1^|^1^|^1^|^1^|^1^|0|0|0|0|^^|0|0
^2026^|^01^|^497587^|^015^|^08^|^CD^|^6212^|^FAC^|^04^|^04^|^2^|^001^|^100^|^1^|^1^|^Tidak Ada Komponen^|^ ^|0|0|0|0|^2023^|^^|^0^|^00^|^1^|^1^|^1^|^1^|^1^|0|0|0|0|^^|0|0
^2026^|^01^|^497587^|^015^|^08^|^CD^|^6212^|^FAH^|^04^|^04^|^2^|^001^|^100^|^1^|^1^|^Tidak ada komponen^|^ ^|0|0|0|0|^2023^|^^|^0^|^00^|^1^|^1^|^1^|^1^|^1^|0|0|0|0|^^|0|0
^2026^|^01^|^497587^|^015^|^08^|^CD^|^6212^|^FAL^|^04^|^04^|^2^|^004^|^100^|^1^|^1^|^Tidak ada komponen^|^ ^|0|0|0|0|^2023^|^^|^0^|^00^|^1^|^1^|^1^|^1^|^1^|0|0|0|0|^^|0|0
^2026^|^01^|^497587^|^015^|^08^|^CD^|^6213^|^FAC^|^04^|^04^|^2^|^001^|^100^|^1^|^1^|^Tidak ada komponen^|^ ^|0|0|0|0|^2023^|^^|^0^|^00^|^1^|^1^|^1^|^1^|^1^|0|0|0|0|^^|0|0
^2026^|^01^|^497587^|^015^|^08^|^CD^|^6213^|^FAE^|^04^|^04^|^2^|^009^|^100^|^1^|^1^|^Tidak Ada Komponen^|^ ^|0|0|0|0|^2024^|^^|^0^|^00^|^1^|^1^|^1^|^1^|^1^|0|0|0|0|^^|0|0
^2026^|^01^|^497587^|^015^|^08^|^CD^|^6213^|^FAL^|^04^|^04^|^2^|^003^|^100^|^1^|^1^|^Tidak ada komponen^|^ ^|0|0|0|0|^2023^|^^|^0^|^00^|^1^|^1^|^1^|^1^|^1^|0|0|0|0|^^|0|0
^2026^|^01^|^497587^|^015^|^08^|^CD^|^6214^|^FAL^|^04^|^04^|^2^|^002^|^100^|^1^|^1^|^Tidak ada komponen^|^ ^|0|0|0|0|^2023^|^^|^0^|^00^|^1^|^1^|^1^|^1^|^1^|0|0|0|0|^^|0|0
^2026^|^01^|^497587^|^015^|^08^|^CD^|^6215^|^FAH^|^04^|^04^|^2^|^003^|^100^|^1^|^1^|^Tidak ada komponen^|^ ^|0|0|0|0|^2023^|^^|^0^|^00^|^1^|^1^|^1^|^1^|^1^|0|0|0|0|^^|0|0
^2026^|^01^|^497587^|^015^|^08^|^WA^|^4715^|^EBA^|^04^|^04^|^2^|^001^|^100^|^1^|^1^|^Tidak Ada Komponen^|^ ^|0|0|0|0|^2023^|^^|^0^|^00^|^1^|^1^|^1^|^1^|^1^|0|0|0|0|^^|0|0
^2026^|^01^|^497587^|^015^|^08^|^WA^|^4715^|^EBA^|^04^|^04^|^2^|^002^|^100^|^1^|^1^|^Tidak Ada Komponen^|^ ^|0|0|0|0|^2023^|^^|^0^|^00^|^1^|^1^|^1^|^1^|^1^|0|0|0|0|^^|0|0
^2026^|^01^|^497587^|^015^|^08^|^WA^|^4715^|^EBA^|^04^|^04^|^2^|^994^|^002^|^1^|^1^|^Operasional dan Pemeliharaan Kantor^|^ ^|0|0|0|0|^2023^|^^|^0^|^00^|^1^|^1^|^1^|^1^|^1^|0|0|0|0|^^|0|0
^2026^|^01^|^497587^|^015^|^08^|^WA^|^4715^|^EBD^|^04^|^04^|^2^|^Z36^|^100^|^1^|^1^|^Tidak Ada Komponen^|^ ^|0|0|0|0|^2023^|^^|^0^|^00^|^1^|^1^|^1^|^1^|^1^|0|0|0|0|^^|0|0
^2026^|^01^|^497587^|^015^|^08^|^WA^|^4718^|^BMB^|^04^|^04^|^2^|^001^|^100^|^1^|^1^|^Tidak ada komponen^|^ ^|0|0|0|0|^2023^|^^|^0^|^00^|^1^|^1^|^1^|^1^|^1^|0|0|0|0|^^|0|0
^2026^|^01^|^497587^|^015^|^08^|^WA^|^4718^|^BMB^|^04^|^04^|^2^|^002^|^100^|^1^|^1^|^Tidak Ada Komponen^|^ ^|0|0|0|0|^2023^|^^|^0^|^00^|^1^|^1^|^1^|^1^|^1^|0|0|0|0|^^|0|0
^2026^|^01^|^497587^|^015^|^08^|^WA^|^4719^|^EBA^|^04^|^04^|^2^|^004^|^100^|^1^|^1^|^Tidak Ada Komponen^|^ ^|0|0|0|0|^2023^|^^|^0^|^00^|^1^|^1^|^1^|^1^|^1^|0|0|0|0|^^|0|0
^2026^|^01^|^497587^|^015^|^08^|^WA^|^4719^|^EBA^|^04^|^04^|^2^|^994^|^001^|^1^|^1^|^Gaji dan Tunjangan^|^ ^|0|0|0|0|^2023^|^^|^0^|^00^|^1^|^1^|^1^|^1^|^1^|0|0|0|0|^^|0|0
^2026^|^01^|^497587^|^015^|^08^|^WA^|^4719^|^EBC^|^04^|^04^|^2^|^001^|^100^|^1^|^1^|^Tidak Ada Komponen^|^ ^|0|0|0|0|^2023^|^^|^0^|^00^|^1^|^1^|^1^|^1^|^1^|0|0|0|0|^^|0|0
^2026^|^01^|^497593^|^015^|^08^|^CD^|^6212^|^FAC^|^19^|^10^|^2^|^001^|^100^|^2^|^1^|^Tidak Ada Komponen^|^ ^|0|0|0|0|^2023^|^^|^0^|^00^|^1^|^1^|^1^|^1^|^1^|0|0|0|0|^^|0|0
^2026^|^01^|^497593^|^015^|^08^|^CD^|^6212^|^FAH^|^19^|^10^|^2^|^001^|^100^|^2^|^1^|^Tidak ada komponen^|^ ^|0|0|0|0|^2023^|^^|^0^|^00^|^1^|^1^|^1^|^1^|^1^|0|0|0|0|^^|0|0
^2026^|^01^|^497593^|^015^|^08^|^CD^|^6212^|^FAL^|^19^|^10^|^2^|^004^|^100^|^2^|^1^|^Tidak ada komponen^|^ ^|0|0|0|0|^2023^|^^|^0^|^00^|^1^|^1^|^1^|^1^|^1^|0|0|0|0|^^|0|0
^2026^|^01^|^497593^|^015^|^08^|^CD^|^6213^|^FAC^|^19^|^10^|^2^|^001^|^100^|^2^|^1^|^Tidak ada komponen^|^ ^|0|0|0|0|^2023^|^^|^0^|^00^|^1^|^1^|^1^|^1^|^1^|0|0|0|0|^^|0|0
^2026^|^01^|^497593^|^015^|^08^|^CD^|^6214^|^FAL^|^19^|^10^|^2^|^002^|^100^|^2^|^1^|^Tidak ada komponen^|^ ^|0|0|0|0|^2023^|^^|^0^|^00^|^1^|^1^|^1^|^1^|^1^|0|0|0|0|^^|0|0
^2026^|^01^|^497593^|^015^|^08^|^CD^|^6215^|^FAH^|^19^|^10^|^2^|^003^|^100^|^2^|^1^|^Tidak ada komponen^|^ ^|0|0|0|0|^2023^|^^|^0^|^00^|^1^|^1^|^1^|^1^|^1^|0|0|0|0|^^|0|0
^2026^|^01^|^497593^|^015^|^08^|^WA^|^4715^|^EBA^|^19^|^10^|^2^|^001^|^100^|^2^|^1^|^Tidak Ada Komponen^|^ ^|0|0|0|0|^2023^|^^|^0^|^00^|^1^|^1^|^1^|^1^|^1^|0|0|0|0|^^|0|0
^2026^|^01^|^497593^|^015^|^08^|^WA^|^4715^|^EBA^|^19^|^10^|^2^|^002^|^100^|^2^|^1^|^Tidak Ada Komponen^|^ ^|0|0|0|0|^2023^|^^|^0^|^00^|^1^|^1^|^1^|^1^|^1^|0|0|0|0|^^|0|0
^2026^|^01^|^497593^|^015^|^08^|^WA^|^4715^|^EBA^|^19^|^10^|^2^|^994^|^002^|^1^|^1^|^Operasional dan Pemeliharaan Kantor^|^ ^|0|0|0|0|^2023^|^^|^0^|^00^|^1^|^1^|^1^|^1^|^1^|0|0|0|0|^^|0|0
^2026^|^01^|^497593^|^015^|^08^|^WA^|^4715^|^EBD^|^19^|^10^|^2^|^Z36^|^100^|^2^|^1^|^Tidak Ada Komponen^|^ ^|0|0|0|0|^2023^|^^|^0^|^00^|^1^|^1^|^1^|^1^|^1^|0|0|0|0|^^|0|0
^2026^|^01^|^497593^|^015^|^08^|^WA^|^4718^|^BMB^|^19^|^10^|^2^|^001^|^100^|^2^|^1^|^Tidak ada komponen^|^ ^|0|0|0|0|^2023^|^^|^0^|^00^|^1^|^1^|^1^|^1^|^1^|0|0|0|0|^^|0|0
^2026^|^01^|^497593^|^015^|^08^|^WA^|^4718^|^BMB^|^19^|^10^|^2^|^002^|^100^|^2^|^1^|^Tidak Ada Komponen^|^ ^|0|0|0|0|^2023^|^^|^0^|^00^|^1^|^1^|^1^|^1^|^1^|0|0|0|0|^^|0|0
^2026^|^01^|^497593^|^015^|^08^|^WA^|^4719^|^EBA^|^19^|^10^|^2^|^004^|^100^|^2^|^1^|^Tidak Ada Komponen^|^ ^|0|0|0|0|^2023^|^^|^0^|^00^|^1^|^1^|^1^|^1^|^1^|0|0|0|0|^^|0|0
^2026^|^01^|^497593^|^015^|^08^|^WA^|^4719^|^EBA^|^19^|^10^|^2^|^994^|^001^|^1^|^1^|^Gaji dan Tunjangan^|^ ^|0|0|0|0|^2023^|^^|^0^|^00^|^1^|^1^|^1^|^1^|^1^|0|0|0|0|^^|0|0
^2026^|^01^|^497593^|^015^|^08^|^WA^|^4719^|^EBC^|^19^|^10^|^2^|^001^|^100^|^2^|^1^|^Tidak Ada Komponen^|^ ^|0|0|0|0|^2023^|^^|^0^|^00^|^1^|^1^|^1^|^1^|^1^|0|0|0|0|^^|0|0
^2026^|^01^|^497607^|^015^|^08^|^CD^|^6212^|^BMB^|^17^|^53^|^2^|^001^|^100^|^1^|^1^|^Tidak Ada Komponen^|^ ^|0|0|0|0|^2023^|^^|^0^|^00^|^1^|^1^|^1^|^1^|^1^|0|0|0|0|^^|0|0
^2026^|^01^|^497607^|^015^|^08^|^CD^|^6212^|^FAC^|^17^|^53^|^2^|^001^|^100^|^1^|^1^|^Tidak Ada Komponen^|^ ^|0|0|0|0|^2023^|^^|^0^|^00^|^1^|^1^|^1^|^1^|^1^|0|0|0|0|^^|0|0
^2026^|^01^|^497607^|^015^|^08^|^CD^|^6212^|^FAH^|^17^|^53^|^2^|^001^|^100^|^1^|^1^|^Tidak ada komponen^|^ ^|0|0|0|0|^2023^|^^|^0^|^00^|^1^|^1^|^1^|^1^|^1^|0|0|0|0|^^|0|0
^2026^|^01^|^497607^|^015^|^08^|^CD^|^6212^|^FAL^|^17^|^53^|^2^|^004^|^100^|^1^|^1^|^Tidak ada komponen^|^ ^|0|0|0|0|^2023^|^^|^0^|^00^|^1^|^1^|^1^|^1^|^1^|0|0|0|0|^^|0|0
^2026^|^01^|^497607^|^015^|^08^|^CD^|^6213^|^FAC^|^17^|^53^|^2^|^001^|^100^|^1^|^1^|^Tidak ada komponen^|^ ^|0|0|0|0|^2023^|^^|^0^|^00^|^1^|^1^|^1^|^1^|^1^|0|0|0|0|^^|0|0
^2026^|^01^|^497607^|^015^|^08^|^CD^|^6213^|^FAE^|^17^|^53^|^2^|^009^|^100^|^1^|^1^|^Tidak Ada Komponen^|^ ^|0|0|0|0|^2024^|^^|^0^|^00^|^1^|^1^|^1^|^1^|^1^|0|0|0|0|^^|0|0
^2026^|^01^|^497607^|^015^|^08^|^CD^|^6213^|^FAL^|^17^|^53^|^2^|^003^|^100^|^1^|^1^|^Tidak ada komponen^|^ ^|0|0|0|0|^2023^|^^|^0^|^00^|^1^|^1^|^1^|^1^|^1^|0|0|0|0|^^|0|0
^2026^|^01^|^497607^|^015^|^08^|^CD^|^6214^|^FAL^|^17^|^53^|^2^|^002^|^100^|^1^|^1^|^Tidak ada komponen^|^ ^|0|0|0|0|^2023^|^^|^0^|^00^|^1^|^1^|^1^|^1^|^1^|0|0|0|0|^^|0|0
^2026^|^01^|^497607^|^015^|^08^|^CD^|^6215^|^FAH^|^17^|^53^|^2^|^003^|^100^|^1^|^1^|^Tidak ada komponen^|^ ^|0|0|0|0|^2023^|^^|^0^|^00^|^1^|^1^|^1^|^1^|^1^|0|0|0|0|^^|0|0
^2026^|^01^|^497607^|^015^|^08^|^WA^|^4715^|^EBA^|^17^|^53^|^2^|^001^|^100^|^1^|^1^|^Tidak Ada Komponen^|^ ^|0|0|0|0|^2023^|^^|^0^|^00^|^1^|^1^|^1^|^1^|^1^|0|0|0|0|^^|0|0
^2026^|^01^|^497607^|^015^|^08^|^WA^|^4715^|^EBA^|^17^|^53^|^2^|^002^|^100^|^1^|^1^|^Tidak Ada Komponen^|^ ^|0|0|0|0|^2023^|^^|^0^|^00^|^1^|^1^|^1^|^1^|^1^|0|0|0|0|^^|0|0
^2026^|^01^|^497607^|^015^|^08^|^WA^|^4715^|^EBA^|^17^|^53^|^2^|^994^|^002^|^1^|^1^|^Operasional dan Pemeliharaan Kantor^|^ ^|0|0|0|0|^2023^|^^|^0^|^00^|^1^|^1^|^1^|^1^|^1^|0|0|0|0|^^|0|0
^2026^|^01^|^497607^|^015^|^08^|^WA^|^4715^|^EBD^|^17^|^53^|^2^|^Z36^|^100^|^1^|^1^|^Tidak Ada Komponen^|^ ^|0|0|0|0|^2023^|^^|^0^|^00^|^1^|^1^|^1^|^1^|^1^|0|0|0|0|^^|0|0
^2026^|^01^|^497607^|^015^|^08^|^WA^|^4718^|^BMB^|^17^|^53^|^2^|^001^|^100^|^1^|^1^|^Tidak ada komponen^|^ ^|0|0|0|0|^2023^|^^|^0^|^00^|^1^|^1^|^1^|^1^|^1^|0|0|0|0|^^|0|0
^2026^|^01^|^497607^|^015^|^08^|^WA^|^4718^|^BMB^|^17^|^53^|^2^|^002^|^100^|^1^|^1^|^Tidak Ada Komponen^|^ ^|0|0|0|0|^2023^|^^|^0^|^00^|^1^|^1^|^1^|^1^|^1^|0|0|0|0|^^|0|0
^2026^|^01^|^497607^|^015^|^08^|^WA^|^4719^|^EBA^|^17^|^53^|^2^|^004^|^100^|^1^|^1^|^Tidak Ada Komponen^|^ ^|0|0|0|0|^2023^|^^|^0^|^00^|^1^|^1^|^1^|^1^|^1^|0|0|0|0|^^|0|0
^2026^|^01^|^497607^|^015^|^08^|^WA^|^4719^|^EBA^|^17^|^53^|^2^|^994^|^001^|^1^|^1^|^Gaji dan Tunjangan^|^ ^|0|0|0|0|^2023^|^^|^0^|^00^|^1^|^1^|^1^|^1^|^1^|0|0|0|0|^^|0|0
^2026^|^01^|^497607^|^015^|^08^|^WA^|^4719^|^EBC^|^17^|^53^|^2^|^001^|^100^|^1^|^1^|^Tidak Ada Komponen^|^ ^|0|0|0|0|^2023^|^^|^0^|^00^|^1^|^1^|^1^|^1^|^1^|0|0|0|0|^^|0|0
^2026^|^01^|^527027^|^015^|^08^|^CD^|^6212^|^BMB^|^01^|^55^|^2^|^001^|^100^|^1^|^1^|^Tidak Ada Komponen^|^ ^|0|0|0|0|^2024^|^^|^0^|^00^|^1^|^1^|^1^|^1^|^1^|0|0|0|0|^^|0|0
^2026^|^01^|^527027^|^015^|^08^|^CD^|^6212^|^FAC^|^01^|^55^|^2^|^002^|^100^|^1^|^1^|^Tidak ada komponen^|^ ^|0|0|0|0|^2023^|^^|^0^|^00^|^1^|^1^|^1^|^1^|^1^|0|0|0|0|^^|0|0
^2026^|^01^|^527027^|^015^|^08^|^CD^|^6212^|^FAH^|^01^|^55^|^2^|^003^|^100^|^1^|^1^|^Tidak ada komponen^|^ ^|0|0|0|0|^2023^|^^|^0^|^00^|^1^|^1^|^1^|^1^|^1^|0|0|0|0|^^|0|0
^2026^|^01^|^527027^|^015^|^08^|^CD^|^6212^|^FAH^|^01^|^55^|^2^|^002^|^100^|^1^|^1^|^Tidak ada komponen^|^ ^|0|0|0|0|^2023^|^^|^0^|^00^|^1^|^1^|^1^|^1^|^1^|0|0|0|0|^^|0|0
^2026^|^01^|^527027^|^015^|^08^|^CD^|^6212^|^FAL^|^01^|^55^|^2^|^001^|^100^|^1^|^1^|^Tidak ada komponen^|^ ^|0|0|0|0|^2023^|^^|^0^|^00^|^1^|^1^|^1^|^1^|^1^|0|0|0|0|^^|0|0
^2026^|^01^|^527027^|^015^|^08^|^CD^|^6213^|^ABA^|^01^|^55^|^2^|^001^|^100^|^1^|^1^|^Tidak Ada Komponen^|^ ^|0|0|0|0|^2024^|^^|^0^|^00^|^1^|^1^|^1^|^1^|^1^|0|0|0|0|^^|0|0
^2026^|^01^|^527027^|^015^|^08^|^CD^|^6213^|^FAE^|^01^|^55^|^2^|^008^|^100^|^1^|^1^|^Tidak Ada Komponen^|^ ^|0|0|0|0|^2023^|^^|^0^|^00^|^1^|^1^|^1^|^1^|^1^|0|0|0|0|^^|0|0
^2026^|^01^|^527027^|^015^|^08^|^CD^|^6213^|^FAE^|^01^|^55^|^2^|^009^|^100^|^1^|^1^|^Tidak Ada Komponen^|^ ^|0|0|0|0|^2024^|^^|^0^|^00^|^1^|^1^|^1^|^1^|^1^|0|0|0|0|^^|0|0
^2026^|^01^|^527027^|^015^|^08^|^CD^|^6213^|^FAL^|^01^|^55^|^2^|^003^|^100^|^1^|^1^|^Tidak ada komponen^|^ ^|0|0|0|0|^2023^|^^|^0^|^00^|^1^|^1^|^1^|^1^|^1^|0|0|0|0|^^|0|0
^2026^|^01^|^527027^|^015^|^08^|^CD^|^6215^|^FAH^|^01^|^55^|^2^|^003^|^100^|^1^|^1^|^Tidak ada komponen^|^ ^|0|0|0|0|^2023^|^^|^0^|^00^|^1^|^1^|^1^|^1^|^1^|0|0|0|0|^^|0|0
^2026^|^01^|^527027^|^015^|^08^|^CD^|^6215^|^FAH^|^01^|^55^|^2^|^001^|^100^|^1^|^1^|^Tidak ada komponen^|^ ^|0|0|0|0|^2023^|^^|^0^|^00^|^1^|^1^|^1^|^1^|^1^|0|0|0|0|^^|0|0
^2026^|^01^|^527027^|^015^|^08^|^WA^|^4715^|^EBA^|^01^|^55^|^2^|^001^|^100^|^1^|^1^|^Tidak Ada Komponen^|^ ^|0|0|0|0|^2023^|^^|^0^|^00^|^1^|^1^|^1^|^1^|^1^|0|0|0|0|^^|0|0
^2026^|^01^|^527027^|^015^|^08^|^WA^|^4715^|^EBA^|^01^|^55^|^2^|^002^|^100^|^1^|^1^|^Tidak Ada Komponen^|^ ^|0|0|0|0|^2023^|^^|^0^|^00^|^1^|^1^|^1^|^1^|^1^|0|0|0|0|^^|0|0
^2026^|^01^|^527027^|^015^|^08^|^WA^|^4715^|^EBA^|^01^|^55^|^2^|^994^|^002^|^1^|^1^|^Operasional dan Pemeliharaan Kantor^|^ ^|0|0|0|0|^2023^|^^|^0^|^00^|^1^|^1^|^1^|^1^|^1^|0|0|0|0|^^|0|0
^2026^|^01^|^527027^|^015^|^08^|^WA^|^4715^|^EBD^|^01^|^55^|^2^|^Z36^|^100^|^1^|^1^|^Tidak Ada Komponen^|^ ^|0|0|0|0|^2023^|^^|^0^|^00^|^1^|^1^|^1^|^1^|^1^|0|0|0|0|^^|0|0
^2026^|^01^|^527027^|^015^|^08^|^WA^|^4715^|^EBD^|^01^|^55^|^2^|^Z26^|^100^|^1^|^1^|^Tidak Ada Komponen^|^ ^|0|0|0|0|^2023^|^^|^0^|^00^|^1^|^1^|^1^|^1^|^1^|0|0|0|0|^^|0|0
^2026^|^01^|^527027^|^015^|^08^|^WA^|^4718^|^BMB^|^01^|^55^|^2^|^002^|^100^|^1^|^1^|^Tidak Ada Komponen^|^ ^|0|0|0|0|^2023^|^^|^0^|^00^|^1^|^1^|^1^|^1^|^1^|0|0|0|0|^^|0|0
^2026^|^01^|^527027^|^015^|^08^|^WA^|^4718^|^BMB^|^01^|^55^|^2^|^001^|^100^|^1^|^1^|^Tidak ada komponen^|^ ^|0|0|0|0|^2023^|^^|^0^|^00^|^1^|^1^|^1^|^1^|^1^|0|0|0|0|^^|0|0
^2026^|^01^|^527027^|^015^|^08^|^WA^|^4719^|^EBA^|^01^|^55^|^2^|^003^|^100^|^1^|^1^|^Tidak Ada Komponen^|^ ^|0|0|0|0|^2023^|^^|^0^|^00^|^1^|^1^|^1^|^1^|^1^|0|0|0|0|^^|0|0
^2026^|^01^|^527027^|^015^|^08^|^WA^|^4719^|^EBA^|^01^|^55^|^2^|^005^|^100^|^1^|^1^|^Tidak Ada Komponen^|^ ^|0|0|0|0|^2023^|^^|^0^|^00^|^1^|^1^|^1^|^1^|^1^|0|0|0|0|^^|0|0
^2026^|^01^|^527027^|^015^|^08^|^WA^|^4719^|^EBA^|^01^|^55^|^2^|^994^|^001^|^1^|^1^|^Gaji dan Tunjangan^|^ ^|0|0|0|0|^2023^|^^|^0^|^00^|^1^|^1^|^1^|^1^|^1^|0|0|0|0|^^|0|0
^2026^|^01^|^527027^|^015^|^08^|^WA^|^4719^|^EBC^|^01^|^55^|^2^|^001^|^100^|^1^|^1^|^Tidak Ada Komponen^|^ ^|0|0|0|0|^2023^|^^|^0^|^00^|^1^|^1^|^1^|^1^|^1^|0|0|0|0|^^|0|0
^2026^|^01^|^527027^|^015^|^08^|^WA^|^4722^|^EBD^|^01^|^55^|^2^|^001^|^100^|^1^|^1^|^Tidak Ada Komponen^|^ ^|0|0|0|0|^2023^|^^|^0^|^00^|^1^|^1^|^1^|^1^|^1^|0|0|0|0|^^|0|0
^2026^|^01^|^497622^|^015^|^08^|^CD^|^6212^|^BMB^|^31^|^03^|^2^|^001^|^100^|^1^|^1^|^Tidak Ada Komponen^|^ ^|0|0|0|0|^2024^|^^|^0^|^00^|^1^|^1^|^1^|^1^|^1^|0|0|0|0|^^|0|0
^2026^|^01^|^497622^|^015^|^08^|^CD^|^6212^|^FAC^|^31^|^03^|^2^|^001^|^100^|^1^|^1^|^Tidak Ada Komponen^|^ ^|0|0|0|0|^2023^|^^|^0^|^00^|^1^|^1^|^1^|^1^|^1^|0|0|0|0|^^|0|0
^2026^|^01^|^497622^|^015^|^08^|^CD^|^6212^|^FAH^|^31^|^03^|^2^|^001^|^100^|^1^|^1^|^Tidak ada komponen^|^ ^|0|0|0|0|^2023^|^^|^0^|^00^|^1^|^1^|^1^|^1^|^1^|0|0|0|0|^^|0|0
^2026^|^01^|^497622^|^015^|^08^|^CD^|^6212^|^FAL^|^31^|^03^|^2^|^004^|^100^|^1^|^1^|^Tidak ada komponen^|^ ^|0|0|0|0|^2023^|^^|^0^|^00^|^1^|^1^|^1^|^1^|^1^|0|0|0|0|^^|0|0
^2026^|^01^|^497622^|^015^|^08^|^CD^|^6213^|^FAC^|^31^|^03^|^2^|^001^|^100^|^1^|^1^|^Tidak ada komponen^|^ ^|0|0|0|0|^2023^|^^|^0^|^00^|^1^|^1^|^1^|^1^|^1^|0|0|0|0|^^|0|0
^2026^|^01^|^497622^|^015^|^08^|^CD^|^6213^|^FAE^|^31^|^03^|^2^|^009^|^100^|^1^|^1^|^Tidak Ada Komponen^|^ ^|0|0|0|0|^2024^|^^|^0^|^00^|^1^|^1^|^1^|^1^|^1^|0|0|0|0|^^|0|0
^2026^|^01^|^497622^|^015^|^08^|^CD^|^6213^|^FAL^|^31^|^03^|^2^|^003^|^100^|^1^|^1^|^Tidak ada komponen^|^ ^|0|0|0|0|^2023^|^^|^0^|^00^|^1^|^1^|^1^|^1^|^1^|0|0|0|0|^^|0|0
^2026^|^01^|^497622^|^015^|^08^|^CD^|^6214^|^FAL^|^31^|^03^|^2^|^002^|^100^|^1^|^1^|^Tidak ada komponen^|^ ^|0|0|0|0|^2023^|^^|^0^|^00^|^1^|^1^|^1^|^1^|^1^|0|0|0|0|^^|0|0
^2026^|^01^|^497622^|^015^|^08^|^CD^|^6215^|^FAH^|^31^|^03^|^2^|^003^|^100^|^1^|^1^|^Tidak ada komponen^|^ ^|0|0|0|0|^2023^|^^|^0^|^00^|^1^|^1^|^1^|^1^|^1^|0|0|0|0|^^|0|0
^2026^|^01^|^497622^|^015^|^08^|^WA^|^4715^|^EBA^|^31^|^03^|^2^|^001^|^100^|^1^|^1^|^Tidak Ada Komponen^|^ ^|0|0|0|0|^2023^|^^|^0^|^00^|^1^|^1^|^1^|^1^|^1^|0|0|0|0|^^|0|0
^2026^|^01^|^497622^|^015^|^08^|^WA^|^4715^|^EBA^|^31^|^03^|^2^|^002^|^100^|^1^|^1^|^Tidak Ada Komponen^|^ ^|0|0|0|0|^2023^|^^|^0^|^00^|^1^|^1^|^1^|^1^|^1^|0|0|0|0|^^|0|0
^2026^|^01^|^497622^|^015^|^08^|^WA^|^4715^|^EBA^|^31^|^03^|^2^|^994^|^002^|^1^|^1^|^Operasional dan Pemeliharaan Kantor^|^ ^|0|0|0|0|^2023^|^^|^0^|^00^|^1^|^1^|^1^|^1^|^1^|0|0|0|0|^^|0|0
^2026^|^01^|^497622^|^015^|^08^|^WA^|^4715^|^EBD^|^31^|^03^|^2^|^Z36^|^100^|^1^|^1^|^Tidak Ada Komponen^|^ ^|0|0|0|0|^2023^|^^|^0^|^00^|^1^|^1^|^1^|^1^|^1^|0|0|0|0|^^|0|0
^2026^|^01^|^497622^|^015^|^08^|^WA^|^4718^|^BMB^|^31^|^03^|^2^|^001^|^100^|^1^|^1^|^Tidak ada komponen^|^ ^|0|0|0|0|^2023^|^^|^0^|^00^|^1^|^1^|^1^|^1^|^1^|0|0|0|0|^^|0|0
^2026^|^01^|^497622^|^015^|^08^|^WA^|^4718^|^BMB^|^31^|^03^|^2^|^002^|^100^|^1^|^1^|^Tidak Ada Komponen^|^ ^|0|0|0|0|^2023^|^^|^0^|^00^|^1^|^1^|^1^|^1^|^1^|0|0|0|0|^^|0|0
^2026^|^01^|^497622^|^015^|^08^|^WA^|^4719^|^EBA^|^31^|^03^|^2^|^004^|^100^|^1^|^1^|^Tidak Ada Komponen^|^ ^|0|0|0|0|^2023^|^^|^0^|^00^|^1^|^1^|^1^|^1^|^1^|0|0|0|0|^^|0|0
^2026^|^01^|^497622^|^015^|^08^|^WA^|^4719^|^EBA^|^31^|^03^|^2^|^994^|^001^|^1^|^1^|^Gaji dan Tunjangan^|^ ^|0|0|0|0|^2023^|^^|^0^|^00^|^1^|^1^|^1^|^1^|^1^|0|0|0|0|^^|0|0
^2026^|^01^|^497622^|^015^|^08^|^WA^|^4719^|^EBC^|^31^|^03^|^2^|^001^|^100^|^1^|^1^|^Tidak Ada Komponen^|^ ^|0|0|0|0|^2023^|^^|^0^|^00^|^1^|^1^|^1^|^1^|^1^|0|0|0|0|^^|0|0
^2026^|^01^|^527052^|^015^|^08^|^CD^|^6212^|^BMB^|^01^|^55^|^2^|^001^|^100^|^1^|^1^|^Tidak Ada Komponen^|^ ^|0|0|0|0|^2024^|^^|^0^|^00^|^1^|^1^|^1^|^1^|^1^|0|0|0|0|^^|0|0
^2026^|^01^|^527052^|^015^|^08^|^CD^|^6212^|^FAC^|^01^|^55^|^2^|^001^|^100^|^1^|^1^|^Tidak Ada Komponen^|^ ^|0|0|0|0|^2024^|^^|^0^|^00^|^1^|^1^|^1^|^1^|^1^|0|0|0|0|^^|0|0
^2026^|^01^|^527052^|^015^|^08^|^CD^|^6212^|^FAH^|^01^|^55^|^2^|^001^|^100^|^1^|^1^|^Tidak ada komponen^|^ ^|0|0|0|0|^2024^|^^|^0^|^00^|^1^|^1^|^1^|^1^|^1^|0|0|0|0|^^|0|0
^2026^|^01^|^527052^|^015^|^08^|^CD^|^6212^|^FAL^|^01^|^55^|^2^|^004^|^100^|^1^|^1^|^Tidak ada komponen^|^ ^|0|0|0|0|^2023^|^^|^0^|^00^|^1^|^1^|^1^|^1^|^1^|0|0|0|0|^^|0|0
^2026^|^01^|^527052^|^015^|^08^|^CD^|^6213^|^FAC^|^01^|^55^|^2^|^001^|^100^|^1^|^1^|^Tidak ada komponen^|^ ^|0|0|0|0|^2023^|^^|^0^|^00^|^1^|^1^|^1^|^1^|^1^|0|0|0|0|^^|0|0
^2026^|^01^|^527052^|^015^|^08^|^CD^|^6215^|^FAH^|^01^|^55^|^2^|^003^|^100^|^1^|^1^|^Tidak ada komponen^|^ ^|0|0|0|0|^2023^|^^|^0^|^00^|^1^|^1^|^1^|^1^|^1^|0|0|0|0|^^|0|0
^2026^|^01^|^527052^|^015^|^08^|^CD^|^6213^|^FAE^|^01^|^55^|^2^|^009^|^100^|^1^|^1^|^Tidak Ada Komponen^|^ ^|0|0|0|0|^2024^|^^|^0^|^00^|^1^|^1^|^1^|^1^|^1^|0|0|0|0|^^|0|0
^2026^|^01^|^527052^|^015^|^08^|^CD^|^6213^|^FAL^|^01^|^55^|^2^|^003^|^100^|^1^|^1^|^Tidak ada komponen^|^ ^|0|0|0|0|^2023^|^^|^0^|^00^|^1^|^1^|^1^|^1^|^1^|0|0|0|0|^^|0|0
^2026^|^01^|^527052^|^015^|^08^|^CD^|^6214^|^FAL^|^01^|^55^|^2^|^002^|^100^|^1^|^1^|^Tidak ada komponen^|^ ^|0|0|0|0|^2023^|^^|^0^|^00^|^1^|^1^|^1^|^1^|^1^|0|0|0|0|^^|0|0
^2026^|^01^|^527052^|^015^|^08^|^WA^|^4719^|^EBA^|^01^|^55^|^2^|^004^|^100^|^1^|^1^|^Tidak Ada Komponen^|^ ^|0|0|0|0|^2023^|^^|^0^|^00^|^1^|^1^|^1^|^1^|^1^|0|0|0|0|^^|0|0
^2026^|^01^|^527052^|^015^|^08^|^WA^|^4719^|^EBA^|^01^|^55^|^2^|^994^|^001^|^1^|^1^|^Gaji dan Tunjangan^|^ ^|0|0|0|0|^2023^|^^|^0^|^00^|^1^|^1^|^1^|^1^|^1^|0|0|0|0|^^|0|0
^2026^|^01^|^527052^|^015^|^08^|^WA^|^4715^|^EBA^|^01^|^55^|^2^|^001^|^100^|^1^|^1^|^Tidak Ada Komponen^|^ ^|0|0|0|0|^2023^|^^|^0^|^00^|^1^|^1^|^1^|^1^|^1^|0|0|0|0|^^|0|0
^2026^|^01^|^527052^|^015^|^08^|^WA^|^4715^|^EBA^|^01^|^55^|^2^|^002^|^100^|^1^|^1^|^Tidak Ada Komponen^|^ ^|0|0|0|0|^2023^|^^|^0^|^00^|^1^|^1^|^1^|^1^|^1^|0|0|0|0|^^|0|0
^2026^|^01^|^527052^|^015^|^08^|^WA^|^4715^|^EBA^|^01^|^55^|^2^|^994^|^002^|^1^|^1^|^Operasional dan Pemeliharaan Kantor^|^ ^|0|0|0|0|^2023^|^^|^0^|^00^|^1^|^1^|^1^|^1^|^1^|0|0|0|0|^^|0|0
^2026^|^01^|^527052^|^015^|^08^|^WA^|^4718^|^BMB^|^01^|^55^|^2^|^001^|^100^|^1^|^1^|^Tidak ada komponen^|^ ^|0|0|0|0|^2023^|^^|^0^|^00^|^1^|^1^|^1^|^1^|^1^|0|0|0|0|^^|0|0
^2026^|^01^|^527052^|^015^|^08^|^WA^|^4718^|^BMB^|^01^|^55^|^2^|^002^|^100^|^1^|^1^|^Tidak Ada Komponen^|^ ^|0|0|0|0|^2023^|^^|^0^|^00^|^1^|^1^|^1^|^1^|^1^|0|0|0|0|^^|0|0
^2026^|^01^|^527052^|^015^|^08^|^WA^|^4719^|^EBC^|^01^|^55^|^2^|^001^|^100^|^1^|^1^|^Tidak Ada Komponen^|^ ^|0|0|0|0|^2023^|^^|^0^|^00^|^1^|^1^|^1^|^1^|^1^|0|0|0|0|^^|0|0
^2026^|^01^|^527102^|^015^|^08^|^CD^|^6212^|^BMB^|^02^|^51^|^2^|^001^|^100^|^1^|^1^|^Tidak Ada Komponen^|^ ^|0|0|0|0|^2024^|^^|^0^|^00^|^1^|^1^|^1^|^1^|^1^|0|0|0|0|^^|0|0
^2026^|^01^|^527102^|^015^|^08^|^CD^|^6212^|^FAC^|^02^|^51^|^2^|^001^|^100^|^1^|^1^|^Tidak Ada Komponen^|^ ^|0|0|0|0|^2023^|^^|^0^|^00^|^1^|^1^|^1^|^1^|^1^|0|0|0|0|^^|0|0
^2026^|^01^|^527102^|^015^|^08^|^CD^|^6212^|^FAH^|^02^|^51^|^2^|^001^|^100^|^1^|^1^|^Tidak ada komponen^|^ ^|0|0|0|0|^2023^|^^|^0^|^00^|^1^|^1^|^1^|^1^|^1^|0|0|0|0|^^|0|0
^2026^|^01^|^527102^|^015^|^08^|^CD^|^6212^|^FAL^|^02^|^51^|^2^|^004^|^100^|^1^|^1^|^Tidak ada komponen^|^ ^|0|0|0|0|^2023^|^^|^0^|^00^|^1^|^1^|^1^|^1^|^1^|0|0|0|0|^^|0|0
^2026^|^01^|^527102^|^015^|^08^|^CD^|^6213^|^FAC^|^02^|^51^|^2^|^001^|^100^|^1^|^1^|^Tidak ada komponen^|^ ^|0|0|0|0|^2023^|^^|^0^|^00^|^1^|^1^|^1^|^1^|^1^|0|0|0|0|^^|0|0
^2026^|^01^|^527102^|^015^|^08^|^CD^|^6213^|^FAE^|^02^|^51^|^2^|^009^|^100^|^1^|^1^|^Tidak Ada Komponen^|^ ^|0|0|0|0|^2024^|^^|^0^|^00^|^1^|^1^|^1^|^1^|^1^|0|0|0|0|^^|0|0
^2026^|^01^|^527102^|^015^|^08^|^CD^|^6213^|^FAL^|^02^|^51^|^2^|^003^|^100^|^1^|^1^|^Tidak ada komponen^|^ ^|0|0|0|0|^2023^|^^|^0^|^00^|^1^|^1^|^1^|^1^|^1^|0|0|0|0|^^|0|0
^2026^|^01^|^527102^|^015^|^08^|^CD^|^6214^|^FAL^|^02^|^51^|^2^|^002^|^100^|^1^|^1^|^Tidak ada komponen^|^ ^|0|0|0|0|^2023^|^^|^0^|^00^|^1^|^1^|^1^|^1^|^1^|0|0|0|0|^^|0|0
^2026^|^01^|^527102^|^015^|^08^|^CD^|^6215^|^FAH^|^02^|^51^|^2^|^003^|^100^|^1^|^1^|^Tidak ada komponen^|^ ^|0|0|0|0|^2023^|^^|^0^|^00^|^1^|^1^|^1^|^1^|^1^|0|0|0|0|^^|0|0
^2026^|^01^|^527102^|^015^|^08^|^WA^|^4715^|^EBA^|^02^|^51^|^2^|^001^|^100^|^1^|^1^|^Tidak Ada Komponen^|^ ^|0|0|0|0|^2023^|^^|^0^|^00^|^1^|^1^|^1^|^1^|^1^|0|0|0|0|^^|0|0
^2026^|^01^|^527102^|^015^|^08^|^WA^|^4715^|^EBA^|^02^|^51^|^2^|^002^|^100^|^1^|^1^|^Tidak Ada Komponen^|^ ^|0|0|0|0|^2023^|^^|^0^|^00^|^1^|^1^|^1^|^1^|^1^|0|0|0|0|^^|0|0
^2026^|^01^|^527102^|^015^|^08^|^WA^|^4715^|^EBA^|^02^|^51^|^2^|^994^|^002^|^1^|^1^|^Operasional dan Pemeliharaan Kantor^|^ ^|0|0|0|0|^2023^|^^|^0^|^00^|^1^|^1^|^1^|^1^|^1^|0|0|0|0|^^|0|0
^2026^|^01^|^527102^|^015^|^08^|^WA^|^4715^|^EBD^|^02^|^51^|^2^|^Z36^|^100^|^1^|^1^|^Tidak Ada Komponen^|^ ^|0|0|0|0|^2023^|^^|^0^|^00^|^1^|^1^|^1^|^1^|^1^|0|0|0|0|^^|0|0
^2026^|^01^|^527102^|^015^|^08^|^WA^|^4718^|^BMB^|^02^|^51^|^2^|^001^|^100^|^1^|^1^|^Tidak ada komponen^|^ ^|0|0|0|0|^2023^|^^|^0^|^00^|^1^|^1^|^1^|^1^|^1^|0|0|0|0|^^|0|0
^2026^|^01^|^527102^|^015^|^08^|^WA^|^4718^|^BMB^|^02^|^51^|^2^|^002^|^100^|^1^|^1^|^Tidak Ada Komponen^|^ ^|0|0|0|0|^2025^|^^|^0^|^00^|^1^|^1^|^1^|^1^|^1^|0|0|0|0|^^|0|0
^2026^|^01^|^527102^|^015^|^08^|^WA^|^4719^|^EBA^|^02^|^51^|^2^|^004^|^100^|^1^|^1^|^Tidak Ada Komponen^|^ ^|0|0|0|0|^2023^|^^|^0^|^00^|^1^|^1^|^1^|^1^|^1^|0|0|0|0|^^|0|0
^2026^|^01^|^527102^|^015^|^08^|^WA^|^4719^|^EBA^|^02^|^51^|^2^|^994^|^001^|^1^|^1^|^Gaji dan Tunjangan^|^ ^|0|0|0|0|^2023^|^^|^0^|^00^|^1^|^1^|^1^|^1^|^1^|0|0|0|0|^^|0|0
^2026^|^01^|^527102^|^015^|^08^|^WA^|^4719^|^EBC^|^02^|^51^|^2^|^001^|^100^|^1^|^1^|^Tidak Ada Komponen^|^ ^|0|0|0|0|^2023^|^^|^0^|^00^|^1^|^1^|^1^|^1^|^1^|0|0|0|0|^^|0|0
^2026^|^01^|^527048^|^015^|^08^|^CD^|^6212^|^BMB^|^01^|^51^|^2^|^001^|^100^|^1^|^1^|^Tidak Ada Komponen^|^ ^|0|0|0|0|^2024^|^^|^0^|^00^|^1^|^1^|^1^|^1^|^1^|0|0|0|0|^^|0|0
^2026^|^01^|^527048^|^015^|^08^|^CD^|^6212^|^FAC^|^01^|^51^|^2^|^001^|^100^|^2^|^1^|^Tidak Ada Komponen^|^ ^|0|0|0|0|^2023^|^^|^0^|^00^|^1^|^1^|^1^|^1^|^1^|0|0|0|0|^^|0|0
^2026^|^01^|^527048^|^015^|^08^|^CD^|^6212^|^FAH^|^01^|^51^|^2^|^001^|^100^|^2^|^1^|^Tidak ada komponen^|^ ^|0|0|0|0|^2023^|^^|^0^|^00^|^1^|^1^|^1^|^1^|^1^|0|0|0|0|^^|0|0
^2026^|^01^|^527048^|^015^|^08^|^CD^|^6212^|^FAL^|^01^|^51^|^2^|^004^|^100^|^2^|^1^|^Tidak ada komponen^|^ ^|0|0|0|0|^2023^|^^|^0^|^00^|^1^|^1^|^1^|^1^|^1^|0|0|0|0|^^|0|0
^2026^|^01^|^527048^|^015^|^08^|^CD^|^6213^|^FAC^|^01^|^51^|^2^|^001^|^100^|^2^|^1^|^Tidak ada komponen^|^ ^|0|0|0|0|^2023^|^^|^0^|^00^|^1^|^1^|^1^|^1^|^1^|0|0|0|0|^^|0|0
^2026^|^01^|^527048^|^015^|^08^|^CD^|^6213^|^FAE^|^01^|^51^|^2^|^009^|^100^|^1^|^1^|^Tidak Ada Komponen^|^ ^|0|0|0|0|^2024^|^^|^0^|^00^|^1^|^1^|^1^|^1^|^1^|0|0|0|0|^^|0|0
^2026^|^01^|^527048^|^015^|^08^|^CD^|^6213^|^FAL^|^01^|^51^|^2^|^003^|^100^|^2^|^1^|^Tidak ada komponen^|^ ^|0|0|0|0|^2023^|^^|^0^|^00^|^1^|^1^|^1^|^1^|^1^|0|0|0|0|^^|0|0
^2026^|^01^|^527048^|^015^|^08^|^CD^|^6214^|^FAL^|^01^|^51^|^2^|^002^|^100^|^2^|^1^|^Tidak ada komponen^|^ ^|0|0|0|0|^2023^|^^|^0^|^00^|^1^|^1^|^1^|^1^|^1^|0|0|0|0|^^|0|0
^2026^|^01^|^527048^|^015^|^08^|^CD^|^6215^|^FAH^|^01^|^51^|^2^|^003^|^100^|^2^|^1^|^Tidak ada komponen^|^ ^|0|0|0|0|^2023^|^^|^0^|^00^|^1^|^1^|^1^|^1^|^1^|0|0|0|0|^^|0|0
^2026^|^01^|^527048^|^015^|^08^|^WA^|^4715^|^EBA^|^01^|^51^|^2^|^001^|^100^|^1^|^1^|^Tidak Ada Komponen^|^ ^|0|0|0|0|^2023^|^^|^0^|^00^|^1^|^1^|^1^|^1^|^1^|0|0|0|0|^^|0|0
^2026^|^01^|^527048^|^015^|^08^|^WA^|^4715^|^EBA^|^01^|^51^|^2^|^002^|^100^|^1^|^1^|^Tidak Ada Komponen^|^ ^|0|0|0|0|^2023^|^^|^0^|^00^|^1^|^1^|^1^|^1^|^1^|0|0|0|0|^^|0|0
^2026^|^01^|^527048^|^015^|^08^|^WA^|^4715^|^EBA^|^01^|^51^|^2^|^994^|^002^|^1^|^1^|^Operasional dan Pemeliharaan Kantor^|^ ^|0|0|0|0|^2023^|^^|^0^|^00^|^1^|^1^|^1^|^1^|^1^|0|0|0|0|^^|0|0
^2026^|^01^|^527048^|^015^|^08^|^WA^|^4715^|^EBD^|^01^|^51^|^2^|^Z36^|^100^|^1^|^1^|^Tidak Ada Komponen^|^ ^|0|0|0|0|^2023^|^^|^0^|^00^|^1^|^1^|^1^|^1^|^1^|0|0|0|0|^^|0|0
^2026^|^01^|^527048^|^015^|^08^|^WA^|^4718^|^BMB^|^01^|^51^|^2^|^001^|^100^|^1^|^1^|^Tidak ada komponen^|^ ^|0|0|0|0|^2023^|^^|^0^|^00^|^1^|^1^|^1^|^1^|^1^|0|0|0|0|^^|0|0
^2026^|^01^|^527048^|^015^|^08^|^WA^|^4718^|^BMB^|^01^|^51^|^2^|^002^|^100^|^1^|^1^|^Tidak Ada Komponen^|^ ^|0|0|0|0|^2023^|^^|^0^|^00^|^1^|^1^|^1^|^1^|^1^|0|0|0|0|^^|0|0
^2026^|^01^|^527048^|^015^|^08^|^WA^|^4719^|^EBA^|^01^|^51^|^2^|^004^|^100^|^1^|^1^|^Tidak Ada Komponen^|^ ^|0|0|0|0|^2023^|^^|^0^|^00^|^1^|^1^|^1^|^1^|^1^|0|0|0|0|^^|0|0
^2026^|^01^|^527048^|^015^|^08^|^WA^|^4719^|^EBA^|^01^|^51^|^2^|^994^|^001^|^1^|^1^|^Gaji dan Tunjangan^|^ ^|0|0|0|0|^2023^|^^|^0^|^00^|^1^|^1^|^1^|^1^|^1^|0|0|0|0|^^|0|0
^2026^|^01^|^527048^|^015^|^08^|^WA^|^4719^|^EBC^|^01^|^51^|^2^|^001^|^100^|^1^|^1^|^Tidak Ada Komponen^|^ ^|0|0|0|0|^2023^|^^|^0^|^00^|^1^|^1^|^1^|^1^|^1^|0|0|0|0|^^|0|0
^2026^|^01^|^527031^|^015^|^08^|^CD^|^6212^|^BMB^|^01^|^51^|^2^|^001^|^100^|^1^|^1^|^Tidak Ada Komponen^|^ ^|0|0|0|0|^2024^|^^|^0^|^00^|^1^|^1^|^1^|^1^|^1^|0|0|0|0|^^|0|0
^2026^|^01^|^527031^|^015^|^08^|^CD^|^6212^|^FAC^|^01^|^51^|^2^|^001^|^100^|^1^|^1^|^Tidak Ada Komponen^|^ ^|0|0|0|0|^2023^|^^|^0^|^00^|^1^|^1^|^1^|^1^|^1^|0|0|0|0|^^|0|0
^2026^|^01^|^527031^|^015^|^08^|^CD^|^6212^|^FAH^|^01^|^51^|^2^|^001^|^100^|^1^|^1^|^Tidak ada komponen^|^ ^|0|0|0|0|^2023^|^^|^0^|^00^|^1^|^1^|^1^|^1^|^1^|0|0|0|0|^^|0|0
^2026^|^01^|^527031^|^015^|^08^|^CD^|^6212^|^FAL^|^01^|^51^|^2^|^004^|^100^|^1^|^1^|^Tidak ada komponen^|^ ^|0|0|0|0|^2023^|^^|^0^|^00^|^1^|^1^|^1^|^1^|^1^|0|0|0|0|^^|0|0
^2026^|^01^|^527031^|^015^|^08^|^CD^|^6213^|^FAC^|^01^|^51^|^2^|^001^|^100^|^1^|^1^|^Tidak ada komponen^|^ ^|0|0|0|0|^2023^|^^|^0^|^00^|^1^|^1^|^1^|^1^|^1^|0|0|0|0|^^|0|0
^2026^|^01^|^527031^|^015^|^08^|^CD^|^6213^|^FAE^|^01^|^51^|^2^|^009^|^100^|^1^|^1^|^Tidak Ada Komponen^|^ ^|0|0|0|0|^2024^|^^|^0^|^00^|^1^|^1^|^1^|^1^|^1^|0|0|0|0|^^|0|0
^2026^|^01^|^527031^|^015^|^08^|^CD^|^6213^|^FAL^|^01^|^51^|^2^|^003^|^100^|^1^|^1^|^Tidak ada komponen^|^ ^|0|0|0|0|^2023^|^^|^0^|^00^|^1^|^1^|^1^|^1^|^1^|0|0|0|0|^^|0|0
^2026^|^01^|^527031^|^015^|^08^|^CD^|^6214^|^FAL^|^01^|^51^|^2^|^002^|^100^|^1^|^1^|^Tidak ada komponen^|^ ^|0|0|0|0|^2023^|^^|^0^|^00^|^1^|^1^|^1^|^1^|^1^|0|0|0|0|^^|0|0
^2026^|^01^|^527031^|^015^|^08^|^CD^|^6215^|^FAH^|^01^|^51^|^2^|^003^|^100^|^1^|^1^|^Tidak ada komponen^|^ ^|0|0|0|0|^2023^|^^|^0^|^00^|^1^|^1^|^1^|^1^|^1^|0|0|0|0|^^|0|0
^2026^|^01^|^527031^|^015^|^08^|^WA^|^4715^|^EBA^|^01^|^51^|^2^|^001^|^100^|^1^|^1^|^Tidak Ada Komponen^|^ ^|0|0|0|0|^2023^|^^|^0^|^00^|^1^|^1^|^1^|^1^|^1^|0|0|0|0|^^|0|0
^2026^|^01^|^527031^|^015^|^08^|^WA^|^4715^|^EBA^|^01^|^51^|^2^|^002^|^100^|^1^|^1^|^Tidak Ada Komponen^|^ ^|0|0|0|0|^2023^|^^|^0^|^00^|^1^|^1^|^1^|^1^|^1^|0|0|0|0|^^|0|0
^2026^|^01^|^527031^|^015^|^08^|^WA^|^4715^|^EBA^|^01^|^51^|^2^|^994^|^002^|^1^|^1^|^Operasional dan Pemeliharaan Kantor^|^ ^|0|0|0|0|^2023^|^^|^0^|^00^|^1^|^1^|^1^|^1^|^1^|0|0|0|0|^^|0|0
^2026^|^01^|^527031^|^015^|^08^|^WA^|^4715^|^EBD^|^01^|^51^|^2^|^Z36^|^100^|^1^|^1^|^Tidak Ada Komponen^|^ ^|0|0|0|0|^2023^|^^|^0^|^00^|^1^|^1^|^1^|^1^|^1^|0|0|0|0|^^|0|0
^2026^|^01^|^527031^|^015^|^08^|^WA^|^4719^|^EBA^|^01^|^51^|^2^|^004^|^100^|^1^|^1^|^Tidak Ada Komponen^|^ ^|0|0|0|0|^2023^|^^|^0^|^00^|^1^|^1^|^1^|^1^|^1^|0|0|0|0|^^|0|0
^2026^|^01^|^527031^|^015^|^08^|^WA^|^4719^|^EBA^|^01^|^51^|^2^|^994^|^001^|^1^|^1^|^Gaji dan Tunjangan^|^ ^|0|0|0|0|^2023^|^^|^0^|^00^|^1^|^1^|^1^|^1^|^1^|0|0|0|0|^^|0|0
^2026^|^01^|^527031^|^015^|^08^|^WA^|^4719^|^EBC^|^01^|^51^|^2^|^001^|^100^|^1^|^1^|^Tidak Ada Komponen^|^ ^|0|0|0|0|^2023^|^^|^0^|^00^|^1^|^1^|^1^|^1^|^1^|0|0|0|0|^^|0|0
^2026^|^01^|^527031^|^015^|^08^|^WA^|^4718^|^BMB^|^01^|^51^|^2^|^001^|^100^|^1^|^1^|^Tidak ada komponen^|^ ^|0|0|0|0|^2023^|^^|^0^|^00^|^1^|^1^|^1^|^1^|^1^|0|0|0|0|^^|0|0
^2026^|^01^|^527031^|^015^|^08^|^WA^|^4718^|^BMB^|^01^|^51^|^2^|^002^|^100^|^1^|^1^|^Tidak Ada Komponen^|^ ^|0|0|0|0|^2023^|^^|^0^|^00^|^1^|^1^|^1^|^1^|^1^|0|0|0|0|^^|0|0
^2026^|^01^|^527120^|^015^|^08^|^CD^|^6212^|^FAC^|^02^|^54^|^2^|^001^|^100^|^1^|^2^|^Tidak Ada Komponen^|^ ^|0|0|0|0|^2023^|^^|^0^|^00^|^1^|^1^|^1^|^1^|^1^|0|0|0|0|^^|0|0
^2026^|^01^|^527120^|^015^|^08^|^CD^|^6212^|^FAH^|^02^|^54^|^2^|^001^|^100^|^1^|^2^|^Tidak ada komponen^|^ ^|0|0|0|0|^2023^|^^|^0^|^00^|^1^|^1^|^1^|^1^|^1^|0|0|0|0|^^|0|0
^2026^|^01^|^527120^|^015^|^08^|^CD^|^6212^|^FAL^|^02^|^54^|^2^|^004^|^100^|^1^|^2^|^Tidak ada komponen^|^ ^|0|0|0|0|^2023^|^^|^0^|^00^|^1^|^1^|^1^|^1^|^1^|0|0|0|0|^^|0|0
^2026^|^01^|^527120^|^015^|^08^|^CD^|^6213^|^FAC^|^02^|^54^|^2^|^001^|^100^|^1^|^2^|^Tidak ada komponen^|^ ^|0|0|0|0|^2023^|^^|^0^|^00^|^1^|^1^|^1^|^1^|^1^|0|0|0|0|^^|0|0
^2026^|^01^|^527120^|^015^|^08^|^CD^|^6213^|^FAE^|^02^|^54^|^2^|^009^|^100^|^1^|^1^|^Tidak Ada Komponen^|^ ^|0|0|0|0|^2024^|^^|^0^|^00^|^1^|^1^|^1^|^1^|^1^|0|0|0|0|^^|0|0
^2026^|^01^|^527120^|^015^|^08^|^CD^|^6213^|^FAL^|^02^|^54^|^2^|^003^|^100^|^1^|^2^|^Tidak ada komponen^|^ ^|0|0|0|0|^2023^|^^|^0^|^00^|^1^|^1^|^1^|^1^|^1^|0|0|0|0|^^|0|0
^2026^|^01^|^527120^|^015^|^08^|^CD^|^6214^|^FAL^|^02^|^54^|^2^|^002^|^100^|^1^|^2^|^Tidak ada komponen^|^ ^|0|0|0|0|^2023^|^^|^0^|^00^|^1^|^1^|^1^|^1^|^1^|0|0|0|0|^^|0|0
^2026^|^01^|^527120^|^015^|^08^|^CD^|^6215^|^FAH^|^02^|^54^|^2^|^003^|^100^|^1^|^2^|^Tidak ada komponen^|^ ^|0|0|0|0|^2023^|^^|^0^|^00^|^1^|^1^|^1^|^1^|^1^|0|0|0|0|^^|0|0
^2026^|^01^|^527120^|^015^|^08^|^WA^|^4715^|^EBA^|^02^|^54^|^2^|^001^|^100^|^1^|^2^|^Tidak Ada Komponen^|^ ^|0|0|0|0|^2023^|^^|^0^|^00^|^1^|^1^|^1^|^1^|^1^|0|0|0|0|^^|0|0
^2026^|^01^|^527120^|^015^|^08^|^WA^|^4715^|^EBA^|^02^|^54^|^2^|^002^|^100^|^1^|^2^|^Tidak Ada Komponen^|^ ^|0|0|0|0|^2023^|^^|^0^|^00^|^1^|^1^|^1^|^1^|^1^|0|0|0|0|^^|0|0
^2026^|^01^|^527120^|^015^|^08^|^WA^|^4715^|^EBA^|^02^|^54^|^2^|^994^|^002^|^1^|^1^|^Operasional dan Pemeliharaan Kantor^|^ ^|0|0|0|0|^2023^|^^|^0^|^00^|^1^|^1^|^1^|^1^|^1^|0|0|0|0|^^|0|0
^2026^|^01^|^527120^|^015^|^08^|^WA^|^4715^|^EBD^|^02^|^54^|^2^|^Z36^|^100^|^2^|^1^|^Tidak Ada Komponen^|^ ^|0|0|0|0|^2025^|^^|^0^|^00^|^1^|^1^|^1^|^1^|^1^|0|0|0|0|^^|0|0
^2026^|^01^|^527120^|^015^|^08^|^WA^|^4718^|^BMB^|^02^|^54^|^2^|^001^|^100^|^1^|^2^|^Tidak ada komponen^|^ ^|0|0|0|0|^2023^|^^|^0^|^00^|^1^|^1^|^1^|^1^|^1^|0|0|0|0|^^|0|0
^2026^|^01^|^527120^|^015^|^08^|^WA^|^4718^|^BMB^|^02^|^54^|^2^|^002^|^100^|^1^|^2^|^Tidak Ada Komponen^|^ ^|0|0|0|0|^2023^|^^|^0^|^00^|^1^|^1^|^1^|^1^|^1^|0|0|0|0|^^|0|0
^2026^|^01^|^527120^|^015^|^08^|^WA^|^4719^|^EBA^|^02^|^54^|^2^|^004^|^100^|^1^|^2^|^Tidak Ada Komponen^|^ ^|0|0|0|0|^2023^|^^|^0^|^00^|^1^|^1^|^1^|^1^|^1^|0|0|0|0|^^|0|0
^2026^|^01^|^527120^|^015^|^08^|^WA^|^4719^|^EBA^|^02^|^54^|^2^|^994^|^001^|^1^|^1^|^Gaji dan Tunjangan^|^ ^|0|0|0|0|^2023^|^^|^0^|^00^|^1^|^1^|^1^|^1^|^1^|0|0|0|0|^^|0|0
^2026^|^01^|^527120^|^015^|^08^|^WA^|^4719^|^EBC^|^02^|^54^|^2^|^001^|^100^|^1^|^2^|^Tidak Ada Komponen^|^ ^|0|0|0|0|^2023^|^^|^0^|^00^|^1^|^1^|^1^|^1^|^1^|0|0|0|0|^^|0|0
^2026^|^01^|^527141^|^015^|^08^|^CD^|^6212^|^FAC^|^02^|^60^|^2^|^001^|^100^|^2^|^1^|^Tidak Ada Komponen^|^ ^|0|0|0|0|^2023^|^^|^0^|^00^|^1^|^1^|^1^|^1^|^1^|0|0|0|0|^^|0|0
^2026^|^01^|^527141^|^015^|^08^|^CD^|^6212^|^FAH^|^02^|^60^|^2^|^001^|^100^|^2^|^1^|^Tidak ada komponen^|^ ^|0|0|0|0|^2023^|^^|^0^|^00^|^1^|^1^|^1^|^1^|^1^|0|0|0|0|^^|0|0
^2026^|^01^|^527141^|^015^|^08^|^CD^|^6212^|^FAL^|^02^|^60^|^2^|^004^|^100^|^2^|^1^|^Tidak ada komponen^|^ ^|0|0|0|0|^2023^|^^|^0^|^00^|^1^|^1^|^1^|^1^|^1^|0|0|0|0|^^|0|0
^2026^|^01^|^527141^|^015^|^08^|^CD^|^6213^|^FAC^|^02^|^60^|^2^|^001^|^100^|^2^|^1^|^Tidak ada komponen^|^ ^|0|0|0|0|^2023^|^^|^0^|^00^|^1^|^1^|^1^|^1^|^1^|0|0|0|0|^^|0|0
^2026^|^01^|^527141^|^015^|^08^|^CD^|^6214^|^FAL^|^02^|^60^|^2^|^002^|^100^|^2^|^1^|^Tidak ada komponen^|^ ^|0|0|0|0|^2023^|^^|^0^|^00^|^1^|^1^|^1^|^1^|^1^|0|0|0|0|^^|0|0
^2026^|^01^|^527141^|^015^|^08^|^CD^|^6215^|^FAH^|^02^|^60^|^2^|^003^|^100^|^2^|^1^|^Tidak ada komponen^|^ ^|0|0|0|0|^2023^|^^|^0^|^00^|^1^|^1^|^1^|^1^|^1^|0|0|0|0|^^|0|0
^2026^|^01^|^527141^|^015^|^08^|^WA^|^4715^|^EBA^|^02^|^60^|^2^|^001^|^100^|^1^|^1^|^Tidak Ada Komponen^|^ ^|0|0|0|0|^2023^|^^|^0^|^00^|^1^|^1^|^1^|^1^|^1^|0|0|0|0|^^|0|0
^2026^|^01^|^527141^|^015^|^08^|^WA^|^4715^|^EBA^|^02^|^60^|^2^|^002^|^100^|^1^|^1^|^Tidak Ada Komponen^|^ ^|0|0|0|0|^2023^|^^|^0^|^00^|^1^|^1^|^1^|^1^|^1^|0|0|0|0|^^|0|0
^2026^|^01^|^527141^|^015^|^08^|^WA^|^4715^|^EBA^|^02^|^60^|^2^|^994^|^002^|^1^|^1^|^Operasional dan Pemeliharaan Kantor^|^ ^|0|0|0|0|^2023^|^^|^0^|^00^|^1^|^1^|^1^|^1^|^1^|0|0|0|0|^^|0|0
^2026^|^01^|^527141^|^015^|^08^|^WA^|^4715^|^EBB^|^02^|^60^|^2^|^002^|^100^|^1^|^1^|^Tidak Ada Komponen^|^ ^|0|0|0|0|^2025^|^^|^0^|^00^|^1^|^1^|^1^|^1^|^1^|0|0|0|0|^^|0|0
^2026^|^01^|^527141^|^015^|^08^|^WA^|^4715^|^EBD^|^02^|^60^|^2^|^Z36^|^100^|^2^|^1^|^Tidak Ada Komponen^|^ ^|0|0|0|0|^2023^|^^|^0^|^00^|^1^|^1^|^1^|^1^|^1^|0|0|0|0|^^|0|0
^2026^|^01^|^527141^|^015^|^08^|^WA^|^4718^|^BMB^|^02^|^60^|^2^|^001^|^100^|^2^|^1^|^Tidak ada komponen^|^ ^|0|0|0|0|^2023^|^^|^0^|^00^|^1^|^1^|^1^|^1^|^1^|0|0|0|0|^^|0|0
^2026^|^01^|^527141^|^015^|^08^|^WA^|^4718^|^BMB^|^02^|^60^|^2^|^002^|^100^|^2^|^1^|^Tidak Ada Komponen^|^ ^|0|0|0|0|^2023^|^^|^0^|^00^|^1^|^1^|^1^|^1^|^1^|0|0|0|0|^^|0|0
^2026^|^01^|^527141^|^015^|^08^|^WA^|^4719^|^EBA^|^02^|^60^|^2^|^004^|^100^|^2^|^1^|^Tidak Ada Komponen^|^ ^|0|0|0|0|^2023^|^^|^0^|^00^|^1^|^1^|^1^|^1^|^1^|0|0|0|0|^^|0|0
^2026^|^01^|^527141^|^015^|^08^|^WA^|^4719^|^EBA^|^02^|^60^|^2^|^994^|^001^|^1^|^1^|^Gaji dan Tunjangan^|^ ^|0|0|0|0|^2023^|^^|^0^|^00^|^1^|^1^|^1^|^1^|^1^|0|0|0|0|^^|0|0
^2026^|^01^|^527141^|^015^|^08^|^WA^|^4719^|^EBC^|^02^|^60^|^2^|^001^|^100^|^2^|^1^|^Tidak Ada Komponen^|^ ^|0|0|0|0|^2023^|^^|^0^|^00^|^1^|^1^|^1^|^1^|^1^|0|0|0|0|^^|0|0
^2026^|^01^|^527094^|^015^|^08^|^CD^|^6213^|^FAL^|^02^|^51^|^2^|^003^|^100^|^1^|^1^|^Tidak ada komponen^|^ ^|0|0|0|0|^2020^|^^|^0^|^00^|^1^|^1^|^1^|^1^|^1^|0|0|0|0|^^|0|0
^2026^|^01^|^527094^|^015^|^08^|^CD^|^6215^|^FAH^|^02^|^51^|^2^|^001^|^100^|^2^|^1^|^Tidak ada komponen^|^ ^|0|0|0|0|^2020^|^^|^0^|^00^|^1^|^1^|^1^|^1^|^1^|0|0|0|0|^^|0|0
^2026^|^01^|^527094^|^015^|^08^|^CD^|^6215^|^FAH^|^02^|^51^|^2^|^003^|^100^|^2^|^1^|^Tidak ada komponen^|^ ^|0|0|0|0|^2020^|^^|^0^|^00^|^1^|^1^|^1^|^1^|^1^|0|0|0|0|^^|0|0
^2026^|^01^|^527094^|^015^|^08^|^CD^|^6216^|^FAE^|^02^|^51^|^2^|^002^|^100^|^1^|^1^|^Tidak ada komponen^|^ ^|0|0|0|0|^2020^|^^|^0^|^00^|^1^|^1^|^1^|^1^|^1^|0|0|0|0|^^|0|0
^2026^|^01^|^527094^|^015^|^08^|^WA^|^4715^|^EBA^|^02^|^51^|^2^|^001^|^100^|^2^|^1^|^Tidak Ada Komponen^|^ ^|0|0|0|0|^2021^|^^|^0^|^00^|^1^|^1^|^1^|^1^|^1^|0|0|0|0|^^|0|0
^2026^|^01^|^527094^|^015^|^08^|^WA^|^4715^|^EBA^|^02^|^51^|^2^|^002^|^100^|^2^|^1^|^Tidak Ada Komponen^|^ ^|0|0|0|0|^2021^|^^|^0^|^00^|^1^|^1^|^1^|^1^|^1^|0|0|0|0|^^|0|0
^2026^|^01^|^527094^|^015^|^08^|^WA^|^4715^|^EBA^|^02^|^51^|^2^|^994^|^002^|^1^|^1^|^Operasional dan Pemeliharaan Kantor^|^ ^|0|0|0|0|^2021^|^^|^0^|^00^|^1^|^1^|^1^|^1^|^1^|0|0|0|0|^^|0|0
^2026^|^01^|^527094^|^015^|^08^|^WA^|^4715^|^EBD^|^02^|^51^|^2^|^Z26^|^100^|^2^|^1^|^Tidak Ada Komponen^|^ ^|0|0|0|0|^2021^|^^|^0^|^00^|^1^|^1^|^1^|^1^|^1^|0|0|0|0|^^|0|0
^2026^|^01^|^527094^|^015^|^08^|^WA^|^4715^|^EBD^|^02^|^51^|^2^|^Z36^|^100^|^2^|^1^|^Tidak Ada Komponen^|^ ^|0|0|0|0|^2021^|^^|^0^|^00^|^1^|^1^|^1^|^1^|^1^|0|0|0|0|^^|0|0
^2026^|^01^|^527094^|^015^|^08^|^WA^|^4718^|^BMB^|^02^|^51^|^2^|^001^|^100^|^1^|^1^|^Tidak ada komponen^|^ ^|0|0|0|0|^2020^|^^|^0^|^00^|^1^|^1^|^1^|^1^|^1^|0|0|0|0|^^|0|0
^2026^|^01^|^527094^|^015^|^08^|^WA^|^4718^|^BMB^|^02^|^51^|^2^|^002^|^100^|^2^|^1^|^Tidak Ada Komponen^|^ ^|0|0|0|0|^2021^|^^|^0^|^00^|^1^|^1^|^1^|^1^|^1^|0|0|0|0|^^|0|0
^2026^|^01^|^527094^|^015^|^08^|^CD^|^6212^|^BMB^|^02^|^51^|^2^|^001^|^100^|^1^|^1^|^Tidak Ada Komponen^|^ ^|0|0|0|0|^2024^|^^|^0^|^00^|^1^|^1^|^1^|^1^|^1^|0|0|0|0|^^|0|0
^2026^|^01^|^527094^|^015^|^08^|^CD^|^6212^|^FAC^|^02^|^51^|^2^|^002^|^100^|^1^|^1^|^Tidak ada komponen^|^ ^|0|0|0|0|^2020^|^^|^0^|^00^|^1^|^1^|^1^|^1^|^1^|0|0|0|0|^^|0|0
^2026^|^01^|^527094^|^015^|^08^|^CD^|^6212^|^FAH^|^02^|^51^|^2^|^002^|^100^|^1^|^1^|^Tidak ada komponen^|^ ^|0|0|0|0|^2020^|^^|^0^|^00^|^1^|^1^|^1^|^1^|^1^|0|0|0|0|^^|0|0
^2026^|^01^|^527094^|^015^|^08^|^CD^|^6212^|^FAH^|^02^|^51^|^2^|^003^|^100^|^1^|^1^|^Tidak ada komponen^|^ ^|0|0|0|0|^2020^|^^|^0^|^00^|^1^|^1^|^1^|^1^|^1^|0|0|0|0|^^|0|0
^2026^|^01^|^527094^|^015^|^08^|^CD^|^6212^|^FAL^|^02^|^51^|^2^|^001^|^100^|^1^|^1^|^Tidak ada komponen^|^ ^|0|0|0|0|^2020^|^^|^0^|^00^|^1^|^1^|^1^|^1^|^1^|0|0|0|0|^^|0|0
^2026^|^01^|^527094^|^015^|^08^|^CD^|^6213^|^ABA^|^02^|^51^|^2^|^001^|^100^|^1^|^1^|^Tidak Ada Komponen^|^ ^|0|0|0|0|^2024^|^^|^0^|^00^|^1^|^1^|^1^|^1^|^1^|0|0|0|0|^^|0|0
^2026^|^01^|^527094^|^015^|^08^|^CD^|^6213^|^FAE^|^02^|^51^|^2^|^008^|^100^|^1^|^1^|^Tidak Ada Komponen^|^ ^|0|0|0|0|^2023^|^^|^0^|^00^|^1^|^1^|^1^|^1^|^1^|0|0|0|0|^^|0|0
^2026^|^01^|^527094^|^015^|^08^|^CD^|^6213^|^FAE^|^02^|^51^|^2^|^009^|^100^|^1^|^1^|^Tidak Ada Komponen^|^ ^|0|0|0|0|^2024^|^^|^0^|^00^|^1^|^1^|^1^|^1^|^1^|0|0|0|0|^^|0|0
^2026^|^01^|^527094^|^015^|^08^|^WA^|^4719^|^EBA^|^02^|^51^|^2^|^003^|^100^|^2^|^1^|^Tidak Ada Komponen^|^ ^|0|0|0|0|^2021^|^^|^0^|^00^|^1^|^1^|^1^|^1^|^1^|0|0|0|0|^^|0|0
^2026^|^01^|^527094^|^015^|^08^|^WA^|^4719^|^EBA^|^02^|^51^|^2^|^005^|^100^|^2^|^1^|^Tidak Ada Komponen^|^ ^|0|0|0|0|^2021^|^^|^0^|^00^|^1^|^1^|^1^|^1^|^1^|0|0|0|0|^^|0|0
^2026^|^01^|^527094^|^015^|^08^|^WA^|^4719^|^EBA^|^02^|^51^|^2^|^994^|^001^|^1^|^1^|^Gaji dan Tunjangan^|^ ^|0|0|0|0|^2021^|^^|^0^|^00^|^1^|^1^|^1^|^1^|^1^|0|0|0|0|^^|0|0
^2026^|^01^|^527094^|^015^|^08^|^WA^|^4719^|^EBC^|^02^|^51^|^2^|^001^|^100^|^2^|^1^|^Tidak Ada Komponen^|^ ^|0|0|0|0|^2021^|^^|^0^|^00^|^1^|^1^|^1^|^1^|^1^|0|0|0|0|^^|0|0
^2026^|^01^|^527094^|^015^|^08^|^WA^|^4722^|^EBD^|^02^|^51^|^2^|^001^|^100^|^1^|^1^|^Tidak Ada Komponen^|^ ^|0|0|0|0|^2023^|^^|^0^|^00^|^1^|^1^|^1^|^1^|^1^|0|0|0|0|^^|0|0
^2026^|^01^|^527137^|^015^|^08^|^CD^|^6212^|^FAC^|^02^|^52^|^2^|^001^|^100^|^1^|^1^|^Tidak Ada Komponen^|^ ^|0|0|0|0|^2023^|^^|^0^|^00^|^1^|^1^|^1^|^1^|^1^|0|0|0|0|^^|0|0
^2026^|^01^|^527137^|^015^|^08^|^CD^|^6212^|^FAH^|^02^|^52^|^2^|^001^|^100^|^1^|^1^|^Tidak ada komponen^|^ ^|0|0|0|0|^2023^|^^|^0^|^00^|^1^|^1^|^1^|^1^|^1^|0|0|0|0|^^|0|0
^2026^|^01^|^527137^|^015^|^08^|^CD^|^6212^|^FAL^|^02^|^52^|^2^|^004^|^100^|^1^|^1^|^Tidak ada komponen^|^ ^|0|0|0|0|^2023^|^^|^0^|^00^|^1^|^1^|^1^|^1^|^1^|0|0|0|0|^^|0|0
^2026^|^01^|^527137^|^015^|^08^|^CD^|^6213^|^FAC^|^02^|^52^|^2^|^001^|^100^|^1^|^1^|^Tidak ada komponen^|^ ^|0|0|0|0|^2023^|^^|^0^|^00^|^1^|^1^|^1^|^1^|^1^|0|0|0|0|^^|0|0
^2026^|^01^|^527137^|^015^|^08^|^CD^|^6213^|^FAE^|^02^|^52^|^2^|^009^|^100^|^1^|^1^|^Tidak Ada Komponen^|^ ^|0|0|0|0|^2024^|^^|^0^|^00^|^1^|^1^|^1^|^1^|^1^|0|0|0|0|^^|0|0
^2026^|^01^|^527137^|^015^|^08^|^CD^|^6213^|^FAL^|^02^|^52^|^2^|^003^|^100^|^1^|^1^|^Tidak ada komponen^|^ ^|0|0|0|0|^2023^|^^|^0^|^00^|^1^|^1^|^1^|^1^|^1^|0|0|0|0|^^|0|0
^2026^|^01^|^527137^|^015^|^08^|^CD^|^6214^|^FAL^|^02^|^52^|^2^|^002^|^100^|^1^|^1^|^Tidak ada komponen^|^ ^|0|0|0|0|^2023^|^^|^0^|^00^|^1^|^1^|^1^|^1^|^1^|0|0|0|0|^^|0|0
^2026^|^01^|^527137^|^015^|^08^|^CD^|^6215^|^FAH^|^02^|^52^|^2^|^003^|^100^|^1^|^1^|^Tidak ada komponen^|^ ^|0|0|0|0|^2023^|^^|^0^|^00^|^1^|^1^|^1^|^1^|^1^|0|0|0|0|^^|0|0
^2026^|^01^|^527137^|^015^|^08^|^WA^|^4715^|^EBA^|^02^|^52^|^2^|^001^|^100^|^1^|^1^|^Tidak Ada Komponen^|^ ^|0|0|0|0|^2023^|^^|^0^|^00^|^1^|^1^|^1^|^1^|^1^|0|0|0|0|^^|0|0
^2026^|^01^|^527137^|^015^|^08^|^WA^|^4715^|^EBA^|^02^|^52^|^2^|^002^|^100^|^1^|^1^|^Tidak Ada Komponen^|^ ^|0|0|0|0|^2023^|^^|^0^|^00^|^1^|^1^|^1^|^1^|^1^|0|0|0|0|^^|0|0
^2026^|^01^|^527137^|^015^|^08^|^WA^|^4715^|^EBA^|^02^|^52^|^2^|^994^|^002^|^1^|^1^|^Operasional dan Pemeliharaan Kantor^|^ ^|0|0|0|0|^2023^|^^|^0^|^00^|^1^|^1^|^1^|^1^|^1^|0|0|0|0|^^|0|0
^2026^|^01^|^527137^|^015^|^08^|^WA^|^4715^|^EBB^|^02^|^52^|^2^|^004^|^100^|^1^|^1^|^Tidak Ada Komponen^|^ ^|0|0|0|0|^2025^|^^|^0^|^00^|^1^|^1^|^1^|^1^|^1^|0|0|0|0|^^|0|0
^2026^|^01^|^527137^|^015^|^08^|^WA^|^4715^|^EBD^|^02^|^52^|^2^|^Z36^|^100^|^1^|^1^|^Tidak Ada Komponen^|^ ^|0|0|0|0|^2023^|^^|^0^|^00^|^1^|^1^|^1^|^1^|^1^|0|0|0|0|^^|0|0
^2026^|^01^|^527137^|^015^|^08^|^WA^|^4718^|^BMB^|^02^|^52^|^2^|^001^|^100^|^1^|^1^|^Tidak ada komponen^|^ ^|0|0|0|0|^2023^|^^|^0^|^00^|^1^|^1^|^1^|^1^|^1^|0|0|0|0|^^|0|0
^2026^|^01^|^527137^|^015^|^08^|^WA^|^4718^|^BMB^|^02^|^52^|^2^|^002^|^100^|^1^|^1^|^Tidak Ada Komponen^|^ ^|0|0|0|0|^2023^|^^|^0^|^00^|^1^|^1^|^1^|^1^|^1^|0|0|0|0|^^|0|0
^2026^|^01^|^527137^|^015^|^08^|^WA^|^4719^|^EBA^|^02^|^52^|^2^|^004^|^100^|^1^|^1^|^Tidak Ada Komponen^|^ ^|0|0|0|0|^2023^|^^|^0^|^00^|^1^|^1^|^1^|^1^|^1^|0|0|0|0|^^|0|0
^2026^|^01^|^527137^|^015^|^08^|^WA^|^4719^|^EBA^|^02^|^52^|^2^|^994^|^001^|^1^|^1^|^Gaji dan Tunjangan^|^ ^|0|0|0|0|^2023^|^^|^0^|^00^|^1^|^1^|^1^|^1^|^1^|0|0|0|0|^^|0|0
^2026^|^01^|^527137^|^015^|^08^|^WA^|^4719^|^EBC^|^02^|^52^|^2^|^001^|^100^|^1^|^1^|^Tidak Ada Komponen^|^ ^|0|0|0|0|^2023^|^^|^0^|^00^|^1^|^1^|^1^|^1^|^1^|0|0|0|0|^^|0|0
^2026^|^01^|^527162^|^015^|^08^|^CD^|^6212^|^FAC^|^29^|^01^|^2^|^001^|^100^|^1^|^1^|^Tidak Ada Komponen^|^ ^|0|0|0|0|^2023^|^^|^0^|^00^|^1^|^1^|^1^|^1^|^1^|0|0|0|0|^^|0|0
^2026^|^01^|^527162^|^015^|^08^|^CD^|^6212^|^FAH^|^29^|^01^|^2^|^001^|^100^|^1^|^1^|^Tidak ada komponen^|^ ^|0|0|0|0|^2023^|^^|^0^|^00^|^1^|^1^|^1^|^1^|^1^|0|0|0|0|^^|0|0
^2026^|^01^|^527162^|^015^|^08^|^CD^|^6212^|^FAL^|^29^|^01^|^2^|^004^|^100^|^1^|^1^|^Tidak ada komponen^|^ ^|0|0|0|0|^2023^|^^|^0^|^00^|^1^|^1^|^1^|^1^|^1^|0|0|0|0|^^|0|0
^2026^|^01^|^527162^|^015^|^08^|^CD^|^6213^|^FAC^|^29^|^01^|^2^|^001^|^100^|^1^|^1^|^Tidak ada komponen^|^ ^|0|0|0|0|^2023^|^^|^0^|^00^|^1^|^1^|^1^|^1^|^1^|0|0|0|0|^^|0|0
^2026^|^01^|^527162^|^015^|^08^|^CD^|^6213^|^FAL^|^29^|^01^|^2^|^003^|^100^|^1^|^1^|^Tidak ada komponen^|^ ^|0|0|0|0|^2023^|^^|^0^|^00^|^1^|^1^|^1^|^1^|^1^|0|0|0|0|^^|0|0
^2026^|^01^|^527162^|^015^|^08^|^CD^|^6214^|^FAL^|^29^|^01^|^2^|^002^|^100^|^1^|^1^|^Tidak ada komponen^|^ ^|0|0|0|0|^2023^|^^|^0^|^00^|^1^|^1^|^1^|^1^|^1^|0|0|0|0|^^|0|0
^2026^|^01^|^527162^|^015^|^08^|^CD^|^6215^|^FAH^|^29^|^01^|^2^|^003^|^100^|^1^|^1^|^Tidak ada komponen^|^ ^|0|0|0|0|^2023^|^^|^0^|^00^|^1^|^1^|^1^|^1^|^1^|0|0|0|0|^^|0|0
^2026^|^01^|^527162^|^015^|^08^|^WA^|^4715^|^EBA^|^29^|^01^|^2^|^001^|^100^|^1^|^2^|^Tidak Ada Komponen^|^ ^|0|0|0|0|^2023^|^^|^0^|^00^|^1^|^1^|^1^|^1^|^1^|0|0|0|0|^^|0|0
^2026^|^01^|^527162^|^015^|^08^|^WA^|^4715^|^EBA^|^29^|^01^|^2^|^002^|^100^|^1^|^2^|^Tidak Ada Komponen^|^ ^|0|0|0|0|^2023^|^^|^0^|^00^|^1^|^1^|^1^|^1^|^1^|0|0|0|0|^^|0|0
^2026^|^01^|^527162^|^015^|^08^|^WA^|^4715^|^EBA^|^29^|^01^|^2^|^994^|^002^|^1^|^1^|^Operasional dan Pemeliharaan Kantor^|^ ^|0|0|0|0|^2023^|^^|^0^|^00^|^1^|^1^|^1^|^1^|^1^|0|0|0|0|^^|0|0
^2026^|^01^|^527162^|^015^|^08^|^WA^|^4715^|^EBB^|^29^|^01^|^2^|^002^|^100^|^1^|^1^|^Tidak Ada Komponen^|^6 Unit^|0|0|0|0|^2025^|^^|^0^|^00^|^1^|^1^|^1^|^1^|^1^|0|0|0|0|^^|0|0
^2026^|^01^|^527162^|^015^|^08^|^WA^|^4718^|^BMB^|^29^|^01^|^2^|^002^|^100^|^1^|^1^|^Tidak Ada Komponen^|^ ^|0|0|0|0|^2023^|^^|^0^|^00^|^1^|^1^|^1^|^1^|^1^|0|0|0|0|^^|0|0
^2026^|^01^|^527162^|^015^|^08^|^WA^|^4718^|^BMB^|^29^|^01^|^2^|^001^|^100^|^1^|^1^|^Tidak ada komponen^|^ ^|0|0|0|0|^2023^|^^|^0^|^00^|^1^|^1^|^1^|^1^|^1^|0|0|0|0|^^|0|0
^2026^|^01^|^527162^|^015^|^08^|^WA^|^4719^|^EBA^|^29^|^01^|^2^|^994^|^001^|^1^|^1^|^Gaji dan Tunjangan^|^ ^|0|0|0|0|^2023^|^^|^0^|^00^|^1^|^1^|^1^|^1^|^1^|0|0|0|0|^^|0|0
^2026^|^01^|^527162^|^015^|^08^|^WA^|^4719^|^EBA^|^29^|^01^|^2^|^004^|^100^|^1^|^1^|^Tidak Ada Komponen^|^ ^|0|0|0|0|^2023^|^^|^0^|^00^|^1^|^1^|^1^|^1^|^1^|0|0|0|0|^^|0|0
^2026^|^01^|^527162^|^015^|^08^|^WA^|^4719^|^EBC^|^29^|^01^|^2^|^001^|^100^|^1^|^1^|^Tidak Ada Komponen^|^ ^|0|0|0|0|^2023^|^^|^0^|^00^|^1^|^1^|^1^|^1^|^1^|0|0|0|0|^^|0|0
^2026^|^01^|^527158^|^015^|^08^|^CD^|^6212^|^FAC^|^02^|^10^|^2^|^001^|^100^|^1^|^1^|^Tidak Ada Komponen^|^ ^|0|0|0|0|^2023^|^^|^0^|^00^|^1^|^1^|^1^|^1^|^1^|0|0|0|0|^^|0|0
^2026^|^01^|^527158^|^015^|^08^|^CD^|^6212^|^FAH^|^02^|^10^|^2^|^001^|^100^|^1^|^1^|^Tidak ada komponen^|^ ^|0|0|0|0|^2023^|^^|^0^|^00^|^1^|^1^|^1^|^1^|^1^|0|0|0|0|^^|0|0
^2026^|^01^|^527158^|^015^|^08^|^CD^|^6212^|^FAL^|^02^|^10^|^2^|^004^|^100^|^1^|^1^|^Tidak ada komponen^|^ ^|0|0|0|0|^2023^|^^|^0^|^00^|^1^|^1^|^1^|^1^|^1^|0|0|0|0|^^|0|0
^2026^|^01^|^527158^|^015^|^08^|^CD^|^6213^|^FAC^|^02^|^10^|^2^|^001^|^100^|^1^|^1^|^Tidak ada komponen^|^ ^|0|0|0|0|^2023^|^^|^0^|^00^|^1^|^1^|^1^|^1^|^1^|0|0|0|0|^^|0|0
^2026^|^01^|^527158^|^015^|^08^|^CD^|^6213^|^FAL^|^02^|^10^|^2^|^003^|^100^|^1^|^1^|^Tidak ada komponen^|^ ^|0|0|0|0|^2023^|^^|^0^|^00^|^1^|^1^|^1^|^1^|^1^|0|0|0|0|^^|0|0
^2026^|^01^|^527158^|^015^|^08^|^CD^|^6214^|^FAL^|^02^|^10^|^2^|^002^|^100^|^1^|^1^|^Tidak ada komponen^|^ ^|0|0|0|0|^2023^|^^|^0^|^00^|^1^|^1^|^1^|^1^|^1^|0|0|0|0|^^|0|0
^2026^|^01^|^527158^|^015^|^08^|^CD^|^6215^|^FAH^|^02^|^10^|^2^|^003^|^100^|^1^|^1^|^Tidak ada komponen^|^ ^|0|0|0|0|^2023^|^^|^0^|^00^|^1^|^1^|^1^|^1^|^1^|0|0|0|0|^^|0|0
^2026^|^01^|^527158^|^015^|^08^|^WA^|^4715^|^EBA^|^02^|^10^|^2^|^001^|^100^|^1^|^1^|^Tidak Ada Komponen^|^ ^|0|0|0|0|^2023^|^^|^0^|^00^|^1^|^1^|^1^|^1^|^1^|0|0|0|0|^^|0|0
^2026^|^01^|^527158^|^015^|^08^|^WA^|^4715^|^EBA^|^02^|^10^|^2^|^002^|^100^|^1^|^1^|^Tidak Ada Komponen^|^ ^|0|0|0|0|^2023^|^^|^0^|^00^|^1^|^1^|^1^|^1^|^1^|0|0|0|0|^^|0|0
^2026^|^01^|^527158^|^015^|^08^|^WA^|^4715^|^EBA^|^02^|^10^|^2^|^994^|^002^|^1^|^1^|^Operasional dan Pemeliharaan Kantor^|^ ^|0|0|0|0|^2023^|^^|^0^|^00^|^1^|^1^|^1^|^1^|^1^|0|0|0|0|^^|0|0
^2026^|^01^|^527158^|^015^|^08^|^WA^|^4715^|^EBD^|^02^|^10^|^2^|^Z36^|^100^|^1^|^1^|^Tidak Ada Komponen^|^ ^|0|0|0|0|^2023^|^^|^0^|^00^|^1^|^1^|^1^|^1^|^1^|0|0|0|0|^^|0|0
^2026^|^01^|^527158^|^015^|^08^|^WA^|^4718^|^BMB^|^02^|^10^|^2^|^001^|^100^|^1^|^1^|^Tidak ada komponen^|^ ^|0|0|0|0|^2023^|^^|^0^|^00^|^1^|^1^|^1^|^1^|^1^|0|0|0|0|^^|0|0
^2026^|^01^|^527158^|^015^|^08^|^WA^|^4718^|^BMB^|^02^|^10^|^2^|^002^|^100^|^1^|^1^|^Tidak Ada Komponen^|^ ^|0|0|0|0|^2023^|^^|^0^|^00^|^1^|^1^|^1^|^1^|^1^|0|0|0|0|^^|0|0
^2026^|^01^|^527158^|^015^|^08^|^WA^|^4719^|^EBA^|^02^|^10^|^2^|^004^|^100^|^1^|^1^|^Tidak Ada Komponen^|^ ^|0|0|0|0|^2023^|^^|^0^|^00^|^1^|^1^|^1^|^1^|^1^|0|0|0|0|^^|0|0
^2026^|^01^|^527158^|^015^|^08^|^WA^|^4719^|^EBA^|^02^|^10^|^2^|^994^|^001^|^1^|^1^|^Gaji dan Tunjangan^|^ ^|0|0|0|0|^2023^|^^|^0^|^00^|^1^|^1^|^1^|^1^|^1^|0|0|0|0|^^|0|0
^2026^|^01^|^527158^|^015^|^08^|^WA^|^4719^|^EBC^|^02^|^10^|^2^|^001^|^100^|^1^|^1^|^Tidak Ada Komponen^|^ ^|0|0|0|0|^2023^|^^|^0^|^00^|^1^|^1^|^1^|^1^|^1^|0|0|0|0|^^|0|0
^2026^|^01^|^527230^|^015^|^08^|^CD^|^6212^|^FAC^|^02^|^53^|^2^|^001^|^100^|^1^|^1^|^Tidak Ada Komponen^|^ ^|0|0|0|0|^2023^|^^|^0^|^00^|^1^|^1^|^1^|^1^|^1^|0|0|0|0|^^|0|0
^2026^|^01^|^527230^|^015^|^08^|^CD^|^6212^|^FAH^|^02^|^53^|^2^|^001^|^100^|^1^|^1^|^Tidak ada komponen^|^ ^|0|0|0|0|^2023^|^^|^0^|^00^|^1^|^1^|^1^|^1^|^1^|0|0|0|0|^^|0|0
^2026^|^01^|^527230^|^015^|^08^|^CD^|^6212^|^FAL^|^02^|^53^|^2^|^004^|^100^|^1^|^1^|^Tidak ada komponen^|^ ^|0|0|0|0|^2023^|^^|^0^|^00^|^1^|^1^|^1^|^1^|^1^|0|0|0|0|^^|0|0
^2026^|^01^|^527230^|^015^|^08^|^CD^|^6213^|^FAC^|^02^|^53^|^2^|^001^|^100^|^1^|^1^|^Tidak ada komponen^|^ ^|0|0|0|0|^2023^|^^|^0^|^00^|^1^|^1^|^1^|^1^|^1^|0|0|0|0|^^|0|0
^2026^|^01^|^527230^|^015^|^08^|^CD^|^6213^|^FAE^|^02^|^53^|^2^|^009^|^100^|^1^|^1^|^Tidak Ada Komponen^|^ ^|0|0|0|0|^2024^|^^|^0^|^00^|^1^|^1^|^1^|^1^|^1^|0|0|0|0|^^|0|0
^2026^|^01^|^527230^|^015^|^08^|^CD^|^6214^|^FAL^|^02^|^53^|^2^|^002^|^100^|^1^|^1^|^Tidak ada komponen^|^ ^|0|0|0|0|^2023^|^^|^0^|^00^|^1^|^1^|^1^|^1^|^1^|0|0|0|0|^^|0|0
^2026^|^01^|^527230^|^015^|^08^|^CD^|^6215^|^FAH^|^02^|^53^|^2^|^003^|^100^|^1^|^1^|^Tidak ada komponen^|^ ^|0|0|0|0|^2023^|^^|^0^|^00^|^1^|^1^|^1^|^1^|^1^|0|0|0|0|^^|0|0
^2026^|^01^|^527230^|^015^|^08^|^WA^|^4715^|^EBA^|^02^|^53^|^2^|^001^|^100^|^1^|^1^|^Tidak Ada Komponen^|^ ^|0|0|0|0|^2023^|^^|^0^|^00^|^1^|^1^|^1^|^1^|^1^|0|0|0|0|^^|0|0
^2026^|^01^|^527230^|^015^|^08^|^WA^|^4715^|^EBA^|^02^|^53^|^2^|^002^|^100^|^1^|^1^|^Tidak Ada Komponen^|^ ^|0|0|0|0|^2023^|^^|^0^|^00^|^1^|^1^|^1^|^1^|^1^|0|0|0|0|^^|0|0
^2026^|^01^|^527230^|^015^|^08^|^WA^|^4715^|^EBA^|^02^|^53^|^2^|^994^|^002^|^1^|^1^|^Operasional dan Pemeliharaan Kantor^|^ ^|0|0|0|0|^2023^|^^|^0^|^00^|^1^|^1^|^1^|^1^|^1^|0|0|0|0|^^|0|0
^2026^|^01^|^527230^|^015^|^08^|^WA^|^4715^|^EBD^|^02^|^53^|^2^|^Z36^|^100^|^1^|^1^|^Tidak Ada Komponen^|^ ^|0|0|0|0|^2023^|^^|^0^|^00^|^1^|^1^|^1^|^1^|^1^|0|0|0|0|^^|0|0
^2026^|^01^|^527230^|^015^|^08^|^WA^|^4718^|^BMB^|^02^|^53^|^2^|^001^|^100^|^1^|^1^|^Tidak ada komponen^|^ ^|0|0|0|0|^2023^|^^|^0^|^00^|^1^|^1^|^1^|^1^|^1^|0|0|0|0|^^|0|0
^2026^|^01^|^527230^|^015^|^08^|^WA^|^4718^|^BMB^|^02^|^53^|^2^|^002^|^100^|^1^|^1^|^Tidak Ada Komponen^|^ ^|0|0|0|0|^2023^|^^|^0^|^00^|^1^|^1^|^1^|^1^|^1^|0|0|0|0|^^|0|0
^2026^|^01^|^527230^|^015^|^08^|^WA^|^4719^|^EBA^|^02^|^53^|^2^|^004^|^100^|^1^|^1^|^Tidak Ada Komponen^|^ ^|0|0|0|0|^2023^|^^|^0^|^00^|^1^|^1^|^1^|^1^|^1^|0|0|0|0|^^|0|0
^2026^|^01^|^527230^|^015^|^08^|^WA^|^4719^|^EBA^|^02^|^53^|^2^|^994^|^001^|^1^|^1^|^Gaji dan Tunjangan^|^ ^|0|0|0|0|^2023^|^^|^0^|^00^|^1^|^1^|^1^|^1^|^1^|0|0|0|0|^^|0|0
^2026^|^01^|^527230^|^015^|^08^|^WA^|^4719^|^EBC^|^02^|^53^|^2^|^001^|^100^|^1^|^1^|^Tidak Ada Komponen^|^ ^|0|0|0|0|^2023^|^^|^0^|^00^|^1^|^1^|^1^|^1^|^1^|0|0|0|0|^^|0|0
^2026^|^01^|^527205^|^015^|^08^|^CD^|^6212^|^FAC^|^02^|^14^|^2^|^001^|^100^|^2^|^1^|^Tidak Ada Komponen^|^ ^|0|0|0|0|^2023^|^^|^0^|^00^|^1^|^1^|^1^|^1^|^1^|0|0|0|0|^^|0|0
^2026^|^01^|^527205^|^015^|^08^|^CD^|^6212^|^FAH^|^02^|^14^|^2^|^001^|^100^|^2^|^1^|^Tidak ada komponen^|^ ^|0|0|0|0|^2023^|^^|^0^|^00^|^1^|^1^|^1^|^1^|^1^|0|0|0|0|^^|0|0
^2026^|^01^|^527205^|^015^|^08^|^CD^|^6212^|^FAL^|^02^|^14^|^2^|^004^|^100^|^2^|^1^|^Tidak ada komponen^|^ ^|0|0|0|0|^2023^|^^|^0^|^00^|^1^|^1^|^1^|^1^|^1^|0|0|0|0|^^|0|0
^2026^|^01^|^527205^|^015^|^08^|^CD^|^6213^|^FAC^|^02^|^14^|^2^|^001^|^100^|^2^|^1^|^Tidak ada komponen^|^ ^|0|0|0|0|^2023^|^^|^0^|^00^|^1^|^1^|^1^|^1^|^1^|0|0|0|0|^^|0|0
^2026^|^01^|^527205^|^015^|^08^|^CD^|^6214^|^FAL^|^02^|^14^|^2^|^002^|^100^|^2^|^1^|^Tidak ada komponen^|^ ^|0|0|0|0|^2023^|^^|^0^|^00^|^1^|^1^|^1^|^1^|^1^|0|0|0|0|^^|0|0
^2026^|^01^|^527205^|^015^|^08^|^CD^|^6215^|^FAH^|^02^|^14^|^2^|^003^|^100^|^2^|^1^|^Tidak ada komponen^|^ ^|0|0|0|0|^2023^|^^|^0^|^00^|^1^|^1^|^1^|^1^|^1^|0|0|0|0|^^|0|0
^2026^|^01^|^527205^|^015^|^08^|^WA^|^4715^|^EBA^|^02^|^14^|^2^|^001^|^100^|^1^|^1^|^Tidak Ada Komponen^|^ ^|0|0|0|0|^2023^|^^|^0^|^00^|^1^|^1^|^1^|^1^|^1^|0|0|0|0|^^|0|0
^2026^|^01^|^527205^|^015^|^08^|^WA^|^4715^|^EBA^|^02^|^14^|^2^|^002^|^100^|^1^|^1^|^Tidak Ada Komponen^|^ ^|0|0|0|0|^2023^|^^|^0^|^00^|^1^|^1^|^1^|^1^|^1^|0|0|0|0|^^|0|0
^2026^|^01^|^527205^|^015^|^08^|^WA^|^4715^|^EBA^|^02^|^14^|^2^|^994^|^002^|^1^|^1^|^Operasional dan Pemeliharaan Kantor^|^ ^|0|0|0|0|^2023^|^^|^0^|^00^|^1^|^1^|^1^|^1^|^1^|0|0|0|0|^^|0|0
^2026^|^01^|^527205^|^015^|^08^|^WA^|^4715^|^EBD^|^02^|^14^|^2^|^Z36^|^100^|^1^|^1^|^Tidak Ada Komponen^|^ ^|0|0|0|0|^2023^|^^|^0^|^00^|^1^|^1^|^1^|^1^|^1^|0|0|0|0|^^|0|0
^2026^|^01^|^527205^|^015^|^08^|^WA^|^4718^|^BMB^|^02^|^14^|^2^|^001^|^100^|^2^|^2^|^Tidak ada komponen^|^ ^|0|0|0|0|^2023^|^^|^0^|^00^|^1^|^1^|^1^|^1^|^1^|0|0|0|0|^^|0|0
^2026^|^01^|^527205^|^015^|^08^|^WA^|^4718^|^BMB^|^02^|^14^|^2^|^002^|^100^|^2^|^2^|^Tidak Ada Komponen^|^ ^|0|0|0|0|^2023^|^^|^0^|^00^|^1^|^1^|^1^|^1^|^1^|0|0|0|0|^^|0|0
^2026^|^01^|^527205^|^015^|^08^|^WA^|^4719^|^EBA^|^02^|^14^|^2^|^004^|^100^|^2^|^2^|^Tidak Ada Komponen^|^ ^|0|0|0|0|^2023^|^^|^0^|^00^|^1^|^1^|^1^|^1^|^1^|0|0|0|0|^^|0|0
^2026^|^01^|^527205^|^015^|^08^|^WA^|^4719^|^EBA^|^02^|^14^|^2^|^994^|^001^|^1^|^1^|^Gaji dan Tunjangan^|^ ^|0|0|0|0|^2023^|^^|^0^|^00^|^1^|^1^|^1^|^1^|^1^|0|0|0|0|^^|0|0
^2026^|^01^|^527205^|^015^|^08^|^WA^|^4719^|^EBC^|^02^|^14^|^2^|^001^|^100^|^2^|^2^|^Tidak Ada Komponen^|^ ^|0|0|0|0|^2023^|^^|^0^|^00^|^1^|^1^|^1^|^1^|^1^|0|0|0|0|^^|0|0
^2026^|^01^|^527183^|^015^|^08^|^CD^|^6213^|^FAE^|^02^|^09^|^2^|^009^|^100^|^1^|^1^|^Tidak Ada Komponen^|^ ^|0|0|0|0|^2024^|^^|^0^|^00^|^1^|^1^|^1^|^1^|^1^|0|0|0|0|^^|0|0
^2026^|^01^|^527183^|^015^|^08^|^CD^|^6213^|^FAL^|^02^|^09^|^2^|^003^|^100^|^1^|^1^|^Tidak ada komponen^|^ ^|0|0|0|0|^2023^|^^|^0^|^00^|^1^|^1^|^1^|^1^|^1^|0|0|0|0|^^|0|0
^2026^|^01^|^527183^|^015^|^08^|^CD^|^6214^|^FAL^|^02^|^09^|^2^|^002^|^100^|^1^|^1^|^Tidak ada komponen^|^ ^|0|0|0|0|^2023^|^^|^0^|^00^|^1^|^1^|^1^|^1^|^1^|0|0|0|0|^^|0|0
^2026^|^01^|^527183^|^015^|^08^|^CD^|^6212^|^BMB^|^02^|^09^|^2^|^001^|^100^|^1^|^1^|^Tidak Ada Komponen^|^ ^|0|0|0|0|^2024^|^^|^0^|^00^|^1^|^1^|^1^|^1^|^1^|0|0|0|0|^^|0|0
^2026^|^01^|^527183^|^015^|^08^|^CD^|^6212^|^FAC^|^02^|^09^|^2^|^001^|^100^|^1^|^1^|^Tidak Ada Komponen^|^ ^|0|0|0|0|^2023^|^^|^0^|^00^|^1^|^1^|^1^|^1^|^1^|0|0|0|0|^^|0|0
^2026^|^01^|^527183^|^015^|^08^|^CD^|^6212^|^FAH^|^02^|^09^|^2^|^001^|^100^|^1^|^1^|^Tidak ada komponen^|^ ^|0|0|0|0|^2023^|^^|^0^|^00^|^1^|^1^|^1^|^1^|^1^|0|0|0|0|^^|0|0
^2026^|^01^|^527183^|^015^|^08^|^CD^|^6212^|^FAL^|^02^|^09^|^2^|^004^|^100^|^1^|^1^|^Tidak ada komponen^|^ ^|0|0|0|0|^2023^|^^|^0^|^00^|^1^|^1^|^1^|^1^|^1^|0|0|0|0|^^|0|0
^2026^|^01^|^527183^|^015^|^08^|^CD^|^6213^|^FAC^|^02^|^09^|^2^|^001^|^100^|^1^|^1^|^Tidak ada komponen^|^ ^|0|0|0|0|^2023^|^^|^0^|^00^|^1^|^1^|^1^|^1^|^1^|0|0|0|0|^^|0|0
^2026^|^01^|^527183^|^015^|^08^|^CD^|^6215^|^FAH^|^02^|^09^|^2^|^003^|^100^|^1^|^1^|^Tidak ada komponen^|^ ^|0|0|0|0|^2023^|^^|^0^|^00^|^1^|^1^|^1^|^1^|^1^|0|0|0|0|^^|0|0
^2026^|^01^|^527183^|^015^|^08^|^WA^|^4715^|^EBA^|^02^|^09^|^2^|^001^|^100^|^1^|^1^|^Tidak Ada Komponen^|^ ^|0|0|0|0|^2023^|^^|^0^|^00^|^1^|^1^|^1^|^1^|^1^|0|0|0|0|^^|0|0
^2026^|^01^|^527183^|^015^|^08^|^WA^|^4715^|^EBA^|^02^|^09^|^2^|^002^|^100^|^1^|^1^|^Tidak Ada Komponen^|^ ^|0|0|0|0|^2023^|^^|^0^|^00^|^1^|^1^|^1^|^1^|^1^|0|0|0|0|^^|0|0
^2026^|^01^|^527183^|^015^|^08^|^WA^|^4715^|^EBA^|^02^|^09^|^2^|^994^|^002^|^1^|^1^|^Operasional dan Pemeliharaan Kantor^|^ ^|0|0|0|0|^2023^|^^|^0^|^00^|^1^|^1^|^1^|^1^|^1^|0|0|0|0|^^|0|0
^2026^|^01^|^527183^|^015^|^08^|^WA^|^4715^|^EBB^|^02^|^09^|^2^|^004^|^100^|^1^|^1^|^Tidak Ada Komponen^|^50  m2^|0|0|0|0|^2025^|^^|^0^|^00^|^1^|^1^|^1^|^1^|^1^|0|0|0|0|^^|0|0
^2026^|^01^|^527183^|^015^|^08^|^WA^|^4715^|^EBD^|^02^|^09^|^2^|^Z36^|^100^|^1^|^1^|^Tidak Ada Komponen^|^ ^|0|0|0|0|^2023^|^^|^0^|^00^|^1^|^1^|^1^|^1^|^1^|0|0|0|0|^^|0|0
^2026^|^01^|^527183^|^015^|^08^|^WA^|^4718^|^BMB^|^02^|^09^|^2^|^001^|^100^|^1^|^1^|^Tidak ada komponen^|^ ^|0|0|0|0|^2023^|^^|^0^|^00^|^1^|^1^|^1^|^1^|^1^|0|0|0|0|^^|0|0
^2026^|^01^|^527183^|^015^|^08^|^WA^|^4718^|^BMB^|^02^|^09^|^2^|^002^|^100^|^1^|^1^|^Tidak Ada Komponen^|^ ^|0|0|0|0|^2023^|^^|^0^|^00^|^1^|^1^|^1^|^1^|^1^|0|0|0|0|^^|0|0
^2026^|^01^|^527183^|^015^|^08^|^WA^|^4719^|^EBA^|^02^|^09^|^2^|^004^|^100^|^1^|^1^|^Tidak Ada Komponen^|^ ^|0|0|0|0|^2023^|^^|^0^|^00^|^1^|^1^|^1^|^1^|^1^|0|0|0|0|^^|0|0
^2026^|^01^|^527183^|^015^|^08^|^WA^|^4719^|^EBA^|^02^|^09^|^2^|^994^|^001^|^1^|^1^|^Gaji dan Tunjangan^|^ ^|0|0|0|0|^2023^|^^|^0^|^00^|^1^|^1^|^1^|^1^|^1^|0|0|0|0|^^|0|0
^2026^|^01^|^527183^|^015^|^08^|^WA^|^4719^|^EBC^|^02^|^09^|^2^|^001^|^100^|^1^|^1^|^Tidak Ada Komponen^|^ ^|0|0|0|0|^2023^|^^|^0^|^00^|^1^|^1^|^1^|^1^|^1^|0|0|0|0|^^|0|0
^2026^|^01^|^527272^|^015^|^08^|^CD^|^6212^|^BMB^|^03^|^51^|^2^|^001^|^100^|^1^|^1^|^Tidak Ada Komponen^|^ ^|0|0|0|0|^2024^|^^|^0^|^00^|^1^|^1^|^1^|^1^|^1^|0|0|0|0|^^|0|0
^2026^|^01^|^527272^|^015^|^08^|^CD^|^6212^|^FAC^|^03^|^51^|^2^|^001^|^100^|^1^|^1^|^Tidak Ada Komponen^|^ ^|0|0|0|0|^2023^|^^|^0^|^00^|^1^|^1^|^1^|^1^|^1^|0|0|0|0|^^|0|0
^2026^|^01^|^527272^|^015^|^08^|^CD^|^6212^|^FAH^|^03^|^51^|^2^|^001^|^100^|^1^|^1^|^Tidak ada komponen^|^ ^|0|0|0|0|^2023^|^^|^0^|^00^|^1^|^1^|^1^|^1^|^1^|0|0|0|0|^^|0|0
^2026^|^01^|^527272^|^015^|^08^|^CD^|^6212^|^FAL^|^03^|^51^|^2^|^004^|^100^|^1^|^1^|^Tidak ada komponen^|^ ^|0|0|0|0|^2023^|^^|^0^|^00^|^1^|^1^|^1^|^1^|^1^|0|0|0|0|^^|0|0
^2026^|^01^|^527272^|^015^|^08^|^CD^|^6213^|^FAC^|^03^|^51^|^2^|^001^|^100^|^1^|^1^|^Tidak ada komponen^|^ ^|0|0|0|0|^2023^|^^|^0^|^00^|^1^|^1^|^1^|^1^|^1^|0|0|0|0|^^|0|0
^2026^|^01^|^527272^|^015^|^08^|^CD^|^6213^|^FAE^|^03^|^51^|^2^|^009^|^100^|^1^|^1^|^Tidak Ada Komponen^|^ ^|0|0|0|0|^2024^|^^|^0^|^00^|^1^|^1^|^1^|^1^|^1^|0|0|0|0|^^|0|0
^2026^|^01^|^527272^|^015^|^08^|^CD^|^6213^|^FAL^|^03^|^51^|^2^|^003^|^100^|^1^|^1^|^Tidak ada komponen^|^ ^|0|0|0|0|^2023^|^^|^0^|^00^|^1^|^1^|^1^|^1^|^1^|0|0|0|0|^^|0|0
^2026^|^01^|^527272^|^015^|^08^|^CD^|^6214^|^FAL^|^03^|^51^|^2^|^002^|^100^|^1^|^1^|^Tidak ada komponen^|^ ^|0|0|0|0|^2023^|^^|^0^|^00^|^1^|^1^|^1^|^1^|^1^|0|0|0|0|^^|0|0
^2026^|^01^|^527272^|^015^|^08^|^CD^|^6215^|^FAH^|^03^|^51^|^2^|^003^|^100^|^1^|^1^|^Tidak ada komponen^|^ ^|0|0|0|0|^2023^|^^|^0^|^00^|^1^|^1^|^1^|^1^|^1^|0|0|0|0|^^|0|0
^2026^|^01^|^527272^|^015^|^08^|^WA^|^4715^|^EBA^|^03^|^51^|^2^|^001^|^100^|^1^|^1^|^Tidak Ada Komponen^|^ ^|0|0|0|0|^2023^|^^|^0^|^00^|^1^|^1^|^1^|^1^|^1^|0|0|0|0|^^|0|0
^2026^|^01^|^527272^|^015^|^08^|^WA^|^4715^|^EBA^|^03^|^51^|^2^|^002^|^100^|^1^|^1^|^Tidak Ada Komponen^|^ ^|0|0|0|0|^2023^|^^|^0^|^00^|^1^|^1^|^1^|^1^|^1^|0|0|0|0|^^|0|0
^2026^|^01^|^527272^|^015^|^08^|^WA^|^4715^|^EBA^|^03^|^51^|^2^|^994^|^002^|^1^|^1^|^Operasional dan Pemeliharaan Kantor^|^ ^|0|0|0|0|^2023^|^^|^0^|^00^|^1^|^1^|^1^|^1^|^1^|0|0|0|0|^^|0|0
^2026^|^01^|^527272^|^015^|^08^|^WA^|^4715^|^EBB^|^03^|^51^|^2^|^002^|^100^|^1^|^1^|^Tidak Ada Komponen^|^6 unit^|0|0|0|0|^2025^|^^|^0^|^00^|^1^|^1^|^1^|^1^|^1^|0|0|0|0|^^|0|0
^2026^|^01^|^527272^|^015^|^08^|^WA^|^4718^|^BMB^|^03^|^51^|^2^|^001^|^100^|^1^|^1^|^Tidak ada komponen^|^ ^|0|0|0|0|^2023^|^^|^0^|^00^|^1^|^1^|^1^|^1^|^1^|0|0|0|0|^^|0|0
^2026^|^01^|^527272^|^015^|^08^|^WA^|^4718^|^BMB^|^03^|^51^|^2^|^002^|^100^|^1^|^1^|^Tidak Ada Komponen^|^ ^|0|0|0|0|^2023^|^^|^0^|^00^|^1^|^1^|^1^|^1^|^1^|0|0|0|0|^^|0|0
^2026^|^01^|^527272^|^015^|^08^|^WA^|^4719^|^EBA^|^03^|^51^|^2^|^004^|^100^|^1^|^1^|^Tidak Ada Komponen^|^ ^|0|0|0|0|^2023^|^^|^0^|^00^|^1^|^1^|^1^|^1^|^1^|0|0|0|0|^^|0|0
^2026^|^01^|^527272^|^015^|^08^|^WA^|^4719^|^EBA^|^03^|^51^|^2^|^994^|^001^|^1^|^1^|^Gaji dan Tunjangan^|^ ^|0|0|0|0|^2023^|^^|^0^|^00^|^1^|^1^|^1^|^1^|^1^|0|0|0|0|^^|0|0
^2026^|^01^|^527272^|^015^|^08^|^WA^|^4719^|^EBC^|^03^|^51^|^2^|^001^|^100^|^1^|^1^|^Tidak Ada Komponen^|^ ^|0|0|0|0|^2023^|^^|^0^|^00^|^1^|^1^|^1^|^1^|^1^|0|0|0|0|^^|0|0
^2026^|^01^|^527268^|^015^|^08^|^CD^|^6212^|^BMB^|^03^|^51^|^2^|^001^|^100^|^2^|^1^|^Tidak Ada Komponen^|^ ^|0|0|0|0|^2024^|^^|^0^|^00^|^1^|^1^|^1^|^1^|^1^|0|0|0|0|^^|0|0
^2026^|^01^|^527268^|^015^|^08^|^CD^|^6212^|^FAH^|^03^|^51^|^2^|^002^|^100^|^2^|^1^|^Tidak ada komponen^|^ ^|0|0|0|0|^2023^|^^|^0^|^00^|^1^|^1^|^1^|^1^|^1^|0|0|0|0|^^|0|0
^2026^|^01^|^527268^|^015^|^08^|^CD^|^6212^|^FAH^|^03^|^51^|^2^|^003^|^100^|^2^|^1^|^Tidak ada komponen^|^ ^|0|0|0|0|^2023^|^^|^0^|^00^|^1^|^1^|^1^|^1^|^1^|0|0|0|0|^^|0|0
^2026^|^01^|^527268^|^015^|^08^|^CD^|^6212^|^FAL^|^03^|^51^|^2^|^001^|^100^|^2^|^1^|^Tidak ada komponen^|^ ^|0|0|0|0|^2023^|^^|^0^|^00^|^1^|^1^|^1^|^1^|^1^|0|0|0|0|^^|0|0
^2026^|^01^|^527268^|^015^|^08^|^CD^|^6213^|^ABA^|^03^|^51^|^2^|^001^|^100^|^2^|^1^|^Tidak Ada Komponen^|^ ^|0|0|0|0|^2024^|^^|^0^|^00^|^1^|^1^|^1^|^1^|^1^|0|0|0|0|^^|0|0
^2026^|^01^|^527268^|^015^|^08^|^CD^|^6213^|^FAE^|^03^|^51^|^2^|^008^|^100^|^1^|^1^|^Tidak Ada Komponen^|^ ^|0|0|0|0|^2023^|^^|^0^|^00^|^1^|^1^|^1^|^1^|^1^|0|0|0|0|^^|0|0
^2026^|^01^|^527268^|^015^|^08^|^CD^|^6213^|^FAE^|^03^|^51^|^2^|^009^|^100^|^2^|^1^|^Tidak Ada Komponen^|^ ^|0|0|0|0|^2024^|^^|^0^|^00^|^1^|^1^|^1^|^1^|^1^|0|0|0|0|^^|0|0
^2026^|^01^|^527268^|^015^|^08^|^CD^|^6213^|^FAL^|^03^|^51^|^2^|^003^|^100^|^1^|^1^|^Tidak ada komponen^|^ ^|0|0|0|0|^2023^|^^|^0^|^00^|^1^|^1^|^1^|^1^|^1^|0|0|0|0|^^|0|0
^2026^|^01^|^527268^|^015^|^08^|^CD^|^6215^|^FAH^|^03^|^51^|^2^|^001^|^100^|^2^|^1^|^Tidak ada komponen^|^ ^|0|0|0|0|^2023^|^^|^0^|^00^|^1^|^1^|^1^|^1^|^1^|0|0|0|0|^^|0|0
^2026^|^01^|^527268^|^015^|^08^|^CD^|^6215^|^FAH^|^03^|^51^|^2^|^003^|^100^|^2^|^1^|^Tidak ada komponen^|^ ^|0|0|0|0|^2023^|^^|^0^|^00^|^1^|^1^|^1^|^1^|^1^|0|0|0|0|^^|0|0
^2026^|^01^|^527268^|^015^|^08^|^WA^|^4715^|^EBA^|^03^|^51^|^2^|^001^|^100^|^2^|^2^|^Tidak Ada Komponen^|^ ^|0|0|0|0|^2023^|^^|^0^|^00^|^1^|^1^|^1^|^1^|^1^|0|0|0|0|^^|0|0
^2026^|^01^|^527268^|^015^|^08^|^WA^|^4715^|^EBA^|^03^|^51^|^2^|^002^|^100^|^2^|^2^|^Tidak Ada Komponen^|^ ^|0|0|0|0|^2023^|^^|^0^|^00^|^1^|^1^|^1^|^1^|^1^|0|0|0|0|^^|0|0
^2026^|^01^|^527268^|^015^|^08^|^WA^|^4715^|^EBA^|^03^|^51^|^2^|^994^|^002^|^1^|^1^|^Operasional dan Pemeliharaan Kantor^|^ ^|0|0|0|0|^2023^|^^|^0^|^00^|^1^|^1^|^1^|^1^|^1^|0|0|0|0|^^|0|0
^2026^|^01^|^527268^|^015^|^08^|^WA^|^4715^|^EBB^|^03^|^51^|^2^|^004^|^100^|^2^|^1^|^Tidak Ada Komponen^|^ ^|0|0|0|0|^2025^|^^|^0^|^00^|^1^|^1^|^1^|^1^|^1^|0|0|0|0|^^|0|0
^2026^|^01^|^527268^|^015^|^08^|^WA^|^4715^|^EBD^|^03^|^51^|^2^|^Z26^|^100^|^2^|^1^|^Tidak Ada Komponen^|^ ^|0|0|0|0|^2025^|^^|^0^|^00^|^1^|^1^|^1^|^1^|^1^|0|0|0|0|^^|0|0
^2026^|^01^|^527268^|^015^|^08^|^WA^|^4715^|^EBD^|^03^|^51^|^2^|^Z36^|^100^|^2^|^1^|^Tidak Ada Komponen^|^ ^|0|0|0|0|^2025^|^^|^0^|^00^|^1^|^1^|^1^|^1^|^1^|0|0|0|0|^^|0|0
^2026^|^01^|^527268^|^015^|^08^|^WA^|^4718^|^BMB^|^03^|^51^|^2^|^001^|^100^|^1^|^2^|^Tidak ada komponen^|^ ^|0|0|0|0|^2023^|^^|^0^|^00^|^1^|^1^|^1^|^1^|^1^|0|0|0|0|^^|0|0
^2026^|^01^|^527268^|^015^|^08^|^WA^|^4718^|^BMB^|^03^|^51^|^2^|^002^|^100^|^1^|^2^|^Tidak Ada Komponen^|^ ^|0|0|0|0|^2023^|^^|^0^|^00^|^1^|^1^|^1^|^1^|^1^|0|0|0|0|^^|0|0
^2026^|^01^|^527268^|^015^|^08^|^WA^|^4719^|^EBA^|^03^|^51^|^2^|^003^|^100^|^1^|^1^|^Tidak Ada Komponen^|^ ^|0|0|0|0|^2023^|^^|^0^|^00^|^1^|^1^|^1^|^1^|^1^|0|0|0|0|^^|0|0
^2026^|^01^|^527268^|^015^|^08^|^WA^|^4719^|^EBA^|^03^|^51^|^2^|^005^|^100^|^1^|^2^|^Tidak Ada Komponen^|^ ^|0|0|0|0|^2023^|^^|^0^|^00^|^1^|^1^|^1^|^1^|^1^|0|0|0|0|^^|0|0
^2026^|^01^|^527268^|^015^|^08^|^WA^|^4719^|^EBA^|^03^|^51^|^2^|^994^|^001^|^1^|^1^|^Gaji dan Tunjangan^|^ ^|0|0|0|0|^2023^|^^|^0^|^00^|^1^|^1^|^1^|^1^|^1^|0|0|0|0|^^|0|0
^2026^|^01^|^527268^|^015^|^08^|^WA^|^4719^|^EBC^|^03^|^51^|^2^|^001^|^100^|^1^|^2^|^Tidak Ada Komponen^|^ ^|0|0|0|0|^2023^|^^|^0^|^00^|^1^|^1^|^1^|^1^|^1^|0|0|0|0|^^|0|0
^2026^|^01^|^527268^|^015^|^08^|^WA^|^4722^|^EBD^|^03^|^51^|^2^|^001^|^100^|^1^|^2^|^Tidak Ada Komponen^|^ ^|0|0|0|0|^2023^|^^|^0^|^00^|^1^|^1^|^1^|^1^|^1^|0|0|0|0|^^|0|0
^2026^|^01^|^527293^|^015^|^08^|^CD^|^6212^|^BMB^|^03^|^22^|^2^|^001^|^100^|^1^|^1^|^Tidak Ada Komponen^|^ ^|0|0|0|0|^2024^|^^|^0^|^00^|^1^|^1^|^1^|^1^|^1^|0|0|0|0|^^|0|0
^2026^|^01^|^527293^|^015^|^08^|^CD^|^6212^|^FAC^|^03^|^22^|^2^|^001^|^100^|^1^|^1^|^Tidak Ada Komponen^|^ ^|0|0|0|0|^2023^|^^|^0^|^00^|^1^|^1^|^1^|^1^|^1^|0|0|0|0|^^|0|0
^2026^|^01^|^527293^|^015^|^08^|^CD^|^6212^|^FAH^|^03^|^22^|^2^|^001^|^100^|^1^|^1^|^Tidak ada komponen^|^ ^|0|0|0|0|^2023^|^^|^0^|^00^|^1^|^1^|^1^|^1^|^1^|0|0|0|0|^^|0|0
^2026^|^01^|^527293^|^015^|^08^|^CD^|^6212^|^FAL^|^03^|^22^|^2^|^004^|^100^|^1^|^1^|^Tidak ada komponen^|^ ^|0|0|0|0|^2023^|^^|^0^|^00^|^1^|^1^|^1^|^1^|^1^|0|0|0|0|^^|0|0
^2026^|^01^|^527293^|^015^|^08^|^CD^|^6213^|^FAC^|^03^|^22^|^2^|^001^|^100^|^1^|^1^|^Tidak ada komponen^|^ ^|0|0|0|0|^2023^|^^|^0^|^00^|^1^|^1^|^1^|^1^|^1^|0|0|0|0|^^|0|0
^2026^|^01^|^527293^|^015^|^08^|^CD^|^6214^|^FAL^|^03^|^22^|^2^|^002^|^100^|^1^|^1^|^Tidak ada komponen^|^ ^|0|0|0|0|^2023^|^^|^0^|^00^|^1^|^1^|^1^|^1^|^1^|0|0|0|0|^^|0|0
^2026^|^01^|^527293^|^015^|^08^|^CD^|^6215^|^FAH^|^03^|^22^|^2^|^003^|^100^|^1^|^1^|^Tidak ada komponen^|^ ^|0|0|0|0|^2023^|^^|^0^|^00^|^1^|^1^|^1^|^1^|^1^|0|0|0|0|^^|0|0
^2026^|^01^|^527293^|^015^|^08^|^WA^|^4715^|^EBA^|^03^|^22^|^2^|^001^|^100^|^1^|^2^|^Tidak Ada Komponen^|^ ^|0|0|0|0|^2023^|^^|^0^|^00^|^1^|^1^|^1^|^1^|^1^|0|0|0|0|^^|0|0
^2026^|^01^|^527293^|^015^|^08^|^WA^|^4715^|^EBA^|^03^|^22^|^2^|^002^|^100^|^1^|^2^|^Tidak Ada Komponen^|^ ^|0|0|0|0|^2023^|^^|^0^|^00^|^1^|^1^|^1^|^1^|^1^|0|0|0|0|^^|0|0
^2026^|^01^|^527293^|^015^|^08^|^WA^|^4715^|^EBA^|^03^|^22^|^2^|^994^|^002^|^1^|^1^|^Operasional dan Pemeliharaan Kantor^|^ ^|0|0|0|0|^2023^|^^|^0^|^00^|^1^|^1^|^1^|^1^|^1^|0|0|0|0|^^|0|0
^2026^|^01^|^527293^|^015^|^08^|^WA^|^4718^|^BMB^|^03^|^22^|^2^|^002^|^100^|^1^|^2^|^Tidak Ada Komponen^|^ ^|0|0|0|0|^2023^|^^|^0^|^00^|^1^|^1^|^1^|^1^|^1^|0|0|0|0|^^|0|0
^2026^|^01^|^527293^|^015^|^08^|^WA^|^4718^|^BMB^|^03^|^22^|^2^|^001^|^100^|^1^|^2^|^Tidak ada komponen^|^ ^|0|0|0|0|^2023^|^^|^0^|^00^|^1^|^1^|^1^|^1^|^1^|0|0|0|0|^^|0|0
^2026^|^01^|^527293^|^015^|^08^|^WA^|^4719^|^EBA^|^03^|^22^|^2^|^994^|^001^|^1^|^1^|^Gaji dan Tunjangan^|^ ^|0|0|0|0|^2023^|^^|^0^|^00^|^1^|^1^|^1^|^1^|^1^|0|0|0|0|^^|0|0
^2026^|^01^|^527293^|^015^|^08^|^WA^|^4719^|^EBA^|^03^|^22^|^2^|^004^|^100^|^1^|^2^|^Tidak Ada Komponen^|^ ^|0|0|0|0|^2023^|^^|^0^|^00^|^1^|^1^|^1^|^1^|^1^|0|0|0|0|^^|0|0
^2026^|^01^|^527293^|^015^|^08^|^WA^|^4719^|^EBC^|^03^|^22^|^2^|^001^|^100^|^1^|^2^|^Tidak Ada Komponen^|^ ^|0|0|0|0|^2023^|^^|^0^|^00^|^1^|^1^|^1^|^1^|^1^|0|0|0|0|^^|0|0
^2026^|^01^|^527293^|^015^|^08^|^WA^|^4715^|^EBD^|^03^|^22^|^2^|^Z36^|^100^|^1^|^1^|^Tidak Ada Komponen^|^ ^|0|0|0|0|^2025^|^^|^0^|^00^|^1^|^1^|^1^|^1^|^1^|0|0|0|0|^^|0|0
^2026^|^01^|^527301^|^015^|^08^|^CD^|^6212^|^FAC^|^03^|^15^|^2^|^001^|^100^|^2^|^1^|^Tidak Ada Komponen^|^ ^|0|0|0|0|^2023^|^^|^0^|^00^|^1^|^1^|^1^|^1^|^1^|0|0|0|0|^^|0|0
^2026^|^01^|^527301^|^015^|^08^|^CD^|^6212^|^FAH^|^03^|^15^|^2^|^001^|^100^|^2^|^1^|^Tidak ada komponen^|^ ^|0|0|0|0|^2023^|^^|^0^|^00^|^1^|^1^|^1^|^1^|^1^|0|0|0|0|^^|0|0
^2026^|^01^|^527301^|^015^|^08^|^CD^|^6212^|^FAL^|^03^|^15^|^2^|^004^|^100^|^2^|^1^|^Tidak ada komponen^|^ ^|0|0|0|0|^2023^|^^|^0^|^00^|^1^|^1^|^1^|^1^|^1^|0|0|0|0|^^|0|0
^2026^|^01^|^527301^|^015^|^08^|^CD^|^6213^|^FAC^|^03^|^15^|^2^|^001^|^100^|^2^|^1^|^Tidak ada komponen^|^ ^|0|0|0|0|^2023^|^^|^0^|^00^|^1^|^1^|^1^|^1^|^1^|0|0|0|0|^^|0|0
^2026^|^01^|^527301^|^015^|^08^|^CD^|^6213^|^FAL^|^03^|^15^|^2^|^003^|^100^|^2^|^1^|^Tidak ada komponen^|^ ^|0|0|0|0|^2023^|^^|^0^|^00^|^1^|^1^|^1^|^1^|^1^|0|0|0|0|^^|0|0
^2026^|^01^|^527301^|^015^|^08^|^CD^|^6214^|^FAL^|^03^|^15^|^2^|^002^|^100^|^2^|^1^|^Tidak ada komponen^|^ ^|0|0|0|0|^2023^|^^|^0^|^00^|^1^|^1^|^1^|^1^|^1^|0|0|0|0|^^|0|0
^2026^|^01^|^527301^|^015^|^08^|^CD^|^6215^|^FAH^|^03^|^15^|^2^|^003^|^100^|^2^|^1^|^Tidak ada komponen^|^ ^|0|0|0|0|^2023^|^^|^0^|^00^|^1^|^1^|^1^|^1^|^1^|0|0|0|0|^^|0|0
^2026^|^01^|^527301^|^015^|^08^|^WA^|^4715^|^EBA^|^03^|^15^|^2^|^001^|^100^|^1^|^1^|^Tidak Ada Komponen^|^ ^|0|0|0|0|^2025^|^^|^0^|^00^|^1^|^1^|^1^|^1^|^1^|0|0|0|0|^^|0|0
^2026^|^01^|^527301^|^015^|^08^|^WA^|^4715^|^EBA^|^03^|^15^|^2^|^002^|^100^|^1^|^1^|^Tidak Ada Komponen^|^ ^|0|0|0|0|^2025^|^^|^0^|^00^|^1^|^1^|^1^|^1^|^1^|0|0|0|0|^^|0|0
^2026^|^01^|^527301^|^015^|^08^|^WA^|^4715^|^EBA^|^03^|^15^|^2^|^994^|^002^|^1^|^1^|^Operasional dan Pemeliharaan Kantor^|^ ^|0|0|0|0|^2023^|^^|^0^|^00^|^1^|^1^|^1^|^1^|^1^|0|0|0|0|^^|0|0
^2026^|^01^|^527301^|^015^|^08^|^WA^|^4718^|^BMB^|^03^|^15^|^2^|^002^|^100^|^1^|^1^|^Tidak Ada Komponen^|^ ^|0|0|0|0|^2023^|^^|^0^|^00^|^1^|^1^|^1^|^1^|^1^|0|0|0|0|^^|0|0
^2026^|^01^|^527301^|^015^|^08^|^WA^|^4718^|^BMB^|^03^|^15^|^2^|^001^|^100^|^1^|^1^|^Tidak ada komponen^|^ ^|0|0|0|0|^2023^|^^|^0^|^00^|^1^|^1^|^1^|^1^|^1^|0|0|0|0|^^|0|0
^2026^|^01^|^527301^|^015^|^08^|^WA^|^4719^|^EBA^|^03^|^15^|^2^|^994^|^001^|^1^|^1^|^Gaji dan Tunjangan^|^ ^|0|0|0|0|^2023^|^^|^0^|^00^|^1^|^1^|^1^|^1^|^1^|0|0|0|0|^^|0|0
^2026^|^01^|^527301^|^015^|^08^|^WA^|^4719^|^EBA^|^03^|^15^|^2^|^004^|^100^|^1^|^1^|^Tidak Ada Komponen^|^ ^|0|0|0|0|^2023^|^^|^0^|^00^|^1^|^1^|^1^|^1^|^1^|0|0|0|0|^^|0|0
^2026^|^01^|^527301^|^015^|^08^|^WA^|^4719^|^EBC^|^03^|^15^|^2^|^001^|^100^|^1^|^1^|^Tidak Ada Komponen^|^ ^|0|0|0|0|^2023^|^^|^0^|^00^|^1^|^1^|^1^|^1^|^1^|0|0|0|0|^^|0|0
^2026^|^01^|^527315^|^015^|^08^|^CD^|^6212^|^FAC^|^03^|^53^|^2^|^001^|^100^|^2^|^1^|^Tidak Ada Komponen^|^ ^|0|0|0|0|^2023^|^^|^0^|^00^|^1^|^1^|^1^|^1^|^1^|0|0|0|0|^^|0|0
^2026^|^01^|^527315^|^015^|^08^|^CD^|^6212^|^FAH^|^03^|^53^|^2^|^001^|^100^|^2^|^1^|^Tidak ada komponen^|^ ^|0|0|0|0|^2023^|^^|^0^|^00^|^1^|^1^|^1^|^1^|^1^|0|0|0|0|^^|0|0
^2026^|^01^|^527315^|^015^|^08^|^CD^|^6212^|^FAL^|^03^|^53^|^2^|^004^|^100^|^2^|^1^|^Tidak ada komponen^|^ ^|0|0|0|0|^2023^|^^|^0^|^00^|^1^|^1^|^1^|^1^|^1^|0|0|0|0|^^|0|0
^2026^|^01^|^527315^|^015^|^08^|^CD^|^6213^|^FAC^|^03^|^53^|^2^|^001^|^100^|^2^|^1^|^Tidak ada komponen^|^ ^|0|0|0|0|^2023^|^^|^0^|^00^|^1^|^1^|^1^|^1^|^1^|0|0|0|0|^^|0|0
^2026^|^01^|^527315^|^015^|^08^|^CD^|^6213^|^FAL^|^03^|^53^|^2^|^003^|^100^|^2^|^1^|^Tidak ada komponen^|^ ^|0|0|0|0|^2023^|^^|^0^|^00^|^1^|^1^|^1^|^1^|^1^|0|0|0|0|^^|0|0
^2026^|^01^|^527315^|^015^|^08^|^CD^|^6214^|^FAL^|^03^|^53^|^2^|^002^|^100^|^2^|^1^|^Tidak ada komponen^|^ ^|0|0|0|0|^2023^|^^|^0^|^00^|^1^|^1^|^1^|^1^|^1^|0|0|0|0|^^|0|0
^2026^|^01^|^527315^|^015^|^08^|^CD^|^6215^|^FAH^|^03^|^53^|^2^|^003^|^100^|^2^|^1^|^Tidak ada komponen^|^ ^|0|0|0|0|^2023^|^^|^0^|^00^|^1^|^1^|^1^|^1^|^1^|0|0|0|0|^^|0|0
^2026^|^01^|^527315^|^015^|^08^|^WA^|^4715^|^EBA^|^03^|^53^|^2^|^001^|^100^|^2^|^2^|^Tidak Ada Komponen^|^ ^|0|0|0|0|^2023^|^^|^0^|^00^|^1^|^1^|^1^|^1^|^1^|0|0|0|0|^^|0|0
^2026^|^01^|^527315^|^015^|^08^|^WA^|^4715^|^EBA^|^03^|^53^|^2^|^002^|^100^|^2^|^2^|^Tidak Ada Komponen^|^ ^|0|0|0|0|^2023^|^^|^0^|^00^|^1^|^1^|^1^|^1^|^1^|0|0|0|0|^^|0|0
^2026^|^01^|^527315^|^015^|^08^|^WA^|^4715^|^EBA^|^03^|^53^|^2^|^994^|^002^|^1^|^1^|^Operasional dan Pemeliharaan Kantor^|^ ^|0|0|0|0|^2023^|^^|^0^|^00^|^1^|^1^|^1^|^1^|^1^|0|0|0|0|^^|0|0
^2026^|^01^|^527315^|^015^|^08^|^WA^|^4718^|^BMB^|^03^|^53^|^2^|^001^|^100^|^2^|^2^|^Tidak ada komponen^|^ ^|0|0|0|0|^2023^|^^|^0^|^00^|^1^|^1^|^1^|^1^|^1^|0|0|0|0|^^|0|0
^2026^|^01^|^527315^|^015^|^08^|^WA^|^4718^|^BMB^|^03^|^53^|^2^|^002^|^100^|^2^|^2^|^Tidak Ada Komponen^|^ ^|0|0|0|0|^2023^|^^|^0^|^00^|^1^|^1^|^1^|^1^|^1^|0|0|0|0|^^|0|0
^2026^|^01^|^527315^|^015^|^08^|^WA^|^4719^|^EBA^|^03^|^53^|^2^|^004^|^100^|^2^|^2^|^Tidak Ada Komponen^|^ ^|0|0|0|0|^2023^|^^|^0^|^00^|^1^|^1^|^1^|^1^|^1^|0|0|0|0|^^|0|0
^2026^|^01^|^527315^|^015^|^08^|^WA^|^4719^|^EBA^|^03^|^53^|^2^|^994^|^001^|^1^|^1^|^Gaji dan Tunjangan^|^ ^|0|0|0|0|^2023^|^^|^0^|^00^|^1^|^1^|^1^|^1^|^1^|0|0|0|0|^^|0|0
^2026^|^01^|^527315^|^015^|^08^|^WA^|^4719^|^EBC^|^03^|^53^|^2^|^001^|^100^|^2^|^2^|^Tidak Ada Komponen^|^ ^|0|0|0|0|^2023^|^^|^0^|^00^|^1^|^1^|^1^|^1^|^1^|0|0|0|0|^^|0|0
^2026^|^01^|^527289^|^015^|^08^|^CD^|^6212^|^BMB^|^03^|^56^|^2^|^001^|^100^|^1^|^1^|^Tidak Ada Komponen^|^ ^|0|0|0|0|^2024^|^^|^0^|^00^|^1^|^1^|^1^|^1^|^1^|0|0|0|0|^^|0|0
^2026^|^01^|^527289^|^015^|^08^|^CD^|^6212^|^FAC^|^03^|^56^|^2^|^001^|^100^|^1^|^1^|^Tidak Ada Komponen^|^ ^|0|0|0|0|^2023^|^^|^0^|^00^|^1^|^1^|^1^|^1^|^1^|0|0|0|0|^^|0|0
^2026^|^01^|^527289^|^015^|^08^|^CD^|^6212^|^FAH^|^03^|^56^|^2^|^001^|^100^|^1^|^1^|^Tidak ada komponen^|^ ^|0|0|0|0|^2023^|^^|^0^|^00^|^1^|^1^|^1^|^1^|^1^|0|0|0|0|^^|0|0
^2026^|^01^|^527289^|^015^|^08^|^CD^|^6212^|^FAL^|^03^|^56^|^2^|^004^|^100^|^1^|^1^|^Tidak ada komponen^|^ ^|0|0|0|0|^2023^|^^|^0^|^00^|^1^|^1^|^1^|^1^|^1^|0|0|0|0|^^|0|0
^2026^|^01^|^527289^|^015^|^08^|^CD^|^6213^|^FAC^|^03^|^56^|^2^|^001^|^100^|^1^|^1^|^Tidak ada komponen^|^ ^|0|0|0|0|^2023^|^^|^0^|^00^|^1^|^1^|^1^|^1^|^1^|0|0|0|0|^^|0|0
^2026^|^01^|^527289^|^015^|^08^|^CD^|^6213^|^FAE^|^03^|^56^|^2^|^009^|^100^|^1^|^1^|^Tidak Ada Komponen^|^ ^|0|0|0|0|^2024^|^^|^0^|^00^|^1^|^1^|^1^|^1^|^1^|0|0|0|0|^^|0|0
^2026^|^01^|^527289^|^015^|^08^|^CD^|^6214^|^FAL^|^03^|^56^|^2^|^002^|^100^|^1^|^1^|^Tidak ada komponen^|^ ^|0|0|0|0|^2023^|^^|^0^|^00^|^1^|^1^|^1^|^1^|^1^|0|0|0|0|^^|0|0
^2026^|^01^|^527289^|^015^|^08^|^CD^|^6215^|^FAH^|^03^|^56^|^2^|^003^|^100^|^1^|^1^|^Tidak ada komponen^|^ ^|0|0|0|0|^2023^|^^|^0^|^00^|^1^|^1^|^1^|^1^|^1^|0|0|0|0|^^|0|0
^2026^|^01^|^527289^|^015^|^08^|^WA^|^4715^|^EBA^|^03^|^56^|^2^|^001^|^100^|^1^|^1^|^Tidak Ada Komponen^|^ ^|0|0|0|0|^2023^|^^|^0^|^00^|^1^|^1^|^1^|^1^|^1^|0|0|0|0|^^|0|0
^2026^|^01^|^527289^|^015^|^08^|^WA^|^4715^|^EBA^|^03^|^56^|^2^|^002^|^100^|^1^|^1^|^Tidak Ada Komponen^|^ ^|0|0|0|0|^2023^|^^|^0^|^00^|^1^|^1^|^1^|^1^|^1^|0|0|0|0|^^|0|0
^2026^|^01^|^527289^|^015^|^08^|^WA^|^4715^|^EBA^|^03^|^56^|^2^|^994^|^002^|^1^|^1^|^Operasional dan Pemeliharaan Kantor^|^ ^|0|0|0|0|^2023^|^^|^0^|^00^|^1^|^1^|^1^|^1^|^1^|0|0|0|0|^^|0|0
^2026^|^01^|^527289^|^015^|^08^|^WA^|^4715^|^EBB^|^03^|^56^|^2^|^002^|^100^|^1^|^1^|^Tidak Ada Komponen^|^124 4 Unit^|0|0|0|0|^2025^|^^|^0^|^00^|^1^|^1^|^1^|^1^|^1^|0|0|0|0|^^|0|0
^2026^|^01^|^527289^|^015^|^08^|^WA^|^4715^|^EBD^|^03^|^56^|^2^|^Z36^|^100^|^1^|^1^|^Tidak Ada Komponen^|^ ^|0|0|0|0|^2023^|^^|^0^|^00^|^1^|^1^|^1^|^1^|^1^|0|0|0|0|^^|0|0
^2026^|^01^|^527289^|^015^|^08^|^WA^|^4718^|^BMB^|^03^|^56^|^2^|^001^|^100^|^1^|^1^|^Tidak ada komponen^|^ ^|0|0|0|0|^2023^|^^|^0^|^00^|^1^|^1^|^1^|^1^|^1^|0|0|0|0|^^|0|0
^2026^|^01^|^527289^|^015^|^08^|^WA^|^4718^|^BMB^|^03^|^56^|^2^|^002^|^100^|^1^|^1^|^Tidak Ada Komponen^|^ ^|0|0|0|0|^2023^|^^|^0^|^00^|^1^|^1^|^1^|^1^|^1^|0|0|0|0|^^|0|0
^2026^|^01^|^527289^|^015^|^08^|^WA^|^4719^|^EBA^|^03^|^56^|^2^|^004^|^100^|^1^|^1^|^Tidak Ada Komponen^|^ ^|0|0|0|0|^2023^|^^|^0^|^00^|^1^|^1^|^1^|^1^|^1^|0|0|0|0|^^|0|0
^2026^|^01^|^527289^|^015^|^08^|^WA^|^4719^|^EBA^|^03^|^56^|^2^|^994^|^001^|^1^|^1^|^Gaji dan Tunjangan^|^ ^|0|0|0|0|^2023^|^^|^0^|^00^|^1^|^1^|^1^|^1^|^1^|0|0|0|0|^^|0|0
^2026^|^01^|^527289^|^015^|^08^|^WA^|^4719^|^EBC^|^03^|^56^|^2^|^001^|^100^|^1^|^1^|^Tidak Ada Komponen^|^ ^|0|0|0|0|^2023^|^^|^0^|^00^|^1^|^1^|^1^|^1^|^1^|0|0|0|0|^^|0|0
