^2026^|^01^|^015116^|^015^|^08^|^CD^|^6212^|^FAL^|^01^|^51^|^2^|^002^|^100^|^ A^|^Pelaksanaan Customer Service dan Helpdesk Penerimaan Negara^|^00^|^^|0|0
^2026^|^01^|^015116^|^015^|^08^|^CD^|^6212^|^FAL^|^01^|^51^|^2^|^002^|^100^|^ B^|^Sosialisasi Sistem Penerimaan Negara^|^00^|^^|0|0
^2026^|^01^|^015116^|^015^|^08^|^CD^|^6214^|^FAL^|^01^|^51^|^2^|^001^|^100^|^ A^|^Rekonsiliasi Penerimaan Negara^|^00^|^^|0|0
^2026^|^01^|^015116^|^015^|^08^|^CD^|^6214^|^FAL^|^01^|^51^|^2^|^001^|^100^|^ B^|^Pengembangan dan Pemeliharaan Sistem Informasi Penerimaan Negara^|^00^|^^|0|0
^2026^|^01^|^015116^|^015^|^08^|^CD^|^6215^|^FAH^|^01^|^51^|^2^|^003^|^100^|^ A^|^Penyusunan Laporan Kuasa BUN Daerah dan UAKPA BUN TK^|^00^|^^|0|0
^2026^|^01^|^015116^|^015^|^08^|^WA^|^4715^|^EBA^|^01^|^51^|^2^|^001^|^100^|^ A^|^TANPA SUB KOMPONEN^|^00^|^^|0|0
^2026^|^01^|^015116^|^015^|^08^|^WA^|^4715^|^EBA^|^01^|^51^|^2^|^002^|^100^|^ A^|^TANPA SUB KOMPONEN^|^00^|^^|0|0
^2026^|^01^|^015116^|^015^|^08^|^WA^|^4715^|^EBA^|^01^|^51^|^2^|^994^|^002^|^ A^|^Keperluan Seharihari Perkantoran^|^00^|^^|0|0
^2026^|^01^|^015116^|^015^|^08^|^WA^|^4715^|^EBA^|^01^|^51^|^2^|^994^|^002^|^ B^|^Langganan Daya dan Jasa^|^00^|^^|0|0
^2026^|^01^|^015116^|^015^|^08^|^WA^|^4715^|^EBA^|^01^|^51^|^2^|^994^|^002^|^ C^|^Pelaksanaan Operasional Kantor^|^00^|^^|0|0
^2026^|^01^|^015116^|^015^|^08^|^WA^|^4715^|^EBA^|^01^|^51^|^2^|^994^|^002^|^ D^|^Pemeliharaan Peralatan dan Mesin^|^00^|^^|0|0
^2026^|^01^|^015116^|^015^|^08^|^WA^|^4715^|^EBA^|^01^|^51^|^2^|^994^|^002^|^TJ^|^Jasa PemeliharaanAnnual Technical Support (ATS)^|^00^|^^|0|0
^2026^|^01^|^015116^|^015^|^08^|^WA^|^4719^|^EBA^|^01^|^51^|^2^|^994^|^001^|^ A^|^TANPA SUB KOMPONEN^|^00^|^^|0|0
^2026^|^01^|^015116^|^015^|^08^|^WA^|^4719^|^EBC^|^01^|^51^|^2^|^001^|^100^|^XC^|^Penyelenggaraan Capacity Building^|^00^|^^|0|0
^2026^|^01^|^015115^|^015^|^08^|^CD^|^6212^|^FAC^|^01^|^51^|^2^|^001^|^100^|^ A^|^Training Modul Aplikasi SAKTI^|^00^|^^|0|0
^2026^|^01^|^015115^|^015^|^08^|^CD^|^6212^|^FAH^|^01^|^51^|^2^|^001^|^100^|^ A^|^TANPA SUB KOMPONEN^|^00^|^^|0|0
^2026^|^01^|^015115^|^015^|^08^|^CD^|^6212^|^FAL^|^01^|^51^|^2^|^004^|^100^|^ A^|^Konsultasi^|^00^|^^|0|0
^2026^|^01^|^015115^|^015^|^08^|^CD^|^6212^|^FAL^|^01^|^51^|^2^|^004^|^100^|^ B^|^Sosialisasi dan Bimbingan Teknis^|^00^|^^|0|0
^2026^|^01^|^015115^|^015^|^08^|^CD^|^6213^|^FAC^|^01^|^51^|^2^|^001^|^100^|^ A^|^Pembinaan Jabatan Fungsional^|^00^|^^|0|0
^2026^|^01^|^015115^|^015^|^08^|^CD^|^6214^|^FAL^|^01^|^51^|^2^|^002^|^100^|^ A^|^Pelaksanaan PencairanPenarikanPengesahan Dana^|^00^|^^|0|0
^2026^|^01^|^015115^|^015^|^08^|^CD^|^6214^|^FAL^|^01^|^51^|^2^|^002^|^100^|^ B^|^PenerbitanPersetujuanRekonsiliasi RekeningSKPPKonfirmasi Penerimaan Negara, dll^|^00^|^^|0|0
^2026^|^01^|^015115^|^015^|^08^|^CD^|^6215^|^FAH^|^01^|^51^|^2^|^003^|^100^|^ A^|^Penyusunan Laporan Keuangan Tingkat Kuasa BUN di Daerah^|^00^|^^|0|0
^2026^|^01^|^015115^|^015^|^08^|^CD^|^6215^|^FAH^|^01^|^51^|^2^|^003^|^100^|^ B^|^Koordinasi UAKBUND KPPN di Kanwil^|^00^|^^|0|0
^2026^|^01^|^015115^|^015^|^08^|^WA^|^4715^|^EBA^|^01^|^51^|^2^|^001^|^100^|^ A^|^TANPA SUB KOMPONEN^|^00^|^^|0|0
^2026^|^01^|^015115^|^015^|^08^|^WA^|^4715^|^EBA^|^01^|^51^|^2^|^001^|^100^|^ B^|^Koordinasi Penyusunan ATK PU^|^00^|^^|0|0
^2026^|^01^|^015115^|^015^|^08^|^WA^|^4715^|^EBA^|^01^|^51^|^2^|^002^|^100^|^ A^|^TANPA SUB KOMPONEN^|^00^|^^|0|0
^2026^|^01^|^015115^|^015^|^08^|^WA^|^4715^|^EBA^|^01^|^51^|^2^|^994^|^002^|^ A^|^Keperluan SehariHari Perkantoran^|^00^|^^|0|0
^2026^|^01^|^015115^|^015^|^08^|^WA^|^4715^|^EBA^|^01^|^51^|^2^|^994^|^002^|^ B^|^Langganan Daya dan Jasa^|^00^|^^|0|0
^2026^|^01^|^015115^|^015^|^08^|^WA^|^4715^|^EBA^|^01^|^51^|^2^|^994^|^002^|^ C^|^Pelaksanaan Operasional Kantor^|^00^|^^|0|0
^2026^|^01^|^015115^|^015^|^08^|^WA^|^4715^|^EBA^|^01^|^51^|^2^|^994^|^002^|^ D^|^Belanja Pemeliharaan Peralatan dan Mesin^|^00^|^^|0|0
^2026^|^01^|^015115^|^015^|^08^|^WA^|^4715^|^EBA^|^01^|^51^|^2^|^994^|^002^|^TJ^|^Jasa PemeliharaanAnnual Technical Support (ATS)^|^00^|^^|0|0
^2026^|^01^|^015115^|^015^|^08^|^WA^|^4718^|^BMB^|^01^|^51^|^2^|^002^|^100^|^ A^|^TANPA SUB KOMPONEN^|^00^|^^|0|0
^2026^|^01^|^015115^|^015^|^08^|^WA^|^4718^|^BMB^|^01^|^51^|^2^|^001^|^100^|^ A^|^TANPA SUB KOMPONEN^|^00^|^^|0|0
^2026^|^01^|^015115^|^015^|^08^|^WA^|^4719^|^EBA^|^01^|^51^|^2^|^994^|^001^|^ A^|^TANPA SUB KOMPONEN^|^00^|^^|0|0
^2026^|^01^|^015115^|^015^|^08^|^WA^|^4719^|^EBA^|^01^|^51^|^2^|^004^|^100^|^ A^|^Survey Kepuasan Pengguna Layanan^|^00^|^^|0|0
^2026^|^01^|^015115^|^015^|^08^|^WA^|^4719^|^EBC^|^01^|^51^|^2^|^001^|^100^|^XC^|^Penyelenggaraan Capacity Building^|^00^|^^|0|0
^2026^|^01^|^015117^|^015^|^08^|^CD^|^6212^|^AEF^|^01^|^51^|^2^|^I01^|^100^|^ A^|^TANPA SUB KOMPONEN^|^00^|^^|0|0
^2026^|^01^|^015117^|^015^|^08^|^WA^|^4715^|^EBA^|^01^|^51^|^2^|^001^|^100^|^ A^|^TANPA SUB KOMPONEN^|^00^|^^|0|0
^2026^|^01^|^015117^|^015^|^08^|^WA^|^4715^|^EBA^|^01^|^51^|^2^|^002^|^100^|^ A^|^TANPA SUB KOMPONEN^|^00^|^^|0|0
^2026^|^01^|^015117^|^015^|^08^|^WA^|^4715^|^EBA^|^01^|^51^|^2^|^994^|^002^|^ A^|^Keperluan Seharihari Perkantoran^|^00^|^^|0|0
^2026^|^01^|^015117^|^015^|^08^|^WA^|^4715^|^EBA^|^01^|^51^|^2^|^994^|^002^|^ B^|^Langganan Daya dan Jasa^|^00^|^^|0|0
^2026^|^01^|^015117^|^015^|^08^|^WA^|^4715^|^EBA^|^01^|^51^|^2^|^994^|^002^|^ C^|^Pelaksanaan Operasional Kantor^|^00^|^^|0|0
^2026^|^01^|^015117^|^015^|^08^|^WA^|^4715^|^EBA^|^01^|^51^|^2^|^994^|^002^|^ D^|^Pemeliharaan Peralatan dan Mesin^|^00^|^^|0|0
^2026^|^01^|^015117^|^015^|^08^|^WA^|^4715^|^EBA^|^01^|^51^|^2^|^994^|^002^|^TJ^|^Jasa PemeliharaanAnnual Technical Support (ATS)^|^00^|^^|0|0
^2026^|^01^|^015117^|^015^|^08^|^WA^|^4715^|^EBD^|^01^|^51^|^2^|^974^|^100^|^ A^|^TANPA SUB KOMPONEN^|^00^|^^|0|0
^2026^|^01^|^015117^|^015^|^08^|^WA^|^4719^|^EBA^|^01^|^51^|^2^|^994^|^001^|^ A^|^TANPA SUB KOMPONEN^|^00^|^^|0|0
^2026^|^01^|^015117^|^015^|^08^|^WA^|^4719^|^EBC^|^01^|^51^|^2^|^001^|^100^|^XC^|^Penyelenggaraan Capacity Building^|^00^|^^|0|0
^2026^|^01^|^325237^|^015^|^08^|^CD^|^6212^|^BMB^|^32^|^52^|^2^|^001^|^100^|^ B^|^Pemberdayaan UMKM  SosialisasiBimtekAsistensi dan BazarPojokRumah UMKM^|^00^|^^|0|0
^2026^|^01^|^325237^|^015^|^08^|^CD^|^6212^|^BMB^|^32^|^52^|^2^|^001^|^100^|^ D^|^Komunikasi Publik  BazarPojokRumah UMKM^|^00^|^^|0|0
^2026^|^01^|^325237^|^015^|^08^|^CD^|^6212^|^FAH^|^32^|^52^|^2^|^002^|^100^|^ A^|^Forum Koordinasi dan Rekonsiliasi Data dengan Bank Indonesia^|^00^|^^|0|0
^2026^|^01^|^325237^|^015^|^08^|^CD^|^6212^|^FAH^|^32^|^52^|^2^|^002^|^100^|^ C^|^SosialisasiBimtekWorkshopFGD dengan Pemda^|^00^|^^|0|0
^2026^|^01^|^325237^|^015^|^08^|^CD^|^6212^|^FAH^|^32^|^52^|^2^|^003^|^100^|^ A^|^Pendampingan Penyusunan dan Penyelesaian Permasalahan Laporan Keuangan UAPPAW dan BLU^|^00^|^^|0|0
^2026^|^01^|^325237^|^015^|^08^|^CD^|^6212^|^FAH^|^32^|^52^|^2^|^003^|^100^|^ B^|^Sosialisasi dan Bimbingan Teknis UAPPAW^|^00^|^^|0|0
^2026^|^01^|^325237^|^015^|^08^|^CD^|^6212^|^FAL^|^32^|^52^|^2^|^001^|^100^|^ B^|^Pengkoordinasian Kerjasama Ekonomi dan Keuangan Daerah^|^00^|^^|0|0
^2026^|^01^|^325237^|^015^|^08^|^CD^|^6212^|^FAL^|^32^|^52^|^2^|^001^|^100^|^ C^|^Pembinaan dan Bimtek Pengelolaan Keuangan Daerah^|^00^|^^|0|0
^2026^|^01^|^325237^|^015^|^08^|^CD^|^6212^|^FAL^|^32^|^52^|^2^|^001^|^100^|^ D^|^Penyerahan DIPA^|^00^|^^|0|0
^2026^|^01^|^325237^|^015^|^08^|^CD^|^6213^|^FAE^|^32^|^52^|^2^|^008^|^100^|^ A^|^Koordinasi Pelaksanaan Tugas RCE  ALCo^|^00^|^^|0|0
^2026^|^01^|^325237^|^015^|^08^|^CD^|^6213^|^FAE^|^32^|^52^|^2^|^009^|^100^|^ B^|^Monitoring dan  Evaluasi KURPenerusan Pinjaman^|^00^|^^|0|0
^2026^|^01^|^325237^|^015^|^08^|^CD^|^6213^|^FAL^|^32^|^52^|^2^|^003^|^100^|^ A^|^Pelaksanaan Spending Review^|^00^|^^|0|0
^2026^|^01^|^325237^|^015^|^08^|^CD^|^6213^|^FAL^|^32^|^52^|^2^|^003^|^100^|^ C^|^Review Pelaksanaan Anggaran^|^00^|^^|0|0
^2026^|^01^|^325237^|^015^|^08^|^CD^|^6213^|^FAL^|^32^|^52^|^2^|^003^|^100^|^ E^|^Pengumpulan InformasiPenajaman Data Fiskal RegionalPenyusunan KFR^|^00^|^^|0|0
^2026^|^01^|^325237^|^015^|^08^|^CD^|^6213^|^FAL^|^32^|^52^|^2^|^003^|^100^|^ F^|^Publikasi Kajian Fiskal Regional (Full Cost)^|^00^|^^|0|0
^2026^|^01^|^325237^|^015^|^08^|^CD^|^6213^|^FAL^|^32^|^52^|^2^|^003^|^100^|^ G^|^Pengumpulan Konfirmasi Informasi Pengelolaan Keuangan Daerah dan Penyusunan Profil Keuangan Daerah^|^00^|^^|0|0
^2026^|^01^|^325237^|^015^|^08^|^CD^|^6215^|^FAH^|^32^|^52^|^2^|^001^|^100^|^ B^|^Penyusunan Laporan Statistik Keuangan Pemerintah Tingkat Wilayah^|^00^|^^|0|0
^2026^|^01^|^325237^|^015^|^08^|^CD^|^6215^|^FAH^|^32^|^52^|^2^|^003^|^100^|^ A^|^Pembinaan UAKBUN D (KPPN)^|^00^|^^|0|0
^2026^|^01^|^325237^|^015^|^08^|^CD^|^6215^|^FAH^|^32^|^52^|^2^|^003^|^100^|^ B^|^Koordinasi UAKBUND (KPPN) (Cross Program)^|^00^|^^|0|0
^2026^|^01^|^325237^|^015^|^08^|^WA^|^4715^|^EBA^|^32^|^52^|^2^|^001^|^100^|^ A^|^TANPA SUB KOMPONEN^|^00^|^^|0|0
^2026^|^01^|^325237^|^015^|^08^|^WA^|^4715^|^EBA^|^32^|^52^|^2^|^001^|^100^|^ B^|^Koordinasi Penyusunan ATK PU^|^00^|^^|0|0
^2026^|^01^|^325237^|^015^|^08^|^WA^|^4715^|^EBA^|^32^|^52^|^2^|^002^|^100^|^ A^|^TANPA SUB KOMPONEN^|^00^|^^|0|0
^2026^|^01^|^325237^|^015^|^08^|^WA^|^4715^|^EBA^|^32^|^52^|^2^|^994^|^002^|^ A^|^Keperluan Seharihari Perkantoran^|^00^|^^|0|0
^2026^|^01^|^325237^|^015^|^08^|^WA^|^4715^|^EBA^|^32^|^52^|^2^|^994^|^002^|^ B^|^Langganan Daya dan Jasa^|^00^|^^|0|0
^2026^|^01^|^325237^|^015^|^08^|^WA^|^4715^|^EBA^|^32^|^52^|^2^|^994^|^002^|^ C^|^Pelaksanaan Operasional Kantor^|^00^|^^|0|0
^2026^|^01^|^325237^|^015^|^08^|^WA^|^4715^|^EBA^|^32^|^52^|^2^|^994^|^002^|^ D^|^Pemeliharaan Peralatan dan Mesin^|^00^|^^|0|0
^2026^|^01^|^325237^|^015^|^08^|^WA^|^4715^|^EBA^|^32^|^52^|^2^|^994^|^002^|^ G^|^Pemeliharaan Gedung dan Bangunan^|^00^|^^|0|0
^2026^|^01^|^325237^|^015^|^08^|^WA^|^4715^|^EBA^|^32^|^52^|^2^|^994^|^002^|^TJ^|^Jasa PemeliharaanAnnual Technical Support (ATS)^|^00^|^^|0|0
^2026^|^01^|^325237^|^015^|^08^|^WA^|^4715^|^EBB^|^32^|^52^|^2^|^004^|^100^|^RB^|^Renovasi Rumah Dinas^|^00^|^^|0|0
^2026^|^01^|^325237^|^015^|^08^|^WA^|^4715^|^EBD^|^32^|^52^|^2^|^Z26^|^100^|^ A^|^Rakor Penyusunan Laporan Keuangan Tingkat UAPPAW (Full Cost)^|^00^|^^|0|0
^2026^|^01^|^325237^|^015^|^08^|^WA^|^4715^|^EBD^|^32^|^52^|^2^|^Z36^|^100^|^ A^|^TANPA SUB KOMPONEN^|^00^|^^|0|0
^2026^|^01^|^325237^|^015^|^08^|^WA^|^4718^|^BMB^|^32^|^52^|^2^|^001^|^100^|^ A^|^TANPA SUB KOMPONEN^|^00^|^^|0|0
^2026^|^01^|^325237^|^015^|^08^|^WA^|^4718^|^BMB^|^32^|^52^|^2^|^002^|^100^|^ A^|^TANPA SUB KOMPONEN^|^00^|^^|0|0
^2026^|^01^|^325237^|^015^|^08^|^WA^|^4719^|^EBA^|^32^|^52^|^2^|^003^|^100^|^ B^|^Koordinasi Inovasi layanan^|^00^|^^|0|0
^2026^|^01^|^325237^|^015^|^08^|^WA^|^4719^|^EBA^|^32^|^52^|^2^|^994^|^001^|^ A^|^TANPA SUB KOMPONEN^|^00^|^^|0|0
^2026^|^01^|^325237^|^015^|^08^|^WA^|^4719^|^EBC^|^32^|^52^|^2^|^001^|^100^|^XC^|^Penyelenggaraan Capacity Building^|^00^|^^|0|0
^2026^|^01^|^325237^|^015^|^08^|^WA^|^4722^|^EBD^|^32^|^52^|^2^|^001^|^100^|^ A^|^Pelaksanaan Manajemen Resiko dan Kepatuhan Internal^|^00^|^^|0|0
^2026^|^01^|^015114^|^015^|^08^|^WA^|^4718^|^BMB^|^01^|^51^|^2^|^001^|^100^|^ A^|^TANPA SUB KOMPONEN^|^00^|^^|0|0
^2026^|^01^|^015114^|^015^|^08^|^WA^|^4718^|^BMB^|^01^|^51^|^2^|^002^|^100^|^ A^|^TANPA SUB KOMPONEN^|^00^|^^|0|0
^2026^|^01^|^015114^|^015^|^08^|^WA^|^4719^|^EBA^|^01^|^51^|^2^|^004^|^100^|^ A^|^Survey Kepuasan Pengguna Layanan^|^00^|^^|0|0
^2026^|^01^|^015114^|^015^|^08^|^WA^|^4719^|^EBA^|^01^|^51^|^2^|^994^|^001^|^ A^|^TANPA SUB KOMPONEN^|^00^|^^|0|0
^2026^|^01^|^015114^|^015^|^08^|^WA^|^4719^|^EBC^|^01^|^51^|^2^|^001^|^100^|^XC^|^Penyelenggaraan Capacity Building^|^00^|^^|0|0
^2026^|^01^|^015114^|^015^|^08^|^CD^|^6212^|^FAC^|^01^|^51^|^2^|^001^|^100^|^ A^|^Training Modul Aplikasi Sakti^|^00^|^^|0|0
^2026^|^01^|^015114^|^015^|^08^|^CD^|^6212^|^FAH^|^01^|^51^|^2^|^001^|^100^|^ A^|^Training Modul Aplikasi SAKTI^|^00^|^^|0|0
^2026^|^01^|^015114^|^015^|^08^|^CD^|^6212^|^FAL^|^01^|^51^|^2^|^004^|^100^|^ A^|^Konsultasi^|^00^|^^|0|0
^2026^|^01^|^015114^|^015^|^08^|^CD^|^6212^|^FAL^|^01^|^51^|^2^|^004^|^100^|^ B^|^Sosialisasi dan Bimbingan Teknis^|^00^|^^|0|0
^2026^|^01^|^015114^|^015^|^08^|^CD^|^6213^|^FAC^|^01^|^51^|^2^|^001^|^100^|^ A^|^Pembinaan Jabatan Fungsional Perbendaharaan^|^00^|^^|0|0
^2026^|^01^|^015114^|^015^|^08^|^CD^|^6213^|^FAL^|^01^|^51^|^2^|^003^|^100^|^ A^|^Monev Pelaksanaan Anggaran^|^00^|^^|0|0
^2026^|^01^|^015114^|^015^|^08^|^CD^|^6214^|^FAL^|^01^|^51^|^2^|^002^|^100^|^ A^|^Pelaksanaan PencairanPenarikanPengesahan Dana^|^00^|^^|0|0
^2026^|^01^|^015114^|^015^|^08^|^CD^|^6214^|^FAL^|^01^|^51^|^2^|^002^|^100^|^ B^|^PenerbitanPersetujuanRekonsiliasi RekeningSKPPKonfirmasi Penerimaan Negara,dll^|^00^|^^|0|0
^2026^|^01^|^015114^|^015^|^08^|^CD^|^6215^|^FAH^|^01^|^51^|^2^|^003^|^100^|^ A^|^Penyusunan Laporan Keuangan Tingkat Kuasa BUN di Daerah^|^00^|^^|0|0
^2026^|^01^|^015114^|^015^|^08^|^CD^|^6215^|^FAH^|^01^|^51^|^2^|^003^|^100^|^ B^|^Koordinasi UAKBUND KPPN di Kanwil^|^00^|^^|0|0
^2026^|^01^|^015114^|^015^|^08^|^WA^|^4715^|^EBA^|^01^|^51^|^2^|^001^|^100^|^ A^|^TANPA SUB KOMPONEN^|^00^|^^|0|0
^2026^|^01^|^015114^|^015^|^08^|^WA^|^4715^|^EBA^|^01^|^51^|^2^|^002^|^100^|^ A^|^TANPA SUB KOMPONEN^|^00^|^^|0|0
^2026^|^01^|^015114^|^015^|^08^|^WA^|^4715^|^EBA^|^01^|^51^|^2^|^994^|^002^|^ A^|^Keperluan Seharihari Perkantoran^|^00^|^^|0|0
^2026^|^01^|^015114^|^015^|^08^|^WA^|^4715^|^EBA^|^01^|^51^|^2^|^994^|^002^|^ B^|^Langganan Daya dan Jasa^|^00^|^^|0|0
^2026^|^01^|^015114^|^015^|^08^|^WA^|^4715^|^EBA^|^01^|^51^|^2^|^994^|^002^|^ C^|^Pelaksanaan Operasional Kantor^|^00^|^^|0|0
^2026^|^01^|^015114^|^015^|^08^|^WA^|^4715^|^EBA^|^01^|^51^|^2^|^994^|^002^|^ D^|^Pemeliharaan Peralatan dan Mesin^|^00^|^^|0|0
^2026^|^01^|^015114^|^015^|^08^|^WA^|^4715^|^EBA^|^01^|^51^|^2^|^994^|^002^|^ G^|^Pemeliharaan Gedung dan Bangunan^|^00^|^^|0|0
^2026^|^01^|^015114^|^015^|^08^|^WA^|^4715^|^EBA^|^01^|^51^|^2^|^994^|^002^|^TJ^|^Jasa PemeliharaanAnnual Technical Support (ATS)^|^00^|^^|0|0
^2026^|^01^|^330171^|^015^|^08^|^CD^|^6212^|^BMB^|^33^|^01^|^2^|^001^|^100^|^ B^|^Pemberdayaan UMKM  SosialisasiBimtekAsistensi dan BazarPojokRumah UMKM^|^00^|^^|0|0
^2026^|^01^|^330171^|^015^|^08^|^CD^|^6212^|^BMB^|^33^|^01^|^2^|^001^|^100^|^ D^|^Komunikasi Publik  BazarPojokRumah UMKM^|^00^|^^|0|0
^2026^|^01^|^330171^|^015^|^08^|^CD^|^6212^|^FAC^|^33^|^01^|^2^|^002^|^100^|^ A^|^Pembinaan Satker BLU^|^00^|^^|0|0
^2026^|^01^|^330171^|^015^|^08^|^CD^|^6212^|^FAH^|^33^|^01^|^2^|^002^|^100^|^ A^|^Forum Koordinasi dan Rekonsiliasi Data dengan Bank Indonesia^|^00^|^^|0|0
^2026^|^01^|^330171^|^015^|^08^|^CD^|^6212^|^FAH^|^33^|^01^|^2^|^002^|^100^|^ C^|^SosialisasiBimtekWorkshopFGD dengan Pemda^|^00^|^^|0|0
^2026^|^01^|^330171^|^015^|^08^|^CD^|^6212^|^FAL^|^33^|^01^|^2^|^001^|^100^|^ A^|^Sosialisasi PeraturanKebijakan Pelaksanaan Anggaran^|^00^|^^|0|0
^2026^|^01^|^330171^|^015^|^08^|^CD^|^6212^|^FAL^|^33^|^01^|^2^|^001^|^100^|^ B^|^Pengkoordinasian Kerjasama Ekonomi dan Keuangan Daerah^|^00^|^^|0|0
^2026^|^01^|^330171^|^015^|^08^|^CD^|^6212^|^FAL^|^33^|^01^|^2^|^001^|^100^|^ D^|^Penyerahan DIPA^|^00^|^^|0|0
^2026^|^01^|^330171^|^015^|^08^|^CD^|^6213^|^ABA^|^33^|^01^|^2^|^001^|^100^|^ A^|^Penyusunan Analisis Potensi Pembiayaan dan Pelaksanaan MoU DJPb dan PT SMI di Daerah^|^00^|^^|0|0
^2026^|^01^|^330171^|^015^|^08^|^CD^|^6213^|^FAE^|^33^|^01^|^2^|^008^|^100^|^ A^|^Koordinasi Pelaksanaan Tugas RCE  ALCo^|^00^|^^|0|0
^2026^|^01^|^330171^|^015^|^08^|^CD^|^6213^|^FAE^|^33^|^01^|^2^|^009^|^100^|^ D^|^FGD Analisa Fasilitas Likuiditas Pembiayaan Perumahan (FLPP)^|^00^|^^|0|0
^2026^|^01^|^330171^|^015^|^08^|^CD^|^6213^|^FAL^|^33^|^01^|^2^|^003^|^100^|^ A^|^Pelaksanaan Spending Review^|^00^|^^|0|0
^2026^|^01^|^330171^|^015^|^08^|^CD^|^6213^|^FAL^|^33^|^01^|^2^|^003^|^100^|^ C^|^Review Pelaksanaan Anggaran^|^00^|^^|0|0
^2026^|^01^|^330171^|^015^|^08^|^CD^|^6213^|^FAL^|^33^|^01^|^2^|^003^|^100^|^ E^|^Pengumpulan InformasiPenajaman Data Fiskal RegionalPenyusunan KFR^|^00^|^^|0|0
^2026^|^01^|^330171^|^015^|^08^|^CD^|^6213^|^FAL^|^33^|^01^|^2^|^003^|^100^|^ F^|^Publikasi Kajian Fiskal Regional^|^00^|^^|0|0
^2026^|^01^|^330171^|^015^|^08^|^CD^|^6213^|^FAL^|^33^|^01^|^2^|^003^|^100^|^ G^|^Pengumpulan Konfirmasi Informasi Pengelolaan Keuangan Daerah dan Penyusunan Profil Keuangan Daerah^|^00^|^^|0|0
^2026^|^01^|^330171^|^015^|^08^|^CD^|^6213^|^FAL^|^33^|^01^|^2^|^003^|^100^|^ H^|^Monitoring atas Dana Transfer dan Dana Desa^|^00^|^^|0|0
^2026^|^01^|^330171^|^015^|^08^|^CD^|^6215^|^FAH^|^33^|^01^|^2^|^001^|^100^|^ B^|^Penyusunan Laporan Statistik Keuangan Pemerintah Tingkat Wilayah^|^00^|^^|0|0
^2026^|^01^|^330171^|^015^|^08^|^CD^|^6215^|^FAH^|^33^|^01^|^2^|^003^|^100^|^ B^|^Koordinasi UAKBUN D (KPPN)^|^00^|^^|0|0
^2026^|^01^|^330171^|^015^|^08^|^WA^|^4715^|^EBA^|^33^|^01^|^2^|^001^|^100^|^ A^|^TANPA SUB KOMPONEN^|^00^|^^|0|0
^2026^|^01^|^330171^|^015^|^08^|^WA^|^4715^|^EBA^|^33^|^01^|^2^|^001^|^100^|^ B^|^Koordinasi Penyusunan ATK PU^|^00^|^^|0|0
^2026^|^01^|^330171^|^015^|^08^|^WA^|^4715^|^EBA^|^33^|^01^|^2^|^002^|^100^|^ A^|^TANPA SUB KOMPONEN^|^00^|^^|0|0
^2026^|^01^|^330171^|^015^|^08^|^WA^|^4715^|^EBA^|^33^|^01^|^2^|^994^|^002^|^ A^|^Keperluan Seharihari Perkantoran^|^00^|^^|0|0
^2026^|^01^|^330171^|^015^|^08^|^WA^|^4715^|^EBA^|^33^|^01^|^2^|^994^|^002^|^ B^|^Langganan Daya dan Jasa^|^00^|^^|0|0
^2026^|^01^|^330171^|^015^|^08^|^WA^|^4715^|^EBA^|^33^|^01^|^2^|^994^|^002^|^ C^|^Operasional Kantor^|^00^|^^|0|0
^2026^|^01^|^330171^|^015^|^08^|^WA^|^4715^|^EBA^|^33^|^01^|^2^|^994^|^002^|^ D^|^Pemeliharaan Peralatan dan Mesin^|^00^|^^|0|0
^2026^|^01^|^330171^|^015^|^08^|^WA^|^4715^|^EBA^|^33^|^01^|^2^|^994^|^002^|^ F^|^Ongkos Angkut Beras^|^00^|^^|0|0
^2026^|^01^|^330171^|^015^|^08^|^WA^|^4715^|^EBA^|^33^|^01^|^2^|^994^|^002^|^ G^|^Pemeliharaan Gedung dan Bangunan^|^00^|^^|0|0
^2026^|^01^|^330171^|^015^|^08^|^WA^|^4715^|^EBA^|^33^|^01^|^2^|^994^|^002^|^TJ^|^Jasa PemeliharaanAnnual Technical Support (ATS)^|^00^|^^|0|0
^2026^|^01^|^330171^|^015^|^08^|^WA^|^4715^|^EBB^|^33^|^01^|^2^|^004^|^100^|^RA^|^Pembangunan Rumah Dinas^|^00^|^^|0|0
^2026^|^01^|^330171^|^015^|^08^|^WA^|^4715^|^EBB^|^33^|^01^|^2^|^004^|^100^|^RB^|^Renovasi Rumah Dinas^|^00^|^^|0|0
^2026^|^01^|^330171^|^015^|^08^|^WA^|^4715^|^EBD^|^33^|^01^|^2^|^Z26^|^100^|^ A^|^Rakor Penyusunan Laporan Keuangan Tingkat UAPPAW^|^00^|^^|0|0
^2026^|^01^|^330171^|^015^|^08^|^WA^|^4715^|^EBD^|^33^|^01^|^2^|^Z36^|^100^|^ A^|^TANPA SUB KOMPONEN^|^00^|^^|0|0
^2026^|^01^|^330171^|^015^|^08^|^WA^|^4718^|^BMB^|^33^|^01^|^2^|^001^|^100^|^ A^|^TANPA SUB KOMPONEN^|^00^|^^|0|0
^2026^|^01^|^330171^|^015^|^08^|^WA^|^4718^|^BMB^|^33^|^01^|^2^|^002^|^100^|^ A^|^TANPA SUB KOMPONEN^|^00^|^^|0|0
^2026^|^01^|^330171^|^015^|^08^|^WA^|^4719^|^EBA^|^33^|^01^|^2^|^003^|^100^|^ B^|^Koordinasi Inovasi layanan^|^00^|^^|0|0
^2026^|^01^|^330171^|^015^|^08^|^WA^|^4719^|^EBA^|^33^|^01^|^2^|^994^|^001^|^ A^|^TANPA SUB KOMPONEN^|^00^|^^|0|0
^2026^|^01^|^330171^|^015^|^08^|^WA^|^4719^|^EBC^|^33^|^01^|^2^|^001^|^100^|^XC^|^Penyelenggaraan Capacity Building^|^00^|^^|0|0
^2026^|^01^|^330171^|^015^|^08^|^WA^|^4722^|^EBD^|^33^|^01^|^2^|^001^|^100^|^ A^|^Pelaksanaan Manajemen Risiko dan Kepatuhan Internal^|^00^|^^|0|0
^2026^|^01^|^330171^|^015^|^08^|^WA^|^6990^|^ABA^|^33^|^01^|^2^|^001^|^100^|^SA^|^Pokja Papua Barat Cerdas (Monitoring Dana Otsus Ke Pemda Prov. Papua Barat)^|^00^|^^|0|0
^2026^|^01^|^330171^|^015^|^08^|^WA^|^6990^|^ABA^|^33^|^01^|^2^|^001^|^100^|^SB^|^Pokja Papua Barat Sehat (Monitoring Dana Otsus Ke Pemda Prov. Papua Barat)^|^00^|^^|0|0
^2026^|^01^|^330171^|^015^|^08^|^WA^|^6990^|^ABA^|^33^|^01^|^2^|^001^|^100^|^SC^|^Pokja Papua Barat Produktif (Monitoring Dana Otsus Ke Pemda Prov. Papua Barat)^|^00^|^^|0|0
^2026^|^01^|^330171^|^015^|^08^|^WA^|^6990^|^ABA^|^33^|^01^|^2^|^001^|^100^|^SD^|^Pokja Papua Barat Polhukam (Monitoring Dana Otsus Ke Pemda Prov. Papua Barat)^|^00^|^^|0|0
^2026^|^01^|^330171^|^015^|^08^|^CD^|^6216^|^FAE^|^33^|^01^|^2^|^002^|^100^|^ A^|^Pelaksanaan Survei Bahan Sumbangan Standar Biaya Masukan^|^00^|^^|0|0
^2026^|^01^|^439165^|^015^|^08^|^CD^|^6216^|^AAH^|^01^|^51^|^1^|^F01^|^100^|^ A^|^Penyusunan Draf PSAP, Bultek dan IPSAP^|^00^|^^|0|0
^2026^|^01^|^439165^|^015^|^08^|^CD^|^6216^|^AAH^|^01^|^51^|^1^|^F01^|^100^|^ B^|^Implementasi PSAP, Bultek dan IPSAP^|^00^|^^|0|0
^2026^|^01^|^439165^|^015^|^08^|^CD^|^6216^|^AAH^|^01^|^51^|^1^|^F01^|^100^|^ C^|^Implementasi PSAP, Bultek dan IPSAP^|^00^|^^|0|0
^2026^|^01^|^439165^|^015^|^08^|^WA^|^4715^|^EBA^|^01^|^51^|^1^|^994^|^002^|^ A^|^TANPA SUB KOMPONEN^|^00^|^^|0|0
^2026^|^01^|^439165^|^015^|^08^|^WA^|^4715^|^EBA^|^01^|^51^|^1^|^994^|^002^|^TJ^|^Jasa PemeliharaanAnnual Technical Support (ATS)^|^00^|^^|0|0
^2026^|^01^|^445371^|^015^|^08^|^CD^|^6212^|^FAC^|^26^|^06^|^2^|^001^|^100^|^ A^|^Training Modul Aplikasi SAKTI^|^00^|^^|0|0
^2026^|^01^|^445371^|^015^|^08^|^CD^|^6212^|^FAC^|^26^|^06^|^2^|^001^|^100^|^ B^|^FGD dan Bimtek Transfer Keuangan Daerah^|^00^|^^|0|0
^2026^|^01^|^445371^|^015^|^08^|^CD^|^6212^|^FAH^|^26^|^06^|^2^|^001^|^100^|^ A^|^TANPA SUB KOMPONEN^|^00^|^^|0|0
^2026^|^01^|^445371^|^015^|^08^|^CD^|^6212^|^FAL^|^26^|^06^|^2^|^004^|^100^|^ A^|^Konsultasi^|^00^|^^|0|0
^2026^|^01^|^445371^|^015^|^08^|^CD^|^6212^|^FAL^|^26^|^06^|^2^|^004^|^100^|^ B^|^Sosialisasi dan Bimbingan Teknis^|^00^|^^|0|0
^2026^|^01^|^445371^|^015^|^08^|^CD^|^6212^|^FAL^|^26^|^06^|^2^|^004^|^100^|^ D^|^Pembinaan Pemda, TKD, dan Penandatanganan BAR^|^00^|^^|0|0
^2026^|^01^|^445371^|^015^|^08^|^CD^|^6213^|^FAC^|^26^|^06^|^2^|^001^|^100^|^ A^|^Pembinaan Jabatan Fungsional Perbendaharaan^|^00^|^^|0|0
^2026^|^01^|^445371^|^015^|^08^|^CD^|^6213^|^FAL^|^26^|^06^|^2^|^003^|^100^|^ A^|^Monev Pelaksanaan Anggaran^|^00^|^^|0|0
^2026^|^01^|^445371^|^015^|^08^|^CD^|^6214^|^FAL^|^26^|^06^|^2^|^002^|^100^|^ A^|^Pelaksanaan PencairanPenarikanPengesahan Dana^|^00^|^^|0|0
^2026^|^01^|^445371^|^015^|^08^|^CD^|^6214^|^FAL^|^26^|^06^|^2^|^002^|^100^|^ B^|^PenerbitanPersetujuanRekonsiliasi RekeningSKPPKonfirmasi Penerimaan Negara, dll^|^00^|^^|0|0
^2026^|^01^|^445371^|^015^|^08^|^CD^|^6215^|^FAH^|^26^|^06^|^2^|^003^|^100^|^ A^|^Penyusunan Laporan Keuangan Tingkat Kuasa BUN di Daerah^|^00^|^^|0|0
^2026^|^01^|^445371^|^015^|^08^|^WA^|^4715^|^EBA^|^26^|^06^|^2^|^001^|^100^|^ A^|^TANPA SUB KOMPONEN^|^00^|^^|0|0
^2026^|^01^|^445371^|^015^|^08^|^WA^|^4715^|^EBA^|^26^|^06^|^2^|^001^|^100^|^ B^|^Koordinasi Penyusunan ATK PU^|^00^|^^|0|0
^2026^|^01^|^445371^|^015^|^08^|^WA^|^4715^|^EBA^|^26^|^06^|^2^|^002^|^100^|^ B^|^TANPA SUB KOMPONEN^|^00^|^^|0|0
^2026^|^01^|^445371^|^015^|^08^|^WA^|^4715^|^EBA^|^26^|^06^|^2^|^994^|^002^|^ A^|^Keperluan Seharihari Perkantoran^|^00^|^^|0|0
^2026^|^01^|^445371^|^015^|^08^|^WA^|^4715^|^EBA^|^26^|^06^|^2^|^994^|^002^|^ B^|^Langganan Daya dan Jasa^|^00^|^^|0|0
^2026^|^01^|^445371^|^015^|^08^|^WA^|^4715^|^EBA^|^26^|^06^|^2^|^994^|^002^|^ C^|^Pelaksanaan Operasional Kantor^|^00^|^^|0|0
^2026^|^01^|^445371^|^015^|^08^|^WA^|^4715^|^EBA^|^26^|^06^|^2^|^994^|^002^|^ D^|^Pemeliharaan Peralatan dan Mesin^|^00^|^^|0|0
^2026^|^01^|^445371^|^015^|^08^|^WA^|^4715^|^EBA^|^26^|^06^|^2^|^994^|^002^|^ G^|^Pemeliharaan Gedung dan Bangunan^|^00^|^^|0|0
^2026^|^01^|^445371^|^015^|^08^|^WA^|^4715^|^EBD^|^26^|^06^|^2^|^Z36^|^100^|^ A^|^Perumusan Kebijakan Pengelolaan Kinerja Organisasi^|^00^|^^|0|0
^2026^|^01^|^445371^|^015^|^08^|^WA^|^4718^|^BMB^|^26^|^06^|^2^|^001^|^100^|^ A^|^TANPA SUB KOMPONEN^|^00^|^^|0|0
^2026^|^01^|^445371^|^015^|^08^|^WA^|^4718^|^BMB^|^26^|^06^|^2^|^002^|^100^|^ A^|^TANPA SUB KOMPONEN^|^00^|^^|0|0
^2026^|^01^|^445371^|^015^|^08^|^WA^|^4719^|^EBA^|^26^|^06^|^2^|^004^|^100^|^ A^|^Survey Kepuasan Pengguna Layanan^|^00^|^^|0|0
^2026^|^01^|^445371^|^015^|^08^|^WA^|^4719^|^EBA^|^26^|^06^|^2^|^994^|^001^|^ A^|^TANPA SUB KOMPONEN^|^00^|^^|0|0
^2026^|^01^|^445371^|^015^|^08^|^WA^|^4719^|^EBC^|^26^|^06^|^2^|^001^|^100^|^XC^|^Penyelenggaraan Capacity Building^|^00^|^^|0|0
^2026^|^01^|^451531^|^015^|^08^|^CD^|^6212^|^BMB^|^02^|^51^|^2^|^001^|^100^|^ A^|^Profiling UMKM^|^00^|^^|0|0
^2026^|^01^|^451531^|^015^|^08^|^CD^|^6212^|^FAC^|^02^|^51^|^2^|^001^|^100^|^ A^|^TANPA SUB KOMPONEN^|^00^|^^|0|0
^2026^|^01^|^451531^|^015^|^08^|^CD^|^6212^|^FAC^|^02^|^51^|^2^|^001^|^100^|^ B^|^FGD dan Bimtek Transfer Keuangan Daerah^|^00^|^^|0|0
^2026^|^01^|^451531^|^015^|^08^|^CD^|^6212^|^FAH^|^02^|^51^|^2^|^001^|^100^|^ A^|^TANPA SUB KOMPONEN^|^00^|^^|0|0
^2026^|^01^|^451531^|^015^|^08^|^CD^|^6212^|^FAL^|^02^|^51^|^2^|^004^|^100^|^ A^|^Konsultasi^|^00^|^^|0|0
^2026^|^01^|^451531^|^015^|^08^|^CD^|^6212^|^FAL^|^02^|^51^|^2^|^004^|^100^|^ B^|^Sosialisasi dan Bimbingan Teknis^|^00^|^^|0|0
^2026^|^01^|^451531^|^015^|^08^|^CD^|^6212^|^FAL^|^02^|^51^|^2^|^004^|^100^|^ D^|^Pembinaan Pemda, TKD dan Penandatanganan BAR^|^00^|^^|0|0
^2026^|^01^|^451531^|^015^|^08^|^CD^|^6213^|^FAC^|^02^|^51^|^2^|^001^|^100^|^ A^|^Pembinaan Jabatan Fungsional Perbendaharaan^|^00^|^^|0|0
^2026^|^01^|^451531^|^015^|^08^|^CD^|^6213^|^FAE^|^02^|^51^|^2^|^009^|^100^|^ A^|^Monev Penyaluran Pembiayaan Ultra Mikro^|^00^|^^|0|0
^2026^|^01^|^451531^|^015^|^08^|^CD^|^6213^|^FAL^|^02^|^51^|^2^|^003^|^100^|^ A^|^Monev Pelaksanaan Anggaran^|^00^|^^|0|0
^2026^|^01^|^451531^|^015^|^08^|^CD^|^6214^|^FAL^|^02^|^51^|^2^|^002^|^100^|^ A^|^Pelaksanaan PencairanPenarikanPengesahan Dana^|^00^|^^|0|0
^2026^|^01^|^451531^|^015^|^08^|^CD^|^6214^|^FAL^|^02^|^51^|^2^|^002^|^100^|^ B^|^PenerbitanPersetujuanRekonsiliasi RekeningSKPPKonfirmasi Penerimaan Negara dll^|^00^|^^|0|0
^2026^|^01^|^451531^|^015^|^08^|^CD^|^6215^|^FAH^|^02^|^51^|^2^|^003^|^100^|^ A^|^Penyusunan Laporan Keuangan Tingkat Kuasa BUN di Daerah^|^00^|^^|0|0
^2026^|^01^|^451531^|^015^|^08^|^CD^|^6215^|^FAH^|^02^|^51^|^2^|^003^|^100^|^ B^|^Koordinasi UAKBUND KPPN di Kanwil^|^00^|^^|0|0
^2026^|^01^|^451531^|^015^|^08^|^WA^|^4715^|^EBA^|^02^|^51^|^2^|^001^|^100^|^ A^|^TANPA SUB KOMPONEN^|^00^|^^|0|0
^2026^|^01^|^451531^|^015^|^08^|^WA^|^4715^|^EBA^|^02^|^51^|^2^|^001^|^100^|^ B^|^KOORDINASI PENYUSUNAN ATK PU^|^00^|^^|0|0
^2026^|^01^|^451531^|^015^|^08^|^WA^|^4715^|^EBA^|^02^|^51^|^2^|^002^|^100^|^ A^|^TANPA SUB KOMPONEN^|^00^|^^|0|0
^2026^|^01^|^451531^|^015^|^08^|^WA^|^4715^|^EBA^|^02^|^51^|^2^|^994^|^002^|^ A^|^Keperluan Seharihari Perkantoran^|^00^|^^|0|0
^2026^|^01^|^451531^|^015^|^08^|^WA^|^4715^|^EBA^|^02^|^51^|^2^|^994^|^002^|^ B^|^Langganan Daya dan Jasa^|^00^|^^|0|0
^2026^|^01^|^451531^|^015^|^08^|^WA^|^4715^|^EBA^|^02^|^51^|^2^|^994^|^002^|^ C^|^Pelaksanaan Operasional Kantor^|^00^|^^|0|0
^2026^|^01^|^451531^|^015^|^08^|^WA^|^4715^|^EBA^|^02^|^51^|^2^|^994^|^002^|^ D^|^Pemeliharaan Peralatan dan Mesin^|^00^|^^|0|0
^2026^|^01^|^451531^|^015^|^08^|^WA^|^4715^|^EBA^|^02^|^51^|^2^|^994^|^002^|^ G^|^Pemeliharaan Gedung dan Bangunan^|^00^|^^|0|0
^2026^|^01^|^451531^|^015^|^08^|^WA^|^4715^|^EBA^|^02^|^51^|^2^|^994^|^002^|^TJ^|^Jasa PemeliharaanAnnual Technical Support (ATS)^|^00^|^^|0|0
^2026^|^01^|^451531^|^015^|^08^|^WA^|^4715^|^EBB^|^02^|^51^|^2^|^002^|^100^|^ A^|^TANPA SUB KOMPONEN^|^00^|^^|0|0
^2026^|^01^|^451531^|^015^|^08^|^WA^|^4715^|^EBD^|^02^|^51^|^2^|^Z36^|^100^|^ B^|^Pelaksanaan Manajemen Kinerja, Resiko dan Kepatuhan Internal^|^00^|^^|0|0
^2026^|^01^|^451531^|^015^|^08^|^WA^|^4718^|^BMB^|^02^|^51^|^2^|^001^|^100^|^ A^|^TANPA SUB KOMPONEN^|^00^|^^|0|0
^2026^|^01^|^451531^|^015^|^08^|^WA^|^4718^|^BMB^|^02^|^51^|^2^|^002^|^100^|^ A^|^TANPA SUB KOMPONEN^|^00^|^^|0|0
^2026^|^01^|^451531^|^015^|^08^|^WA^|^4719^|^EBA^|^02^|^51^|^2^|^004^|^100^|^ A^|^Survey Kepuasan Pengguna Layanan^|^00^|^^|0|0
^2026^|^01^|^451531^|^015^|^08^|^WA^|^4719^|^EBA^|^02^|^51^|^2^|^994^|^001^|^ A^|^TANPA SUB KOMPONEN^|^00^|^^|0|0
^2026^|^01^|^451531^|^015^|^08^|^WA^|^4719^|^EBC^|^02^|^51^|^2^|^001^|^100^|^XC^|^Penyelenggaraan Capacity Building^|^00^|^^|0|0
^2026^|^01^|^340249^|^015^|^08^|^CD^|^6213^|^FAE^|^34^|^02^|^2^|^008^|^100^|^ A^|^Koordinasi Pelaksanaan Tugas RCE  ALCo^|^00^|^^|0|0
^2026^|^01^|^340249^|^015^|^08^|^CD^|^6213^|^FAE^|^34^|^02^|^2^|^009^|^100^|^ B^|^Monitoring dan  Evaluasi KURPenerusan Pinjaman^|^00^|^^|0|0
^2026^|^01^|^340249^|^015^|^08^|^CD^|^6213^|^FAE^|^34^|^02^|^2^|^009^|^100^|^ E^|^Stakeholders Day^|^00^|^^|0|0
^2026^|^01^|^340249^|^015^|^08^|^CD^|^6213^|^FAL^|^34^|^02^|^2^|^003^|^100^|^ A^|^Pelaksanaan Spending Review^|^00^|^^|0|0
^2026^|^01^|^340249^|^015^|^08^|^CD^|^6213^|^FAL^|^34^|^02^|^2^|^003^|^100^|^ C^|^Review Pelaksanaan Anggaran^|^00^|^^|0|0
^2026^|^01^|^340249^|^015^|^08^|^CD^|^6213^|^FAL^|^34^|^02^|^2^|^003^|^100^|^ D^|^Monitoring dan Evaluasi Pelaksanaan Anggaran^|^00^|^^|0|0
^2026^|^01^|^340249^|^015^|^08^|^CD^|^6213^|^FAL^|^34^|^02^|^2^|^003^|^100^|^ E^|^Pengumpulan InformasiPenajaman Data Fiskal RegionalPenyusunan KFR^|^00^|^^|0|0
^2026^|^01^|^340249^|^015^|^08^|^CD^|^6213^|^FAL^|^34^|^02^|^2^|^003^|^100^|^ F^|^Publikasi Kajian Fiskal Regional (Full Cost)^|^00^|^^|0|0
^2026^|^01^|^340249^|^015^|^08^|^CD^|^6213^|^FAL^|^34^|^02^|^2^|^003^|^100^|^ G^|^Pengumpulan Konfirmasi Informasi Pengelolaan Keuangan Daerah dan Penyusunan Profil Keuangan Daerah^|^00^|^^|0|0
^2026^|^01^|^340249^|^015^|^08^|^CD^|^6213^|^FAL^|^34^|^02^|^2^|^003^|^100^|^ H^|^Monitoring atas Dana Transfer dan Dana Desa^|^00^|^^|0|0
^2026^|^01^|^340249^|^015^|^08^|^CD^|^6215^|^FAH^|^34^|^02^|^2^|^001^|^100^|^ A^|^Koordinasi Laporan Keuangan Pemerintah Daerah danatau BLUD^|^00^|^^|0|0
^2026^|^01^|^340249^|^015^|^08^|^CD^|^6215^|^FAH^|^34^|^02^|^2^|^001^|^100^|^ B^|^Penyusunan Laporan Statistik Keuangan Pemerintah Tingkat Wilayah^|^00^|^^|0|0
^2026^|^01^|^340249^|^015^|^08^|^CD^|^6215^|^FAH^|^34^|^02^|^2^|^003^|^100^|^ A^|^Pembinaan UAKBUN D (KPPN)^|^00^|^^|0|0
^2026^|^01^|^340249^|^015^|^08^|^CD^|^6215^|^FAH^|^34^|^02^|^2^|^003^|^100^|^ B^|^Koordinasi UAKBUND (KPPN) (Cross Program)^|^00^|^^|0|0
^2026^|^01^|^340249^|^015^|^08^|^CD^|^6216^|^FAE^|^34^|^02^|^2^|^002^|^100^|^ A^|^Pelaksanaan Survei Bahan Sumbangan Standar Biaya Masukan^|^00^|^^|0|0
^2026^|^01^|^340249^|^015^|^08^|^WA^|^4715^|^EBA^|^34^|^02^|^2^|^001^|^100^|^ A^|^TANPA SUB KOMPONEN^|^00^|^^|0|0
^2026^|^01^|^340249^|^015^|^08^|^WA^|^4715^|^EBA^|^34^|^02^|^2^|^001^|^100^|^ B^|^Koordinasi Penyusunan ATK PU^|^00^|^^|0|0
^2026^|^01^|^340249^|^015^|^08^|^WA^|^4715^|^EBA^|^34^|^02^|^2^|^002^|^100^|^ A^|^TANPA SUB KOMPONEN^|^00^|^^|0|0
^2026^|^01^|^340249^|^015^|^08^|^WA^|^4715^|^EBA^|^34^|^02^|^2^|^994^|^002^|^ A^|^Keperluan Seharihari Perkantoran^|^00^|^^|0|0
^2026^|^01^|^340249^|^015^|^08^|^WA^|^4715^|^EBA^|^34^|^02^|^2^|^994^|^002^|^ B^|^Langganan Daya dan Jasa^|^00^|^^|0|0
^2026^|^01^|^340249^|^015^|^08^|^WA^|^4715^|^EBA^|^34^|^02^|^2^|^994^|^002^|^ C^|^Pelaksanaan Operasional Kantor^|^00^|^^|0|0
^2026^|^01^|^340249^|^015^|^08^|^WA^|^4715^|^EBA^|^34^|^02^|^2^|^994^|^002^|^ D^|^Pemeliharaan Peralatan dan Mesin^|^00^|^^|0|0
^2026^|^01^|^340249^|^015^|^08^|^WA^|^4715^|^EBA^|^34^|^02^|^2^|^994^|^002^|^TJ^|^Jasa Pemeliharaan Annual Technical Support (ATS)^|^00^|^^|0|0
^2026^|^01^|^340249^|^015^|^08^|^WA^|^4715^|^EBD^|^34^|^02^|^2^|^Z26^|^100^|^ A^|^Rakor Penyusunan Laporan Keuangan Tingkat UAPPAW^|^00^|^^|0|0
^2026^|^01^|^340249^|^015^|^08^|^WA^|^4715^|^EBD^|^34^|^02^|^2^|^Z36^|^100^|^ A^|^TANPA SUB KOMPONEN^|^00^|^^|0|0
^2026^|^01^|^340249^|^015^|^08^|^WA^|^4718^|^BMB^|^34^|^02^|^2^|^001^|^100^|^ A^|^TANPA SUB KOMPONEN^|^00^|^^|0|0
^2026^|^01^|^340249^|^015^|^08^|^WA^|^4718^|^BMB^|^34^|^02^|^2^|^002^|^100^|^ A^|^TANPA SUB KOMPONEN^|^00^|^^|0|0
^2026^|^01^|^340249^|^015^|^08^|^WA^|^4719^|^EBA^|^34^|^02^|^2^|^003^|^100^|^ B^|^Koordinasi Inovasi layanan^|^00^|^^|0|0
^2026^|^01^|^340249^|^015^|^08^|^WA^|^4719^|^EBA^|^34^|^02^|^2^|^994^|^001^|^ A^|^TANPA SUB KOMPONEN^|^00^|^^|0|0
^2026^|^01^|^340249^|^015^|^08^|^WA^|^4719^|^EBC^|^34^|^02^|^2^|^001^|^100^|^XC^|^Penyelenggaraan Capacity Building^|^00^|^^|0|0
^2026^|^01^|^340249^|^015^|^08^|^WA^|^4722^|^EBD^|^34^|^02^|^2^|^001^|^100^|^ A^|^Pelaksanaan Manajemen Resiko dan Kepatuhan Internal^|^00^|^^|0|0
^2026^|^01^|^340249^|^015^|^08^|^CD^|^6212^|^BMB^|^34^|^02^|^2^|^001^|^100^|^ B^|^Pemberdayaan UMKM  SosialisasiBimtekAsistensi dan BazarPojokRumah UMKM^|^00^|^^|0|0
^2026^|^01^|^340249^|^015^|^08^|^CD^|^6212^|^BMB^|^34^|^02^|^2^|^001^|^100^|^ C^|^Monitoring dan Evaluasi^|^00^|^^|0|0
^2026^|^01^|^340249^|^015^|^08^|^CD^|^6212^|^BMB^|^34^|^02^|^2^|^001^|^100^|^ D^|^Komunikasi Publik  BazarPojokRumah UMKM^|^00^|^^|0|0
^2026^|^01^|^340249^|^015^|^08^|^CD^|^6212^|^FAC^|^34^|^02^|^2^|^002^|^100^|^ A^|^Pembinaan Satker BLU^|^00^|^^|0|0
^2026^|^01^|^340249^|^015^|^08^|^CD^|^6212^|^FAH^|^34^|^02^|^2^|^002^|^100^|^ A^|^Forum Koordinasi dan Rekonsiliasi Data dengan Bank Indonesia^|^00^|^^|0|0
^2026^|^01^|^340249^|^015^|^08^|^CD^|^6212^|^FAH^|^34^|^02^|^2^|^002^|^100^|^ B^|^Pembinaan SAP pada Pemerintah Daerah^|^00^|^^|0|0
^2026^|^01^|^340249^|^015^|^08^|^CD^|^6212^|^FAH^|^34^|^02^|^2^|^002^|^100^|^ C^|^SosialisasiBimtekWorkshopFGD dengan Pemda^|^00^|^^|0|0
^2026^|^01^|^340249^|^015^|^08^|^CD^|^6212^|^FAH^|^34^|^02^|^2^|^003^|^100^|^ A^|^Pendampingan Penyusunan dan Penyelesaian Permasalahan Laporan Keuangan UAPPAW dan BLU^|^00^|^^|0|0
^2026^|^01^|^340249^|^015^|^08^|^CD^|^6212^|^FAH^|^34^|^02^|^2^|^003^|^100^|^ B^|^Sosialisasi dan Bimbingan Teknis UAPPAW^|^00^|^^|0|0
^2026^|^01^|^340249^|^015^|^08^|^CD^|^6212^|^FAL^|^34^|^02^|^2^|^001^|^100^|^ A^|^Sosialisasi PeraturanKebijakan Pelaksanaan Anggaran^|^00^|^^|0|0
^2026^|^01^|^340249^|^015^|^08^|^CD^|^6212^|^FAL^|^34^|^02^|^2^|^001^|^100^|^ B^|^Pengkoordinasian Kerjasama Ekonomi dan Keuangan Daerah^|^00^|^^|0|0
^2026^|^01^|^340249^|^015^|^08^|^CD^|^6212^|^FAL^|^34^|^02^|^2^|^001^|^100^|^ C^|^Pembinaan dan Bimtek Pengelolaan Keuangan Daerah^|^00^|^^|0|0
^2026^|^01^|^340249^|^015^|^08^|^CD^|^6212^|^FAL^|^34^|^02^|^2^|^001^|^100^|^ D^|^Penyerahan DIPA^|^00^|^^|0|0
^2026^|^01^|^340249^|^015^|^08^|^CD^|^6213^|^ABA^|^34^|^02^|^2^|^001^|^100^|^ A^|^Penyusunan Analisis Potensi Pembiayaan dan Pelaksanaan MoU DJPb dan PT SMI di Daerah^|^00^|^^|0|0
^2026^|^01^|^451604^|^015^|^08^|^CD^|^6212^|^FAC^|^34^|^02^|^2^|^001^|^100^|^ A^|^Training Modul Aplikasi SAKTI^|^00^|^^|0|0
^2026^|^01^|^451604^|^015^|^08^|^CD^|^6212^|^FAC^|^34^|^02^|^2^|^001^|^100^|^ B^|^FGD dan Bimtek Transfer Keuangan Daerah^|^00^|^^|0|0
^2026^|^01^|^451604^|^015^|^08^|^CD^|^6212^|^FAH^|^34^|^02^|^2^|^001^|^100^|^ A^|^TANPA SUB KOMPONEN^|^00^|^^|0|0
^2026^|^01^|^451604^|^015^|^08^|^CD^|^6212^|^FAL^|^34^|^02^|^2^|^004^|^100^|^ A^|^Konsultasi^|^00^|^^|0|0
^2026^|^01^|^451604^|^015^|^08^|^CD^|^6212^|^FAL^|^34^|^02^|^2^|^004^|^100^|^ B^|^Sosialisasi dan Bimbingan Teknis^|^00^|^^|0|0
^2026^|^01^|^451604^|^015^|^08^|^CD^|^6212^|^FAL^|^34^|^02^|^2^|^004^|^100^|^ D^|^Pembinaan Pemda, TKD, dan Penandatanganan BAR^|^00^|^^|0|0
^2026^|^01^|^451604^|^015^|^08^|^CD^|^6213^|^FAC^|^34^|^02^|^2^|^001^|^100^|^ A^|^Pembinaan Jabatan Fungsional Perbendaharaan^|^00^|^^|0|0
^2026^|^01^|^451604^|^015^|^08^|^CD^|^6213^|^FAE^|^34^|^02^|^2^|^009^|^100^|^ A^|^Monev Penyaluran Pembiayaan Ultra Mikro^|^00^|^^|0|0
^2026^|^01^|^451604^|^015^|^08^|^CD^|^6213^|^FAL^|^34^|^02^|^2^|^003^|^100^|^ A^|^Monev Pelaksanaan Anggaran^|^00^|^^|0|0
^2026^|^01^|^451604^|^015^|^08^|^CD^|^6214^|^FAL^|^34^|^02^|^2^|^002^|^100^|^ A^|^Pelaksanaan PencairanPenarikanPengesahan Dana^|^00^|^^|0|0
^2026^|^01^|^451604^|^015^|^08^|^CD^|^6214^|^FAL^|^34^|^02^|^2^|^002^|^100^|^ B^|^PenerbitanPersetujuanRekonsiliasi RekeningSKPPKonfirmasi Penerimaan Negara, dll^|^00^|^^|0|0
^2026^|^01^|^451604^|^015^|^08^|^CD^|^6215^|^FAH^|^34^|^02^|^2^|^003^|^100^|^ A^|^Penyusunan Laporan Keuangan Tingkat Kuasa BUN di Daerah^|^00^|^^|0|0
^2026^|^01^|^451604^|^015^|^08^|^WA^|^4715^|^EBA^|^34^|^02^|^2^|^001^|^100^|^ A^|^TANPA SUB KOMPONEN^|^00^|^^|0|0
^2026^|^01^|^451604^|^015^|^08^|^WA^|^4715^|^EBA^|^34^|^02^|^2^|^002^|^100^|^ A^|^TANPA SUB KOMPONEN^|^00^|^^|0|0
^2026^|^01^|^451604^|^015^|^08^|^WA^|^4715^|^EBA^|^34^|^02^|^2^|^994^|^002^|^ A^|^Keperluan Seharihari Perkantoran^|^00^|^^|0|0
^2026^|^01^|^451604^|^015^|^08^|^WA^|^4715^|^EBA^|^34^|^02^|^2^|^994^|^002^|^ B^|^Langganan Daya dan Jasa^|^00^|^^|0|0
^2026^|^01^|^451604^|^015^|^08^|^WA^|^4715^|^EBA^|^34^|^02^|^2^|^994^|^002^|^ C^|^Pelaksanaan Operasional Kantor^|^00^|^^|0|0
^2026^|^01^|^451604^|^015^|^08^|^WA^|^4715^|^EBA^|^34^|^02^|^2^|^994^|^002^|^ D^|^Pemeliharaan Peralatan dan Mesin^|^00^|^^|0|0
^2026^|^01^|^451604^|^015^|^08^|^WA^|^4715^|^EBA^|^34^|^02^|^2^|^994^|^002^|^TJ^|^Jasa Pemeliharaan Annual Technical Support (ATS)^|^00^|^^|0|0
^2026^|^01^|^451604^|^015^|^08^|^WA^|^4715^|^EBD^|^34^|^02^|^2^|^Z36^|^100^|^ B^|^Pelaksanaan Manajemen Kinerja, Resiko dan Kepatuhan Internal^|^00^|^^|0|0
^2026^|^01^|^451604^|^015^|^08^|^WA^|^4718^|^BMB^|^34^|^02^|^2^|^002^|^100^|^ A^|^TANPA SUB KOMPONEN^|^00^|^^|0|0
^2026^|^01^|^451604^|^015^|^08^|^WA^|^4718^|^BMB^|^34^|^02^|^2^|^001^|^100^|^ A^|^TANPA SUB KOMPONEN^|^00^|^^|0|0
^2026^|^01^|^451604^|^015^|^08^|^WA^|^4719^|^EBA^|^34^|^02^|^2^|^994^|^001^|^ A^|^TANPA SUB KOMPONEN^|^00^|^^|0|0
^2026^|^01^|^451604^|^015^|^08^|^WA^|^4719^|^EBA^|^34^|^02^|^2^|^004^|^100^|^ A^|^Survey Kepuasan Pengguna Layanan^|^00^|^^|0|0
^2026^|^01^|^451604^|^015^|^08^|^WA^|^4719^|^EBC^|^34^|^02^|^2^|^001^|^100^|^XC^|^Penyelenggaraan Capacity Building^|^00^|^^|0|0
^2026^|^01^|^452878^|^015^|^08^|^CD^|^6212^|^BMB^|^28^|^03^|^2^|^001^|^100^|^ A^|^Profiling UMKM^|^00^|^^|0|0
^2026^|^01^|^452878^|^015^|^08^|^CD^|^6212^|^FAC^|^28^|^03^|^2^|^001^|^100^|^ A^|^Training Modul Aplikasi SAKTI^|^00^|^^|0|0
^2026^|^01^|^452878^|^015^|^08^|^CD^|^6212^|^FAC^|^28^|^03^|^2^|^001^|^100^|^ B^|^FGD dan Bimtek Transfer Keuangan Daerah^|^00^|^^|0|0
^2026^|^01^|^452878^|^015^|^08^|^CD^|^6212^|^FAH^|^28^|^03^|^2^|^001^|^100^|^ A^|^TANPA SUB KOMPONEN^|^00^|^^|0|0
^2026^|^01^|^452878^|^015^|^08^|^CD^|^6212^|^FAL^|^28^|^03^|^2^|^004^|^100^|^ A^|^Konsultasi^|^00^|^^|0|0
^2026^|^01^|^452878^|^015^|^08^|^CD^|^6212^|^FAL^|^28^|^03^|^2^|^004^|^100^|^ B^|^Sosialisasi dan Bimbingan Teknis^|^00^|^^|0|0
^2026^|^01^|^452878^|^015^|^08^|^CD^|^6212^|^FAL^|^28^|^03^|^2^|^004^|^100^|^ D^|^Pembinaan Pemda, TKD, dan Penandatanganan BAR^|^00^|^^|0|0
^2026^|^01^|^452878^|^015^|^08^|^CD^|^6213^|^FAC^|^28^|^03^|^2^|^001^|^100^|^ A^|^Pembinaan Jabatan Fungsional Perbendaharaan^|^00^|^^|0|0
^2026^|^01^|^452878^|^015^|^08^|^CD^|^6214^|^FAL^|^28^|^03^|^2^|^002^|^100^|^ A^|^Pelaksanaan PencairanPenarikanPengesahan Dana^|^00^|^^|0|0
^2026^|^01^|^452878^|^015^|^08^|^CD^|^6214^|^FAL^|^28^|^03^|^2^|^002^|^100^|^ B^|^PenerbitanPersetujuanRekonsiliasi RekeningSKPPKonfirmasi Penerimaan Negara, dll^|^00^|^^|0|0
^2026^|^01^|^452878^|^015^|^08^|^CD^|^6215^|^FAH^|^28^|^03^|^2^|^003^|^100^|^ A^|^Penyusunan Laporan Keuangan Tingkat Kuasa BUN di Daerah^|^00^|^^|0|0
^2026^|^01^|^452878^|^015^|^08^|^WA^|^4715^|^EBA^|^28^|^03^|^2^|^001^|^100^|^ A^|^TANPA SUB KOMPONEN^|^00^|^^|0|0
^2026^|^01^|^452878^|^015^|^08^|^WA^|^4715^|^EBA^|^28^|^03^|^2^|^002^|^100^|^ A^|^TANPA SUB KOMPONEN^|^00^|^^|0|0
^2026^|^01^|^452878^|^015^|^08^|^WA^|^4715^|^EBA^|^28^|^03^|^2^|^994^|^002^|^ A^|^Keperluan Seharihari Perkantoran^|^00^|^^|0|0
^2026^|^01^|^452878^|^015^|^08^|^WA^|^4715^|^EBA^|^28^|^03^|^2^|^994^|^002^|^ B^|^Langganan Daya dan Jasa^|^00^|^^|0|0
^2026^|^01^|^452878^|^015^|^08^|^WA^|^4715^|^EBA^|^28^|^03^|^2^|^994^|^002^|^ C^|^Pelaksanaan Operasional Kantor^|^00^|^^|0|0
^2026^|^01^|^452878^|^015^|^08^|^WA^|^4715^|^EBA^|^28^|^03^|^2^|^994^|^002^|^ D^|^Pemeliharaan Peralatan dan Mesin^|^00^|^^|0|0
^2026^|^01^|^452878^|^015^|^08^|^WA^|^4715^|^EBA^|^28^|^03^|^2^|^994^|^002^|^ G^|^Pemeliharaan Gedung dan Bangunan^|^00^|^^|0|0
^2026^|^01^|^452878^|^015^|^08^|^WA^|^4715^|^EBA^|^28^|^03^|^2^|^994^|^002^|^TJ^|^Jasa PemeliharaanAnnual Technical Support (ATS)^|^00^|^^|0|0
^2026^|^01^|^452878^|^015^|^08^|^WA^|^4715^|^EBD^|^28^|^03^|^2^|^Z36^|^100^|^ B^|^Pelaksanaan Manajemen Kinerja, Resiko dan Kepatuhan Internal^|^00^|^^|0|0
^2026^|^01^|^452878^|^015^|^08^|^WA^|^4718^|^BMB^|^28^|^03^|^2^|^001^|^100^|^ A^|^TANPA SUB KOMPONEN^|^00^|^^|0|0
^2026^|^01^|^452878^|^015^|^08^|^WA^|^4718^|^BMB^|^28^|^03^|^2^|^002^|^100^|^ A^|^TANPA SUB KOMPONEN^|^00^|^^|0|0
^2026^|^01^|^452878^|^015^|^08^|^WA^|^4719^|^EBA^|^28^|^03^|^2^|^004^|^100^|^ A^|^Survey Kepuasan Pengguna Layanan^|^00^|^^|0|0
^2026^|^01^|^452878^|^015^|^08^|^WA^|^4719^|^EBA^|^28^|^03^|^2^|^994^|^001^|^ A^|^TANPA SUB KOMPONEN^|^00^|^^|0|0
^2026^|^01^|^452878^|^015^|^08^|^WA^|^4719^|^EBC^|^28^|^03^|^2^|^001^|^100^|^XC^|^Penyelenggaraan Capacity Building^|^00^|^^|0|0
^2026^|^01^|^451547^|^015^|^08^|^CD^|^6212^|^BMB^|^03^|^51^|^2^|^001^|^100^|^ A^|^Profiling UMKM^|^00^|^^|0|0
^2026^|^01^|^451547^|^015^|^08^|^CD^|^6212^|^FAC^|^03^|^51^|^2^|^001^|^100^|^ A^|^Training Modul Aplikasi SAKTI^|^00^|^^|0|0
^2026^|^01^|^451547^|^015^|^08^|^CD^|^6212^|^FAC^|^03^|^51^|^2^|^001^|^100^|^ B^|^FGD dan Bimtek Transfer Keuangan Daerah^|^00^|^^|0|0
^2026^|^01^|^451547^|^015^|^08^|^CD^|^6212^|^FAH^|^03^|^51^|^2^|^001^|^100^|^ A^|^TANPA SUB KOMPONEN^|^00^|^^|0|0
^2026^|^01^|^451547^|^015^|^08^|^CD^|^6212^|^FAL^|^03^|^51^|^2^|^004^|^100^|^ A^|^Konsultasi^|^00^|^^|0|0
^2026^|^01^|^451547^|^015^|^08^|^CD^|^6212^|^FAL^|^03^|^51^|^2^|^004^|^100^|^ B^|^Sosialisasi dan Bimbingan Teknis^|^00^|^^|0|0
^2026^|^01^|^451547^|^015^|^08^|^CD^|^6212^|^FAL^|^03^|^51^|^2^|^004^|^100^|^ D^|^Pembinaan Pemda, TKD dan Penandatanganan BAR^|^00^|^^|0|0
^2026^|^01^|^451547^|^015^|^08^|^CD^|^6213^|^FAC^|^03^|^51^|^2^|^001^|^100^|^ A^|^Pembinaan Jabatan Fungsional Perbendaharaan^|^00^|^^|0|0
^2026^|^01^|^451547^|^015^|^08^|^CD^|^6213^|^FAE^|^03^|^51^|^2^|^009^|^100^|^ A^|^Monev Penyaluran Pembiayaan Ultra Mikro^|^00^|^^|0|0
^2026^|^01^|^451547^|^015^|^08^|^CD^|^6213^|^FAL^|^03^|^51^|^2^|^003^|^100^|^ A^|^Monev Pelaksanaan Anggaran^|^00^|^^|0|0
^2026^|^01^|^451547^|^015^|^08^|^CD^|^6214^|^FAL^|^03^|^51^|^2^|^002^|^100^|^ A^|^Pelaksanaan PencairanPenarikanPengesahan Dana^|^00^|^^|0|0
^2026^|^01^|^451547^|^015^|^08^|^CD^|^6214^|^FAL^|^03^|^51^|^2^|^002^|^100^|^ B^|^PenerbitanPersetujuanRekonsiliasi RekeningSKPPKonfirmasi Penerimaan Negara, Ddll^|^00^|^^|0|0
^2026^|^01^|^451547^|^015^|^08^|^CD^|^6215^|^FAH^|^03^|^51^|^2^|^003^|^100^|^ A^|^Penyusunan Laporan Keuangan Tingkat Kuasa BUN di Daerah^|^00^|^^|0|0
^2026^|^01^|^451547^|^015^|^08^|^WA^|^4715^|^EBA^|^03^|^51^|^2^|^001^|^100^|^ A^|^Tanpa Sub Komponen^|^00^|^^|0|0
^2026^|^01^|^451547^|^015^|^08^|^WA^|^4715^|^EBA^|^03^|^51^|^2^|^001^|^100^|^ B^|^Koordinasi Penyusunan ATK PU^|^00^|^^|0|0
^2026^|^01^|^451547^|^015^|^08^|^WA^|^4715^|^EBA^|^03^|^51^|^2^|^002^|^100^|^ A^|^TANPA SUB KOMPONEN^|^00^|^^|0|0
^2026^|^01^|^451547^|^015^|^08^|^WA^|^4715^|^EBA^|^03^|^51^|^2^|^994^|^002^|^ A^|^Keperluan Seharihari Perkantoran^|^00^|^^|0|0
^2026^|^01^|^451547^|^015^|^08^|^WA^|^4715^|^EBA^|^03^|^51^|^2^|^994^|^002^|^ B^|^Langganan Daya dan Jasa^|^00^|^^|0|0
^2026^|^01^|^451547^|^015^|^08^|^WA^|^4715^|^EBA^|^03^|^51^|^2^|^994^|^002^|^ C^|^Pelaksanaan Operasional Kantor^|^00^|^^|0|0
^2026^|^01^|^451547^|^015^|^08^|^WA^|^4715^|^EBA^|^03^|^51^|^2^|^994^|^002^|^ D^|^Pemeliharaan Peralatan dan Mesin^|^00^|^^|0|0
^2026^|^01^|^451547^|^015^|^08^|^WA^|^4715^|^EBA^|^03^|^51^|^2^|^994^|^002^|^ E^|^Pemeliharaan gedung dan bangunan  Eco Office^|^00^|^^|0|0
^2026^|^01^|^451547^|^015^|^08^|^WA^|^4715^|^EBA^|^03^|^51^|^2^|^994^|^002^|^TJ^|^Jasa PemeliharaanAnnual Technical Support (ATS)^|^00^|^^|0|0
^2026^|^01^|^451547^|^015^|^08^|^WA^|^4715^|^EBB^|^03^|^51^|^2^|^002^|^100^|^ A^|^Eco Office^|^00^|^^|0|0
^2026^|^01^|^451547^|^015^|^08^|^WA^|^4718^|^BMB^|^03^|^51^|^2^|^001^|^100^|^ A^|^TANPA SUB KOMPONEN^|^00^|^^|0|0
^2026^|^01^|^451547^|^015^|^08^|^WA^|^4718^|^BMB^|^03^|^51^|^2^|^002^|^100^|^ A^|^TANPA SUB KOMPONEN^|^00^|^^|0|0
^2026^|^01^|^451547^|^015^|^08^|^WA^|^4719^|^EBA^|^03^|^51^|^2^|^004^|^100^|^ A^|^Survey Kepuasan Pengguna Layanan^|^00^|^^|0|0
^2026^|^01^|^451547^|^015^|^08^|^WA^|^4719^|^EBA^|^03^|^51^|^2^|^994^|^001^|^ A^|^TANPA SUB KOMPONEN^|^00^|^^|0|0
^2026^|^01^|^451547^|^015^|^08^|^WA^|^4719^|^EBC^|^03^|^51^|^2^|^001^|^100^|^XC^|^Penyelenggaraan Capacity Building^|^00^|^^|0|0
^2026^|^01^|^451562^|^015^|^08^|^CD^|^6212^|^BMB^|^07^|^51^|^2^|^001^|^100^|^ A^|^Profiling UMKM^|^00^|^^|0|0
^2026^|^01^|^451562^|^015^|^08^|^CD^|^6212^|^FAC^|^07^|^51^|^2^|^001^|^100^|^ A^|^Training Modul Aplikasi SAKTI^|^00^|^^|0|0
^2026^|^01^|^451562^|^015^|^08^|^CD^|^6212^|^FAC^|^07^|^51^|^2^|^001^|^100^|^ B^|^FGD dan Bimtek Transfer Keuangan Daerah^|^00^|^^|0|0
^2026^|^01^|^451562^|^015^|^08^|^CD^|^6212^|^FAH^|^07^|^51^|^2^|^001^|^100^|^ A^|^TANPA SUB KOMPONEN^|^00^|^^|0|0
^2026^|^01^|^451562^|^015^|^08^|^CD^|^6212^|^FAL^|^07^|^51^|^2^|^004^|^100^|^ A^|^Konsultasi^|^00^|^^|0|0
^2026^|^01^|^451562^|^015^|^08^|^CD^|^6212^|^FAL^|^07^|^51^|^2^|^004^|^100^|^ B^|^Sosialisasi dan Bimbingan Teknis^|^00^|^^|0|0
^2026^|^01^|^451562^|^015^|^08^|^CD^|^6212^|^FAL^|^07^|^51^|^2^|^004^|^100^|^ C^|^Pembinaan Pemda, TKD, dan Penandatanganan BA Rekonsiliasi Pajak^|^00^|^^|0|0
^2026^|^01^|^451562^|^015^|^08^|^CD^|^6213^|^FAC^|^07^|^51^|^2^|^001^|^100^|^ A^|^Pembinaan Jabatan Fungsional Perbendaharaan^|^00^|^^|0|0
^2026^|^01^|^451562^|^015^|^08^|^CD^|^6213^|^FAE^|^07^|^51^|^2^|^009^|^100^|^ A^|^Monev Penyaluran Pembiayaan Ultra Mikro^|^00^|^^|0|0
^2026^|^01^|^451562^|^015^|^08^|^CD^|^6213^|^FAL^|^07^|^51^|^2^|^003^|^100^|^ A^|^Monev Pelaksanaan Anggaran^|^00^|^^|0|0
^2026^|^01^|^451562^|^015^|^08^|^CD^|^6214^|^FAL^|^07^|^51^|^2^|^002^|^100^|^ A^|^Pelaksanaan PencairanPenarikanPengesahan Dana^|^00^|^^|0|0
^2026^|^01^|^451562^|^015^|^08^|^CD^|^6214^|^FAL^|^07^|^51^|^2^|^002^|^100^|^ B^|^PenerbitanPersetujuanRekonsiliasi RekeningSKPPKonfirmasi Penerimaan Negara, dll^|^00^|^^|0|0
^2026^|^01^|^451562^|^015^|^08^|^CD^|^6215^|^FAH^|^07^|^51^|^2^|^003^|^100^|^ A^|^Penyusunan Laporan Keuangan Tingkat Kuasa BUN di Daerah^|^00^|^^|0|0
^2026^|^01^|^451562^|^015^|^08^|^CD^|^6215^|^FAH^|^07^|^51^|^2^|^003^|^100^|^ B^|^Koordinasi UAKBUND KPPN di Kanwil (Cross Program)^|^00^|^^|0|0
^2026^|^01^|^451562^|^015^|^08^|^WA^|^4715^|^EBA^|^07^|^51^|^2^|^001^|^100^|^ A^|^TANPA SUB KOMPONEN^|^00^|^^|0|0
^2026^|^01^|^451562^|^015^|^08^|^WA^|^4715^|^EBA^|^07^|^51^|^2^|^001^|^100^|^ B^|^Koordinasi Penyusunan ATK PU^|^00^|^^|0|0
^2026^|^01^|^451562^|^015^|^08^|^WA^|^4715^|^EBA^|^07^|^51^|^2^|^002^|^100^|^ A^|^TANPA SUB KOMPONEN^|^00^|^^|0|0
^2026^|^01^|^451562^|^015^|^08^|^WA^|^4715^|^EBA^|^07^|^51^|^2^|^994^|^002^|^ A^|^Keperluan Seharihari Perkantoran^|^00^|^^|0|0
^2026^|^01^|^451562^|^015^|^08^|^WA^|^4715^|^EBA^|^07^|^51^|^2^|^994^|^002^|^ B^|^Langganan Daya dan Jasa^|^00^|^^|0|0
^2026^|^01^|^451562^|^015^|^08^|^WA^|^4715^|^EBA^|^07^|^51^|^2^|^994^|^002^|^ C^|^Pelaksanaan Operasional Kantor^|^00^|^^|0|0
^2026^|^01^|^451562^|^015^|^08^|^WA^|^4715^|^EBA^|^07^|^51^|^2^|^994^|^002^|^ D^|^Pemeliharaan Peralatan dan Mesin^|^00^|^^|0|0
^2026^|^01^|^451562^|^015^|^08^|^WA^|^4715^|^EBA^|^07^|^51^|^2^|^994^|^002^|^TJ^|^Jasa PemeliharaanAnnual Technical Support (ATS)^|^00^|^^|0|0
^2026^|^01^|^451562^|^015^|^08^|^WA^|^4715^|^EBD^|^07^|^51^|^2^|^Z36^|^100^|^ B^|^Pelaksanaan Manajemen Kinerja, Resiko dan Kepatuhan Internal^|^00^|^^|0|0
^2026^|^01^|^451562^|^015^|^08^|^WA^|^4718^|^BMB^|^07^|^51^|^2^|^001^|^100^|^ A^|^TANPA SUB KOMPONEN^|^00^|^^|0|0
^2026^|^01^|^451562^|^015^|^08^|^WA^|^4718^|^BMB^|^07^|^51^|^2^|^002^|^100^|^ A^|^TANPA SUB KOMPONEN^|^00^|^^|0|0
^2026^|^01^|^451562^|^015^|^08^|^WA^|^4719^|^EBA^|^07^|^51^|^2^|^004^|^100^|^ A^|^Survey Kepuasan Pengguna Layanan^|^00^|^^|0|0
^2026^|^01^|^451562^|^015^|^08^|^WA^|^4719^|^EBA^|^07^|^51^|^2^|^994^|^001^|^ A^|^TANPA SUB KOMPONEN^|^00^|^^|0|0
^2026^|^01^|^451562^|^015^|^08^|^WA^|^4719^|^EBC^|^07^|^51^|^2^|^001^|^100^|^XC^|^Penyelenggaraan Capacity Building^|^00^|^^|0|0
^2026^|^01^|^451553^|^015^|^08^|^CD^|^6212^|^BMB^|^05^|^51^|^2^|^001^|^100^|^ A^|^Profiling UMKM^|^00^|^^|0|0
^2026^|^01^|^451553^|^015^|^08^|^CD^|^6212^|^FAC^|^05^|^51^|^2^|^001^|^100^|^ A^|^Training Modul Aplikasi SAKTI^|^00^|^^|0|0
^2026^|^01^|^451553^|^015^|^08^|^CD^|^6212^|^FAC^|^05^|^51^|^2^|^001^|^100^|^ B^|^FGD dan Bimtek Transfer Keuangan Daerah^|^00^|^^|0|0
^2026^|^01^|^451553^|^015^|^08^|^CD^|^6212^|^FAH^|^05^|^51^|^2^|^001^|^100^|^ A^|^TANPA SUB KOMPONEN^|^00^|^^|0|0
^2026^|^01^|^451553^|^015^|^08^|^CD^|^6212^|^FAL^|^05^|^51^|^2^|^004^|^100^|^ A^|^Konsultasi^|^00^|^^|0|0
^2026^|^01^|^451553^|^015^|^08^|^CD^|^6212^|^FAL^|^05^|^51^|^2^|^004^|^100^|^ B^|^Sosialisasi dan Bimbingan Teknis^|^00^|^^|0|0
^2026^|^01^|^451553^|^015^|^08^|^CD^|^6212^|^FAL^|^05^|^51^|^2^|^004^|^100^|^ D^|^Pembinaan Pemda, TKD, dan Penandatanganan BAR^|^00^|^^|0|0
^2026^|^01^|^451553^|^015^|^08^|^CD^|^6213^|^FAC^|^05^|^51^|^2^|^001^|^100^|^ A^|^Pembinaan Jabatan Fungsional Perbendaharaan^|^00^|^^|0|0
^2026^|^01^|^451553^|^015^|^08^|^CD^|^6213^|^FAE^|^05^|^51^|^2^|^009^|^100^|^ A^|^Monev Penyaluran Pembiayaan Ultra Mikro^|^00^|^^|0|0
^2026^|^01^|^451553^|^015^|^08^|^CD^|^6213^|^FAL^|^05^|^51^|^2^|^003^|^100^|^ A^|^Monev Pelaksanaan Anggaran^|^00^|^^|0|0
^2026^|^01^|^451553^|^015^|^08^|^CD^|^6214^|^FAL^|^05^|^51^|^2^|^002^|^100^|^ A^|^Pelaksanaan PencairanPenarikanPengesahan Dana^|^00^|^^|0|0
^2026^|^01^|^451553^|^015^|^08^|^CD^|^6214^|^FAL^|^05^|^51^|^2^|^002^|^100^|^ B^|^PenerbitanPersetujuanRekonsiliasi RekeningSKPPKonfirmasi Penerimaan Negara, dll^|^00^|^^|0|0
^2026^|^01^|^451553^|^015^|^08^|^CD^|^6215^|^FAH^|^05^|^51^|^2^|^003^|^100^|^ A^|^Penyusunan Laporan Keuangan Tingkat Kuasa BUN di Daerah^|^00^|^^|0|0
^2026^|^01^|^451553^|^015^|^08^|^CD^|^6215^|^FAH^|^05^|^51^|^2^|^003^|^100^|^ B^|^Koordinasi UAKBUND KPPN di Kanwil^|^00^|^^|0|0
^2026^|^01^|^451553^|^015^|^08^|^WA^|^4715^|^EBA^|^05^|^51^|^2^|^001^|^100^|^ A^|^TANPA SUB KOMPONEN^|^00^|^^|0|0
^2026^|^01^|^451553^|^015^|^08^|^WA^|^4715^|^EBA^|^05^|^51^|^2^|^002^|^100^|^ A^|^TANPA SUB KOMPONEN^|^00^|^^|0|0
^2026^|^01^|^451553^|^015^|^08^|^WA^|^4715^|^EBA^|^05^|^51^|^2^|^994^|^002^|^ A^|^Keperluan Seharihari Perkantoran^|^00^|^^|0|0
^2026^|^01^|^451553^|^015^|^08^|^WA^|^4715^|^EBA^|^05^|^51^|^2^|^994^|^002^|^ B^|^Langganan Daya dan Jasa^|^00^|^^|0|0
^2026^|^01^|^451553^|^015^|^08^|^WA^|^4715^|^EBA^|^05^|^51^|^2^|^994^|^002^|^ C^|^Pelaksanaan Operasional Kantor^|^00^|^^|0|0
^2026^|^01^|^451553^|^015^|^08^|^WA^|^4715^|^EBA^|^05^|^51^|^2^|^994^|^002^|^ D^|^Pemeliharaan Peralatan dan Mesin^|^00^|^^|0|0
^2026^|^01^|^451553^|^015^|^08^|^WA^|^4715^|^EBA^|^05^|^51^|^2^|^994^|^002^|^TJ^|^Jasa Pemeliharaan Annual Technical Support (ATS)^|^00^|^^|0|0
^2026^|^01^|^451553^|^015^|^08^|^WA^|^4715^|^EBD^|^05^|^51^|^2^|^Z36^|^100^|^ B^|^Pelaksanaan Manajemen Kinerja, Resiko dan Kepatuhan Internal^|^00^|^^|0|0
^2026^|^01^|^451553^|^015^|^08^|^WA^|^4718^|^BMB^|^05^|^51^|^2^|^002^|^100^|^ A^|^TANPA SUB KOMPONEN^|^00^|^^|0|0
^2026^|^01^|^451553^|^015^|^08^|^WA^|^4718^|^BMB^|^05^|^51^|^2^|^001^|^100^|^ A^|^TANPA SUB KOMPONEN^|^00^|^^|0|0
^2026^|^01^|^451553^|^015^|^08^|^WA^|^4719^|^EBA^|^05^|^51^|^2^|^994^|^001^|^ A^|^TANPA SUB KOMPONEN^|^00^|^^|0|0
^2026^|^01^|^451553^|^015^|^08^|^WA^|^4719^|^EBA^|^05^|^51^|^2^|^004^|^100^|^ A^|^Survey Kepuasan Pengguna Layanan^|^00^|^^|0|0
^2026^|^01^|^451553^|^015^|^08^|^WA^|^4719^|^EBC^|^05^|^51^|^2^|^001^|^100^|^ A^|^Peningkatan Kapasitas SDM^|^00^|^^|0|0
^2026^|^01^|^497587^|^015^|^08^|^CD^|^6212^|^BMB^|^04^|^04^|^2^|^001^|^100^|^ A^|^Profiling UMKM^|^00^|^^|0|0
^2026^|^01^|^497587^|^015^|^08^|^CD^|^6212^|^FAC^|^04^|^04^|^2^|^001^|^100^|^ A^|^Training Modul Aplikasi SAKTI^|^00^|^^|0|0
^2026^|^01^|^497587^|^015^|^08^|^CD^|^6212^|^FAC^|^04^|^04^|^2^|^001^|^100^|^ B^|^FGD dan Bimtek Transfer Keuangan Daerah^|^00^|^^|0|0
^2026^|^01^|^497587^|^015^|^08^|^CD^|^6212^|^FAH^|^04^|^04^|^2^|^001^|^100^|^ A^|^TANPA SUB KOMPONEN^|^00^|^^|0|0
^2026^|^01^|^497587^|^015^|^08^|^CD^|^6212^|^FAL^|^04^|^04^|^2^|^004^|^100^|^ A^|^Konsultasi^|^00^|^^|0|0
^2026^|^01^|^497587^|^015^|^08^|^CD^|^6212^|^FAL^|^04^|^04^|^2^|^004^|^100^|^ B^|^Sosialisasi dan Bimbingan Teknis^|^00^|^^|0|0
^2026^|^01^|^497587^|^015^|^08^|^CD^|^6212^|^FAL^|^04^|^04^|^2^|^004^|^100^|^ D^|^Pembinaan Pemda, TKD, dan Penandatanganan BA Rekonsiliasi Pajak^|^00^|^^|0|0
^2026^|^01^|^497587^|^015^|^08^|^CD^|^6213^|^FAC^|^04^|^04^|^2^|^001^|^100^|^ A^|^Pembinaan Jabatan Fungsional Perbendaharaan^|^00^|^^|0|0
^2026^|^01^|^497587^|^015^|^08^|^CD^|^6213^|^FAE^|^04^|^04^|^2^|^009^|^100^|^ A^|^Monev Penyaluran Pembiayaan Ultra Mikro^|^00^|^^|0|0
^2026^|^01^|^497587^|^015^|^08^|^CD^|^6213^|^FAL^|^04^|^04^|^2^|^003^|^100^|^ A^|^Monev Pelaksanaan Anggaran^|^00^|^^|0|0
^2026^|^01^|^497587^|^015^|^08^|^CD^|^6214^|^FAL^|^04^|^04^|^2^|^002^|^100^|^ A^|^Pelaksanaan PencairanPenarikanPengesahan Dana^|^00^|^^|0|0
^2026^|^01^|^497587^|^015^|^08^|^CD^|^6214^|^FAL^|^04^|^04^|^2^|^002^|^100^|^ B^|^PenerbitanPersetujuanRekonsiliasi RekeningSKPPKonfirmasi Penerimaan Negara, dll^|^00^|^^|0|0
^2026^|^01^|^497587^|^015^|^08^|^CD^|^6215^|^FAH^|^04^|^04^|^2^|^003^|^100^|^ A^|^Penyusunan Laporan Keuangan Tingkat Kuasa BUN di Daerah^|^00^|^^|0|0
^2026^|^01^|^497587^|^015^|^08^|^CD^|^6215^|^FAH^|^04^|^04^|^2^|^003^|^100^|^ B^|^Koordinasi UAKBUND KPPN di Kanwil^|^00^|^^|0|0
^2026^|^01^|^497587^|^015^|^08^|^WA^|^4715^|^EBA^|^04^|^04^|^2^|^001^|^100^|^ A^|^TANPA SUB KOMPONEN^|^00^|^^|0|0
^2026^|^01^|^497587^|^015^|^08^|^WA^|^4715^|^EBA^|^04^|^04^|^2^|^001^|^100^|^ B^|^Koordinasi Penyusunan ATK PU^|^00^|^^|0|0
^2026^|^01^|^497587^|^015^|^08^|^WA^|^4715^|^EBA^|^04^|^04^|^2^|^002^|^100^|^ A^|^TANPA SUB KOMPONEN^|^00^|^^|0|0
^2026^|^01^|^497587^|^015^|^08^|^WA^|^4715^|^EBA^|^04^|^04^|^2^|^994^|^002^|^ A^|^Keperluan Seharihari Perkantoran^|^00^|^^|0|0
^2026^|^01^|^497587^|^015^|^08^|^WA^|^4715^|^EBA^|^04^|^04^|^2^|^994^|^002^|^ B^|^Langganan Daya dan Jasa^|^00^|^^|0|0
^2026^|^01^|^497587^|^015^|^08^|^WA^|^4715^|^EBA^|^04^|^04^|^2^|^994^|^002^|^ C^|^Pelaksanaan Operasional Kantor^|^00^|^^|0|0
^2026^|^01^|^497587^|^015^|^08^|^WA^|^4715^|^EBA^|^04^|^04^|^2^|^994^|^002^|^ D^|^Pemeliharaan Peralatan dan Mesin^|^00^|^^|0|0
^2026^|^01^|^497587^|^015^|^08^|^WA^|^4715^|^EBA^|^04^|^04^|^2^|^994^|^002^|^ G^|^Pemeliharaan Gedung dan Bangunan^|^00^|^^|0|0
^2026^|^01^|^497587^|^015^|^08^|^WA^|^4715^|^EBA^|^04^|^04^|^2^|^994^|^002^|^TJ^|^Jasa PemeliharaanAnnual Technical Support (ATS)^|^00^|^^|0|0
^2026^|^01^|^497587^|^015^|^08^|^WA^|^4715^|^EBD^|^04^|^04^|^2^|^Z36^|^100^|^ B^|^Pelaksanaan Manajemen Kinerja, Resiko dan Kepatuhan Internal^|^00^|^^|0|0
^2026^|^01^|^497587^|^015^|^08^|^WA^|^4718^|^BMB^|^04^|^04^|^2^|^001^|^100^|^ A^|^TANPA SUB KOMPONEN^|^00^|^^|0|0
^2026^|^01^|^497587^|^015^|^08^|^WA^|^4718^|^BMB^|^04^|^04^|^2^|^002^|^100^|^ A^|^TANPA SUB KOMPONEN^|^00^|^^|0|0
^2026^|^01^|^497587^|^015^|^08^|^WA^|^4719^|^EBA^|^04^|^04^|^2^|^004^|^100^|^ A^|^Survey Kepuasan Pengguna Layanan^|^00^|^^|0|0
^2026^|^01^|^497587^|^015^|^08^|^WA^|^4719^|^EBA^|^04^|^04^|^2^|^994^|^001^|^ A^|^TANPA SUB KOMPONEN^|^00^|^^|0|0
^2026^|^01^|^497587^|^015^|^08^|^WA^|^4719^|^EBC^|^04^|^04^|^2^|^001^|^100^|^XC^|^Penyelenggaraan Capacity Building^|^00^|^^|0|0
^2026^|^01^|^497593^|^015^|^08^|^CD^|^6212^|^FAC^|^19^|^10^|^2^|^001^|^100^|^ A^|^Training Modul Aplikasi SAKTI^|^00^|^^|0|0
^2026^|^01^|^497593^|^015^|^08^|^CD^|^6212^|^FAC^|^19^|^10^|^2^|^001^|^100^|^ B^|^FGD dan Bimtek Transfer Keuangan Daerah^|^00^|^^|0|0
^2026^|^01^|^497593^|^015^|^08^|^CD^|^6212^|^FAH^|^19^|^10^|^2^|^001^|^100^|^ A^|^TANPA SUB KOMPONEN^|^00^|^^|0|0
^2026^|^01^|^497593^|^015^|^08^|^CD^|^6212^|^FAL^|^19^|^10^|^2^|^004^|^100^|^ A^|^Konsultasi^|^00^|^^|0|0
^2026^|^01^|^497593^|^015^|^08^|^CD^|^6212^|^FAL^|^19^|^10^|^2^|^004^|^100^|^ B^|^Sosialisasi dan Bimbingan Teknis^|^00^|^^|0|0
^2026^|^01^|^497593^|^015^|^08^|^CD^|^6213^|^FAC^|^19^|^10^|^2^|^001^|^100^|^ A^|^Pembinaan Jabatan Fungsional Perbendaharaan^|^00^|^^|0|0
^2026^|^01^|^497593^|^015^|^08^|^CD^|^6214^|^FAL^|^19^|^10^|^2^|^002^|^100^|^ A^|^Pelaksanaan Pencairan/Penarikan/Pengesahan Dana^|^00^|^^|0|0
^2026^|^01^|^497593^|^015^|^08^|^CD^|^6214^|^FAL^|^19^|^10^|^2^|^002^|^100^|^ B^|^Penerbitan/Persetujuan/Rekonsiliasi Rekening/SKPP/Konfirmasi Penerimaan Negara, dll^|^00^|^^|0|0
^2026^|^01^|^497593^|^015^|^08^|^CD^|^6215^|^FAH^|^19^|^10^|^2^|^003^|^100^|^ A^|^Penyusunan Laporan Keuangan Tingkat Kuasa BUN di Daerah^|^00^|^^|0|0
^2026^|^01^|^497593^|^015^|^08^|^WA^|^4715^|^EBA^|^19^|^10^|^2^|^001^|^100^|^ A^|^TANPA SUB KOMPONEN^|^00^|^^|0|0
^2026^|^01^|^497593^|^015^|^08^|^WA^|^4715^|^EBA^|^19^|^10^|^2^|^001^|^100^|^ B^|^Koordinasi Penyusunan ATK PU^|^00^|^^|0|0
^2026^|^01^|^497593^|^015^|^08^|^WA^|^4715^|^EBA^|^19^|^10^|^2^|^002^|^100^|^ A^|^TANPA SUB KOMPONEN^|^00^|^^|0|0
^2026^|^01^|^497593^|^015^|^08^|^WA^|^4715^|^EBA^|^19^|^10^|^2^|^994^|^002^|^ A^|^Keperluan Sehari-hari Perkantoran^|^00^|^^|0|0
^2026^|^01^|^497593^|^015^|^08^|^WA^|^4715^|^EBA^|^19^|^10^|^2^|^994^|^002^|^ B^|^Langganan Daya dan Jasa^|^00^|^^|0|0
^2026^|^01^|^497593^|^015^|^08^|^WA^|^4715^|^EBA^|^19^|^10^|^2^|^994^|^002^|^ C^|^Pelaksanaan Operasional Kantor^|^00^|^^|0|0
^2026^|^01^|^497593^|^015^|^08^|^WA^|^4715^|^EBA^|^19^|^10^|^2^|^994^|^002^|^ D^|^Pemeliharaan Peralatan dan Mesin^|^00^|^^|0|0
^2026^|^01^|^497593^|^015^|^08^|^WA^|^4715^|^EBA^|^19^|^10^|^2^|^994^|^002^|^ G^|^Pemeliharaan Gedung dan Bangunan^|^00^|^^|0|0
^2026^|^01^|^497593^|^015^|^08^|^WA^|^4715^|^EBA^|^19^|^10^|^2^|^994^|^002^|^TJ^|^Jasa Pemeliharaan/Annual Technical Support (ATS)^|^00^|^^|0|0
^2026^|^01^|^497593^|^015^|^08^|^WA^|^4715^|^EBD^|^19^|^10^|^2^|^Z36^|^100^|^ B^|^Pelaksanaan Manajemen Kinerja, Resiko dan Kepatuhan Internal^|^00^|^^|0|0
^2026^|^01^|^497593^|^015^|^08^|^WA^|^4718^|^BMB^|^19^|^10^|^2^|^001^|^100^|^ A^|^TANPA SUB KOMPONEN^|^00^|^^|0|0
^2026^|^01^|^497593^|^015^|^08^|^WA^|^4718^|^BMB^|^19^|^10^|^2^|^002^|^100^|^ A^|^TANPA SUB KOMPONEN^|^00^|^^|0|0
^2026^|^01^|^497593^|^015^|^08^|^WA^|^4719^|^EBA^|^19^|^10^|^2^|^004^|^100^|^ A^|^Survey Kepuasan Pengguna Layanan^|^00^|^^|0|0
^2026^|^01^|^497593^|^015^|^08^|^WA^|^4719^|^EBA^|^19^|^10^|^2^|^994^|^001^|^ A^|^TANPA SUB KOMPONEN^|^00^|^^|0|0
^2026^|^01^|^497593^|^015^|^08^|^WA^|^4719^|^EBC^|^19^|^10^|^2^|^001^|^100^|^XC^|^Penyelenggaraan Capacity Building^|^00^|^^|0|0
^2026^|^01^|^497607^|^015^|^08^|^CD^|^6212^|^BMB^|^17^|^53^|^2^|^001^|^100^|^AA^|^Profiling UMKM  KPPN Induk^|^00^|^^|0|0
^2026^|^01^|^497607^|^015^|^08^|^CD^|^6212^|^BMB^|^17^|^53^|^2^|^001^|^100^|^BA^|^Profiling UMKM  KPPN Unit^|^00^|^^|0|0
^2026^|^01^|^497607^|^015^|^08^|^CD^|^6212^|^FAC^|^17^|^53^|^2^|^001^|^100^|^AA^|^Training Modul Aplikasi SAKTI  KPPN Induk^|^00^|^^|0|0
^2026^|^01^|^497607^|^015^|^08^|^CD^|^6212^|^FAC^|^17^|^53^|^2^|^001^|^100^|^AB^|^FGD dan Bimtek Transfer Keuangan Daerah  KPPN Induk^|^00^|^^|0|0
^2026^|^01^|^497607^|^015^|^08^|^CD^|^6212^|^FAC^|^17^|^53^|^2^|^001^|^100^|^BA^|^Training Modul Aplikasi SAKTI  KPPN Unit^|^00^|^^|0|0
^2026^|^01^|^497607^|^015^|^08^|^CD^|^6212^|^FAC^|^17^|^53^|^2^|^001^|^100^|^BB^|^FGD dan Bimtek Transfer Keuangan Daerah  KPPN Unit^|^00^|^^|0|0
^2026^|^01^|^497607^|^015^|^08^|^CD^|^6212^|^FAH^|^17^|^53^|^2^|^001^|^100^|^AA^|^TANPA SUB KOMPONEN  KPPN Induk^|^00^|^^|0|0
^2026^|^01^|^497607^|^015^|^08^|^CD^|^6212^|^FAH^|^17^|^53^|^2^|^001^|^100^|^BA^|^TANPA SUB KOMPONEN  KPPN Unit^|^00^|^^|0|0
^2026^|^01^|^497607^|^015^|^08^|^CD^|^6212^|^FAL^|^17^|^53^|^2^|^004^|^100^|^AA^|^Konsultasi  KPPN Induk^|^00^|^^|0|0
^2026^|^01^|^497607^|^015^|^08^|^CD^|^6212^|^FAL^|^17^|^53^|^2^|^004^|^100^|^AB^|^Sosialisasi dan Bimbingan Teknis  KPPN Induk^|^00^|^^|0|0
^2026^|^01^|^497607^|^015^|^08^|^CD^|^6212^|^FAL^|^17^|^53^|^2^|^004^|^100^|^AD^|^Pembinaan Pemda, TKD, dan Penandatanganan BAR  KPPN Induk^|^00^|^^|0|0
^2026^|^01^|^497607^|^015^|^08^|^CD^|^6212^|^FAL^|^17^|^53^|^2^|^004^|^100^|^BA^|^Konsultasi  KPPN Unit^|^00^|^^|0|0
^2026^|^01^|^497607^|^015^|^08^|^CD^|^6212^|^FAL^|^17^|^53^|^2^|^004^|^100^|^BB^|^Sosialisasi dan Bimbingan Teknis  KPPN Unit^|^00^|^^|0|0
^2026^|^01^|^497607^|^015^|^08^|^CD^|^6212^|^FAL^|^17^|^53^|^2^|^004^|^100^|^BD^|^Pembinaan Pemda, TKD, dan Penandatanganan BAR  KPPN Unit^|^00^|^^|0|0
^2026^|^01^|^497607^|^015^|^08^|^CD^|^6213^|^FAC^|^17^|^53^|^2^|^001^|^100^|^AA^|^Pembinaan Jabatan Fungsional Perbendaharaan  KPPN Induk^|^00^|^^|0|0
^2026^|^01^|^497607^|^015^|^08^|^CD^|^6213^|^FAC^|^17^|^53^|^2^|^001^|^100^|^BA^|^Pembinaan Jabatan Fungsional Perbendaharaan  KPPN Unit^|^00^|^^|0|0
^2026^|^01^|^497607^|^015^|^08^|^CD^|^6213^|^FAE^|^17^|^53^|^2^|^009^|^100^|^AA^|^Monev Penyaluran Pembiayaan Ultra Mikro  KPPN Induk^|^00^|^^|0|0
^2026^|^01^|^497607^|^015^|^08^|^CD^|^6213^|^FAE^|^17^|^53^|^2^|^009^|^100^|^BA^|^Monev Penyaluran Pembiayaan Ultra Mikro  KPPN Unit^|^00^|^^|0|0
^2026^|^01^|^497607^|^015^|^08^|^CD^|^6213^|^FAL^|^17^|^53^|^2^|^003^|^100^|^AA^|^Monev Pelaksanaan Anggaran  KPPN Induk^|^00^|^^|0|0
^2026^|^01^|^497607^|^015^|^08^|^CD^|^6213^|^FAL^|^17^|^53^|^2^|^003^|^100^|^BA^|^Monev Pelaksanaan Anggaran  KPPN Unit^|^00^|^^|0|0
^2026^|^01^|^497607^|^015^|^08^|^CD^|^6214^|^FAL^|^17^|^53^|^2^|^002^|^100^|^AA^|^Pelaksanaan PencairanPenarikanPengesahan Dana  KPPN Induk^|^00^|^^|0|0
^2026^|^01^|^497607^|^015^|^08^|^CD^|^6214^|^FAL^|^17^|^53^|^2^|^002^|^100^|^AB^|^PenerbitanPersetujuanRekonsiliasi RekeningSKPPKonfirmasi Penerimaan Negara, dll  KPPN Induk^|^00^|^^|0|0
^2026^|^01^|^497607^|^015^|^08^|^CD^|^6214^|^FAL^|^17^|^53^|^2^|^002^|^100^|^BA^|^Pelaksanaan PencairanPenarikanPengesahan Dana  KPPN Unit^|^00^|^^|0|0
^2026^|^01^|^497607^|^015^|^08^|^CD^|^6214^|^FAL^|^17^|^53^|^2^|^002^|^100^|^BB^|^PenerbitanPersetujuanRekonsiliasi RekeningSKPPKonfirmasi Penerimaan Negara, dll  KPPN Unit^|^00^|^^|0|0
^2026^|^01^|^497607^|^015^|^08^|^CD^|^6215^|^FAH^|^17^|^53^|^2^|^003^|^100^|^AA^|^Penyusunan Laporan Keuangan Tingkat Kuasa BUN di Daerah  KPPN Induk^|^00^|^^|0|0
^2026^|^01^|^497607^|^015^|^08^|^CD^|^6215^|^FAH^|^17^|^53^|^2^|^003^|^100^|^AB^|^Koordinasi UAKBUND KPPN di Kanwil  KPPN Unit (Cross Program)^|^00^|^^|0|0
^2026^|^01^|^497607^|^015^|^08^|^CD^|^6215^|^FAH^|^17^|^53^|^2^|^003^|^100^|^BA^|^Penyusunan Laporan Keuangan Tingkat Kuasa BUN di Daerah  KPPN Unit^|^00^|^^|0|0
^2026^|^01^|^497607^|^015^|^08^|^WA^|^4715^|^EBA^|^17^|^53^|^2^|^001^|^100^|^AA^|^TANPA SUB KOMPONEN  KPPN Induk^|^00^|^^|0|0
^2026^|^01^|^497607^|^015^|^08^|^WA^|^4715^|^EBA^|^17^|^53^|^2^|^001^|^100^|^BA^|^TANPA SUB KOMPONEN  KPPN Unit^|^00^|^^|0|0
^2026^|^01^|^497607^|^015^|^08^|^WA^|^4715^|^EBA^|^17^|^53^|^2^|^002^|^100^|^AA^|^TANPA SUB KOMPONEN  KPPN Induk^|^00^|^^|0|0
^2026^|^01^|^497607^|^015^|^08^|^WA^|^4715^|^EBA^|^17^|^53^|^2^|^002^|^100^|^AB^|^Monitoring PejabatPetugas Pengelola Keuangan^|^00^|^^|0|0
^2026^|^01^|^497607^|^015^|^08^|^WA^|^4715^|^EBA^|^17^|^53^|^2^|^002^|^100^|^BA^|^TANPA SUB KOMPONEN  KPPN Unit^|^00^|^^|0|0
^2026^|^01^|^497607^|^015^|^08^|^WA^|^4715^|^EBA^|^17^|^53^|^2^|^994^|^002^|^AA^|^Keperluan Seharihari Perkantoran  KPPN Induk^|^00^|^^|0|0
^2026^|^01^|^497607^|^015^|^08^|^WA^|^4715^|^EBA^|^17^|^53^|^2^|^994^|^002^|^AB^|^Langganan Daya dan Jasa  KPPN Induk^|^00^|^^|0|0
^2026^|^01^|^497607^|^015^|^08^|^WA^|^4715^|^EBA^|^17^|^53^|^2^|^994^|^002^|^AC^|^Pelaksanaan Operasional Kantor  KPPN Induk^|^00^|^^|0|0
^2026^|^01^|^497607^|^015^|^08^|^WA^|^4715^|^EBA^|^17^|^53^|^2^|^994^|^002^|^AD^|^Pemeliharaan Peralatan dan Mesin  Induk^|^00^|^^|0|0
^2026^|^01^|^497607^|^015^|^08^|^WA^|^4715^|^EBA^|^17^|^53^|^2^|^994^|^002^|^AE^|^Pemeliharaan Gedung dan Bangunan  KPPN Induk^|^00^|^^|0|0
^2026^|^01^|^497607^|^015^|^08^|^WA^|^4715^|^EBA^|^17^|^53^|^2^|^994^|^002^|^BA^|^Keperluan Seharihari Perkantoran  KPPN Unit^|^00^|^^|0|0
^2026^|^01^|^497607^|^015^|^08^|^WA^|^4715^|^EBA^|^17^|^53^|^2^|^994^|^002^|^BC^|^Pelaksanaan Operasional Kantor  KPPN Unit^|^00^|^^|0|0
^2026^|^01^|^497607^|^015^|^08^|^WA^|^4715^|^EBA^|^17^|^53^|^2^|^994^|^002^|^BD^|^Pemeliharaan Peralatan dan Mesin  KPPN Unit^|^00^|^^|0|0
^2026^|^01^|^497607^|^015^|^08^|^WA^|^4715^|^EBA^|^17^|^53^|^2^|^994^|^002^|^TJ^|^Jasa PemeliharaanAnnual Technical Support (ATS)^|^00^|^^|0|0
^2026^|^01^|^497607^|^015^|^08^|^WA^|^4715^|^EBD^|^17^|^53^|^2^|^Z36^|^100^|^BB^|^Pelaksanaan Manajemen Kinerja, Resiko dan Kepatuhan Internal  KPPN Unit^|^00^|^^|0|0
^2026^|^01^|^497607^|^015^|^08^|^WA^|^4718^|^BMB^|^17^|^53^|^2^|^001^|^100^|^AA^|^TANPA SUB KOMPONEN  KPPN Induk^|^00^|^^|0|0
^2026^|^01^|^497607^|^015^|^08^|^WA^|^4718^|^BMB^|^17^|^53^|^2^|^001^|^100^|^BA^|^TANPA SUB KOMPONEN  KPPN Unit^|^00^|^^|0|0
^2026^|^01^|^497607^|^015^|^08^|^WA^|^4718^|^BMB^|^17^|^53^|^2^|^002^|^100^|^AA^|^TANPA SUB KOMPONEN  KPPN Induk^|^00^|^^|0|0
^2026^|^01^|^497607^|^015^|^08^|^WA^|^4718^|^BMB^|^17^|^53^|^2^|^002^|^100^|^BA^|^TANPA SUB KOMPONEN  KPPN Unit^|^00^|^^|0|0
^2026^|^01^|^497607^|^015^|^08^|^WA^|^4719^|^EBA^|^17^|^53^|^2^|^004^|^100^|^AA^|^Survey Kepuasan Pengguna Layanan  KPPN Induk^|^00^|^^|0|0
^2026^|^01^|^497607^|^015^|^08^|^WA^|^4719^|^EBA^|^17^|^53^|^2^|^004^|^100^|^BA^|^Survey Kepuasan Pengguna Layanan  KPPN Unit^|^00^|^^|0|0
^2026^|^01^|^497607^|^015^|^08^|^WA^|^4719^|^EBA^|^17^|^53^|^2^|^994^|^001^|^AA^|^TANPA SUB KOMPONEN  KPPN Induk^|^00^|^^|0|0
^2026^|^01^|^497607^|^015^|^08^|^WA^|^4719^|^EBA^|^17^|^53^|^2^|^994^|^001^|^BA^|^TANPA SUB KOMPONEN  KPPN Unit^|^00^|^^|0|0
^2026^|^01^|^497607^|^015^|^08^|^WA^|^4719^|^EBC^|^17^|^53^|^2^|^001^|^100^|^XC^|^Penyelenggaraan Capacity Building^|^00^|^^|0|0
^2026^|^01^|^527027^|^015^|^08^|^CD^|^6212^|^BMB^|^01^|^55^|^2^|^001^|^100^|^ A^|^Profiling UMKM^|^00^|^^|0|0
^2026^|^01^|^527027^|^015^|^08^|^CD^|^6212^|^BMB^|^01^|^55^|^2^|^001^|^100^|^ B^|^Pemberdayaan UMKM  SosialisasiBimtekAsistensi dan BazarPojokRumah UMKM^|^00^|^^|0|0
^2026^|^01^|^527027^|^015^|^08^|^CD^|^6212^|^BMB^|^01^|^55^|^2^|^001^|^100^|^ C^|^Monitoring dan Evaluasi^|^00^|^^|0|0
^2026^|^01^|^527027^|^015^|^08^|^CD^|^6212^|^BMB^|^01^|^55^|^2^|^001^|^100^|^ D^|^Komunikasi Publik  BazarPojokRumah UMKM^|^00^|^^|0|0
^2026^|^01^|^527027^|^015^|^08^|^CD^|^6212^|^FAC^|^01^|^55^|^2^|^002^|^100^|^ A^|^Pembinaan Satker BLU^|^00^|^^|0|0
^2026^|^01^|^527027^|^015^|^08^|^CD^|^6212^|^FAC^|^01^|^55^|^2^|^002^|^100^|^ B^|^Asistensi  Pembinaan Pengelolaan Keuangan BLU Daerah^|^00^|^^|0|0
^2026^|^01^|^527027^|^015^|^08^|^CD^|^6212^|^FAH^|^01^|^55^|^2^|^003^|^100^|^ A^|^Pendampingan Penyusunan dan Penyelesaian Permasalahan Laporan Keuangan UAPPAW dan BLU^|^00^|^^|0|0
^2026^|^01^|^527027^|^015^|^08^|^CD^|^6212^|^FAH^|^01^|^55^|^2^|^003^|^100^|^ B^|^Sosialisasi dan Bimbingan Teknis UAPPAW^|^00^|^^|0|0
^2026^|^01^|^527027^|^015^|^08^|^CD^|^6212^|^FAH^|^01^|^55^|^2^|^002^|^100^|^ A^|^Forum Koordinasi dan Rekonsiliasi Data dengan Bank Indonesia^|^00^|^^|0|0
^2026^|^01^|^527027^|^015^|^08^|^CD^|^6212^|^FAH^|^01^|^55^|^2^|^002^|^100^|^ B^|^Pembinaan SAP pada Pemerintah Daerah^|^00^|^^|0|0
^2026^|^01^|^527027^|^015^|^08^|^CD^|^6212^|^FAH^|^01^|^55^|^2^|^002^|^100^|^ C^|^SosialisasiBimtekWorkshopFGD dengan Pemda^|^00^|^^|0|0
^2026^|^01^|^527027^|^015^|^08^|^CD^|^6212^|^FAL^|^01^|^55^|^2^|^001^|^100^|^ A^|^Sosialisasi PeraturanKebijakan Pelaksanaan Anggaran^|^00^|^^|0|0
^2026^|^01^|^527027^|^015^|^08^|^CD^|^6212^|^FAL^|^01^|^55^|^2^|^001^|^100^|^ B^|^Pengkoordinasian Kerjasama Ekonomi dan Keuangan Daerah^|^00^|^^|0|0
^2026^|^01^|^527027^|^015^|^08^|^CD^|^6212^|^FAL^|^01^|^55^|^2^|^001^|^100^|^ C^|^Pembinaan dan Bimtek Pengelolaan Keuangan Daerah^|^00^|^^|0|0
^2026^|^01^|^527027^|^015^|^08^|^CD^|^6212^|^FAL^|^01^|^55^|^2^|^001^|^100^|^ D^|^Penyerahan DIPA^|^00^|^^|0|0
^2026^|^01^|^527027^|^015^|^08^|^CD^|^6213^|^ABA^|^01^|^55^|^2^|^001^|^100^|^ A^|^Penyusunan Analisis Potensi Pembiayaan dan Pelaksanaan MoU DJPb dan PT SMI di Daerah^|^00^|^^|0|0
^2026^|^01^|^527027^|^015^|^08^|^CD^|^6213^|^FAE^|^01^|^55^|^2^|^008^|^100^|^ A^|^Koordinasi Pelaksanaan Tugas RCE  ALCo^|^00^|^^|0|0
^2026^|^01^|^527027^|^015^|^08^|^CD^|^6213^|^FAE^|^01^|^55^|^2^|^009^|^100^|^ B^|^Monitoring dan  Evaluasi KURPenerusan Pinjaman^|^00^|^^|0|0
^2026^|^01^|^527027^|^015^|^08^|^CD^|^6213^|^FAE^|^01^|^55^|^2^|^009^|^100^|^ C^|^Monev Site Visit Fasilitas Likuiditas Pembiayaan Perumahan (FLPP)^|^00^|^^|0|0
^2026^|^01^|^527027^|^015^|^08^|^CD^|^6213^|^FAE^|^01^|^55^|^2^|^009^|^100^|^ D^|^FGD Analisa Fasilitas Likuiditas Pembiayaan Perumahan (FLPP)^|^00^|^^|0|0
^2026^|^01^|^527027^|^015^|^08^|^CD^|^6213^|^FAL^|^01^|^55^|^2^|^003^|^100^|^ A^|^Pelaksanaan Spending Review^|^00^|^^|0|0
^2026^|^01^|^527027^|^015^|^08^|^CD^|^6213^|^FAL^|^01^|^55^|^2^|^003^|^100^|^ C^|^Review Pelaksanaan Anggaran^|^00^|^^|0|0
^2026^|^01^|^527027^|^015^|^08^|^CD^|^6213^|^FAL^|^01^|^55^|^2^|^003^|^100^|^ D^|^Monitoring dan Evaluasi Pelaksanaan Anggaran^|^00^|^^|0|0
^2026^|^01^|^527027^|^015^|^08^|^CD^|^6213^|^FAL^|^01^|^55^|^2^|^003^|^100^|^ E^|^Pengumpulan InformasiPenajaman Data Fiskal RegionalPenyusunan KFR^|^00^|^^|0|0
^2026^|^01^|^527027^|^015^|^08^|^CD^|^6213^|^FAL^|^01^|^55^|^2^|^003^|^100^|^ F^|^Publikasi Kajian Fiskal Regional^|^00^|^^|0|0
^2026^|^01^|^527027^|^015^|^08^|^CD^|^6213^|^FAL^|^01^|^55^|^2^|^003^|^100^|^ G^|^Pengumpulan Konfirmasi Informasi Pengelolaan Keuangan Daerah dan Penyusunan Profil Keuangan Daerah^|^00^|^^|0|0
^2026^|^01^|^527027^|^015^|^08^|^CD^|^6215^|^FAH^|^01^|^55^|^2^|^003^|^100^|^ A^|^Pembinaan UAKBUN D (KPPN)^|^00^|^^|0|0
^2026^|^01^|^527027^|^015^|^08^|^CD^|^6215^|^FAH^|^01^|^55^|^2^|^003^|^100^|^ B^|^Koordinasi UAKBUND (KPPN)^|^00^|^^|0|0
^2026^|^01^|^527027^|^015^|^08^|^CD^|^6215^|^FAH^|^01^|^55^|^2^|^001^|^100^|^ A^|^Koordinasi Laporan Keuangan Pemerintah Daerah danatau BLUD^|^00^|^^|0|0
^2026^|^01^|^527027^|^015^|^08^|^CD^|^6215^|^FAH^|^01^|^55^|^2^|^001^|^100^|^ B^|^Penyusunan Laporan Statistik Keuangan Pemerintah Tingkat Wilayah^|^00^|^^|0|0
^2026^|^01^|^527027^|^015^|^08^|^WA^|^4715^|^EBA^|^01^|^55^|^2^|^001^|^100^|^ A^|^TANPA SUB KOMPONEN^|^00^|^^|0|0
^2026^|^01^|^527027^|^015^|^08^|^WA^|^4715^|^EBA^|^01^|^55^|^2^|^001^|^100^|^ B^|^Koordinasi Penyusunan ATK PU^|^00^|^^|0|0
^2026^|^01^|^527027^|^015^|^08^|^WA^|^4715^|^EBA^|^01^|^55^|^2^|^002^|^100^|^ A^|^TANPA SUB KOMPONEN^|^00^|^^|0|0
^2026^|^01^|^527027^|^015^|^08^|^WA^|^4715^|^EBA^|^01^|^55^|^2^|^994^|^002^|^ A^|^Keperluan Seharihari Perkantoran^|^00^|^^|0|0
^2026^|^01^|^527027^|^015^|^08^|^WA^|^4715^|^EBA^|^01^|^55^|^2^|^994^|^002^|^ B^|^Langganan Daya dan Jasa^|^00^|^^|0|0
^2026^|^01^|^527027^|^015^|^08^|^WA^|^4715^|^EBA^|^01^|^55^|^2^|^994^|^002^|^ C^|^Pelaksanaan Operasional Kantor^|^00^|^^|0|0
^2026^|^01^|^527027^|^015^|^08^|^WA^|^4715^|^EBA^|^01^|^55^|^2^|^994^|^002^|^ D^|^Pemeliharaan Peralatan dan Mesin^|^00^|^^|0|0
^2026^|^01^|^527027^|^015^|^08^|^WA^|^4715^|^EBA^|^01^|^55^|^2^|^994^|^002^|^ G^|^Pemeliharaan Gedung dan Bangunan^|^00^|^^|0|0
^2026^|^01^|^527027^|^015^|^08^|^WA^|^4715^|^EBA^|^01^|^55^|^2^|^994^|^002^|^TJ^|^Jasa PemeliharaanAnnual Technical Support (ATS)^|^00^|^^|0|0
^2026^|^01^|^527027^|^015^|^08^|^WA^|^4715^|^EBD^|^01^|^55^|^2^|^Z36^|^100^|^ A^|^TANPA SUB KOMPONEN^|^00^|^^|0|0
^2026^|^01^|^527027^|^015^|^08^|^WA^|^4715^|^EBD^|^01^|^55^|^2^|^Z26^|^100^|^ A^|^Rakor Penyusunan Laporan Keuangan Tingkat UAPPAW^|^00^|^^|0|0
^2026^|^01^|^527027^|^015^|^08^|^WA^|^4718^|^BMB^|^01^|^55^|^2^|^002^|^100^|^ A^|^TANPA SUB KOMPONEN^|^00^|^^|0|0
^2026^|^01^|^527027^|^015^|^08^|^WA^|^4718^|^BMB^|^01^|^55^|^2^|^001^|^100^|^ A^|^TANPA SUB KOMPONEN^|^00^|^^|0|0
^2026^|^01^|^527027^|^015^|^08^|^WA^|^4719^|^EBA^|^01^|^55^|^2^|^003^|^100^|^ A^|^Pelaksanaan Supervisi Proses Bisnis KPPN^|^00^|^^|0|0
^2026^|^01^|^527027^|^015^|^08^|^WA^|^4719^|^EBA^|^01^|^55^|^2^|^003^|^100^|^ B^|^Koordinasi Inovasi Layanan^|^00^|^^|0|0
^2026^|^01^|^527027^|^015^|^08^|^WA^|^4719^|^EBA^|^01^|^55^|^2^|^005^|^100^|^ A^|^Monitoring dan Evaluasi Implementasi ISO^|^00^|^^|0|0
^2026^|^01^|^527027^|^015^|^08^|^WA^|^4719^|^EBA^|^01^|^55^|^2^|^005^|^100^|^ B^|^Pelaksanaan Supervisi Teknis Aplikasi^|^00^|^^|0|0
^2026^|^01^|^527027^|^015^|^08^|^WA^|^4719^|^EBA^|^01^|^55^|^2^|^994^|^001^|^ A^|^TANPA SUB KOMPONEN^|^00^|^^|0|0
^2026^|^01^|^527027^|^015^|^08^|^WA^|^4719^|^EBC^|^01^|^55^|^2^|^001^|^100^|^XC^|^Penyelenggaraan Capacity Building^|^00^|^^|0|0
^2026^|^01^|^527027^|^015^|^08^|^WA^|^4722^|^EBD^|^01^|^55^|^2^|^001^|^100^|^ A^|^Pelaksanaan Manajemen Resiko dan Kepatuhan Internal^|^00^|^^|0|0
^2026^|^01^|^527027^|^015^|^08^|^WA^|^4722^|^EBD^|^01^|^55^|^2^|^001^|^100^|^ B^|^Pemantauan Kode Etik dan Kepatuhan Internal^|^00^|^^|0|0
^2026^|^01^|^497622^|^015^|^08^|^CD^|^6212^|^BMB^|^31^|^03^|^2^|^001^|^100^|^ A^|^Profiling UMKM^|^00^|^^|0|0
^2026^|^01^|^497622^|^015^|^08^|^CD^|^6212^|^FAC^|^31^|^03^|^2^|^001^|^100^|^ A^|^Training Modul Aplikasi SAKTI^|^00^|^^|0|0
^2026^|^01^|^497622^|^015^|^08^|^CD^|^6212^|^FAC^|^31^|^03^|^2^|^001^|^100^|^ B^|^FGD dan Bimtek Transfer Keuangan Daerah^|^00^|^^|0|0
^2026^|^01^|^497622^|^015^|^08^|^CD^|^6212^|^FAH^|^31^|^03^|^2^|^001^|^100^|^ A^|^TANPA SUB KOMPONEN^|^00^|^^|0|0
^2026^|^01^|^497622^|^015^|^08^|^CD^|^6212^|^FAL^|^31^|^03^|^2^|^004^|^100^|^ A^|^Konsultasi^|^00^|^^|0|0
^2026^|^01^|^497622^|^015^|^08^|^CD^|^6212^|^FAL^|^31^|^03^|^2^|^004^|^100^|^ B^|^Sosialisasi dan Bimbingan Teknis^|^00^|^^|0|0
^2026^|^01^|^497622^|^015^|^08^|^CD^|^6212^|^FAL^|^31^|^03^|^2^|^004^|^100^|^ D^|^Pembinaan Pemda, TKD, dan Penandatanganan BA Rekonsiliasi Pajak^|^00^|^^|0|0
^2026^|^01^|^497622^|^015^|^08^|^CD^|^6213^|^FAC^|^31^|^03^|^2^|^001^|^100^|^ A^|^Pembinaan Jabatan Fungsional Perbendaharaan^|^00^|^^|0|0
^2026^|^01^|^497622^|^015^|^08^|^CD^|^6213^|^FAE^|^31^|^03^|^2^|^009^|^100^|^ A^|^Monev Penyaluran Pembiayaan Ultra Mikro^|^00^|^^|0|0
^2026^|^01^|^497622^|^015^|^08^|^CD^|^6213^|^FAL^|^31^|^03^|^2^|^003^|^100^|^ A^|^Monev Pelaksanaan Anggaran^|^00^|^^|0|0
^2026^|^01^|^497622^|^015^|^08^|^CD^|^6214^|^FAL^|^31^|^03^|^2^|^002^|^100^|^ A^|^Pelaksanaan Pencairan/Penarikan/Pengesahan Dana^|^00^|^^|0|0
^2026^|^01^|^497622^|^015^|^08^|^CD^|^6214^|^FAL^|^31^|^03^|^2^|^002^|^100^|^ B^|^Penerbitan/Persetujuan/Rekonsiliasi Rekening/SKPP/Konfirmasi Penerimaan Negara, dll^|^00^|^^|0|0
^2026^|^01^|^497622^|^015^|^08^|^CD^|^6215^|^FAH^|^31^|^03^|^2^|^003^|^100^|^ A^|^Penyusunan Laporan Keuangan Tingkat Kuasa BUN di Daerah^|^00^|^^|0|0
^2026^|^01^|^497622^|^015^|^08^|^CD^|^6215^|^FAH^|^31^|^03^|^2^|^003^|^100^|^ B^|^Koordinasi UAKBUN-D KPPN di Kanwil^|^00^|^^|0|0
^2026^|^01^|^497622^|^015^|^08^|^WA^|^4715^|^EBA^|^31^|^03^|^2^|^001^|^100^|^ A^|^TANPA SUB KOMPONEN^|^00^|^^|0|0
^2026^|^01^|^497622^|^015^|^08^|^WA^|^4715^|^EBA^|^31^|^03^|^2^|^002^|^100^|^ A^|^TANPA SUB KOMPONEN^|^00^|^^|0|0
^2026^|^01^|^497622^|^015^|^08^|^WA^|^4715^|^EBA^|^31^|^03^|^2^|^994^|^002^|^ A^|^Keperluan Sehari-hari Perkantoran^|^00^|^^|0|0
^2026^|^01^|^497622^|^015^|^08^|^WA^|^4715^|^EBA^|^31^|^03^|^2^|^994^|^002^|^ B^|^Langganan Daya dan Jasa^|^00^|^^|0|0
^2026^|^01^|^497622^|^015^|^08^|^WA^|^4715^|^EBA^|^31^|^03^|^2^|^994^|^002^|^ C^|^Pelaksanaan Operasional Kantor^|^00^|^^|0|0
^2026^|^01^|^497622^|^015^|^08^|^WA^|^4715^|^EBA^|^31^|^03^|^2^|^994^|^002^|^ D^|^Pemeliharaan Peralatan dan Mesin^|^00^|^^|0|0
^2026^|^01^|^497622^|^015^|^08^|^WA^|^4715^|^EBA^|^31^|^03^|^2^|^994^|^002^|^ G^|^Pemeliharaan Gedung dan Bangunan^|^00^|^^|0|0
^2026^|^01^|^497622^|^015^|^08^|^WA^|^4715^|^EBA^|^31^|^03^|^2^|^994^|^002^|^TJ^|^Jasa Pemeliharaan/ Annual Technical Support (ATS)^|^00^|^^|0|0
^2026^|^01^|^497622^|^015^|^08^|^WA^|^4715^|^EBD^|^31^|^03^|^2^|^Z36^|^100^|^ B^|^Pelaksanaan Manajemen Kinerja, Resiko dan Kepatuhan Internal^|^00^|^^|0|0
^2026^|^01^|^497622^|^015^|^08^|^WA^|^4718^|^BMB^|^31^|^03^|^2^|^001^|^100^|^ A^|^TANPA SUB KOMPONEN^|^00^|^^|0|0
^2026^|^01^|^497622^|^015^|^08^|^WA^|^4718^|^BMB^|^31^|^03^|^2^|^002^|^100^|^ A^|^TANPA SUB KOMPONEN^|^00^|^^|0|0
^2026^|^01^|^497622^|^015^|^08^|^WA^|^4719^|^EBA^|^31^|^03^|^2^|^004^|^100^|^ A^|^Survey Kepuasan Pengguna Layanan^|^00^|^^|0|0
^2026^|^01^|^497622^|^015^|^08^|^WA^|^4719^|^EBA^|^31^|^03^|^2^|^994^|^001^|^ A^|^TANPA SUB KOMPONEN^|^00^|^^|0|0
^2026^|^01^|^497622^|^015^|^08^|^WA^|^4719^|^EBC^|^31^|^03^|^2^|^001^|^100^|^XC^|^Penyelenggaraan Capacity Building^|^00^|^^|0|0
^2026^|^01^|^527052^|^015^|^08^|^CD^|^6212^|^BMB^|^01^|^55^|^2^|^001^|^100^|^ A^|^Profiling UMKM^|^00^|^^|0|0
^2026^|^01^|^527052^|^015^|^08^|^CD^|^6212^|^FAC^|^01^|^55^|^2^|^001^|^100^|^ A^|^Training Modul Aplikasi SAKTI^|^00^|^^|0|0
^2026^|^01^|^527052^|^015^|^08^|^CD^|^6212^|^FAH^|^01^|^55^|^2^|^001^|^100^|^ A^|^TANPA SUB KOMPONEN^|^00^|^^|0|0
^2026^|^01^|^527052^|^015^|^08^|^CD^|^6212^|^FAL^|^01^|^55^|^2^|^004^|^100^|^ A^|^Konsultasi^|^00^|^^|0|0
^2026^|^01^|^527052^|^015^|^08^|^CD^|^6213^|^FAC^|^01^|^55^|^2^|^001^|^100^|^ A^|^Pembinaan Jabatan Fungsional Perbendaharaan^|^00^|^^|0|0
^2026^|^01^|^527052^|^015^|^08^|^CD^|^6215^|^FAH^|^01^|^55^|^2^|^003^|^100^|^ A^|^Penyusunan Laporan Keuangan Tingkat BUN di Daerah^|^00^|^^|0|0
^2026^|^01^|^527052^|^015^|^08^|^CD^|^6213^|^FAE^|^01^|^55^|^2^|^009^|^100^|^ A^|^Monev Penyaluran Pembiayaan Ultra Mikro^|^00^|^^|0|0
^2026^|^01^|^527052^|^015^|^08^|^CD^|^6213^|^FAL^|^01^|^55^|^2^|^003^|^100^|^ A^|^Monev Pelaksanaan Anggaran^|^00^|^^|0|0
^2026^|^01^|^527052^|^015^|^08^|^CD^|^6214^|^FAL^|^01^|^55^|^2^|^002^|^100^|^ A^|^Pelaksanaan PencairanPenarikanPengesahan Dana^|^00^|^^|0|0
^2026^|^01^|^527052^|^015^|^08^|^CD^|^6214^|^FAL^|^01^|^55^|^2^|^002^|^100^|^ B^|^PenerbitanPersetujuanRekonsiliasi RekeningSKPPKonfirmasi Penerimaan Negara, dll^|^00^|^^|0|0
^2026^|^01^|^527052^|^015^|^08^|^WA^|^4719^|^EBA^|^01^|^55^|^2^|^004^|^100^|^ A^|^Survey Kepuasan Pengguna Layanan^|^00^|^^|0|0
^2026^|^01^|^527052^|^015^|^08^|^WA^|^4719^|^EBA^|^01^|^55^|^2^|^994^|^001^|^ A^|^TANPA SUB KOMPONEN^|^00^|^^|0|0
^2026^|^01^|^527052^|^015^|^08^|^WA^|^4715^|^EBA^|^01^|^55^|^2^|^001^|^100^|^ A^|^TANPA SUB KOMPONEN^|^00^|^^|0|0
^2026^|^01^|^527052^|^015^|^08^|^WA^|^4715^|^EBA^|^01^|^55^|^2^|^002^|^100^|^ A^|^TANPA SUB KOMPONEN^|^00^|^^|0|0
^2026^|^01^|^527052^|^015^|^08^|^WA^|^4715^|^EBA^|^01^|^55^|^2^|^994^|^002^|^ A^|^Keperluan Seharihari Perkantoran^|^00^|^^|0|0
^2026^|^01^|^527052^|^015^|^08^|^WA^|^4715^|^EBA^|^01^|^55^|^2^|^994^|^002^|^ B^|^Langganan Daya dan Jasa^|^00^|^^|0|0
^2026^|^01^|^527052^|^015^|^08^|^WA^|^4715^|^EBA^|^01^|^55^|^2^|^994^|^002^|^ C^|^Pelaksanaan Operasional Kantor^|^00^|^^|0|0
^2026^|^01^|^527052^|^015^|^08^|^WA^|^4715^|^EBA^|^01^|^55^|^2^|^994^|^002^|^ D^|^Pemeliharaan Peralatan dan Mesin^|^00^|^^|0|0
^2026^|^01^|^527052^|^015^|^08^|^WA^|^4715^|^EBA^|^01^|^55^|^2^|^994^|^002^|^TJ^|^Jasa PemeliharaanAnnual Technical Support (ATS)^|^00^|^^|0|0
^2026^|^01^|^527052^|^015^|^08^|^WA^|^4718^|^BMB^|^01^|^55^|^2^|^001^|^100^|^ A^|^TANPA SUB KOMPONEN^|^00^|^^|0|0
^2026^|^01^|^527052^|^015^|^08^|^WA^|^4718^|^BMB^|^01^|^55^|^2^|^002^|^100^|^ A^|^TANPA SUB KOMPONEN^|^00^|^^|0|0
^2026^|^01^|^527052^|^015^|^08^|^WA^|^4719^|^EBC^|^01^|^55^|^2^|^001^|^100^|^XC^|^Penyelenggaraan Capacity Building^|^00^|^^|0|0
^2026^|^01^|^527102^|^015^|^08^|^CD^|^6212^|^BMB^|^02^|^51^|^2^|^001^|^100^|^ A^|^Profiling UMKM^|^00^|^^|0|0
^2026^|^01^|^527102^|^015^|^08^|^CD^|^6212^|^FAC^|^02^|^51^|^2^|^001^|^100^|^ A^|^Training Modul Aplikasi SAKTI^|^00^|^^|0|0
^2026^|^01^|^527102^|^015^|^08^|^CD^|^6212^|^FAC^|^02^|^51^|^2^|^001^|^100^|^ B^|^FGD dan Bimtek Transfer Keuangan Daerah^|^00^|^^|0|0
^2026^|^01^|^527102^|^015^|^08^|^CD^|^6212^|^FAH^|^02^|^51^|^2^|^001^|^100^|^ A^|^TANPA SUB KOMPONEN^|^00^|^^|0|0
^2026^|^01^|^527102^|^015^|^08^|^CD^|^6212^|^FAL^|^02^|^51^|^2^|^004^|^100^|^ A^|^Konsultasi^|^00^|^^|0|0
^2026^|^01^|^527102^|^015^|^08^|^CD^|^6212^|^FAL^|^02^|^51^|^2^|^004^|^100^|^ B^|^Sosialisasi dan Bimbingan Teknis^|^00^|^^|0|0
^2026^|^01^|^527102^|^015^|^08^|^CD^|^6212^|^FAL^|^02^|^51^|^2^|^004^|^100^|^ D^|^Pembinaan Pemda, TKD, dan Penandatanganan BAR^|^00^|^^|0|0
^2026^|^01^|^527102^|^015^|^08^|^CD^|^6213^|^FAC^|^02^|^51^|^2^|^001^|^100^|^ A^|^Pembinaan Jabatan Fungsional Perbendaharaan^|^00^|^^|0|0
^2026^|^01^|^527102^|^015^|^08^|^CD^|^6213^|^FAE^|^02^|^51^|^2^|^009^|^100^|^ A^|^Monev Penyaluran Pembiayaan Ultra Mikro^|^00^|^^|0|0
^2026^|^01^|^527102^|^015^|^08^|^CD^|^6213^|^FAL^|^02^|^51^|^2^|^003^|^100^|^ A^|^Monev Pelaksanaan Anggaran^|^00^|^^|0|0
^2026^|^01^|^527102^|^015^|^08^|^CD^|^6214^|^FAL^|^02^|^51^|^2^|^002^|^100^|^ A^|^Pelaksanaan PencairanPenarikanPengesahan Dana^|^00^|^^|0|0
^2026^|^01^|^527102^|^015^|^08^|^CD^|^6214^|^FAL^|^02^|^51^|^2^|^002^|^100^|^ B^|^PenerbitanPersetujuanRekonsiliasi RekeningSKPPKonfirmasi Penerimaan Negara, dll^|^00^|^^|0|0
^2026^|^01^|^527102^|^015^|^08^|^CD^|^6215^|^FAH^|^02^|^51^|^2^|^003^|^100^|^ A^|^Penyusunan Laporan Keuangan Tingkat Kuasa BUN di Daerah^|^00^|^^|0|0
^2026^|^01^|^527102^|^015^|^08^|^CD^|^6215^|^FAH^|^02^|^51^|^2^|^003^|^100^|^ B^|^Koordinasi UAKBUND KPPN di Kanwil^|^00^|^^|0|0
^2026^|^01^|^527102^|^015^|^08^|^WA^|^4715^|^EBA^|^02^|^51^|^2^|^001^|^100^|^ A^|^TANPA SUB KOMPONEN^|^00^|^^|0|0
^2026^|^01^|^527102^|^015^|^08^|^WA^|^4715^|^EBA^|^02^|^51^|^2^|^001^|^100^|^ B^|^Koordinasi Penyusunan ATK PU^|^00^|^^|0|0
^2026^|^01^|^527102^|^015^|^08^|^WA^|^4715^|^EBA^|^02^|^51^|^2^|^002^|^100^|^ A^|^TANPA SUB KOMPONEN^|^00^|^^|0|0
^2026^|^01^|^527102^|^015^|^08^|^WA^|^4715^|^EBA^|^02^|^51^|^2^|^994^|^002^|^ A^|^Keperluan Seharihari Perkantoran^|^00^|^^|0|0
^2026^|^01^|^527102^|^015^|^08^|^WA^|^4715^|^EBA^|^02^|^51^|^2^|^994^|^002^|^ B^|^Langganan Daya dan Jasa^|^00^|^^|0|0
^2026^|^01^|^527102^|^015^|^08^|^WA^|^4715^|^EBA^|^02^|^51^|^2^|^994^|^002^|^ C^|^Pelaksanaan Operasional Kantor^|^00^|^^|0|0
^2026^|^01^|^527102^|^015^|^08^|^WA^|^4715^|^EBA^|^02^|^51^|^2^|^994^|^002^|^ D^|^Pemeliharaan Peralatan dan Mesin^|^00^|^^|0|0
^2026^|^01^|^527102^|^015^|^08^|^WA^|^4715^|^EBA^|^02^|^51^|^2^|^994^|^002^|^TJ^|^Jasa PemeliharaanAnnual Technical Support (ATS)^|^00^|^^|0|0
^2026^|^01^|^527102^|^015^|^08^|^WA^|^4715^|^EBD^|^02^|^51^|^2^|^Z36^|^100^|^ B^|^Pelaksanaan Manajemen Kinerja, Resiko dan Kepatuhan Internal^|^00^|^^|0|0
^2026^|^01^|^527102^|^015^|^08^|^WA^|^4718^|^BMB^|^02^|^51^|^2^|^001^|^100^|^ A^|^TANPA SUB KOMPONEN^|^00^|^^|0|0
^2026^|^01^|^527102^|^015^|^08^|^WA^|^4718^|^BMB^|^02^|^51^|^2^|^002^|^100^|^ A^|^KEHUMASAN^|^00^|^^|0|0
^2026^|^01^|^527102^|^015^|^08^|^WA^|^4719^|^EBA^|^02^|^51^|^2^|^004^|^100^|^ A^|^Survey Kepuasan Pengguna Layanan^|^00^|^^|0|0
^2026^|^01^|^527102^|^015^|^08^|^WA^|^4719^|^EBA^|^02^|^51^|^2^|^994^|^001^|^ A^|^TANPA SUB KOMPONEN^|^00^|^^|0|0
^2026^|^01^|^527102^|^015^|^08^|^WA^|^4719^|^EBC^|^02^|^51^|^2^|^001^|^100^|^XC^|^Penyelenggaraan Capacity Building^|^00^|^^|0|0
^2026^|^01^|^527048^|^015^|^08^|^CD^|^6212^|^BMB^|^01^|^51^|^2^|^001^|^100^|^ A^|^Profiling UMKM^|^00^|^^|0|0
^2026^|^01^|^527048^|^015^|^08^|^CD^|^6212^|^FAC^|^01^|^51^|^2^|^001^|^100^|^ A^|^Training Modul Aplikasi SAKTI^|^00^|^^|0|0
^2026^|^01^|^527048^|^015^|^08^|^CD^|^6212^|^FAH^|^01^|^51^|^2^|^001^|^100^|^ A^|^TANPA SUB KOMPONEN^|^00^|^^|0|0
^2026^|^01^|^527048^|^015^|^08^|^CD^|^6212^|^FAL^|^01^|^51^|^2^|^004^|^100^|^ A^|^Konsultasi^|^00^|^^|0|0
^2026^|^01^|^527048^|^015^|^08^|^CD^|^6212^|^FAL^|^01^|^51^|^2^|^004^|^100^|^ B^|^Sosialisasi dan Bimbingan Teknis^|^00^|^^|0|0
^2026^|^01^|^527048^|^015^|^08^|^CD^|^6213^|^FAC^|^01^|^51^|^2^|^001^|^100^|^ A^|^Pembinaan Jabatan Fungsional Perbendaharaan^|^00^|^^|0|0
^2026^|^01^|^527048^|^015^|^08^|^CD^|^6213^|^FAE^|^01^|^51^|^2^|^009^|^100^|^ A^|^Monev Penyaluran Pembiayaan Ultra Mikro^|^00^|^^|0|0
^2026^|^01^|^527048^|^015^|^08^|^CD^|^6213^|^FAL^|^01^|^51^|^2^|^003^|^100^|^ A^|^Monev Pelaksanaan Anggaran^|^00^|^^|0|0
^2026^|^01^|^527048^|^015^|^08^|^CD^|^6214^|^FAL^|^01^|^51^|^2^|^002^|^100^|^ A^|^Pelaksanaan PencairanPenarikanPengesahan Dana^|^00^|^^|0|0
^2026^|^01^|^527048^|^015^|^08^|^CD^|^6214^|^FAL^|^01^|^51^|^2^|^002^|^100^|^ B^|^PenerbitanPersetujuanRekonsiliasi RekeningSKPPKonfirmasi Penerimaan Negara, dll^|^00^|^^|0|0
^2026^|^01^|^527048^|^015^|^08^|^CD^|^6215^|^FAH^|^01^|^51^|^2^|^003^|^100^|^ A^|^Penyusunan Laporan Keuangan Tingkat Kuas BUN di Daerah^|^00^|^^|0|0
^2026^|^01^|^527048^|^015^|^08^|^CD^|^6215^|^FAH^|^01^|^51^|^2^|^003^|^100^|^ B^|^Koordinasi UAKBUND KPPN di Kanwil^|^00^|^^|0|0
^2026^|^01^|^527048^|^015^|^08^|^WA^|^4715^|^EBA^|^01^|^51^|^2^|^001^|^100^|^ A^|^TANPA SUB KOMPONEN^|^00^|^^|0|0
^2026^|^01^|^527048^|^015^|^08^|^WA^|^4715^|^EBA^|^01^|^51^|^2^|^002^|^100^|^ A^|^TANPA SUB KOMPONEN^|^00^|^^|0|0
^2026^|^01^|^527048^|^015^|^08^|^WA^|^4715^|^EBA^|^01^|^51^|^2^|^994^|^002^|^ A^|^Keperluan Seharihari Perkantoran^|^00^|^^|0|0
^2026^|^01^|^527048^|^015^|^08^|^WA^|^4715^|^EBA^|^01^|^51^|^2^|^994^|^002^|^ B^|^Langganan Daya dan Jasa^|^00^|^^|0|0
^2026^|^01^|^527048^|^015^|^08^|^WA^|^4715^|^EBA^|^01^|^51^|^2^|^994^|^002^|^ C^|^Pelaksanaan Operasional Kantor^|^00^|^^|0|0
^2026^|^01^|^527048^|^015^|^08^|^WA^|^4715^|^EBA^|^01^|^51^|^2^|^994^|^002^|^ D^|^Pemeliharaan Peralatan dan Mesin^|^00^|^^|0|0
^2026^|^01^|^527048^|^015^|^08^|^WA^|^4715^|^EBA^|^01^|^51^|^2^|^994^|^002^|^TJ^|^Jasa PemeliharaanAnnual Technical Support (ATS)^|^00^|^^|0|0
^2026^|^01^|^527048^|^015^|^08^|^WA^|^4715^|^EBD^|^01^|^51^|^2^|^Z36^|^100^|^ B^|^Pelaksanaan Manajemen Kinerja, Risiko dan Kepatuhan Internal^|^00^|^^|0|0
^2026^|^01^|^527048^|^015^|^08^|^WA^|^4718^|^BMB^|^01^|^51^|^2^|^001^|^100^|^ A^|^TANPA SUB KOMPONEN^|^00^|^^|0|0
^2026^|^01^|^527048^|^015^|^08^|^WA^|^4718^|^BMB^|^01^|^51^|^2^|^002^|^100^|^ A^|^TANPA SUB KOMPONEN^|^00^|^^|0|0
^2026^|^01^|^527048^|^015^|^08^|^WA^|^4719^|^EBA^|^01^|^51^|^2^|^004^|^100^|^ A^|^Survey Kepuasan Pengguna Layanan^|^00^|^^|0|0
^2026^|^01^|^527048^|^015^|^08^|^WA^|^4719^|^EBA^|^01^|^51^|^2^|^994^|^001^|^ A^|^TANPA SUB KOMPONEN^|^00^|^^|0|0
^2026^|^01^|^527048^|^015^|^08^|^WA^|^4719^|^EBC^|^01^|^51^|^2^|^001^|^100^|^XC^|^Penyelenggaraan Capacity Building^|^00^|^^|0|0
^2026^|^01^|^527031^|^015^|^08^|^CD^|^6212^|^BMB^|^01^|^51^|^2^|^001^|^100^|^ A^|^Profiling UMKM^|^00^|^^|0|0
^2026^|^01^|^527031^|^015^|^08^|^CD^|^6212^|^FAC^|^01^|^51^|^2^|^001^|^100^|^ A^|^TANPA SUB KOMPONEN^|^00^|^^|0|0
^2026^|^01^|^527031^|^015^|^08^|^CD^|^6212^|^FAC^|^01^|^51^|^2^|^001^|^100^|^ B^|^FGD dan Bimtek Transfer Keuangan Daerah^|^00^|^^|0|0
^2026^|^01^|^527031^|^015^|^08^|^CD^|^6212^|^FAH^|^01^|^51^|^2^|^001^|^100^|^ A^|^TANPA SUB KOMPONEN^|^00^|^^|0|0
^2026^|^01^|^527031^|^015^|^08^|^CD^|^6212^|^FAL^|^01^|^51^|^2^|^004^|^100^|^ A^|^Konsultasi^|^00^|^^|0|0
^2026^|^01^|^527031^|^015^|^08^|^CD^|^6212^|^FAL^|^01^|^51^|^2^|^004^|^100^|^ B^|^Sosialisasi dan Bimbingan Teknis^|^00^|^^|0|0
^2026^|^01^|^527031^|^015^|^08^|^CD^|^6212^|^FAL^|^01^|^51^|^2^|^004^|^100^|^ D^|^Pembinaan Pemda, TKD, dan Penandatanganan BAR^|^00^|^^|0|0
^2026^|^01^|^527031^|^015^|^08^|^CD^|^6213^|^FAC^|^01^|^51^|^2^|^001^|^100^|^ A^|^Pembinaan Jabatan Fungsional Perbendaharaan^|^00^|^^|0|0
^2026^|^01^|^527031^|^015^|^08^|^CD^|^6213^|^FAE^|^01^|^51^|^2^|^009^|^100^|^ A^|^Monev Penyaluran Pembayaran Ultra Mikro^|^00^|^^|0|0
^2026^|^01^|^527031^|^015^|^08^|^CD^|^6213^|^FAL^|^01^|^51^|^2^|^003^|^100^|^ A^|^Monev Pelaksanaan Anggaran^|^00^|^^|0|0
^2026^|^01^|^527031^|^015^|^08^|^CD^|^6214^|^FAL^|^01^|^51^|^2^|^002^|^100^|^ A^|^Pelaksanaan PencairanPenarikanPengesahan Dana^|^00^|^^|0|0
^2026^|^01^|^527031^|^015^|^08^|^CD^|^6214^|^FAL^|^01^|^51^|^2^|^002^|^100^|^ B^|^PenerbitanPersetujuanRekonsiliasi RekeningSKPPKonfirmasi Penerimaan Negara, dll^|^00^|^^|0|0
^2026^|^01^|^527031^|^015^|^08^|^CD^|^6215^|^FAH^|^01^|^51^|^2^|^003^|^100^|^ A^|^Penyusunan Laporan Keuangan Tingkat Kuasa BUN di Daerah^|^00^|^^|0|0
^2026^|^01^|^527031^|^015^|^08^|^CD^|^6215^|^FAH^|^01^|^51^|^2^|^003^|^100^|^ B^|^Koordinasi UAKBUND KPPN di Kanwil^|^00^|^^|0|0
^2026^|^01^|^527031^|^015^|^08^|^WA^|^4715^|^EBA^|^01^|^51^|^2^|^001^|^100^|^ A^|^TANPA SUB KOMPONEN^|^00^|^^|0|0
^2026^|^01^|^527031^|^015^|^08^|^WA^|^4715^|^EBA^|^01^|^51^|^2^|^001^|^100^|^ B^|^Koordinasi Penyusunan ATK PU^|^00^|^^|0|0
^2026^|^01^|^527031^|^015^|^08^|^WA^|^4715^|^EBA^|^01^|^51^|^2^|^002^|^100^|^ A^|^TANPA SUB KOMPONEN^|^00^|^^|0|0
^2026^|^01^|^527031^|^015^|^08^|^WA^|^4715^|^EBA^|^01^|^51^|^2^|^994^|^002^|^ A^|^Keperluan Seharihari Perkantoran^|^00^|^^|0|0
^2026^|^01^|^527031^|^015^|^08^|^WA^|^4715^|^EBA^|^01^|^51^|^2^|^994^|^002^|^ B^|^Langganan Daya dan Jasa^|^00^|^^|0|0
^2026^|^01^|^527031^|^015^|^08^|^WA^|^4715^|^EBA^|^01^|^51^|^2^|^994^|^002^|^ C^|^Pelaksanaan Operasional Kantor^|^00^|^^|0|0
^2026^|^01^|^527031^|^015^|^08^|^WA^|^4715^|^EBA^|^01^|^51^|^2^|^994^|^002^|^ D^|^Pemeliharaan Peralatan dan Mesin^|^00^|^^|0|0
^2026^|^01^|^527031^|^015^|^08^|^WA^|^4715^|^EBA^|^01^|^51^|^2^|^994^|^002^|^TJ^|^Jasa PemeliharaanAnnual Technical Support (ATS)^|^00^|^^|0|0
^2026^|^01^|^527031^|^015^|^08^|^WA^|^4715^|^EBD^|^01^|^51^|^2^|^Z36^|^100^|^ B^|^Pelaksanaan Manajemen Kinerja, Resiko dan Kepatuhan Internal^|^00^|^^|0|0
^2026^|^01^|^527031^|^015^|^08^|^WA^|^4719^|^EBA^|^01^|^51^|^2^|^004^|^100^|^ A^|^Survey Kepuasan Pengguna Layanan^|^00^|^^|0|0
^2026^|^01^|^527031^|^015^|^08^|^WA^|^4719^|^EBA^|^01^|^51^|^2^|^994^|^001^|^ A^|^TANPA SUB KOMPONEN^|^00^|^^|0|0
^2026^|^01^|^527031^|^015^|^08^|^WA^|^4719^|^EBC^|^01^|^51^|^2^|^001^|^100^|^XC^|^Penyelenggaraan Capacity Building^|^00^|^^|0|0
^2026^|^01^|^527031^|^015^|^08^|^WA^|^4718^|^BMB^|^01^|^51^|^2^|^001^|^100^|^ A^|^TANPA SUB KOMPONEN^|^00^|^^|0|0
^2026^|^01^|^527031^|^015^|^08^|^WA^|^4718^|^BMB^|^01^|^51^|^2^|^002^|^100^|^ A^|^TANPA SUB KOMPONEN^|^00^|^^|0|0
^2026^|^01^|^527120^|^015^|^08^|^CD^|^6212^|^FAC^|^02^|^54^|^2^|^001^|^100^|^ A^|^Training Modul Aplikasi SAKTI^|^00^|^^|0|0
^2026^|^01^|^527120^|^015^|^08^|^CD^|^6212^|^FAC^|^02^|^54^|^2^|^001^|^100^|^ B^|^FGD dan Bimtek Transfer Keuangan Daerah^|^00^|^^|0|0
^2026^|^01^|^527120^|^015^|^08^|^CD^|^6212^|^FAH^|^02^|^54^|^2^|^001^|^100^|^ A^|^TANPA SUB KOMPONEN^|^00^|^^|0|0
^2026^|^01^|^527120^|^015^|^08^|^CD^|^6212^|^FAL^|^02^|^54^|^2^|^004^|^100^|^ A^|^Konsultasi^|^00^|^^|0|0
^2026^|^01^|^527120^|^015^|^08^|^CD^|^6212^|^FAL^|^02^|^54^|^2^|^004^|^100^|^ B^|^Sosialisasi dan Bimbingan Teknis^|^00^|^^|0|0
^2026^|^01^|^527120^|^015^|^08^|^CD^|^6212^|^FAL^|^02^|^54^|^2^|^004^|^100^|^ D^|^Pembinaan Pemda, TKD, dan Penandatanganan BA Rekonsiliasi Pajak^|^00^|^^|0|0
^2026^|^01^|^527120^|^015^|^08^|^CD^|^6213^|^FAC^|^02^|^54^|^2^|^001^|^100^|^ A^|^Pembinaan Jabatan Fungsional Perbendaharaan^|^00^|^^|0|0
^2026^|^01^|^527120^|^015^|^08^|^CD^|^6213^|^FAE^|^02^|^54^|^2^|^009^|^100^|^ A^|^Monev Penyaluran Pembiayaan Ultra Mikro^|^00^|^^|0|0
^2026^|^01^|^527120^|^015^|^08^|^CD^|^6213^|^FAL^|^02^|^54^|^2^|^003^|^100^|^ A^|^Monev Pelaksanaan Anggaran^|^00^|^^|0|0
^2026^|^01^|^527120^|^015^|^08^|^CD^|^6214^|^FAL^|^02^|^54^|^2^|^002^|^100^|^ A^|^Pelaksanaan PencairanPenarikanPengesahan Dana^|^00^|^^|0|0
^2026^|^01^|^527120^|^015^|^08^|^CD^|^6214^|^FAL^|^02^|^54^|^2^|^002^|^100^|^ B^|^PenerbitanPersetujuanRekonsiliasi RekeningSKPPKonfirmasi Penerimaan Negara, dll^|^00^|^^|0|0
^2026^|^01^|^527120^|^015^|^08^|^CD^|^6215^|^FAH^|^02^|^54^|^2^|^003^|^100^|^ A^|^Penyusunan Laporan Keuangan Tingkat Kuasa BUN di Daerah^|^00^|^^|0|0
^2026^|^01^|^527120^|^015^|^08^|^WA^|^4715^|^EBA^|^02^|^54^|^2^|^001^|^100^|^ A^|^TANPA SUB KOMPONEN^|^00^|^^|0|0
^2026^|^01^|^527120^|^015^|^08^|^WA^|^4715^|^EBA^|^02^|^54^|^2^|^002^|^100^|^ A^|^TANPA SUB KOMPONEN^|^00^|^^|0|0
^2026^|^01^|^527120^|^015^|^08^|^WA^|^4715^|^EBA^|^02^|^54^|^2^|^994^|^002^|^ A^|^Keperluan Seharihari Perkantoran^|^00^|^^|0|0
^2026^|^01^|^527120^|^015^|^08^|^WA^|^4715^|^EBA^|^02^|^54^|^2^|^994^|^002^|^ B^|^Langganan Daya dan Jasa^|^00^|^^|0|0
^2026^|^01^|^527120^|^015^|^08^|^WA^|^4715^|^EBA^|^02^|^54^|^2^|^994^|^002^|^ C^|^Pelaksanaan Operasional Kantor^|^00^|^^|0|0
^2026^|^01^|^527120^|^015^|^08^|^WA^|^4715^|^EBA^|^02^|^54^|^2^|^994^|^002^|^ D^|^Pemeliharaan Peralatan dan Mesin^|^00^|^^|0|0
^2026^|^01^|^527120^|^015^|^08^|^WA^|^4715^|^EBA^|^02^|^54^|^2^|^994^|^002^|^ G^|^Pemeliharaan Gedung dan Bangunan^|^00^|^^|0|0
^2026^|^01^|^527120^|^015^|^08^|^WA^|^4715^|^EBA^|^02^|^54^|^2^|^994^|^002^|^TJ^|^Jasa PemeliharaanAnnual Technical Support (ATS)^|^00^|^^|0|0
^2026^|^01^|^527120^|^015^|^08^|^WA^|^4715^|^EBD^|^02^|^54^|^2^|^Z36^|^100^|^ B^|^Pelaksanaan Manajemen Kinerja, Resiko dan Kepatuhan Internal^|^00^|^^|0|0
^2026^|^01^|^527120^|^015^|^08^|^WA^|^4718^|^BMB^|^02^|^54^|^2^|^001^|^100^|^ A^|^TANPA SUB KOMPONEN^|^00^|^^|0|0
^2026^|^01^|^527120^|^015^|^08^|^WA^|^4718^|^BMB^|^02^|^54^|^2^|^002^|^100^|^ A^|^TANPA SUB KOMPONEN^|^00^|^^|0|0
^2026^|^01^|^527120^|^015^|^08^|^WA^|^4719^|^EBA^|^02^|^54^|^2^|^004^|^100^|^ A^|^Survey Kepuasan Pengguna Layanan^|^00^|^^|0|0
^2026^|^01^|^527120^|^015^|^08^|^WA^|^4719^|^EBA^|^02^|^54^|^2^|^994^|^001^|^ A^|^TANPA SUB KOMPONEN^|^00^|^^|0|0
^2026^|^01^|^527120^|^015^|^08^|^WA^|^4719^|^EBC^|^02^|^54^|^2^|^001^|^100^|^XC^|^Penyelenggaraan Capacity Building^|^00^|^^|0|0
^2026^|^01^|^527141^|^015^|^08^|^CD^|^6212^|^FAC^|^02^|^60^|^2^|^001^|^100^|^ A^|^Training Modul Aplikasi SAKTI^|^00^|^^|0|0
^2026^|^01^|^527141^|^015^|^08^|^CD^|^6212^|^FAC^|^02^|^60^|^2^|^001^|^100^|^ B^|^FGD dan Bimtek Transfer Keuangan Daerah^|^00^|^^|0|0
^2026^|^01^|^527141^|^015^|^08^|^CD^|^6212^|^FAH^|^02^|^60^|^2^|^001^|^100^|^ A^|^TANPA SUB KOMPONEN^|^00^|^^|0|0
^2026^|^01^|^527141^|^015^|^08^|^CD^|^6212^|^FAL^|^02^|^60^|^2^|^004^|^100^|^ A^|^Konsultasi^|^00^|^^|0|0
^2026^|^01^|^527141^|^015^|^08^|^CD^|^6212^|^FAL^|^02^|^60^|^2^|^004^|^100^|^ B^|^Sosialisasi dan Bimbingan Teknis^|^00^|^^|0|0
^2026^|^01^|^527141^|^015^|^08^|^CD^|^6212^|^FAL^|^02^|^60^|^2^|^004^|^100^|^ D^|^Pembinaan Pemda, TKD, dan Penandatanganan BAR^|^00^|^^|0|0
^2026^|^01^|^527141^|^015^|^08^|^CD^|^6213^|^FAC^|^02^|^60^|^2^|^001^|^100^|^ A^|^Pembinaan Jabatan Fungsional Perbendaharaan^|^00^|^^|0|0
^2026^|^01^|^527141^|^015^|^08^|^CD^|^6214^|^FAL^|^02^|^60^|^2^|^002^|^100^|^ A^|^Pelaksanaan PencairanPenarikanPengesahan Dana^|^00^|^^|0|0
^2026^|^01^|^527141^|^015^|^08^|^CD^|^6214^|^FAL^|^02^|^60^|^2^|^002^|^100^|^ B^|^PenerbitanPersetujuanRekonsiliasi RekeningSKPPKonfirmasi Penerimaan Negara, dll^|^00^|^^|0|0
^2026^|^01^|^527141^|^015^|^08^|^CD^|^6215^|^FAH^|^02^|^60^|^2^|^003^|^100^|^ A^|^Penyusunan Laporan Keuangan Tingkat Kuasa BUN di Daerah^|^00^|^^|0|0
^2026^|^01^|^527141^|^015^|^08^|^CD^|^6215^|^FAH^|^02^|^60^|^2^|^003^|^100^|^ B^|^Koordinasi UAKBUND KPPN di Kanwil^|^00^|^^|0|0
^2026^|^01^|^527141^|^015^|^08^|^WA^|^4715^|^EBA^|^02^|^60^|^2^|^001^|^100^|^ A^|^TANPA SUB KOMPONEN^|^00^|^^|0|0
^2026^|^01^|^527141^|^015^|^08^|^WA^|^4715^|^EBA^|^02^|^60^|^2^|^001^|^100^|^ B^|^Koordinasi Penyusunan ATK PU^|^00^|^^|0|0
^2026^|^01^|^527141^|^015^|^08^|^WA^|^4715^|^EBA^|^02^|^60^|^2^|^002^|^100^|^ A^|^TANPA SUB KOMPONEN^|^00^|^^|0|0
^2026^|^01^|^527141^|^015^|^08^|^WA^|^4715^|^EBA^|^02^|^60^|^2^|^994^|^002^|^ A^|^Keperluan Seharihari Perkantoran^|^00^|^^|0|0
^2026^|^01^|^527141^|^015^|^08^|^WA^|^4715^|^EBA^|^02^|^60^|^2^|^994^|^002^|^ B^|^Langganan Daya dan Jasa^|^00^|^^|0|0
^2026^|^01^|^527141^|^015^|^08^|^WA^|^4715^|^EBA^|^02^|^60^|^2^|^994^|^002^|^ C^|^Pelaksanaan Operasional Kantor^|^00^|^^|0|0
^2026^|^01^|^527141^|^015^|^08^|^WA^|^4715^|^EBA^|^02^|^60^|^2^|^994^|^002^|^ D^|^Pemeliharaan Peralatan dan Mesin^|^00^|^^|0|0
^2026^|^01^|^527141^|^015^|^08^|^WA^|^4715^|^EBA^|^02^|^60^|^2^|^994^|^002^|^ G^|^Pemeliharaan Gedung dan Bangunan^|^00^|^^|0|0
^2026^|^01^|^527141^|^015^|^08^|^WA^|^4715^|^EBA^|^02^|^60^|^2^|^994^|^002^|^TJ^|^Jasa PemeliharaanAnnual Technical Support (ATS)^|^00^|^^|0|0
^2026^|^01^|^527141^|^015^|^08^|^WA^|^4715^|^EBB^|^02^|^60^|^2^|^002^|^100^|^ A^|^TANPA SUB KOMPONEN^|^00^|^^|0|0
^2026^|^01^|^527141^|^015^|^08^|^WA^|^4715^|^EBD^|^02^|^60^|^2^|^Z36^|^100^|^ A^|^Pelaksanaan Manajemen Kinerja, Resiko dan Kepatuhan Internal^|^00^|^^|0|0
^2026^|^01^|^527141^|^015^|^08^|^WA^|^4718^|^BMB^|^02^|^60^|^2^|^001^|^100^|^ A^|^TANPA SUB KOMPONEN^|^00^|^^|0|0
^2026^|^01^|^527141^|^015^|^08^|^WA^|^4718^|^BMB^|^02^|^60^|^2^|^002^|^100^|^ A^|^TANPA SUB KOMPONEN^|^00^|^^|0|0
^2026^|^01^|^527141^|^015^|^08^|^WA^|^4719^|^EBA^|^02^|^60^|^2^|^004^|^100^|^ A^|^Survey Kepuasan Pengguna Layanan^|^00^|^^|0|0
^2026^|^01^|^527141^|^015^|^08^|^WA^|^4719^|^EBA^|^02^|^60^|^2^|^994^|^001^|^ A^|^TANPA SUB KOMPONEN^|^00^|^^|0|0
^2026^|^01^|^527141^|^015^|^08^|^WA^|^4719^|^EBC^|^02^|^60^|^2^|^001^|^100^|^XC^|^Penyelenggaraan Capacity Building^|^00^|^^|0|0
^2026^|^01^|^527094^|^015^|^08^|^CD^|^6213^|^FAL^|^02^|^51^|^2^|^003^|^100^|^ A^|^Pelaksanaan Spending Review^|^00^|^^|0|0
^2026^|^01^|^527094^|^015^|^08^|^CD^|^6213^|^FAL^|^02^|^51^|^2^|^003^|^100^|^ C^|^Review Pelaksanaan Anggaran^|^00^|^^|0|0
^2026^|^01^|^527094^|^015^|^08^|^CD^|^6213^|^FAL^|^02^|^51^|^2^|^003^|^100^|^ D^|^Monitoring dan Evaluasi Pelaksanaan Anggaran^|^00^|^^|0|0
^2026^|^01^|^527094^|^015^|^08^|^CD^|^6213^|^FAL^|^02^|^51^|^2^|^003^|^100^|^ E^|^Pengumpulan InformasiPenajaman Data Fiskal RegionalPenyusunan KFR^|^00^|^^|0|0
^2026^|^01^|^527094^|^015^|^08^|^CD^|^6213^|^FAL^|^02^|^51^|^2^|^003^|^100^|^ F^|^Publikasi Kajian Fiskal Regional^|^00^|^^|0|0
^2026^|^01^|^527094^|^015^|^08^|^CD^|^6213^|^FAL^|^02^|^51^|^2^|^003^|^100^|^ G^|^Pengumpulan Konfirmasi Informasi Pengelolaan Keuangan Daerah dan Penyusunan Profil Keuangan Daerah^|^00^|^^|0|0
^2026^|^01^|^527094^|^015^|^08^|^CD^|^6213^|^FAL^|^02^|^51^|^2^|^003^|^100^|^ H^|^Monitoring atas Dana Transfer dan Dana Desa^|^00^|^^|0|0
^2026^|^01^|^527094^|^015^|^08^|^CD^|^6215^|^FAH^|^02^|^51^|^2^|^001^|^100^|^ A^|^Koordinasi Laporan Keuangan Pemerintah Daerah dan atau BLUD^|^00^|^^|0|0
^2026^|^01^|^527094^|^015^|^08^|^CD^|^6215^|^FAH^|^02^|^51^|^2^|^001^|^100^|^ B^|^Penyusunan Laporan Statistik Keuangan Pemerintah Tingkat Wilayah^|^00^|^^|0|0
^2026^|^01^|^527094^|^015^|^08^|^CD^|^6215^|^FAH^|^02^|^51^|^2^|^003^|^100^|^ A^|^Pembinaan UAKBUN D (KPPN)^|^00^|^^|0|0
^2026^|^01^|^527094^|^015^|^08^|^CD^|^6215^|^FAH^|^02^|^51^|^2^|^003^|^100^|^ B^|^Koordinasi UAKBUN D (KPPN)^|^00^|^^|0|0
^2026^|^01^|^527094^|^015^|^08^|^CD^|^6216^|^FAE^|^02^|^51^|^2^|^002^|^100^|^ A^|^TANPA SUB KOMPONEN^|^00^|^^|0|0
^2026^|^01^|^527094^|^015^|^08^|^WA^|^4715^|^EBA^|^02^|^51^|^2^|^001^|^100^|^ A^|^TANPA SUB KOMPONEN^|^00^|^^|0|0
^2026^|^01^|^527094^|^015^|^08^|^WA^|^4715^|^EBA^|^02^|^51^|^2^|^001^|^100^|^ B^|^Koordinasi Penyusunan ATK PU^|^00^|^^|0|0
^2026^|^01^|^527094^|^015^|^08^|^WA^|^4715^|^EBA^|^02^|^51^|^2^|^002^|^100^|^ A^|^TANPA SUB KOMPONEN^|^00^|^^|0|0
^2026^|^01^|^527094^|^015^|^08^|^WA^|^4715^|^EBA^|^02^|^51^|^2^|^994^|^002^|^ A^|^Keperluan Seharihari Perkantoran^|^00^|^^|0|0
^2026^|^01^|^527094^|^015^|^08^|^WA^|^4715^|^EBA^|^02^|^51^|^2^|^994^|^002^|^ B^|^Langganan Daya dan Jasa^|^00^|^^|0|0
^2026^|^01^|^527094^|^015^|^08^|^WA^|^4715^|^EBA^|^02^|^51^|^2^|^994^|^002^|^ C^|^Operasional Kantor^|^00^|^^|0|0
^2026^|^01^|^527094^|^015^|^08^|^WA^|^4715^|^EBA^|^02^|^51^|^2^|^994^|^002^|^ D^|^Pemeliharaan Peralatan dan Mesin^|^00^|^^|0|0
^2026^|^01^|^527094^|^015^|^08^|^WA^|^4715^|^EBA^|^02^|^51^|^2^|^994^|^002^|^ G^|^Pemeliharaan Gedung dan Bangunan^|^00^|^^|0|0
^2026^|^01^|^527094^|^015^|^08^|^WA^|^4715^|^EBA^|^02^|^51^|^2^|^994^|^002^|^TJ^|^Jasa PemeliharaanAnnual Technical Support (ATS)^|^00^|^^|0|0
^2026^|^01^|^527094^|^015^|^08^|^WA^|^4715^|^EBD^|^02^|^51^|^2^|^Z26^|^100^|^ A^|^Rakor Penyusunan Laporan Keuangan Tingkat UAPPAW^|^00^|^^|0|0
^2026^|^01^|^527094^|^015^|^08^|^WA^|^4715^|^EBD^|^02^|^51^|^2^|^Z36^|^100^|^ A^|^TANPA SUB KOMPONEN^|^00^|^^|0|0
^2026^|^01^|^527094^|^015^|^08^|^WA^|^4718^|^BMB^|^02^|^51^|^2^|^001^|^100^|^ A^|^TANPA SUB KOMPONEN^|^00^|^^|0|0
^2026^|^01^|^527094^|^015^|^08^|^WA^|^4718^|^BMB^|^02^|^51^|^2^|^002^|^100^|^ A^|^TANPA SUB KOMPONEN^|^00^|^^|0|0
^2026^|^01^|^527094^|^015^|^08^|^CD^|^6212^|^BMB^|^02^|^51^|^2^|^001^|^100^|^ A^|^Profiling UMKM^|^00^|^^|0|0
^2026^|^01^|^527094^|^015^|^08^|^CD^|^6212^|^BMB^|^02^|^51^|^2^|^001^|^100^|^ B^|^Pemberdayaan UMKM  SosialisasiBimtekAsistensi dan BazarPojokRumah UMKM^|^00^|^^|0|0
^2026^|^01^|^527094^|^015^|^08^|^CD^|^6212^|^BMB^|^02^|^51^|^2^|^001^|^100^|^ C^|^Monitoring dan Evaluasi^|^00^|^^|0|0
^2026^|^01^|^527094^|^015^|^08^|^CD^|^6212^|^BMB^|^02^|^51^|^2^|^001^|^100^|^ D^|^Komunikasi Publik  BazarPojokRumah UMKM^|^00^|^^|0|0
^2026^|^01^|^527094^|^015^|^08^|^CD^|^6212^|^FAC^|^02^|^51^|^2^|^002^|^100^|^ A^|^Pembinaan Satker BLU^|^00^|^^|0|0
^2026^|^01^|^527094^|^015^|^08^|^CD^|^6212^|^FAC^|^02^|^51^|^2^|^002^|^100^|^ B^|^AsistensiPembinaan Pengelolaan Keuangan BLU Daerah^|^00^|^^|0|0
^2026^|^01^|^527094^|^015^|^08^|^CD^|^6212^|^FAH^|^02^|^51^|^2^|^002^|^100^|^ A^|^Forum Koordinasi dan Rekonsiliasi Data dengan Bank Indonesia^|^00^|^^|0|0
^2026^|^01^|^527094^|^015^|^08^|^CD^|^6212^|^FAH^|^02^|^51^|^2^|^002^|^100^|^ B^|^Pembinaan SAP pada Pemerintah Daerah^|^00^|^^|0|0
^2026^|^01^|^527094^|^015^|^08^|^CD^|^6212^|^FAH^|^02^|^51^|^2^|^002^|^100^|^ C^|^SosialisasiBimtekWorkshopFGD dengan Pemda^|^00^|^^|0|0
^2026^|^01^|^527094^|^015^|^08^|^CD^|^6212^|^FAH^|^02^|^51^|^2^|^003^|^100^|^ A^|^Pendampingan Penyusunan dan Penyelesaian Permasalahan Laporan Keuangan UAPPAW dan BLU^|^00^|^^|0|0
^2026^|^01^|^527094^|^015^|^08^|^CD^|^6212^|^FAH^|^02^|^51^|^2^|^003^|^100^|^ B^|^Sosialisasi dan Bimbingan Teknis UAPPAW^|^00^|^^|0|0
^2026^|^01^|^527094^|^015^|^08^|^CD^|^6212^|^FAL^|^02^|^51^|^2^|^001^|^100^|^ A^|^Sosialisasi PeraturanKebijakan Pelaksanaan Anggaran^|^00^|^^|0|0
^2026^|^01^|^527094^|^015^|^08^|^CD^|^6212^|^FAL^|^02^|^51^|^2^|^001^|^100^|^ B^|^Pengkoordinasian Kerjasama Ekonomi dan Keuangan Daerah^|^00^|^^|0|0
^2026^|^01^|^527094^|^015^|^08^|^CD^|^6212^|^FAL^|^02^|^51^|^2^|^001^|^100^|^ C^|^Pembinaan dan Bimtek Pengelolaan Keuangan Daerah^|^00^|^^|0|0
^2026^|^01^|^527094^|^015^|^08^|^CD^|^6212^|^FAL^|^02^|^51^|^2^|^001^|^100^|^ D^|^Penyerahan DIPA^|^00^|^^|0|0
^2026^|^01^|^527094^|^015^|^08^|^CD^|^6213^|^ABA^|^02^|^51^|^2^|^001^|^100^|^ A^|^Penyusunan Analisis Potensi Pembiayaan dan Pelaksanaan MoU DJPb dan PT SMI di Daerah^|^00^|^^|0|0
^2026^|^01^|^527094^|^015^|^08^|^CD^|^6213^|^FAE^|^02^|^51^|^2^|^008^|^100^|^ A^|^Koordinasi Pelaksanaan Tugas RCE  ALCo^|^00^|^^|0|0
^2026^|^01^|^527094^|^015^|^08^|^CD^|^6213^|^FAE^|^02^|^51^|^2^|^009^|^100^|^ B^|^Monitoring dan  Evaluasi KURPenerusan Pinjaman^|^00^|^^|0|0
^2026^|^01^|^527094^|^015^|^08^|^WA^|^4719^|^EBA^|^02^|^51^|^2^|^003^|^100^|^ A^|^Pelaksanaan Supervisi Proses Bisnis KPPN^|^00^|^^|0|0
^2026^|^01^|^527094^|^015^|^08^|^WA^|^4719^|^EBA^|^02^|^51^|^2^|^003^|^100^|^ B^|^Koordinasi Inovasi layanan^|^00^|^^|0|0
^2026^|^01^|^527094^|^015^|^08^|^WA^|^4719^|^EBA^|^02^|^51^|^2^|^005^|^100^|^ A^|^Monitoring dan Evaluasi Implementasi ISO^|^00^|^^|0|0
^2026^|^01^|^527094^|^015^|^08^|^WA^|^4719^|^EBA^|^02^|^51^|^2^|^005^|^100^|^ B^|^Pelaksanaan Supervisi Teknis Aplikasi^|^00^|^^|0|0
^2026^|^01^|^527094^|^015^|^08^|^WA^|^4719^|^EBA^|^02^|^51^|^2^|^994^|^001^|^ A^|^TANPA SUB KOMPONEN^|^00^|^^|0|0
^2026^|^01^|^527094^|^015^|^08^|^WA^|^4719^|^EBC^|^02^|^51^|^2^|^001^|^100^|^XC^|^Penyelenggaraan Capacity Building^|^00^|^^|0|0
^2026^|^01^|^527094^|^015^|^08^|^WA^|^4722^|^EBD^|^02^|^51^|^2^|^001^|^100^|^ A^|^Pelaksanaan Manajemen Resiko dan Kepatuhan Internal^|^00^|^^|0|0
^2026^|^01^|^527094^|^015^|^08^|^WA^|^4722^|^EBD^|^02^|^51^|^2^|^001^|^100^|^ B^|^Pemantauan Kode Etik dan Kepatuhan Pegawai^|^00^|^^|0|0
^2026^|^01^|^527137^|^015^|^08^|^CD^|^6212^|^FAC^|^02^|^52^|^2^|^001^|^100^|^ A^|^Training Modul Aplikasi SAKTI^|^00^|^^|0|0
^2026^|^01^|^527137^|^015^|^08^|^CD^|^6212^|^FAC^|^02^|^52^|^2^|^001^|^100^|^ B^|^FGD dan Bimtek Transfer Keuangan Daerah^|^00^|^^|0|0
^2026^|^01^|^527137^|^015^|^08^|^CD^|^6212^|^FAH^|^02^|^52^|^2^|^001^|^100^|^ A^|^TANPA SUB KOMPONEN^|^00^|^^|0|0
^2026^|^01^|^527137^|^015^|^08^|^CD^|^6212^|^FAL^|^02^|^52^|^2^|^004^|^100^|^ A^|^Konsultasi^|^00^|^^|0|0
^2026^|^01^|^527137^|^015^|^08^|^CD^|^6212^|^FAL^|^02^|^52^|^2^|^004^|^100^|^ B^|^Sosialisasi dan Bimbingan Teknis^|^00^|^^|0|0
^2026^|^01^|^527137^|^015^|^08^|^CD^|^6212^|^FAL^|^02^|^52^|^2^|^004^|^100^|^ D^|^Pembinaan Pemda ,TKD dan Penandatangan BAR^|^00^|^^|0|0
^2026^|^01^|^527137^|^015^|^08^|^CD^|^6213^|^FAC^|^02^|^52^|^2^|^001^|^100^|^ A^|^Pembinaan Jabatan Fungsional Perbendaharaan^|^00^|^^|0|0
^2026^|^01^|^527137^|^015^|^08^|^CD^|^6213^|^FAE^|^02^|^52^|^2^|^009^|^100^|^ A^|^Monev Penyaluran Pembiayaan Ultra Mikro^|^00^|^^|0|0
^2026^|^01^|^527137^|^015^|^08^|^CD^|^6213^|^FAL^|^02^|^52^|^2^|^003^|^100^|^ A^|^Monev Pelaksanaan Anggaran^|^00^|^^|0|0
^2026^|^01^|^527137^|^015^|^08^|^CD^|^6214^|^FAL^|^02^|^52^|^2^|^002^|^100^|^ A^|^Pelaksanaan PencairanPenarikanpengesahan Dana^|^00^|^^|0|0
^2026^|^01^|^527137^|^015^|^08^|^CD^|^6214^|^FAL^|^02^|^52^|^2^|^002^|^100^|^ B^|^PenerbitanPersetujuanRekonsiliasi RekeningSKPPKonfirmasi Penerrimaan Negara dll^|^00^|^^|0|0
^2026^|^01^|^527137^|^015^|^08^|^CD^|^6215^|^FAH^|^02^|^52^|^2^|^003^|^100^|^ A^|^Penyusunan Laporan Keuangan Tingkat Kuasa BUN^|^00^|^^|0|0
^2026^|^01^|^527137^|^015^|^08^|^WA^|^4715^|^EBA^|^02^|^52^|^2^|^001^|^100^|^ A^|^TANPA SUB KOMPONEN^|^00^|^^|0|0
^2026^|^01^|^527137^|^015^|^08^|^WA^|^4715^|^EBA^|^02^|^52^|^2^|^001^|^100^|^ B^|^Koordinasi Penyusunan ATK PU^|^00^|^^|0|0
^2026^|^01^|^527137^|^015^|^08^|^WA^|^4715^|^EBA^|^02^|^52^|^2^|^002^|^100^|^ A^|^TANPA SUB KOMPONEN^|^00^|^^|0|0
^2026^|^01^|^527137^|^015^|^08^|^WA^|^4715^|^EBA^|^02^|^52^|^2^|^994^|^002^|^ A^|^Keperluan Seharihari Perkantoran^|^00^|^^|0|0
^2026^|^01^|^527137^|^015^|^08^|^WA^|^4715^|^EBA^|^02^|^52^|^2^|^994^|^002^|^ B^|^Langganan Daya dan Jasa^|^00^|^^|0|0
^2026^|^01^|^527137^|^015^|^08^|^WA^|^4715^|^EBA^|^02^|^52^|^2^|^994^|^002^|^ C^|^Pelaksanaan Operasional Kantor^|^00^|^^|0|0
^2026^|^01^|^527137^|^015^|^08^|^WA^|^4715^|^EBA^|^02^|^52^|^2^|^994^|^002^|^ D^|^Pemeliharaan Peralatan dan Mesin^|^00^|^^|0|0
^2026^|^01^|^527137^|^015^|^08^|^WA^|^4715^|^EBA^|^02^|^52^|^2^|^994^|^002^|^ G^|^Pemeliharaan Gedung dan Bangunan^|^00^|^^|0|0
^2026^|^01^|^527137^|^015^|^08^|^WA^|^4715^|^EBB^|^02^|^52^|^2^|^004^|^100^|^GB^|^Renovasi GedungBangunan Kantor^|^00^|^^|0|0
^2026^|^01^|^527137^|^015^|^08^|^WA^|^4715^|^EBD^|^02^|^52^|^2^|^Z36^|^100^|^ B^|^Pelaksanaan Manajemen Kinerja,Risiko dan Kepatuhan Internal^|^00^|^^|0|0
^2026^|^01^|^527137^|^015^|^08^|^WA^|^4718^|^BMB^|^02^|^52^|^2^|^001^|^100^|^ A^|^TANPA SUB KOMPONEN^|^00^|^^|0|0
^2026^|^01^|^527137^|^015^|^08^|^WA^|^4718^|^BMB^|^02^|^52^|^2^|^002^|^100^|^ A^|^TANPA SUB KOMPONEN^|^00^|^^|0|0
^2026^|^01^|^527137^|^015^|^08^|^WA^|^4719^|^EBA^|^02^|^52^|^2^|^004^|^100^|^ A^|^Survey Kepuasan Pengguna Layanan^|^00^|^^|0|0
^2026^|^01^|^527137^|^015^|^08^|^WA^|^4719^|^EBA^|^02^|^52^|^2^|^994^|^001^|^ A^|^TANPA SUB KOMPONEN^|^00^|^^|0|0
^2026^|^01^|^527137^|^015^|^08^|^WA^|^4719^|^EBC^|^02^|^52^|^2^|^001^|^100^|^XC^|^Penyelenggaraan Capacity Building^|^00^|^^|0|0
^2026^|^01^|^527162^|^015^|^08^|^CD^|^6212^|^FAC^|^29^|^01^|^2^|^001^|^100^|^ A^|^Training Modul Aplikasi SAKTI^|^00^|^^|0|0
^2026^|^01^|^527162^|^015^|^08^|^CD^|^6212^|^FAC^|^29^|^01^|^2^|^001^|^100^|^ B^|^FGD Bimtek Transfer Keuangan Daerah^|^00^|^^|0|0
^2026^|^01^|^527162^|^015^|^08^|^CD^|^6212^|^FAH^|^29^|^01^|^2^|^001^|^100^|^ A^|^TANPA SUB KOMPONEN^|^00^|^^|0|0
^2026^|^01^|^527162^|^015^|^08^|^CD^|^6212^|^FAL^|^29^|^01^|^2^|^004^|^100^|^ A^|^Konsultasi^|^00^|^^|0|0
^2026^|^01^|^527162^|^015^|^08^|^CD^|^6212^|^FAL^|^29^|^01^|^2^|^004^|^100^|^ B^|^Sosialisasi dan Bimbingan Teknis^|^00^|^^|0|0
^2026^|^01^|^527162^|^015^|^08^|^CD^|^6213^|^FAC^|^29^|^01^|^2^|^001^|^100^|^ A^|^Pembinaan Jabatan Fungsional Perbendaharaan^|^00^|^^|0|0
^2026^|^01^|^527162^|^015^|^08^|^CD^|^6213^|^FAL^|^29^|^01^|^2^|^003^|^100^|^ A^|^Monev Pelaksanaan Anggaran^|^00^|^^|0|0
^2026^|^01^|^527162^|^015^|^08^|^CD^|^6214^|^FAL^|^29^|^01^|^2^|^002^|^100^|^ A^|^Pelaksanaan PencairanPenarikanRepaymentPengesahan Dana^|^00^|^^|0|0
^2026^|^01^|^527162^|^015^|^08^|^CD^|^6214^|^FAL^|^29^|^01^|^2^|^002^|^100^|^ B^|^PenerbitanPersetujuanRekonsiliasi RekeningSKPPKonfirmasi Penerimaan Negara,dll^|^00^|^^|0|0
^2026^|^01^|^527162^|^015^|^08^|^CD^|^6215^|^FAH^|^29^|^01^|^2^|^003^|^100^|^ A^|^Penyusunan Laporan Keuangan Tingkat Kuasa BUN di Daerah^|^00^|^^|0|0
^2026^|^01^|^527162^|^015^|^08^|^WA^|^4715^|^EBA^|^29^|^01^|^2^|^001^|^100^|^ A^|^TANPA SUB KOMPONEN^|^00^|^^|0|0
^2026^|^01^|^527162^|^015^|^08^|^WA^|^4715^|^EBA^|^29^|^01^|^2^|^002^|^100^|^ A^|^TANPA SUB KOMPONEN^|^00^|^^|0|0
^2026^|^01^|^527162^|^015^|^08^|^WA^|^4715^|^EBA^|^29^|^01^|^2^|^994^|^002^|^ A^|^Keperluan Seharihari Perkantoran^|^00^|^^|0|0
^2026^|^01^|^527162^|^015^|^08^|^WA^|^4715^|^EBA^|^29^|^01^|^2^|^994^|^002^|^ B^|^Langganan Daya dan Jasa^|^00^|^^|0|0
^2026^|^01^|^527162^|^015^|^08^|^WA^|^4715^|^EBA^|^29^|^01^|^2^|^994^|^002^|^ C^|^Pelaksanaan Operasional Kantor^|^00^|^^|0|0
^2026^|^01^|^527162^|^015^|^08^|^WA^|^4715^|^EBA^|^29^|^01^|^2^|^994^|^002^|^ D^|^Pemeliharaan Peralatan dan Mesin^|^00^|^^|0|0
^2026^|^01^|^527162^|^015^|^08^|^WA^|^4715^|^EBA^|^29^|^01^|^2^|^994^|^002^|^ G^|^Pemeliharaan Gedung dan Bangunan^|^00^|^^|0|0
^2026^|^01^|^527162^|^015^|^08^|^WA^|^4715^|^EBA^|^29^|^01^|^2^|^994^|^002^|^TJ^|^Jasa Pemeliharaan Annual Technical Support (ATS)^|^00^|^^|0|0
^2026^|^01^|^527162^|^015^|^08^|^WA^|^4715^|^EBB^|^29^|^01^|^2^|^002^|^100^|^ A^|^TANPA SUB KOMPONEN^|^00^|^^|0|0
^2026^|^01^|^527162^|^015^|^08^|^WA^|^4718^|^BMB^|^29^|^01^|^2^|^002^|^100^|^ A^|^TANPA SUB KOMPONEN^|^00^|^^|0|0
^2026^|^01^|^527162^|^015^|^08^|^WA^|^4718^|^BMB^|^29^|^01^|^2^|^001^|^100^|^ A^|^TANPA SUB KOMPONEN^|^00^|^^|0|0
^2026^|^01^|^527162^|^015^|^08^|^WA^|^4719^|^EBA^|^29^|^01^|^2^|^994^|^001^|^ A^|^TANPA SUB KOMPONEN^|^00^|^^|0|0
^2026^|^01^|^527162^|^015^|^08^|^WA^|^4719^|^EBA^|^29^|^01^|^2^|^004^|^100^|^ A^|^Survey Kepuasan Pengguna Layanan^|^00^|^^|0|0
^2026^|^01^|^527162^|^015^|^08^|^WA^|^4719^|^EBC^|^29^|^01^|^2^|^001^|^100^|^XC^|^Penyelenggaraan Capacity Building^|^00^|^^|0|0
^2026^|^01^|^527158^|^015^|^08^|^CD^|^6212^|^FAC^|^02^|^10^|^2^|^001^|^100^|^ A^|^Training Modul Aplikasi SAKTI^|^00^|^^|0|0
^2026^|^01^|^527158^|^015^|^08^|^CD^|^6212^|^FAC^|^02^|^10^|^2^|^001^|^100^|^ B^|^FGD dan Bimtek Transfer Keuangan Daerah^|^00^|^^|0|0
^2026^|^01^|^527158^|^015^|^08^|^CD^|^6212^|^FAH^|^02^|^10^|^2^|^001^|^100^|^ A^|^TANPA SUB KOMPONEN^|^00^|^^|0|0
^2026^|^01^|^527158^|^015^|^08^|^CD^|^6212^|^FAL^|^02^|^10^|^2^|^004^|^100^|^ A^|^Konsultasi^|^00^|^^|0|0
^2026^|^01^|^527158^|^015^|^08^|^CD^|^6212^|^FAL^|^02^|^10^|^2^|^004^|^100^|^ B^|^Sosialisasi dan Bimbingan Teknis^|^00^|^^|0|0
^2026^|^01^|^527158^|^015^|^08^|^CD^|^6212^|^FAL^|^02^|^10^|^2^|^004^|^100^|^ D^|^Pembinaan Pemda, TKD, dan Penandatanganan BA Rekonsiliasi Pajak^|^00^|^^|0|0
^2026^|^01^|^527158^|^015^|^08^|^CD^|^6213^|^FAC^|^02^|^10^|^2^|^001^|^100^|^ A^|^Pembinaan Jabatan Fungsional Perbendaharaan^|^00^|^^|0|0
^2026^|^01^|^527158^|^015^|^08^|^CD^|^6213^|^FAL^|^02^|^10^|^2^|^003^|^100^|^ A^|^Monev Pelaksanaan Anggaran^|^00^|^^|0|0
^2026^|^01^|^527158^|^015^|^08^|^CD^|^6214^|^FAL^|^02^|^10^|^2^|^002^|^100^|^ A^|^Pelaksanaan PencairanPenarikanPengesahan Dana^|^00^|^^|0|0
^2026^|^01^|^527158^|^015^|^08^|^CD^|^6214^|^FAL^|^02^|^10^|^2^|^002^|^100^|^ B^|^PenerbitanPersetujuanRekonsiliasi RekeningSKPPKonfirmasi Penerimaan Negara, dll^|^00^|^^|0|0
^2026^|^01^|^527158^|^015^|^08^|^CD^|^6215^|^FAH^|^02^|^10^|^2^|^003^|^100^|^ A^|^Penyusunan Laporan Keuangan Tingkat Kuasa BUN di Daerah^|^00^|^^|0|0
^2026^|^01^|^527158^|^015^|^08^|^CD^|^6215^|^FAH^|^02^|^10^|^2^|^003^|^100^|^ B^|^Pencetakan Laporan Keuangan 1 THN x Tarif Cluster^|^00^|^^|0|0
^2026^|^01^|^527158^|^015^|^08^|^WA^|^4715^|^EBA^|^02^|^10^|^2^|^001^|^100^|^ A^|^TANPA SUB KOMPONEN^|^00^|^^|0|0
^2026^|^01^|^527158^|^015^|^08^|^WA^|^4715^|^EBA^|^02^|^10^|^2^|^001^|^100^|^ B^|^Koordinasi Penyusunan ATK PU^|^00^|^^|0|0
^2026^|^01^|^527158^|^015^|^08^|^WA^|^4715^|^EBA^|^02^|^10^|^2^|^002^|^100^|^ A^|^TANPA SUB KOMPONEN^|^00^|^^|0|0
^2026^|^01^|^527158^|^015^|^08^|^WA^|^4715^|^EBA^|^02^|^10^|^2^|^994^|^002^|^ A^|^Keperluan Seharihari Perkantoran^|^00^|^^|0|0
^2026^|^01^|^527158^|^015^|^08^|^WA^|^4715^|^EBA^|^02^|^10^|^2^|^994^|^002^|^ B^|^Langganan Daya dan Jasa^|^00^|^^|0|0
^2026^|^01^|^527158^|^015^|^08^|^WA^|^4715^|^EBA^|^02^|^10^|^2^|^994^|^002^|^ C^|^Pelaksanaan Operasional Kantor^|^00^|^^|0|0
^2026^|^01^|^527158^|^015^|^08^|^WA^|^4715^|^EBA^|^02^|^10^|^2^|^994^|^002^|^ D^|^Pemeliharaan Peralatan dan Mesin^|^00^|^^|0|0
^2026^|^01^|^527158^|^015^|^08^|^WA^|^4715^|^EBA^|^02^|^10^|^2^|^994^|^002^|^ G^|^Pemeliharaan Gedung dan Bangunan^|^00^|^^|0|0
^2026^|^01^|^527158^|^015^|^08^|^WA^|^4715^|^EBA^|^02^|^10^|^2^|^994^|^002^|^TJ^|^Jasa PemeliharaanAnnual Technical Support (ATS)^|^00^|^^|0|0
^2026^|^01^|^527158^|^015^|^08^|^WA^|^4715^|^EBD^|^02^|^10^|^2^|^Z36^|^100^|^ B^|^Pelaksanaan Manjemen Kinerja, Risiko dan Kepatuhan Internal^|^00^|^^|0|0
^2026^|^01^|^527158^|^015^|^08^|^WA^|^4718^|^BMB^|^02^|^10^|^2^|^001^|^100^|^ A^|^TANPA SUB KOMPONEN^|^00^|^^|0|0
^2026^|^01^|^527158^|^015^|^08^|^WA^|^4718^|^BMB^|^02^|^10^|^2^|^002^|^100^|^ A^|^TANPA SUB KOMPONEN^|^00^|^^|0|0
^2026^|^01^|^527158^|^015^|^08^|^WA^|^4719^|^EBA^|^02^|^10^|^2^|^004^|^100^|^ A^|^Survey Kepuasan Pengguna Layanan^|^00^|^^|0|0
^2026^|^01^|^527158^|^015^|^08^|^WA^|^4719^|^EBA^|^02^|^10^|^2^|^994^|^001^|^ A^|^TANPA SUB KOMPONEN^|^00^|^^|0|0
^2026^|^01^|^527158^|^015^|^08^|^WA^|^4719^|^EBC^|^02^|^10^|^2^|^001^|^100^|^XC^|^Penyelenggaraan Capacity Building^|^00^|^^|0|0
^2026^|^01^|^527230^|^015^|^08^|^CD^|^6212^|^FAC^|^02^|^53^|^2^|^001^|^100^|^ A^|^Training Modul Aplikasi SAKTI^|^00^|^^|0|0
^2026^|^01^|^527230^|^015^|^08^|^CD^|^6212^|^FAC^|^02^|^53^|^2^|^001^|^100^|^ B^|^FGD dan Bimtek Transfer Keuangan Daerah^|^00^|^^|0|0
^2026^|^01^|^527230^|^015^|^08^|^CD^|^6212^|^FAH^|^02^|^53^|^2^|^001^|^100^|^ A^|^TANPA SUB KOMPONEN^|^00^|^^|0|0
^2026^|^01^|^527230^|^015^|^08^|^CD^|^6212^|^FAL^|^02^|^53^|^2^|^004^|^100^|^ A^|^Konsultasi^|^00^|^^|0|0
^2026^|^01^|^527230^|^015^|^08^|^CD^|^6212^|^FAL^|^02^|^53^|^2^|^004^|^100^|^ B^|^Sosialisasi dan Bimbingan Teknis^|^00^|^^|0|0
^2026^|^01^|^527230^|^015^|^08^|^CD^|^6212^|^FAL^|^02^|^53^|^2^|^004^|^100^|^ D^|^Pembinaan Pemda, TKD dan Penandatanganan BAR^|^00^|^^|0|0
^2026^|^01^|^527230^|^015^|^08^|^CD^|^6213^|^FAC^|^02^|^53^|^2^|^001^|^100^|^ A^|^Pembinaan Jabatan Fungsional Perbendaharaan^|^00^|^^|0|0
^2026^|^01^|^527230^|^015^|^08^|^CD^|^6213^|^FAE^|^02^|^53^|^2^|^009^|^100^|^ A^|^Monev Penyaluran Pembiayaan Ultra Mikro^|^00^|^^|0|0
^2026^|^01^|^527230^|^015^|^08^|^CD^|^6214^|^FAL^|^02^|^53^|^2^|^002^|^100^|^ A^|^Pelaksanaan Pencairan Penarikan Pengesahan Dana^|^00^|^^|0|0
^2026^|^01^|^527230^|^015^|^08^|^CD^|^6214^|^FAL^|^02^|^53^|^2^|^002^|^100^|^ B^|^Penerbitan Persetujuan Rekonsiliasi Rekening SKPP Konfirmasi Penerimaan Negara^|^00^|^^|0|0
^2026^|^01^|^527230^|^015^|^08^|^CD^|^6215^|^FAH^|^02^|^53^|^2^|^003^|^100^|^ A^|^Penyusunan Laporan Keuangan Tingkat Kuasa BUNI di Daerah^|^00^|^^|0|0
^2026^|^01^|^527230^|^015^|^08^|^CD^|^6215^|^FAH^|^02^|^53^|^2^|^003^|^100^|^ B^|^Koordinasi UAKBUND KPPN di Kanwil^|^00^|^^|0|0
^2026^|^01^|^527230^|^015^|^08^|^WA^|^4715^|^EBA^|^02^|^53^|^2^|^001^|^100^|^ A^|^TANPA SUB KOMPONEN^|^00^|^^|0|0
^2026^|^01^|^527230^|^015^|^08^|^WA^|^4715^|^EBA^|^02^|^53^|^2^|^001^|^100^|^ B^|^Koordinasi Penyusunan ATK PU^|^00^|^^|0|0
^2026^|^01^|^527230^|^015^|^08^|^WA^|^4715^|^EBA^|^02^|^53^|^2^|^002^|^100^|^ A^|^TANPA SUB KOMPONEN^|^00^|^^|0|0
^2026^|^01^|^527230^|^015^|^08^|^WA^|^4715^|^EBA^|^02^|^53^|^2^|^994^|^002^|^ A^|^Keperluan Seharihari Perkantoran^|^00^|^^|0|0
^2026^|^01^|^527230^|^015^|^08^|^WA^|^4715^|^EBA^|^02^|^53^|^2^|^994^|^002^|^ B^|^Langganan Daya dan Jasa^|^00^|^^|0|0
^2026^|^01^|^527230^|^015^|^08^|^WA^|^4715^|^EBA^|^02^|^53^|^2^|^994^|^002^|^ C^|^Pelaksanaan Operasional Kantor^|^00^|^^|0|0
^2026^|^01^|^527230^|^015^|^08^|^WA^|^4715^|^EBA^|^02^|^53^|^2^|^994^|^002^|^ D^|^Pemeliharaan Peralatan dan Mesin^|^00^|^^|0|0
^2026^|^01^|^527230^|^015^|^08^|^WA^|^4715^|^EBA^|^02^|^53^|^2^|^994^|^002^|^ G^|^Pemeliharaan Gedung dan Bangunan^|^00^|^^|0|0
^2026^|^01^|^527230^|^015^|^08^|^WA^|^4715^|^EBA^|^02^|^53^|^2^|^994^|^002^|^TJ^|^Jasa PemeliharaanAnnual Technical Support (ATS)^|^00^|^^|0|0
^2026^|^01^|^527230^|^015^|^08^|^WA^|^4715^|^EBD^|^02^|^53^|^2^|^Z36^|^100^|^ B^|^Pelaksanaan Manajemen Kinerja, Resiko dan Kepatuhan Internal^|^00^|^^|0|0
^2026^|^01^|^527230^|^015^|^08^|^WA^|^4718^|^BMB^|^02^|^53^|^2^|^001^|^100^|^ A^|^TANPA SUB KOMPONEN^|^00^|^^|0|0
^2026^|^01^|^527230^|^015^|^08^|^WA^|^4718^|^BMB^|^02^|^53^|^2^|^002^|^100^|^ A^|^TANPA SUB KOMPONEN^|^00^|^^|0|0
^2026^|^01^|^527230^|^015^|^08^|^WA^|^4719^|^EBA^|^02^|^53^|^2^|^004^|^100^|^ A^|^Survey Kepuasan Pengguna Layanan^|^00^|^^|0|0
^2026^|^01^|^527230^|^015^|^08^|^WA^|^4719^|^EBA^|^02^|^53^|^2^|^994^|^001^|^ A^|^TANPA SUB KOMPONEN^|^00^|^^|0|0
^2026^|^01^|^527230^|^015^|^08^|^WA^|^4719^|^EBC^|^02^|^53^|^2^|^001^|^100^|^XC^|^Penyelenggaraan Capacity Building^|^00^|^^|0|0
^2026^|^01^|^527205^|^015^|^08^|^CD^|^6212^|^FAC^|^02^|^14^|^2^|^001^|^100^|^ A^|^Training Modul Aplikasi SAKTI^|^00^|^^|0|0
^2026^|^01^|^527205^|^015^|^08^|^CD^|^6212^|^FAC^|^02^|^14^|^2^|^001^|^100^|^ B^|^FGD dan Bimtek Transfer Keuangan Daerah^|^00^|^^|0|0
^2026^|^01^|^527205^|^015^|^08^|^CD^|^6212^|^FAH^|^02^|^14^|^2^|^001^|^100^|^ A^|^TANPA SUB KOMPONEN^|^00^|^^|0|0
^2026^|^01^|^527205^|^015^|^08^|^CD^|^6212^|^FAL^|^02^|^14^|^2^|^004^|^100^|^ A^|^Konsultasi^|^00^|^^|0|0
^2026^|^01^|^527205^|^015^|^08^|^CD^|^6212^|^FAL^|^02^|^14^|^2^|^004^|^100^|^ B^|^Sosialisasi dan Bimbingan Teknis^|^00^|^^|0|0
^2026^|^01^|^527205^|^015^|^08^|^CD^|^6212^|^FAL^|^02^|^14^|^2^|^004^|^100^|^ D^|^Pembinaan Pemda, TKD, dan Penandatanganan BAR^|^00^|^^|0|0
^2026^|^01^|^527205^|^015^|^08^|^CD^|^6213^|^FAC^|^02^|^14^|^2^|^001^|^100^|^ A^|^Pembinaan Jabatan Fungsional Perbendaharaan^|^00^|^^|0|0
^2026^|^01^|^527205^|^015^|^08^|^CD^|^6214^|^FAL^|^02^|^14^|^2^|^002^|^100^|^ A^|^Pelaksanaan PencairanPenarikanPengesahan Dana^|^00^|^^|0|0
^2026^|^01^|^527205^|^015^|^08^|^CD^|^6214^|^FAL^|^02^|^14^|^2^|^002^|^100^|^ B^|^PenerbitanPersetujuanRekonsiliasi RekeningSKPPKonfirmasi Penerimaan Negara, dll^|^00^|^^|0|0
^2026^|^01^|^527205^|^015^|^08^|^CD^|^6215^|^FAH^|^02^|^14^|^2^|^003^|^100^|^ A^|^Penyusunan Laporan Keuangan Tingkat Kuasa BUN di Daerah^|^00^|^^|0|0
^2026^|^01^|^527205^|^015^|^08^|^CD^|^6215^|^FAH^|^02^|^14^|^2^|^003^|^100^|^ B^|^Koordinasi UAKBUND KPPN di Kanwil^|^00^|^^|0|0
^2026^|^01^|^527205^|^015^|^08^|^WA^|^4715^|^EBA^|^02^|^14^|^2^|^001^|^100^|^ A^|^TANPA SUB KOMPONEN^|^00^|^^|0|0
^2026^|^01^|^527205^|^015^|^08^|^WA^|^4715^|^EBA^|^02^|^14^|^2^|^002^|^100^|^ A^|^TANPA SUB KOMPONEN^|^00^|^^|0|0
^2026^|^01^|^527205^|^015^|^08^|^WA^|^4715^|^EBA^|^02^|^14^|^2^|^994^|^002^|^ A^|^Keperluan Seharihari Perkantoran^|^00^|^^|0|0
^2026^|^01^|^527205^|^015^|^08^|^WA^|^4715^|^EBA^|^02^|^14^|^2^|^994^|^002^|^ B^|^Langganan Daya dan Jasa^|^00^|^^|0|0
^2026^|^01^|^527205^|^015^|^08^|^WA^|^4715^|^EBA^|^02^|^14^|^2^|^994^|^002^|^ C^|^Pelaksanaan Operasional Kantor^|^00^|^^|0|0
^2026^|^01^|^527205^|^015^|^08^|^WA^|^4715^|^EBA^|^02^|^14^|^2^|^994^|^002^|^ D^|^Pemeliharaan Peralatan dan Mesin^|^00^|^^|0|0
^2026^|^01^|^527205^|^015^|^08^|^WA^|^4715^|^EBA^|^02^|^14^|^2^|^994^|^002^|^ G^|^Pemeliharaan Gedung dan Bangunan^|^00^|^^|0|0
^2026^|^01^|^527205^|^015^|^08^|^WA^|^4715^|^EBA^|^02^|^14^|^2^|^994^|^002^|^TJ^|^Jasa PemeliharaanAnnual Technical Support (ATS)^|^00^|^^|0|0
^2026^|^01^|^527205^|^015^|^08^|^WA^|^4715^|^EBD^|^02^|^14^|^2^|^Z36^|^100^|^ B^|^Pelaksanaan Manajemen Kinerja, Resiko dan Kepatuhan Internal^|^00^|^^|0|0
^2026^|^01^|^527205^|^015^|^08^|^WA^|^4718^|^BMB^|^02^|^14^|^2^|^001^|^100^|^ A^|^TANPA SUB KOMPONEN^|^00^|^^|0|0
^2026^|^01^|^527205^|^015^|^08^|^WA^|^4718^|^BMB^|^02^|^14^|^2^|^002^|^100^|^ A^|^TANPA SUB KOMPONEN^|^00^|^^|0|0
^2026^|^01^|^527205^|^015^|^08^|^WA^|^4719^|^EBA^|^02^|^14^|^2^|^004^|^100^|^ A^|^Survey Kepuasan Pengguna Layanan^|^00^|^^|0|0
^2026^|^01^|^527205^|^015^|^08^|^WA^|^4719^|^EBA^|^02^|^14^|^2^|^994^|^001^|^ A^|^TANPA SUB KOMPONEN^|^00^|^^|0|0
^2026^|^01^|^527205^|^015^|^08^|^WA^|^4719^|^EBC^|^02^|^14^|^2^|^001^|^100^|^XC^|^Penyelenggaraan Capacity Building^|^00^|^^|0|0
^2026^|^01^|^527183^|^015^|^08^|^CD^|^6213^|^FAE^|^02^|^09^|^2^|^009^|^100^|^ A^|^Monev Penyaluran Pembiayaan Ultra Mikro^|^00^|^^|0|0
^2026^|^01^|^527183^|^015^|^08^|^CD^|^6213^|^FAL^|^02^|^09^|^2^|^003^|^100^|^ A^|^Monev Pelaksanaan Anggaran^|^00^|^^|0|0
^2026^|^01^|^527183^|^015^|^08^|^CD^|^6214^|^FAL^|^02^|^09^|^2^|^002^|^100^|^ A^|^Pelaksanaan Pencairan/Penarikan/Pengesahan Dana^|^00^|^^|0|0
^2026^|^01^|^527183^|^015^|^08^|^CD^|^6214^|^FAL^|^02^|^09^|^2^|^002^|^100^|^ B^|^Penerbitan/Persetujuan/Rekonsiliasi Rekening/SKPP/Konfirmasi Penerimaan Negara, dll^|^00^|^^|0|0
^2026^|^01^|^527183^|^015^|^08^|^CD^|^6212^|^BMB^|^02^|^09^|^2^|^001^|^100^|^ A^|^Profiling UMKM^|^00^|^^|0|0
^2026^|^01^|^527183^|^015^|^08^|^CD^|^6212^|^FAC^|^02^|^09^|^2^|^001^|^100^|^ A^|^Training Modul Aplikasi SAKTI^|^00^|^^|0|0
^2026^|^01^|^527183^|^015^|^08^|^CD^|^6212^|^FAC^|^02^|^09^|^2^|^001^|^100^|^ B^|^FGD dan Bimtek Transfer Keuangan Daerah^|^00^|^^|0|0
^2026^|^01^|^527183^|^015^|^08^|^CD^|^6212^|^FAH^|^02^|^09^|^2^|^001^|^100^|^ A^|^TANPA SUB KOMPONEN^|^00^|^^|0|0
^2026^|^01^|^527183^|^015^|^08^|^CD^|^6212^|^FAL^|^02^|^09^|^2^|^004^|^100^|^ A^|^Konsultasi^|^00^|^^|0|0
^2026^|^01^|^527183^|^015^|^08^|^CD^|^6212^|^FAL^|^02^|^09^|^2^|^004^|^100^|^ B^|^Sosialisasi dan Bimbingan Teknis^|^00^|^^|0|0
^2026^|^01^|^527183^|^015^|^08^|^CD^|^6212^|^FAL^|^02^|^09^|^2^|^004^|^100^|^ D^|^Pembinaan Pemda, TKD, dan Penandatangan BA Rekonsiliasi Pajak^|^00^|^^|0|0
^2026^|^01^|^527183^|^015^|^08^|^CD^|^6213^|^FAC^|^02^|^09^|^2^|^001^|^100^|^ A^|^Pembinaan Jabatan Fungsional Perbendaharaan^|^00^|^^|0|0
^2026^|^01^|^527183^|^015^|^08^|^CD^|^6215^|^FAH^|^02^|^09^|^2^|^003^|^100^|^ A^|^Penyusunan Laporan Keuangan Tingkat Kuasa BUN di Daerah^|^00^|^^|0|0
^2026^|^01^|^527183^|^015^|^08^|^CD^|^6215^|^FAH^|^02^|^09^|^2^|^003^|^100^|^ B^|^Koordinasi UAKBUND KPPN di Kanwil^|^00^|^^|0|0
^2026^|^01^|^527183^|^015^|^08^|^WA^|^4715^|^EBA^|^02^|^09^|^2^|^001^|^100^|^ A^|^TANPA SUB KOMPONEN^|^00^|^^|0|0
^2026^|^01^|^527183^|^015^|^08^|^WA^|^4715^|^EBA^|^02^|^09^|^2^|^001^|^100^|^ B^|^Koordinasi Penyusunan ATK PU^|^00^|^^|0|0
^2026^|^01^|^527183^|^015^|^08^|^WA^|^4715^|^EBA^|^02^|^09^|^2^|^002^|^100^|^ A^|^TANPA SUB KOMPONEN^|^00^|^^|0|0
^2026^|^01^|^527183^|^015^|^08^|^WA^|^4715^|^EBA^|^02^|^09^|^2^|^994^|^002^|^ A^|^Keperluan Sehari-hari Perkantoran^|^00^|^^|0|0
^2026^|^01^|^527183^|^015^|^08^|^WA^|^4715^|^EBA^|^02^|^09^|^2^|^994^|^002^|^ B^|^Langganan Daya dan Jasa^|^00^|^^|0|0
^2026^|^01^|^527183^|^015^|^08^|^WA^|^4715^|^EBA^|^02^|^09^|^2^|^994^|^002^|^ C^|^Pelaksanaan Operasional Kantor^|^00^|^^|0|0
^2026^|^01^|^527183^|^015^|^08^|^WA^|^4715^|^EBA^|^02^|^09^|^2^|^994^|^002^|^ D^|^Pemeliharaan Peralatan dan Mesin^|^00^|^^|0|0
^2026^|^01^|^527183^|^015^|^08^|^WA^|^4715^|^EBA^|^02^|^09^|^2^|^994^|^002^|^ G^|^Pemeliharaan Gedung dan Bangunan^|^00^|^^|0|0
^2026^|^01^|^527183^|^015^|^08^|^WA^|^4715^|^EBA^|^02^|^09^|^2^|^994^|^002^|^TJ^|^Jasa Pemeliharaan/Annual Technical Support (ATS)^|^00^|^^|0|0
^2026^|^01^|^527183^|^015^|^08^|^WA^|^4715^|^EBB^|^02^|^09^|^2^|^004^|^100^|^RB^|^Renovasi Rumah Dinas^|^00^|^^|0|0
^2026^|^01^|^527183^|^015^|^08^|^WA^|^4715^|^EBD^|^02^|^09^|^2^|^Z36^|^100^|^ B^|^Pelaksanaan Manajemen Kinerja, Resiko dan Kepatuhan Internal^|^00^|^^|0|0
^2026^|^01^|^527183^|^015^|^08^|^WA^|^4718^|^BMB^|^02^|^09^|^2^|^001^|^100^|^ A^|^TANPA SUB KOMPONEN^|^00^|^^|0|0
^2026^|^01^|^527183^|^015^|^08^|^WA^|^4718^|^BMB^|^02^|^09^|^2^|^002^|^100^|^ A^|^TANPA SUB KOMPONEN^|^00^|^^|0|0
^2026^|^01^|^527183^|^015^|^08^|^WA^|^4719^|^EBA^|^02^|^09^|^2^|^004^|^100^|^ A^|^Survey Kepuasan Pengguna Layanan^|^00^|^^|0|0
^2026^|^01^|^527183^|^015^|^08^|^WA^|^4719^|^EBA^|^02^|^09^|^2^|^994^|^001^|^ A^|^TANPA SUB KOMPONEN^|^00^|^^|0|0
^2026^|^01^|^527183^|^015^|^08^|^WA^|^4719^|^EBC^|^02^|^09^|^2^|^001^|^100^|^XC^|^Penyelenggaraan Capacity Building^|^00^|^^|0|0
^2026^|^01^|^527272^|^015^|^08^|^CD^|^6212^|^BMB^|^03^|^51^|^2^|^001^|^100^|^ A^|^Profiling UMKM^|^00^|^^|0|0
^2026^|^01^|^527272^|^015^|^08^|^CD^|^6212^|^FAC^|^03^|^51^|^2^|^001^|^100^|^ A^|^Training Modul Aplikasi SAKTI^|^00^|^^|0|0
^2026^|^01^|^527272^|^015^|^08^|^CD^|^6212^|^FAC^|^03^|^51^|^2^|^001^|^100^|^ B^|^FGD dan Bimtek Transfer Keuangan Daerah^|^00^|^^|0|0
^2026^|^01^|^527272^|^015^|^08^|^CD^|^6212^|^FAH^|^03^|^51^|^2^|^001^|^100^|^ A^|^TANPA SUB KOMPONEN^|^00^|^^|0|0
^2026^|^01^|^527272^|^015^|^08^|^CD^|^6212^|^FAL^|^03^|^51^|^2^|^004^|^100^|^ A^|^Konsultasi^|^00^|^^|0|0
^2026^|^01^|^527272^|^015^|^08^|^CD^|^6212^|^FAL^|^03^|^51^|^2^|^004^|^100^|^ B^|^Sosialisasi dan Bimbingan Teknis^|^00^|^^|0|0
^2026^|^01^|^527272^|^015^|^08^|^CD^|^6212^|^FAL^|^03^|^51^|^2^|^004^|^100^|^ D^|^Pembinaan Pemda, TKD, dan Penandatanganan BAR^|^00^|^^|0|0
^2026^|^01^|^527272^|^015^|^08^|^CD^|^6213^|^FAC^|^03^|^51^|^2^|^001^|^100^|^ A^|^Pembinaan Jabatan Fungsional Perbendaharaan^|^00^|^^|0|0
^2026^|^01^|^527272^|^015^|^08^|^CD^|^6213^|^FAE^|^03^|^51^|^2^|^009^|^100^|^ A^|^Monev Penyaluran Pembiayaan Ultra Mikro^|^00^|^^|0|0
^2026^|^01^|^527272^|^015^|^08^|^CD^|^6213^|^FAL^|^03^|^51^|^2^|^003^|^100^|^ A^|^Monev Pelaksanaan Anggaran^|^00^|^^|0|0
^2026^|^01^|^527272^|^015^|^08^|^CD^|^6214^|^FAL^|^03^|^51^|^2^|^002^|^100^|^ A^|^Pelaksanaan PencairanPenarikanPengesahan Dana^|^00^|^^|0|0
^2026^|^01^|^527272^|^015^|^08^|^CD^|^6214^|^FAL^|^03^|^51^|^2^|^002^|^100^|^ B^|^PenerbitanPersetujuanRekonsiliasi RekeningSKPPKonfirmasi Penerimaan Negara dll^|^00^|^^|0|0
^2026^|^01^|^527272^|^015^|^08^|^CD^|^6215^|^FAH^|^03^|^51^|^2^|^003^|^100^|^ A^|^Penyusunan Laporan Keuangan TIngkat Kuasa Bun di Daerah^|^00^|^^|0|0
^2026^|^01^|^527272^|^015^|^08^|^WA^|^4715^|^EBA^|^03^|^51^|^2^|^001^|^100^|^ A^|^TANPA SUB KOMPONEN^|^00^|^^|0|0
^2026^|^01^|^527272^|^015^|^08^|^WA^|^4715^|^EBA^|^03^|^51^|^2^|^002^|^100^|^ A^|^TANPA SUB KOMPONEN^|^00^|^^|0|0
^2026^|^01^|^527272^|^015^|^08^|^WA^|^4715^|^EBA^|^03^|^51^|^2^|^994^|^002^|^ A^|^Keperluan Seharihari Perkantoran^|^00^|^^|0|0
^2026^|^01^|^527272^|^015^|^08^|^WA^|^4715^|^EBA^|^03^|^51^|^2^|^994^|^002^|^ B^|^Langganan Daya dan Jasa^|^00^|^^|0|0
^2026^|^01^|^527272^|^015^|^08^|^WA^|^4715^|^EBA^|^03^|^51^|^2^|^994^|^002^|^ C^|^Pelaksanaan Operasional Kantor^|^00^|^^|0|0
^2026^|^01^|^527272^|^015^|^08^|^WA^|^4715^|^EBA^|^03^|^51^|^2^|^994^|^002^|^ D^|^Pemeliharaan Peralatan dan Mesin^|^00^|^^|0|0
^2026^|^01^|^527272^|^015^|^08^|^WA^|^4715^|^EBA^|^03^|^51^|^2^|^994^|^002^|^ G^|^Pemeliharaan Gedung dan Bangunan^|^00^|^^|0|0
^2026^|^01^|^527272^|^015^|^08^|^WA^|^4715^|^EBA^|^03^|^51^|^2^|^994^|^002^|^TJ^|^Jasa PemeliharaanAnnual Technical Support (ATS)^|^00^|^^|0|0
^2026^|^01^|^527272^|^015^|^08^|^WA^|^4715^|^EBB^|^03^|^51^|^2^|^002^|^100^|^ A^|^TANPA SUB KOMPONEN^|^00^|^^|0|0
^2026^|^01^|^527272^|^015^|^08^|^WA^|^4718^|^BMB^|^03^|^51^|^2^|^001^|^100^|^ A^|^TANPA SUB KOMPONEN^|^00^|^^|0|0
^2026^|^01^|^527272^|^015^|^08^|^WA^|^4718^|^BMB^|^03^|^51^|^2^|^002^|^100^|^ A^|^TANPA SUB KOMPONEN^|^00^|^^|0|0
^2026^|^01^|^527272^|^015^|^08^|^WA^|^4719^|^EBA^|^03^|^51^|^2^|^004^|^100^|^ A^|^Survey Kepuasan Pengguna Layanan^|^00^|^^|0|0
^2026^|^01^|^527272^|^015^|^08^|^WA^|^4719^|^EBA^|^03^|^51^|^2^|^994^|^001^|^ A^|^TANPA SUB KOMPONEN^|^00^|^^|0|0
^2026^|^01^|^527272^|^015^|^08^|^WA^|^4719^|^EBC^|^03^|^51^|^2^|^001^|^100^|^XC^|^Penyelenggaraan Capacity Building^|^00^|^^|0|0
^2026^|^01^|^527268^|^015^|^08^|^CD^|^6212^|^BMB^|^03^|^51^|^2^|^001^|^100^|^ B^|^Pemberdayaan UMKM  SosialisasiBimtekAsistensi dan BazarPojokRumah UMKM^|^00^|^^|0|0
^2026^|^01^|^527268^|^015^|^08^|^CD^|^6212^|^BMB^|^03^|^51^|^2^|^001^|^100^|^ D^|^Komunikasi Publik  BazarPojokRumah UMKM^|^00^|^^|0|0
^2026^|^01^|^527268^|^015^|^08^|^CD^|^6212^|^FAH^|^03^|^51^|^2^|^002^|^100^|^ A^|^Forum Koordinasi dan Rekonsiliasi Data dengan Bank Indonesia^|^00^|^^|0|0
^2026^|^01^|^527268^|^015^|^08^|^CD^|^6212^|^FAH^|^03^|^51^|^2^|^002^|^100^|^ B^|^Pembinaan SAP pada Pemerintah Daerah^|^00^|^^|0|0
^2026^|^01^|^527268^|^015^|^08^|^CD^|^6212^|^FAH^|^03^|^51^|^2^|^002^|^100^|^ C^|^SosialisasiBimtekWorkshopFGD dengan Pemda^|^00^|^^|0|0
^2026^|^01^|^527268^|^015^|^08^|^CD^|^6212^|^FAH^|^03^|^51^|^2^|^003^|^100^|^ A^|^Pendampingan Penyusunan dan Penyelesaian Permasalahan Laporan Keuangan UAPPAW dan BLU^|^00^|^^|0|0
^2026^|^01^|^527268^|^015^|^08^|^CD^|^6212^|^FAL^|^03^|^51^|^2^|^001^|^100^|^ A^|^Sosialisasi PeraturanKebijakan Pelaksanaan Anggaran^|^00^|^^|0|0
^2026^|^01^|^527268^|^015^|^08^|^CD^|^6212^|^FAL^|^03^|^51^|^2^|^001^|^100^|^ B^|^Pengkoordinasian Kerjasama Ekonomi dan Keuangan Daerah^|^00^|^^|0|0
^2026^|^01^|^527268^|^015^|^08^|^CD^|^6212^|^FAL^|^03^|^51^|^2^|^001^|^100^|^ D^|^Penyerahan DIPA^|^00^|^^|0|0
^2026^|^01^|^527268^|^015^|^08^|^CD^|^6213^|^ABA^|^03^|^51^|^2^|^001^|^100^|^ A^|^Penyusunan Analisis Potensi Pembiayaan dan Pelaksanaan MoU DJPb dan PT SMI di Daerah^|^00^|^^|0|0
^2026^|^01^|^527268^|^015^|^08^|^CD^|^6213^|^FAE^|^03^|^51^|^2^|^008^|^100^|^ A^|^Koordinasi Pelaksanaan Tugas RCE  ALCo^|^00^|^^|0|0
^2026^|^01^|^527268^|^015^|^08^|^CD^|^6213^|^FAE^|^03^|^51^|^2^|^009^|^100^|^ D^|^FGD Analisa Fasilitas Likuiditas Pembiayaan Perumahan (FLPP)^|^00^|^^|0|0
^2026^|^01^|^527268^|^015^|^08^|^CD^|^6213^|^FAL^|^03^|^51^|^2^|^003^|^100^|^ A^|^Pelaksanaan Spending Review^|^00^|^^|0|0
^2026^|^01^|^527268^|^015^|^08^|^CD^|^6213^|^FAL^|^03^|^51^|^2^|^003^|^100^|^ C^|^Review Pelaksanaan Anggaran^|^00^|^^|0|0
^2026^|^01^|^527268^|^015^|^08^|^CD^|^6213^|^FAL^|^03^|^51^|^2^|^003^|^100^|^ D^|^Monitoring dan Evaluasi Pelaksanaan Anggaran^|^00^|^^|0|0
^2026^|^01^|^527268^|^015^|^08^|^CD^|^6213^|^FAL^|^03^|^51^|^2^|^003^|^100^|^ E^|^Pengumpulan InformasiPenajaman Data Fiskal RegionalPenyusunan KFR^|^00^|^^|0|0
^2026^|^01^|^527268^|^015^|^08^|^CD^|^6213^|^FAL^|^03^|^51^|^2^|^003^|^100^|^ F^|^Publikasi Kajian Fiskal Regional (Full Cost)^|^00^|^^|0|0
^2026^|^01^|^527268^|^015^|^08^|^CD^|^6213^|^FAL^|^03^|^51^|^2^|^003^|^100^|^ G^|^Pengumpulan Konfirmasi Informasi Pengelolaan Keuangan Daerah dan Penyusunan Profil Keuangan Daerah^|^00^|^^|0|0
^2026^|^01^|^527268^|^015^|^08^|^CD^|^6213^|^FAL^|^03^|^51^|^2^|^003^|^100^|^ H^|^Monitoring atas Dana Transfer dan Dana Desa^|^00^|^^|0|0
^2026^|^01^|^527268^|^015^|^08^|^CD^|^6215^|^FAH^|^03^|^51^|^2^|^001^|^100^|^ A^|^Koordinasi Laporan Keuangan Pemerintah Daerah danatau BLUD^|^00^|^^|0|0
^2026^|^01^|^527268^|^015^|^08^|^CD^|^6215^|^FAH^|^03^|^51^|^2^|^001^|^100^|^ B^|^Penyusunan Laporan Statistik Keuangan Pemerintah Tingkat Wilayah^|^00^|^^|0|0
^2026^|^01^|^527268^|^015^|^08^|^CD^|^6215^|^FAH^|^03^|^51^|^2^|^003^|^100^|^ A^|^Pembinaan UAKBUN D (KPPN)^|^00^|^^|0|0
^2026^|^01^|^527268^|^015^|^08^|^CD^|^6215^|^FAH^|^03^|^51^|^2^|^003^|^100^|^ B^|^Koordinasi UAKBUND (KPPN) (Cross Program)^|^00^|^^|0|0
^2026^|^01^|^527268^|^015^|^08^|^WA^|^4715^|^EBA^|^03^|^51^|^2^|^001^|^100^|^ A^|^TANPA SUB KOMPONEN^|^00^|^^|0|0
^2026^|^01^|^527268^|^015^|^08^|^WA^|^4715^|^EBA^|^03^|^51^|^2^|^001^|^100^|^ B^|^KOORDINASI PENYUSUNAN ATK PU^|^00^|^^|0|0
^2026^|^01^|^527268^|^015^|^08^|^WA^|^4715^|^EBA^|^03^|^51^|^2^|^002^|^100^|^ A^|^TANPA SUB KOMPONEN^|^00^|^^|0|0
^2026^|^01^|^527268^|^015^|^08^|^WA^|^4715^|^EBA^|^03^|^51^|^2^|^994^|^002^|^ A^|^Keperluan Seharihari Perkantoran^|^00^|^^|0|0
^2026^|^01^|^527268^|^015^|^08^|^WA^|^4715^|^EBA^|^03^|^51^|^2^|^994^|^002^|^ B^|^Langganan Daya dan Jasa^|^00^|^^|0|0
^2026^|^01^|^527268^|^015^|^08^|^WA^|^4715^|^EBA^|^03^|^51^|^2^|^994^|^002^|^ C^|^Pelaksanaan Operasional Kantor^|^00^|^^|0|0
^2026^|^01^|^527268^|^015^|^08^|^WA^|^4715^|^EBA^|^03^|^51^|^2^|^994^|^002^|^ D^|^Pemeliharaan Peralatan dan Mesin^|^00^|^^|0|0
^2026^|^01^|^527268^|^015^|^08^|^WA^|^4715^|^EBA^|^03^|^51^|^2^|^994^|^002^|^ E^|^Pemeliharaan Gedung dan Bangunan^|^00^|^^|0|0
^2026^|^01^|^527268^|^015^|^08^|^WA^|^4715^|^EBA^|^03^|^51^|^2^|^994^|^002^|^TJ^|^Jasa PemeliharaanAnnual Technical Support (ATS)^|^00^|^^|0|0
^2026^|^01^|^527268^|^015^|^08^|^WA^|^4715^|^EBB^|^03^|^51^|^2^|^004^|^100^|^RA^|^Pembangunan Rumah Dinas^|^00^|^^|0|0
^2026^|^01^|^527268^|^015^|^08^|^WA^|^4715^|^EBD^|^03^|^51^|^2^|^Z26^|^100^|^ A^|^Rakor Penyusunan Laporan Keuangan Tingkat UAPPAW (Full Cost)^|^00^|^^|0|0
^2026^|^01^|^527268^|^015^|^08^|^WA^|^4715^|^EBD^|^03^|^51^|^2^|^Z36^|^100^|^ A^|^TANPA SUB KOMPONEN^|^00^|^^|0|0
^2026^|^01^|^527268^|^015^|^08^|^WA^|^4718^|^BMB^|^03^|^51^|^2^|^001^|^100^|^ A^|^TANPA SUB KOMPONEN^|^00^|^^|0|0
^2026^|^01^|^527268^|^015^|^08^|^WA^|^4718^|^BMB^|^03^|^51^|^2^|^002^|^100^|^ A^|^TANPA SUB KOMPONEN^|^00^|^^|0|0
^2026^|^01^|^527268^|^015^|^08^|^WA^|^4719^|^EBA^|^03^|^51^|^2^|^003^|^100^|^ B^|^Koordinasi Inovasi layanan^|^00^|^^|0|0
^2026^|^01^|^527268^|^015^|^08^|^WA^|^4719^|^EBA^|^03^|^51^|^2^|^005^|^100^|^ B^|^Pelaksanaan Supervisi Teknis Aplikasi^|^00^|^^|0|0
^2026^|^01^|^527268^|^015^|^08^|^WA^|^4719^|^EBA^|^03^|^51^|^2^|^994^|^001^|^ A^|^TANPA SUB KOMPONEN^|^00^|^^|0|0
^2026^|^01^|^527268^|^015^|^08^|^WA^|^4719^|^EBC^|^03^|^51^|^2^|^001^|^100^|^XC^|^Penyelenggaraan Capacity Building^|^00^|^^|0|0
^2026^|^01^|^527268^|^015^|^08^|^WA^|^4722^|^EBD^|^03^|^51^|^2^|^001^|^100^|^ A^|^Pelaksanaan Manajemen Resiko dan Kepatuhan Internal^|^00^|^^|0|0
^2026^|^01^|^527293^|^015^|^08^|^CD^|^6212^|^BMB^|^03^|^22^|^2^|^001^|^100^|^ A^|^Profiling UMKM^|^00^|^^|0|0
^2026^|^01^|^527293^|^015^|^08^|^CD^|^6212^|^FAC^|^03^|^22^|^2^|^001^|^100^|^ A^|^Training Modul Aplikasi SAKTI^|^00^|^^|0|0
^2026^|^01^|^527293^|^015^|^08^|^CD^|^6212^|^FAC^|^03^|^22^|^2^|^001^|^100^|^ B^|^FGD dan Bimtek Transfer Keuangan Daerah^|^00^|^^|0|0
^2026^|^01^|^527293^|^015^|^08^|^CD^|^6212^|^FAH^|^03^|^22^|^2^|^001^|^100^|^ A^|^TANPA SUB KOMPONEN^|^00^|^^|0|0
^2026^|^01^|^527293^|^015^|^08^|^CD^|^6212^|^FAL^|^03^|^22^|^2^|^004^|^100^|^ A^|^Konsultasi^|^00^|^^|0|0
^2026^|^01^|^527293^|^015^|^08^|^CD^|^6212^|^FAL^|^03^|^22^|^2^|^004^|^100^|^ B^|^Sosialisasi dan Bimbingan Teknis^|^00^|^^|0|0
^2026^|^01^|^527293^|^015^|^08^|^CD^|^6212^|^FAL^|^03^|^22^|^2^|^004^|^100^|^ D^|^Pembinaan Pemda, TKD, dan Penandatanganan BAR^|^00^|^^|0|0
^2026^|^01^|^527293^|^015^|^08^|^CD^|^6213^|^FAC^|^03^|^22^|^2^|^001^|^100^|^ A^|^Pembinaan Jabatan Fungsional Perbendaharaan^|^00^|^^|0|0
^2026^|^01^|^527293^|^015^|^08^|^CD^|^6214^|^FAL^|^03^|^22^|^2^|^002^|^100^|^ A^|^Pelaksanaan PencairanPenarikanPengesahan Dana^|^00^|^^|0|0
^2026^|^01^|^527293^|^015^|^08^|^CD^|^6214^|^FAL^|^03^|^22^|^2^|^002^|^100^|^ B^|^PenerbitanPersetujuanRekonsiliasi RekeningSKPPKonfirmasi Penerimaan Negara, dll^|^00^|^^|0|0
^2026^|^01^|^527293^|^015^|^08^|^CD^|^6215^|^FAH^|^03^|^22^|^2^|^003^|^100^|^ A^|^Penyusunan Laporan Keuangan Tingkat Kuasa BUN di Daerah^|^00^|^^|0|0
^2026^|^01^|^527293^|^015^|^08^|^WA^|^4715^|^EBA^|^03^|^22^|^2^|^001^|^100^|^ A^|^TANPA SUB KOMPONEN^|^00^|^^|0|0
^2026^|^01^|^527293^|^015^|^08^|^WA^|^4715^|^EBA^|^03^|^22^|^2^|^001^|^100^|^ B^|^Koordinasi Penyusunan ATK PU^|^00^|^^|0|0
^2026^|^01^|^527293^|^015^|^08^|^WA^|^4715^|^EBA^|^03^|^22^|^2^|^002^|^100^|^ A^|^TANPA SUB KOMPONEN^|^00^|^^|0|0
^2026^|^01^|^527293^|^015^|^08^|^WA^|^4715^|^EBA^|^03^|^22^|^2^|^994^|^002^|^ A^|^Keperluan Seharihari Perkantoran^|^00^|^^|0|0
^2026^|^01^|^527293^|^015^|^08^|^WA^|^4715^|^EBA^|^03^|^22^|^2^|^994^|^002^|^ B^|^Langganan Daya dan Jasa^|^00^|^^|0|0
^2026^|^01^|^527293^|^015^|^08^|^WA^|^4715^|^EBA^|^03^|^22^|^2^|^994^|^002^|^ C^|^Pelaksanaan Operasional Kantor^|^00^|^^|0|0
^2026^|^01^|^527293^|^015^|^08^|^WA^|^4715^|^EBA^|^03^|^22^|^2^|^994^|^002^|^ D^|^Pemeliharaan Peralatan dan Mesin^|^00^|^^|0|0
^2026^|^01^|^527293^|^015^|^08^|^WA^|^4715^|^EBA^|^03^|^22^|^2^|^994^|^002^|^ G^|^Pemeliharaan Gedung dan Bangunan^|^00^|^^|0|0
^2026^|^01^|^527293^|^015^|^08^|^WA^|^4715^|^EBA^|^03^|^22^|^2^|^994^|^002^|^TJ^|^Jasa PemeliharaanAnnual Technical Support (ATS)^|^00^|^^|0|0
^2026^|^01^|^527293^|^015^|^08^|^WA^|^4718^|^BMB^|^03^|^22^|^2^|^002^|^100^|^ A^|^TANPA SUB KOMPONEN^|^00^|^^|0|0
^2026^|^01^|^527293^|^015^|^08^|^WA^|^4718^|^BMB^|^03^|^22^|^2^|^001^|^100^|^ A^|^TANPA SUB KOMPONEN^|^00^|^^|0|0
^2026^|^01^|^527293^|^015^|^08^|^WA^|^4719^|^EBA^|^03^|^22^|^2^|^994^|^001^|^ A^|^TANPA SUB KOMPONEN^|^00^|^^|0|0
^2026^|^01^|^527293^|^015^|^08^|^WA^|^4719^|^EBA^|^03^|^22^|^2^|^004^|^100^|^ A^|^Survey Kepuasan Pengguna Layanan^|^00^|^^|0|0
^2026^|^01^|^527293^|^015^|^08^|^WA^|^4719^|^EBC^|^03^|^22^|^2^|^001^|^100^|^XC^|^Penyelenggaraan Capacity Building^|^00^|^^|0|0
^2026^|^01^|^527293^|^015^|^08^|^WA^|^4715^|^EBD^|^03^|^22^|^2^|^Z36^|^100^|^ B^|^Pelaksanaan Manajemen Kinerja, Resiko dan Kepatuhan Internal^|^00^|^^|0|0
^2026^|^01^|^527301^|^015^|^08^|^CD^|^6212^|^FAC^|^03^|^15^|^2^|^001^|^100^|^ A^|^Training Modul Aplikasi SAKTI^|^00^|^^|0|0
^2026^|^01^|^527301^|^015^|^08^|^CD^|^6212^|^FAC^|^03^|^15^|^2^|^001^|^100^|^ B^|^FGD dan Bimtek Transfer Keuangan Daerah^|^00^|^^|0|0
^2026^|^01^|^527301^|^015^|^08^|^CD^|^6212^|^FAH^|^03^|^15^|^2^|^001^|^100^|^ A^|^TANPA SUB KOMPONEN^|^00^|^^|0|0
^2026^|^01^|^527301^|^015^|^08^|^CD^|^6212^|^FAL^|^03^|^15^|^2^|^004^|^100^|^ A^|^Konsultasi^|^00^|^^|0|0
^2026^|^01^|^527301^|^015^|^08^|^CD^|^6212^|^FAL^|^03^|^15^|^2^|^004^|^100^|^ B^|^Sosialisasi dan Bimbingan Teknis^|^00^|^^|0|0
^2026^|^01^|^527301^|^015^|^08^|^CD^|^6212^|^FAL^|^03^|^15^|^2^|^004^|^100^|^ D^|^Pembinaan Pemda, TKD, dan Penandatanganan BAR^|^00^|^^|0|0
^2026^|^01^|^527301^|^015^|^08^|^CD^|^6213^|^FAC^|^03^|^15^|^2^|^001^|^100^|^ A^|^Pembinaan Jabatan Fungsional Perbendaharaan^|^00^|^^|0|0
^2026^|^01^|^527301^|^015^|^08^|^CD^|^6213^|^FAL^|^03^|^15^|^2^|^003^|^100^|^ A^|^Monev Pelaksanaan Anggaran^|^00^|^^|0|0
^2026^|^01^|^527301^|^015^|^08^|^CD^|^6214^|^FAL^|^03^|^15^|^2^|^002^|^100^|^ A^|^Pelaksanaan PencairanPenarikanPengesahan Dana^|^00^|^^|0|0
^2026^|^01^|^527301^|^015^|^08^|^CD^|^6214^|^FAL^|^03^|^15^|^2^|^002^|^100^|^ B^|^PenerbitanPersetujuanRekonsiliasi RekeningSKPPKonfirmasi Penerimaan Negara, dll^|^00^|^^|0|0
^2026^|^01^|^527301^|^015^|^08^|^CD^|^6215^|^FAH^|^03^|^15^|^2^|^003^|^100^|^ A^|^Penyusunan Laporan Keuangan Tingkat Kuasa BUN di Daerah^|^00^|^^|0|0
^2026^|^01^|^527301^|^015^|^08^|^WA^|^4715^|^EBA^|^03^|^15^|^2^|^001^|^100^|^ A^|^TANPA SUB KOMPONEN^|^00^|^^|0|0
^2026^|^01^|^527301^|^015^|^08^|^WA^|^4715^|^EBA^|^03^|^15^|^2^|^001^|^100^|^ B^|^Koordinasi Penyusunan ATK PU^|^00^|^^|0|0
^2026^|^01^|^527301^|^015^|^08^|^WA^|^4715^|^EBA^|^03^|^15^|^2^|^002^|^100^|^ A^|^TANPA SUB KOMPONEN^|^00^|^^|0|0
^2026^|^01^|^527301^|^015^|^08^|^WA^|^4715^|^EBA^|^03^|^15^|^2^|^994^|^002^|^ A^|^Keperluan Seharihari Perkantoran^|^00^|^^|0|0
^2026^|^01^|^527301^|^015^|^08^|^WA^|^4715^|^EBA^|^03^|^15^|^2^|^994^|^002^|^ B^|^Langganan Daya dan Jasa^|^00^|^^|0|0
^2026^|^01^|^527301^|^015^|^08^|^WA^|^4715^|^EBA^|^03^|^15^|^2^|^994^|^002^|^ C^|^Pelaksanaan Operasional Kantor^|^00^|^^|0|0
^2026^|^01^|^527301^|^015^|^08^|^WA^|^4715^|^EBA^|^03^|^15^|^2^|^994^|^002^|^ D^|^Pemeliharaan Peralatan dan Mesin^|^00^|^^|0|0
^2026^|^01^|^527301^|^015^|^08^|^WA^|^4715^|^EBA^|^03^|^15^|^2^|^994^|^002^|^ E^|^Pemeliharaan Gedung dan Bangunan^|^00^|^^|0|0
^2026^|^01^|^527301^|^015^|^08^|^WA^|^4715^|^EBA^|^03^|^15^|^2^|^994^|^002^|^TJ^|^Jasa PemeliharaanAnnual Technical Support (ATS)^|^00^|^^|0|0
^2026^|^01^|^527301^|^015^|^08^|^WA^|^4718^|^BMB^|^03^|^15^|^2^|^002^|^100^|^ A^|^TANPA SUB KOMPONEN^|^00^|^^|0|0
^2026^|^01^|^527301^|^015^|^08^|^WA^|^4718^|^BMB^|^03^|^15^|^2^|^001^|^100^|^ A^|^TANPA SUB KOMPONEN^|^00^|^^|0|0
^2026^|^01^|^527301^|^015^|^08^|^WA^|^4719^|^EBA^|^03^|^15^|^2^|^994^|^001^|^ A^|^TANPA SUB KOMPONEN^|^00^|^^|0|0
^2026^|^01^|^527301^|^015^|^08^|^WA^|^4719^|^EBA^|^03^|^15^|^2^|^004^|^100^|^ A^|^Survey Kepuasan Pengguna Layanan^|^00^|^^|0|0
^2026^|^01^|^527301^|^015^|^08^|^WA^|^4719^|^EBC^|^03^|^15^|^2^|^001^|^100^|^XC^|^Penyelenggaraan Capacity Building^|^00^|^^|0|0
^2026^|^01^|^527315^|^015^|^08^|^CD^|^6212^|^FAC^|^03^|^53^|^2^|^001^|^100^|^ A^|^Training Modul Aplikasi SAKTI^|^00^|^^|0|0
^2026^|^01^|^527315^|^015^|^08^|^CD^|^6212^|^FAC^|^03^|^53^|^2^|^001^|^100^|^ B^|^FGD dan Bimtek Transfer Keuangan Daerah^|^00^|^^|0|0
^2026^|^01^|^527315^|^015^|^08^|^CD^|^6212^|^FAH^|^03^|^53^|^2^|^001^|^100^|^ A^|^TANPA SUB KOMPONEN^|^00^|^^|0|0
^2026^|^01^|^527315^|^015^|^08^|^CD^|^6212^|^FAL^|^03^|^53^|^2^|^004^|^100^|^ A^|^Konsultasi^|^00^|^^|0|0
^2026^|^01^|^527315^|^015^|^08^|^CD^|^6212^|^FAL^|^03^|^53^|^2^|^004^|^100^|^ B^|^Sosialisasi dan Bimbingan Teknis^|^00^|^^|0|0
^2026^|^01^|^527315^|^015^|^08^|^CD^|^6212^|^FAL^|^03^|^53^|^2^|^004^|^100^|^ D^|^Pembinaan Pemda, TKD, dan Penandatanganan BA Rekonsiliasi Pajak^|^00^|^^|0|0
^2026^|^01^|^527315^|^015^|^08^|^CD^|^6213^|^FAC^|^03^|^53^|^2^|^001^|^100^|^ A^|^Pembinaan Jabatan Fungsional Perbendaharaan^|^00^|^^|0|0
^2026^|^01^|^527315^|^015^|^08^|^CD^|^6213^|^FAL^|^03^|^53^|^2^|^003^|^100^|^ A^|^Monev Pelaksanaan Anggaran^|^00^|^^|0|0
^2026^|^01^|^527315^|^015^|^08^|^CD^|^6214^|^FAL^|^03^|^53^|^2^|^002^|^100^|^ A^|^Pelaksanaan PencairanPenarikanPengesahan Dana^|^00^|^^|0|0
^2026^|^01^|^527315^|^015^|^08^|^CD^|^6214^|^FAL^|^03^|^53^|^2^|^002^|^100^|^ B^|^PenerbitanPersetujuanRekonsiliasi RekeningSKPPKonfirmasi Penerimaan Negara, dll^|^00^|^^|0|0
^2026^|^01^|^527315^|^015^|^08^|^CD^|^6215^|^FAH^|^03^|^53^|^2^|^003^|^100^|^ A^|^Penyusunan Laporan Keuangan Tingkat Kuasa BUN di Daerah^|^00^|^^|0|0
^2026^|^01^|^527315^|^015^|^08^|^WA^|^4715^|^EBA^|^03^|^53^|^2^|^001^|^100^|^ A^|^TANPA SUB KOMPONEN^|^00^|^^|0|0
^2026^|^01^|^527315^|^015^|^08^|^WA^|^4715^|^EBA^|^03^|^53^|^2^|^001^|^100^|^ B^|^KOORDINASI PENYUSUNAN ATK PU^|^00^|^^|0|0
^2026^|^01^|^527315^|^015^|^08^|^WA^|^4715^|^EBA^|^03^|^53^|^2^|^002^|^100^|^ A^|^TANPA SUB KOMPONEN^|^00^|^^|0|0
^2026^|^01^|^527315^|^015^|^08^|^WA^|^4715^|^EBA^|^03^|^53^|^2^|^994^|^002^|^ A^|^Keperluan Seharihari Perkantoran^|^00^|^^|0|0
^2026^|^01^|^527315^|^015^|^08^|^WA^|^4715^|^EBA^|^03^|^53^|^2^|^994^|^002^|^ B^|^Langganan Daya dan Jasa^|^00^|^^|0|0
^2026^|^01^|^527315^|^015^|^08^|^WA^|^4715^|^EBA^|^03^|^53^|^2^|^994^|^002^|^ C^|^Pelaksanaan Operasional Kantor^|^00^|^^|0|0
^2026^|^01^|^527315^|^015^|^08^|^WA^|^4715^|^EBA^|^03^|^53^|^2^|^994^|^002^|^ D^|^Pemeliharaan Peralatan dan Mesin^|^00^|^^|0|0
^2026^|^01^|^527315^|^015^|^08^|^WA^|^4715^|^EBA^|^03^|^53^|^2^|^994^|^002^|^ G^|^Pemeliharaan Gedung dan Bangunan^|^00^|^^|0|0
^2026^|^01^|^527315^|^015^|^08^|^WA^|^4715^|^EBA^|^03^|^53^|^2^|^994^|^002^|^TJ^|^Jasa Pemeliharaan Annual Technical Support (ATS)^|^00^|^^|0|0
^2026^|^01^|^527315^|^015^|^08^|^WA^|^4718^|^BMB^|^03^|^53^|^2^|^001^|^100^|^ A^|^TANPA SUB KOMPONEN^|^00^|^^|0|0
^2026^|^01^|^527315^|^015^|^08^|^WA^|^4718^|^BMB^|^03^|^53^|^2^|^002^|^100^|^ A^|^TANPA SUB KOMPONEN^|^00^|^^|0|0
^2026^|^01^|^527315^|^015^|^08^|^WA^|^4719^|^EBA^|^03^|^53^|^2^|^004^|^100^|^ A^|^Survey Kepuasan Pengguna Layanan^|^00^|^^|0|0
^2026^|^01^|^527315^|^015^|^08^|^WA^|^4719^|^EBA^|^03^|^53^|^2^|^994^|^001^|^ A^|^TANPA SUB KOMPONEN^|^00^|^^|0|0
^2026^|^01^|^527315^|^015^|^08^|^WA^|^4719^|^EBC^|^03^|^53^|^2^|^001^|^100^|^XC^|^Penyelenggaraan Capacity Building^|^00^|^^|0|0
^2026^|^01^|^527289^|^015^|^08^|^CD^|^6212^|^BMB^|^03^|^56^|^2^|^001^|^100^|^ A^|^Profiling UMKM^|^00^|^^|0|0
^2026^|^01^|^527289^|^015^|^08^|^CD^|^6212^|^FAC^|^03^|^56^|^2^|^001^|^100^|^ A^|^Training Modul Aplikasi SAKTI^|^00^|^^|0|0
^2026^|^01^|^527289^|^015^|^08^|^CD^|^6212^|^FAC^|^03^|^56^|^2^|^001^|^100^|^ B^|^FGD dan Bimtek Transfer Keuangan Daerah^|^00^|^^|0|0
^2026^|^01^|^527289^|^015^|^08^|^CD^|^6212^|^FAH^|^03^|^56^|^2^|^001^|^100^|^ A^|^TANPA SUB KOMPONEN^|^00^|^^|0|0
^2026^|^01^|^527289^|^015^|^08^|^CD^|^6212^|^FAL^|^03^|^56^|^2^|^004^|^100^|^ A^|^Konsultasi^|^00^|^^|0|0
^2026^|^01^|^527289^|^015^|^08^|^CD^|^6212^|^FAL^|^03^|^56^|^2^|^004^|^100^|^ B^|^Sosialisasi dan Bimbingan Teknis^|^00^|^^|0|0
^2026^|^01^|^527289^|^015^|^08^|^CD^|^6212^|^FAL^|^03^|^56^|^2^|^004^|^100^|^ D^|^Pembinaan Pemda, TKD, dan Penandatanganan BA Rekonsiliasi Pajak^|^00^|^^|0|0
^2026^|^01^|^527289^|^015^|^08^|^CD^|^6213^|^FAC^|^03^|^56^|^2^|^001^|^100^|^ A^|^Pembinaan Jabatan Fungsional Perbendaharaan^|^00^|^^|0|0
^2026^|^01^|^527289^|^015^|^08^|^CD^|^6213^|^FAE^|^03^|^56^|^2^|^009^|^100^|^ A^|^Monev Penyaluran Pembiayaan Ultra Mikro^|^00^|^^|0|0
^2026^|^01^|^527289^|^015^|^08^|^CD^|^6214^|^FAL^|^03^|^56^|^2^|^002^|^100^|^ A^|^Pelaksanaan PencairanPenarikanPengesahan Dana^|^00^|^^|0|0
^2026^|^01^|^527289^|^015^|^08^|^CD^|^6214^|^FAL^|^03^|^56^|^2^|^002^|^100^|^ B^|^PenerbitanPersetujuanRekonsiliasi RekeningSKPPKonfirmasi Penerimaan Negara, dll^|^00^|^^|0|0
^2026^|^01^|^527289^|^015^|^08^|^CD^|^6215^|^FAH^|^03^|^56^|^2^|^003^|^100^|^ A^|^Penyusunan Laporan Keuangan Tingkat Kuasa BUN di Daerah^|^00^|^^|0|0
^2026^|^01^|^527289^|^015^|^08^|^WA^|^4715^|^EBA^|^03^|^56^|^2^|^001^|^100^|^ A^|^TANPA SUB KOMPONEN^|^00^|^^|0|0
^2026^|^01^|^527289^|^015^|^08^|^WA^|^4715^|^EBA^|^03^|^56^|^2^|^001^|^100^|^ B^|^Koordinasi Penyusunan ATK PU^|^00^|^^|0|0
^2026^|^01^|^527289^|^015^|^08^|^WA^|^4715^|^EBA^|^03^|^56^|^2^|^002^|^100^|^ A^|^TANPA SUB KOMPONEN^|^00^|^^|0|0
^2026^|^01^|^527289^|^015^|^08^|^WA^|^4715^|^EBA^|^03^|^56^|^2^|^994^|^002^|^ A^|^Keperluan Seharihari Perkantoran^|^00^|^^|0|0
^2026^|^01^|^527289^|^015^|^08^|^WA^|^4715^|^EBA^|^03^|^56^|^2^|^994^|^002^|^ B^|^Langganan Daya dan Jasa^|^00^|^^|0|0
^2026^|^01^|^527289^|^015^|^08^|^WA^|^4715^|^EBA^|^03^|^56^|^2^|^994^|^002^|^ C^|^Pelaksanaan Operasional Kantor^|^00^|^^|0|0
^2026^|^01^|^527289^|^015^|^08^|^WA^|^4715^|^EBA^|^03^|^56^|^2^|^994^|^002^|^ D^|^Pemeliharaan Peralatan dan Mesin^|^00^|^^|0|0
^2026^|^01^|^527289^|^015^|^08^|^WA^|^4715^|^EBA^|^03^|^56^|^2^|^994^|^002^|^ G^|^Pemeliharaan Gedung dan Bangunan^|^00^|^^|0|0
^2026^|^01^|^527289^|^015^|^08^|^WA^|^4715^|^EBA^|^03^|^56^|^2^|^994^|^002^|^TJ^|^Jasa PemeliharaanAnnual Technical Support (ATS)^|^00^|^^|0|0
^2026^|^01^|^527289^|^015^|^08^|^WA^|^4715^|^EBB^|^03^|^56^|^2^|^002^|^100^|^ A^|^TANPA SUB KOMPONEN^|^00^|^^|0|0
^2026^|^01^|^527289^|^015^|^08^|^WA^|^4715^|^EBD^|^03^|^56^|^2^|^Z36^|^100^|^ B^|^Pelaksanaan Manajemen Kinerja, Resiko dan Kepatuhan Internal^|^00^|^^|0|0
^2026^|^01^|^527289^|^015^|^08^|^WA^|^4718^|^BMB^|^03^|^56^|^2^|^001^|^100^|^ A^|^TANPA SUB KOMPONEN^|^00^|^^|0|0
^2026^|^01^|^527289^|^015^|^08^|^WA^|^4718^|^BMB^|^03^|^56^|^2^|^002^|^100^|^ A^|^TANPA SUB KOMPONEN^|^00^|^^|0|0
^2026^|^01^|^527289^|^015^|^08^|^WA^|^4719^|^EBA^|^03^|^56^|^2^|^004^|^100^|^ A^|^Survey Kepuasan Pengguna Layanan^|^00^|^^|0|0
^2026^|^01^|^527289^|^015^|^08^|^WA^|^4719^|^EBA^|^03^|^56^|^2^|^994^|^001^|^ A^|^TANPA SUB KOMPONEN^|^00^|^^|0|0
^2026^|^01^|^527289^|^015^|^08^|^WA^|^4719^|^EBC^|^03^|^56^|^2^|^001^|^100^|^XC^|^Penyelenggaraan Capacity Building^|^00^|^^|0|0
