^2026^|^01^|^015116^|^015^|^08^|^CD^|^6212^|^FAL^|^01^|^51^|^2^|^002^|^100^|^ A^|^521211^|^019^|^A^|^0^|^0^|^ ^|^0^|0|0|0|^ ^|^ ^|^ ^|^ ^|^^|^00^|^^|0|0|^^|^ ^
^2026^|^01^|^015116^|^015^|^08^|^CD^|^6212^|^FAL^|^01^|^51^|^2^|^002^|^100^|^ B^|^521211^|^019^|^A^|^0^|^0^|^ ^|^0^|0|0|0|^ ^|^ ^|^ ^|^ ^|^^|^00^|^^|0|0|^^|^ ^
^2026^|^01^|^015116^|^015^|^08^|^CD^|^6214^|^FAL^|^01^|^51^|^2^|^001^|^100^|^ A^|^521211^|^019^|^A^|^0^|^0^|^ ^|^0^|0|0|0|^ ^|^ ^|^ ^|^ ^|^^|^00^|^^|0|0|^^|^ ^
^2026^|^01^|^015116^|^015^|^08^|^CD^|^6214^|^FAL^|^01^|^51^|^2^|^001^|^100^|^ A^|^524111^|^019^|^A^|^0^|^0^|^ ^|^0^|0|0|0|^ ^|^ ^|^ ^|^ ^|^^|^00^|^^|0|0|^^|^ ^
^2026^|^01^|^015116^|^015^|^08^|^CD^|^6214^|^FAL^|^01^|^51^|^2^|^001^|^100^|^ A^|^524113^|^019^|^A^|^0^|^0^|^ ^|^0^|0|0|0|^ ^|^ ^|^ ^|^ ^|^^|^00^|^^|0|0|^^|^ ^
^2026^|^01^|^015116^|^015^|^08^|^CD^|^6214^|^FAL^|^01^|^51^|^2^|^001^|^100^|^ B^|^521211^|^019^|^A^|^0^|^0^|^ ^|^0^|0|0|0|^ ^|^ ^|^ ^|^ ^|^^|^00^|^^|0|0|^^|^ ^
^2026^|^01^|^015116^|^015^|^08^|^CD^|^6214^|^FAL^|^01^|^51^|^2^|^001^|^100^|^ B^|^524113^|^019^|^A^|^0^|^0^|^ ^|^0^|0|0|0|^ ^|^ ^|^ ^|^ ^|^^|^00^|^^|0|0|^^|^ ^
^2026^|^01^|^015116^|^015^|^08^|^CD^|^6215^|^FAH^|^01^|^51^|^2^|^003^|^100^|^ A^|^521211^|^019^|^A^|^0^|^0^|^ ^|^0^|0|0|0|^ ^|^ ^|^ ^|^ ^|^^|^00^|^^|0|0|^^|^ ^
^2026^|^01^|^015116^|^015^|^08^|^CD^|^6215^|^FAH^|^01^|^51^|^2^|^003^|^100^|^ B^|^524111^|^019^|^A^|^0^|^0^|^ ^|^0^|0|0|0|^ ^|^ ^|^ ^|^ ^|^^|^00^|^^|0|0|^^|^ ^
^2026^|^01^|^015116^|^015^|^08^|^WA^|^4715^|^EBA^|^01^|^51^|^2^|^001^|^100^|^ A^|^521811^|^019^|^A^|^0^|^0^|^ ^|^0^|0|0|0|^ ^|^ ^|^ ^|^ ^|^^|^00^|^^|0|0|^^|^ ^
^2026^|^01^|^015116^|^015^|^08^|^WA^|^4715^|^EBA^|^01^|^51^|^2^|^994^|^002^|^ A^|^521111^|^019^|^A^|^0^|^0^|^ ^|^0^|0|0|0|^ ^|^ ^|^ ^|^ ^|^^|^00^|^^|0|0|^^|^ ^
^2026^|^01^|^015116^|^015^|^08^|^WA^|^4715^|^EBA^|^01^|^51^|^2^|^994^|^002^|^ A^|^521119^|^019^|^A^|^0^|^0^|^ ^|^0^|0|0|0|^ ^|^ ^|^ ^|^ ^|^^|^00^|^^|0|0|^^|^ ^
^2026^|^01^|^015116^|^015^|^08^|^WA^|^4715^|^EBA^|^01^|^51^|^2^|^994^|^002^|^ A^|^521811^|^019^|^A^|^0^|^0^|^ ^|^0^|0|0|0|^ ^|^ ^|^ ^|^ ^|^^|^00^|^^|0|0|^^|^ ^
^2026^|^01^|^015116^|^015^|^08^|^WA^|^4715^|^EBA^|^01^|^51^|^2^|^994^|^002^|^ B^|^521114^|^019^|^A^|^0^|^0^|^ ^|^0^|0|0|0|^ ^|^ ^|^ ^|^ ^|^^|^00^|^^|0|0|^^|^ ^
^2026^|^01^|^015116^|^015^|^08^|^WA^|^4715^|^EBA^|^01^|^51^|^2^|^994^|^002^|^ C^|^521113^|^019^|^A^|^0^|^0^|^ ^|^0^|0|0|0|^ ^|^ ^|^ ^|^ ^|^^|^00^|^^|0|0|^^|^ ^
^2026^|^01^|^015116^|^015^|^08^|^WA^|^4715^|^EBA^|^01^|^51^|^2^|^994^|^002^|^ C^|^521115^|^019^|^A^|^0^|^0^|^ ^|^0^|0|0|0|^ ^|^ ^|^ ^|^ ^|^^|^00^|^^|0|0|^^|^ ^
^2026^|^01^|^015116^|^015^|^08^|^WA^|^4715^|^EBA^|^01^|^51^|^2^|^994^|^002^|^ C^|^521119^|^019^|^A^|^0^|^0^|^ ^|^0^|0|0|0|^ ^|^ ^|^ ^|^ ^|^^|^00^|^^|0|0|^^|^ ^
^2026^|^01^|^015116^|^015^|^08^|^WA^|^4715^|^EBA^|^01^|^51^|^2^|^994^|^002^|^ D^|^523121^|^019^|^A^|^0^|^0^|^ ^|^0^|0|0|0|^ ^|^ ^|^ ^|^ ^|^^|^00^|^^|0|0|^^|^ ^
^2026^|^01^|^015116^|^015^|^08^|^WA^|^4715^|^EBA^|^01^|^51^|^2^|^994^|^002^|^TJ^|^523121^|^019^|^A^|^0^|^0^|^ ^|^0^|0|0|0|^ ^|^ ^|^ ^|^ ^|^^|^00^|^^|0|0|^^|^ ^
^2026^|^01^|^015116^|^015^|^08^|^WA^|^4715^|^EBA^|^01^|^51^|^2^|^002^|^100^|^ A^|^524113^|^019^|^A^|^0^|^0^|^ ^|^0^|0|0|0|^ ^|^ ^|^ ^|^ ^|^^|^00^|^^|0|0|^^|^ ^
^2026^|^01^|^015116^|^015^|^08^|^WA^|^4719^|^EBA^|^01^|^51^|^2^|^994^|^001^|^ A^|^511129^|^019^|^A^|^0^|^0^|^ ^|^0^|0|0|0|^ ^|^ ^|^ ^|^ ^|^^|^00^|^^|0|0|^^|^ ^
^2026^|^01^|^015116^|^015^|^08^|^WA^|^4719^|^EBA^|^01^|^51^|^2^|^994^|^001^|^ A^|^512211^|^019^|^A^|^0^|^0^|^ ^|^0^|0|0|0|^ ^|^ ^|^ ^|^ ^|^^|^00^|^^|0|0|^^|^ ^
^2026^|^01^|^015116^|^015^|^08^|^WA^|^4719^|^EBC^|^01^|^51^|^2^|^001^|^100^|^XC^|^521211^|^019^|^A^|^0^|^0^|^ ^|^0^|0|0|0|^ ^|^ ^|^ ^|^ ^|^^|^00^|^^|0|0|^^|^ ^
^2026^|^01^|^015115^|^015^|^08^|^CD^|^6212^|^BMB^|^01^|^51^|^2^|^001^|^100^|^ A^|^524113^|^019^|^A^|^0^|^0^|^ ^|^0^|0|0|0|^ ^|^ ^|^ ^|^ ^|^^|^00^|^^|0|0|^^|^ ^
^2026^|^01^|^015115^|^015^|^08^|^CD^|^6212^|^FAC^|^01^|^51^|^2^|^001^|^100^|^ A^|^521211^|^019^|^A^|^0^|^0^|^ ^|^0^|0|0|0|^ ^|^ ^|^ ^|^ ^|^^|^00^|^^|0|0|^^|^ ^
^2026^|^01^|^015115^|^015^|^08^|^CD^|^6212^|^FAH^|^01^|^51^|^2^|^001^|^100^|^ A^|^521211^|^019^|^A^|^0^|^0^|^ ^|^0^|0|0|0|^ ^|^ ^|^ ^|^ ^|^^|^00^|^^|0|0|^^|^ ^
^2026^|^01^|^015115^|^015^|^08^|^CD^|^6212^|^FAL^|^01^|^51^|^2^|^004^|^100^|^ A^|^521211^|^019^|^A^|^0^|^0^|^ ^|^0^|0|0|0|^ ^|^ ^|^ ^|^ ^|^^|^00^|^^|0|0|^^|^ ^
^2026^|^01^|^015115^|^015^|^08^|^CD^|^6212^|^FAL^|^01^|^51^|^2^|^004^|^100^|^ B^|^521211^|^019^|^A^|^0^|^0^|^ ^|^0^|0|0|0|^ ^|^ ^|^ ^|^ ^|^^|^00^|^^|0|0|^^|^ ^
^2026^|^01^|^015115^|^015^|^08^|^CD^|^6213^|^FAC^|^01^|^51^|^2^|^001^|^100^|^ A^|^521211^|^019^|^A^|^0^|^0^|^ ^|^0^|0|0|0|^ ^|^ ^|^ ^|^ ^|^^|^00^|^^|0|0|^^|^ ^
^2026^|^01^|^015115^|^015^|^08^|^CD^|^6213^|^FAE^|^01^|^51^|^2^|^009^|^100^|^ A^|^524113^|^019^|^A^|^0^|^0^|^ ^|^0^|0|0|0|^ ^|^ ^|^ ^|^ ^|^^|^00^|^^|0|0|^^|^ ^
^2026^|^01^|^015115^|^015^|^08^|^CD^|^6213^|^FAL^|^01^|^51^|^2^|^003^|^100^|^ A^|^524113^|^019^|^A^|^0^|^0^|^ ^|^0^|0|0|0|^ ^|^ ^|^ ^|^ ^|^^|^00^|^^|0|0|^^|^ ^
^2026^|^01^|^015115^|^015^|^08^|^CD^|^6214^|^FAL^|^01^|^51^|^2^|^002^|^100^|^ A^|^521211^|^019^|^A^|^0^|^0^|^ ^|^0^|0|0|0|^ ^|^ ^|^ ^|^ ^|^^|^00^|^^|0|0|^^|^ ^
^2026^|^01^|^015115^|^015^|^08^|^CD^|^6214^|^FAL^|^01^|^51^|^2^|^002^|^100^|^ B^|^521211^|^019^|^A^|^0^|^0^|^ ^|^0^|0|0|0|^ ^|^ ^|^ ^|^ ^|^^|^00^|^^|0|0|^^|^ ^
^2026^|^01^|^015115^|^015^|^08^|^CD^|^6215^|^FAH^|^01^|^51^|^2^|^003^|^100^|^ A^|^521211^|^019^|^A^|^0^|^0^|^ ^|^0^|0|0|0|^ ^|^ ^|^ ^|^ ^|^^|^00^|^^|0|0|^^|^ ^
^2026^|^01^|^015115^|^015^|^08^|^CD^|^6215^|^FAH^|^01^|^51^|^2^|^003^|^100^|^ B^|^524113^|^019^|^A^|^0^|^0^|^ ^|^0^|0|0|0|^ ^|^ ^|^ ^|^ ^|^^|^00^|^^|0|0|^^|^ ^
^2026^|^01^|^015115^|^015^|^08^|^WA^|^4715^|^EBA^|^01^|^51^|^2^|^001^|^100^|^ A^|^521811^|^019^|^A^|^0^|^0^|^ ^|^0^|0|0|0|^ ^|^ ^|^ ^|^ ^|^^|^00^|^^|0|0|^^|^ ^
^2026^|^01^|^015115^|^015^|^08^|^WA^|^4715^|^EBA^|^01^|^51^|^2^|^001^|^100^|^ B^|^522151^|^019^|^A^|^0^|^0^|^ ^|^0^|0|0|0|^ ^|^ ^|^ ^|^ ^|^^|^00^|^^|0|0|^^|^ ^
^2026^|^01^|^015115^|^015^|^08^|^WA^|^4715^|^EBA^|^01^|^51^|^2^|^001^|^100^|^ B^|^524113^|^019^|^A^|^0^|^0^|^ ^|^0^|0|0|0|^ ^|^ ^|^ ^|^ ^|^^|^00^|^^|0|0|^^|^ ^
^2026^|^01^|^015115^|^015^|^08^|^WA^|^4715^|^EBA^|^01^|^51^|^2^|^994^|^002^|^ A^|^521111^|^019^|^A^|^0^|^0^|^ ^|^0^|0|0|0|^ ^|^ ^|^ ^|^ ^|^^|^00^|^^|0|0|^^|^ ^
^2026^|^01^|^015115^|^015^|^08^|^WA^|^4715^|^EBA^|^01^|^51^|^2^|^994^|^002^|^ A^|^521119^|^019^|^A^|^0^|^0^|^ ^|^0^|0|0|0|^ ^|^ ^|^ ^|^ ^|^^|^00^|^^|0|0|^^|^ ^
^2026^|^01^|^015115^|^015^|^08^|^WA^|^4715^|^EBA^|^01^|^51^|^2^|^994^|^002^|^ A^|^521811^|^019^|^A^|^0^|^0^|^ ^|^0^|0|0|0|^ ^|^ ^|^ ^|^ ^|^^|^00^|^^|0|0|^^|^ ^
^2026^|^01^|^015115^|^015^|^08^|^WA^|^4715^|^EBA^|^01^|^51^|^2^|^994^|^002^|^ B^|^521114^|^019^|^A^|^0^|^0^|^ ^|^0^|0|0|0|^ ^|^ ^|^ ^|^ ^|^^|^00^|^^|0|0|^^|^ ^
^2026^|^01^|^015115^|^015^|^08^|^WA^|^4715^|^EBA^|^01^|^51^|^2^|^994^|^002^|^ C^|^521113^|^019^|^A^|^0^|^0^|^ ^|^0^|0|0|0|^ ^|^ ^|^ ^|^ ^|^^|^00^|^^|0|0|^^|^ ^
^2026^|^01^|^015115^|^015^|^08^|^WA^|^4715^|^EBA^|^01^|^51^|^2^|^994^|^002^|^ C^|^521115^|^019^|^A^|^0^|^0^|^ ^|^0^|0|0|0|^ ^|^ ^|^ ^|^ ^|^^|^00^|^^|0|0|^^|^ ^
^2026^|^01^|^015115^|^015^|^08^|^WA^|^4715^|^EBA^|^01^|^51^|^2^|^994^|^002^|^ C^|^521119^|^019^|^A^|^0^|^0^|^ ^|^0^|0|0|0|^ ^|^ ^|^ ^|^ ^|^^|^00^|^^|0|0|^^|^ ^
^2026^|^01^|^015115^|^015^|^08^|^WA^|^4715^|^EBA^|^01^|^51^|^2^|^994^|^002^|^ D^|^523121^|^019^|^A^|^0^|^0^|^ ^|^0^|0|0|0|^ ^|^ ^|^ ^|^ ^|^^|^00^|^^|0|0|^^|^ ^
^2026^|^01^|^015115^|^015^|^08^|^WA^|^4715^|^EBA^|^01^|^51^|^2^|^994^|^002^|^TJ^|^523121^|^019^|^A^|^0^|^0^|^ ^|^0^|0|0|0|^ ^|^ ^|^ ^|^ ^|^^|^00^|^^|0|0|^^|^ ^
^2026^|^01^|^015115^|^015^|^08^|^WA^|^4715^|^EBA^|^01^|^51^|^2^|^002^|^100^|^ A^|^524113^|^019^|^A^|^0^|^0^|^ ^|^0^|0|0|0|^ ^|^ ^|^ ^|^ ^|^^|^00^|^^|0|0|^^|^ ^
^2026^|^01^|^015115^|^015^|^08^|^WA^|^4715^|^EBD^|^01^|^51^|^2^|^Z36^|^100^|^ B^|^524113^|^019^|^A^|^0^|^0^|^ ^|^0^|0|0|0|^ ^|^ ^|^ ^|^ ^|^^|^00^|^^|0|0|^^|^ ^
^2026^|^01^|^015115^|^015^|^08^|^WA^|^4718^|^BMB^|^01^|^51^|^2^|^002^|^100^|^ A^|^521219^|^019^|^A^|^0^|^0^|^ ^|^0^|0|0|0|^ ^|^ ^|^ ^|^ ^|^^|^00^|^^|0|0|^^|^ ^
^2026^|^01^|^015115^|^015^|^08^|^WA^|^4718^|^BMB^|^01^|^51^|^2^|^001^|^100^|^ A^|^521211^|^019^|^A^|^0^|^0^|^ ^|^0^|0|0|0|^ ^|^ ^|^ ^|^ ^|^^|^00^|^^|0|0|^^|^ ^
^2026^|^01^|^015115^|^015^|^08^|^WA^|^4719^|^EBA^|^01^|^51^|^2^|^994^|^001^|^ A^|^511129^|^019^|^A^|^0^|^0^|^ ^|^0^|0|0|0|^ ^|^ ^|^ ^|^ ^|^^|^00^|^^|0|0|^^|^ ^
^2026^|^01^|^015115^|^015^|^08^|^WA^|^4719^|^EBA^|^01^|^51^|^2^|^994^|^001^|^ A^|^512211^|^019^|^A^|^0^|^0^|^ ^|^0^|0|0|0|^ ^|^ ^|^ ^|^ ^|^^|^00^|^^|0|0|^^|^ ^
^2026^|^01^|^015115^|^015^|^08^|^WA^|^4719^|^EBA^|^01^|^51^|^2^|^004^|^100^|^ A^|^521211^|^019^|^A^|^0^|^0^|^ ^|^0^|0|0|0|^ ^|^ ^|^ ^|^ ^|^^|^00^|^^|0|0|^^|^ ^
^2026^|^01^|^015115^|^015^|^08^|^WA^|^4719^|^EBC^|^01^|^51^|^2^|^001^|^100^|^XC^|^521211^|^019^|^A^|^0^|^0^|^ ^|^0^|0|0|0|^ ^|^ ^|^ ^|^ ^|^^|^00^|^^|0|0|^^|^ ^
^2026^|^01^|^015115^|^015^|^08^|^WA^|^4719^|^EBC^|^01^|^51^|^2^|^001^|^100^|^XC^|^522151^|^019^|^A^|^0^|^0^|^ ^|^0^|0|0|0|^ ^|^ ^|^ ^|^ ^|^^|^00^|^^|0|0|^^|^ ^
^2026^|^01^|^015115^|^015^|^08^|^WA^|^4719^|^EBC^|^01^|^51^|^2^|^001^|^100^|^XC^|^524113^|^019^|^A^|^0^|^0^|^ ^|^0^|0|0|0|^ ^|^ ^|^ ^|^ ^|^^|^00^|^^|0|0|^^|^ ^
^2026^|^01^|^015117^|^015^|^08^|^CD^|^6212^|^AEF^|^01^|^51^|^2^|^I01^|^100^|^ A^|^521211^|^019^|^A^|^0^|^0^|^ ^|^0^|0|0|0|^ ^|^ ^|^ ^|^ ^|^^|^00^|^^|0|0|^^|^ ^
^2026^|^01^|^015117^|^015^|^08^|^WA^|^4715^|^EBA^|^01^|^51^|^2^|^001^|^100^|^ A^|^521811^|^019^|^A^|^0^|^0^|^ ^|^0^|0|0|0|^ ^|^ ^|^ ^|^ ^|^^|^00^|^^|0|0|^^|^ ^
^2026^|^01^|^015117^|^015^|^08^|^WA^|^4715^|^EBA^|^01^|^51^|^2^|^994^|^002^|^ A^|^521111^|^019^|^A^|^0^|^0^|^ ^|^0^|0|0|0|^ ^|^ ^|^ ^|^ ^|^^|^00^|^^|0|0|^^|^ ^
^2026^|^01^|^015117^|^015^|^08^|^WA^|^4715^|^EBA^|^01^|^51^|^2^|^994^|^002^|^ A^|^521119^|^019^|^A^|^0^|^0^|^ ^|^0^|0|0|0|^ ^|^ ^|^ ^|^ ^|^^|^00^|^^|0|0|^^|^ ^
^2026^|^01^|^015117^|^015^|^08^|^WA^|^4715^|^EBA^|^01^|^51^|^2^|^994^|^002^|^ B^|^521114^|^019^|^A^|^0^|^0^|^ ^|^0^|0|0|0|^ ^|^ ^|^ ^|^ ^|^^|^00^|^^|0|0|^^|^ ^
^2026^|^01^|^015117^|^015^|^08^|^WA^|^4715^|^EBA^|^01^|^51^|^2^|^994^|^002^|^ C^|^521113^|^019^|^A^|^0^|^0^|^ ^|^0^|0|0|0|^ ^|^ ^|^ ^|^ ^|^^|^00^|^^|0|0|^^|^ ^
^2026^|^01^|^015117^|^015^|^08^|^WA^|^4715^|^EBA^|^01^|^51^|^2^|^994^|^002^|^ C^|^521115^|^019^|^A^|^0^|^0^|^ ^|^0^|0|0|0|^ ^|^ ^|^ ^|^ ^|^^|^00^|^^|0|0|^^|^ ^
^2026^|^01^|^015117^|^015^|^08^|^WA^|^4715^|^EBA^|^01^|^51^|^2^|^994^|^002^|^ C^|^521119^|^019^|^A^|^0^|^0^|^ ^|^0^|0|0|0|^ ^|^ ^|^ ^|^ ^|^^|^00^|^^|0|0|^^|^ ^
^2026^|^01^|^015117^|^015^|^08^|^WA^|^4715^|^EBA^|^01^|^51^|^2^|^994^|^002^|^ D^|^523121^|^019^|^A^|^0^|^0^|^ ^|^0^|0|0|0|^ ^|^ ^|^ ^|^ ^|^^|^00^|^^|0|0|^^|^ ^
^2026^|^01^|^015117^|^015^|^08^|^WA^|^4715^|^EBA^|^01^|^51^|^2^|^994^|^002^|^TJ^|^523121^|^019^|^A^|^0^|^0^|^ ^|^0^|0|0|0|^ ^|^ ^|^ ^|^ ^|^^|^00^|^^|0|0|^^|^ ^
^2026^|^01^|^015117^|^015^|^08^|^WA^|^4715^|^EBA^|^01^|^51^|^2^|^002^|^100^|^ A^|^524113^|^019^|^A^|^0^|^0^|^ ^|^0^|0|0|0|^ ^|^ ^|^ ^|^ ^|^^|^00^|^^|0|0|^^|^ ^
^2026^|^01^|^015117^|^015^|^08^|^WA^|^4715^|^EBD^|^01^|^51^|^2^|^974^|^100^|^ A^|^521211^|^019^|^A^|^0^|^0^|^ ^|^0^|0|0|0|^ ^|^ ^|^ ^|^ ^|^^|^00^|^^|0|0|^^|^ ^
^2026^|^01^|^015117^|^015^|^08^|^WA^|^4719^|^EBA^|^01^|^51^|^2^|^994^|^001^|^ A^|^511129^|^019^|^A^|^0^|^0^|^ ^|^0^|0|0|0|^ ^|^ ^|^ ^|^ ^|^^|^00^|^^|0|0|^^|^ ^
^2026^|^01^|^015117^|^015^|^08^|^WA^|^4719^|^EBA^|^01^|^51^|^2^|^994^|^001^|^ A^|^512211^|^019^|^A^|^0^|^0^|^ ^|^0^|0|0|0|^ ^|^ ^|^ ^|^ ^|^^|^00^|^^|0|0|^^|^ ^
^2026^|^01^|^015117^|^015^|^08^|^WA^|^4719^|^EBC^|^01^|^51^|^2^|^001^|^100^|^XC^|^521211^|^019^|^A^|^0^|^0^|^ ^|^0^|0|0|0|^ ^|^ ^|^ ^|^ ^|^^|^00^|^^|0|0|^^|^ ^
^2026^|^01^|^015117^|^015^|^08^|^WA^|^4719^|^EBC^|^01^|^51^|^2^|^001^|^100^|^XC^|^522151^|^019^|^A^|^0^|^0^|^ ^|^0^|0|0|0|^ ^|^ ^|^ ^|^ ^|^^|^00^|^^|0|0|^^|^ ^
^2026^|^01^|^325237^|^015^|^08^|^CD^|^6212^|^BMB^|^32^|^52^|^2^|^001^|^100^|^ A^|^524113^|^009^|^A^|^0^|^0^|^ ^|^0^|0|0|0|^ ^|^ ^|^ ^|^ ^|^^|^00^|^^|0|0|^^|^ ^
^2026^|^01^|^325237^|^015^|^08^|^CD^|^6212^|^BMB^|^32^|^52^|^2^|^001^|^100^|^ B^|^521211^|^009^|^A^|^0^|^0^|^ ^|^0^|0|0|0|^ ^|^ ^|^ ^|^ ^|^^|^00^|^^|0|0|^^|^ ^
^2026^|^01^|^325237^|^015^|^08^|^CD^|^6212^|^BMB^|^32^|^52^|^2^|^001^|^100^|^ B^|^522151^|^009^|^A^|^0^|^0^|^ ^|^0^|0|0|0|^ ^|^ ^|^ ^|^ ^|^^|^00^|^^|0|0|^^|^ ^
^2026^|^01^|^325237^|^015^|^08^|^CD^|^6212^|^BMB^|^32^|^52^|^2^|^001^|^100^|^ B^|^524113^|^009^|^A^|^0^|^0^|^ ^|^0^|0|0|0|^ ^|^ ^|^ ^|^ ^|^^|^00^|^^|0|0|^^|^ ^
^2026^|^01^|^325237^|^015^|^08^|^CD^|^6212^|^BMB^|^32^|^52^|^2^|^001^|^100^|^ C^|^524113^|^009^|^A^|^0^|^0^|^ ^|^0^|0|0|0|^ ^|^ ^|^ ^|^ ^|^^|^00^|^^|0|0|^^|^ ^
^2026^|^01^|^325237^|^015^|^08^|^CD^|^6212^|^BMB^|^32^|^52^|^2^|^001^|^100^|^ D^|^521219^|^009^|^A^|^0^|^0^|^ ^|^0^|0|0|0|^ ^|^ ^|^ ^|^ ^|^^|^00^|^^|0|0|^^|^ ^
^2026^|^01^|^325237^|^015^|^08^|^CD^|^6212^|^BMB^|^32^|^52^|^2^|^001^|^100^|^ D^|^522141^|^009^|^A^|^0^|^0^|^ ^|^0^|0|0|0|^ ^|^ ^|^ ^|^ ^|^^|^00^|^^|0|0|^^|^ ^
^2026^|^01^|^325237^|^015^|^08^|^CD^|^6212^|^FAC^|^32^|^52^|^2^|^002^|^100^|^ A^|^524111^|^009^|^A^|^0^|^0^|^ ^|^0^|0|0|0|^ ^|^ ^|^ ^|^ ^|^^|^00^|^^|0|0|^^|^ ^
^2026^|^01^|^325237^|^015^|^08^|^CD^|^6212^|^FAC^|^32^|^52^|^2^|^002^|^100^|^ A^|^524113^|^009^|^A^|^0^|^0^|^ ^|^0^|0|0|0|^ ^|^ ^|^ ^|^ ^|^^|^00^|^^|0|0|^^|^ ^
^2026^|^01^|^325237^|^015^|^08^|^CD^|^6212^|^FAC^|^32^|^52^|^2^|^002^|^100^|^ B^|^524111^|^009^|^A^|^0^|^0^|^ ^|^0^|0|0|0|^ ^|^ ^|^ ^|^ ^|^^|^00^|^^|0|0|^^|^ ^
^2026^|^01^|^325237^|^015^|^08^|^CD^|^6212^|^FAH^|^32^|^52^|^2^|^003^|^100^|^ A^|^524113^|^009^|^A^|^0^|^0^|^ ^|^0^|0|0|0|^ ^|^ ^|^ ^|^ ^|^^|^00^|^^|0|0|^^|^ ^
^2026^|^01^|^325237^|^015^|^08^|^CD^|^6212^|^FAH^|^32^|^52^|^2^|^003^|^100^|^ B^|^524111^|^009^|^A^|^0^|^0^|^ ^|^0^|0|0|0|^ ^|^ ^|^ ^|^ ^|^^|^00^|^^|0|0|^^|^ ^
^2026^|^01^|^325237^|^015^|^08^|^CD^|^6212^|^FAH^|^32^|^52^|^2^|^003^|^100^|^ B^|^524113^|^009^|^A^|^0^|^0^|^ ^|^0^|0|0|0|^ ^|^ ^|^ ^|^ ^|^^|^00^|^^|0|0|^^|^ ^
^2026^|^01^|^325237^|^015^|^08^|^CD^|^6212^|^FAH^|^32^|^52^|^2^|^002^|^100^|^ A^|^521211^|^009^|^A^|^0^|^0^|^ ^|^0^|0|0|0|^ ^|^ ^|^ ^|^ ^|^^|^00^|^^|0|0|^^|^ ^
^2026^|^01^|^325237^|^015^|^08^|^CD^|^6212^|^FAH^|^32^|^52^|^2^|^002^|^100^|^ B^|^524111^|^009^|^A^|^0^|^0^|^ ^|^0^|0|0|0|^ ^|^ ^|^ ^|^ ^|^^|^00^|^^|0|0|^^|^ ^
^2026^|^01^|^325237^|^015^|^08^|^CD^|^6212^|^FAH^|^32^|^52^|^2^|^002^|^100^|^ B^|^524113^|^009^|^A^|^0^|^0^|^ ^|^0^|0|0|0|^ ^|^ ^|^ ^|^ ^|^^|^00^|^^|0|0|^^|^ ^
^2026^|^01^|^325237^|^015^|^08^|^CD^|^6212^|^FAH^|^32^|^52^|^2^|^002^|^100^|^ C^|^522151^|^009^|^A^|^0^|^0^|^ ^|^0^|0|0|0|^ ^|^ ^|^ ^|^ ^|^^|^00^|^^|0|0|^^|^ ^
^2026^|^01^|^325237^|^015^|^08^|^CD^|^6212^|^FAH^|^32^|^52^|^2^|^002^|^100^|^ C^|^524113^|^009^|^A^|^0^|^0^|^ ^|^0^|0|0|0|^ ^|^ ^|^ ^|^ ^|^^|^00^|^^|0|0|^^|^ ^
^2026^|^01^|^325237^|^015^|^08^|^CD^|^6212^|^FAL^|^32^|^52^|^2^|^001^|^100^|^ A^|^524111^|^009^|^A^|^0^|^0^|^ ^|^0^|0|0|0|^ ^|^ ^|^ ^|^ ^|^^|^00^|^^|0|0|^^|^ ^
^2026^|^01^|^325237^|^015^|^08^|^CD^|^6212^|^FAL^|^32^|^52^|^2^|^001^|^100^|^ A^|^524113^|^009^|^A^|^0^|^0^|^ ^|^0^|0|0|0|^ ^|^ ^|^ ^|^ ^|^^|^00^|^^|0|0|^^|^ ^
^2026^|^01^|^325237^|^015^|^08^|^CD^|^6212^|^FAL^|^32^|^52^|^2^|^001^|^100^|^ B^|^521211^|^009^|^A^|^0^|^0^|^ ^|^0^|0|0|0|^ ^|^ ^|^ ^|^ ^|^^|^00^|^^|0|0|^^|^ ^
^2026^|^01^|^325237^|^015^|^08^|^CD^|^6212^|^FAL^|^32^|^52^|^2^|^001^|^100^|^ C^|^524111^|^009^|^A^|^0^|^0^|^ ^|^0^|0|0|0|^ ^|^ ^|^ ^|^ ^|^^|^00^|^^|0|0|^^|^ ^
^2026^|^01^|^325237^|^015^|^08^|^CD^|^6212^|^FAL^|^32^|^52^|^2^|^001^|^100^|^ D^|^521211^|^009^|^A^|^0^|^0^|^ ^|^0^|0|0|0|^ ^|^ ^|^ ^|^ ^|^^|^00^|^^|0|0|^^|^ ^
^2026^|^01^|^325237^|^015^|^08^|^CD^|^6212^|^FAL^|^32^|^52^|^2^|^001^|^100^|^ D^|^521213^|^009^|^A^|^0^|^0^|^ ^|^0^|0|0|0|^ ^|^ ^|^ ^|^ ^|^^|^00^|^^|0|0|^^|^ ^
^2026^|^01^|^325237^|^015^|^08^|^CD^|^6212^|^FAL^|^32^|^52^|^2^|^001^|^100^|^ D^|^522151^|^009^|^A^|^0^|^0^|^ ^|^0^|0|0|0|^ ^|^ ^|^ ^|^ ^|^^|^00^|^^|0|0|^^|^ ^
^2026^|^01^|^325237^|^015^|^08^|^CD^|^6212^|^FAL^|^32^|^52^|^2^|^001^|^100^|^ D^|^524113^|^009^|^A^|^0^|^0^|^ ^|^0^|0|0|0|^ ^|^ ^|^ ^|^ ^|^^|^00^|^^|0|0|^^|^ ^
^2026^|^01^|^325237^|^015^|^08^|^CD^|^6213^|^ABA^|^32^|^52^|^2^|^001^|^100^|^ A^|^524111^|^009^|^A^|^0^|^0^|^ ^|^0^|0|0|0|^ ^|^ ^|^ ^|^ ^|^^|^00^|^^|0|0|^^|^ ^
^2026^|^01^|^325237^|^015^|^08^|^CD^|^6213^|^FAE^|^32^|^52^|^2^|^009^|^100^|^ B^|^524111^|^009^|^A^|^0^|^0^|^ ^|^0^|0|0|0|^ ^|^ ^|^ ^|^ ^|^^|^00^|^^|0|0|^^|^ ^
^2026^|^01^|^325237^|^015^|^08^|^CD^|^6213^|^FAE^|^32^|^52^|^2^|^008^|^100^|^ A^|^521211^|^009^|^A^|^0^|^0^|^ ^|^0^|0|0|0|^ ^|^ ^|^ ^|^ ^|^^|^00^|^^|0|0|^^|^ ^
^2026^|^01^|^325237^|^015^|^08^|^CD^|^6213^|^FAE^|^32^|^52^|^2^|^008^|^100^|^ A^|^522151^|^009^|^A^|^0^|^0^|^ ^|^0^|0|0|0|^ ^|^ ^|^ ^|^ ^|^^|^00^|^^|0|0|^^|^ ^
^2026^|^01^|^325237^|^015^|^08^|^CD^|^6213^|^FAE^|^32^|^52^|^2^|^008^|^100^|^ A^|^524111^|^009^|^A^|^0^|^0^|^ ^|^0^|0|0|0|^ ^|^ ^|^ ^|^ ^|^^|^00^|^^|0|0|^^|^ ^
^2026^|^01^|^325237^|^015^|^08^|^CD^|^6213^|^FAL^|^32^|^52^|^2^|^003^|^100^|^ A^|^521211^|^009^|^A^|^0^|^0^|^ ^|^0^|0|0|0|^ ^|^ ^|^ ^|^ ^|^^|^00^|^^|0|0|^^|^ ^
^2026^|^01^|^325237^|^015^|^08^|^CD^|^6213^|^FAL^|^32^|^52^|^2^|^003^|^100^|^ C^|^521211^|^009^|^A^|^0^|^0^|^ ^|^0^|0|0|0|^ ^|^ ^|^ ^|^ ^|^^|^00^|^^|0|0|^^|^ ^
^2026^|^01^|^325237^|^015^|^08^|^CD^|^6213^|^FAL^|^32^|^52^|^2^|^003^|^100^|^ D^|^524111^|^009^|^A^|^0^|^0^|^ ^|^0^|0|0|0|^ ^|^ ^|^ ^|^ ^|^^|^00^|^^|0|0|^^|^ ^
^2026^|^01^|^325237^|^015^|^08^|^CD^|^6213^|^FAL^|^32^|^52^|^2^|^003^|^100^|^ D^|^524113^|^009^|^A^|^0^|^0^|^ ^|^0^|0|0|0|^ ^|^ ^|^ ^|^ ^|^^|^00^|^^|0|0|^^|^ ^
^2026^|^01^|^325237^|^015^|^08^|^CD^|^6213^|^FAL^|^32^|^52^|^2^|^003^|^100^|^ E^|^521211^|^009^|^A^|^0^|^0^|^ ^|^0^|0|0|0|^ ^|^ ^|^ ^|^ ^|^^|^00^|^^|0|0|^^|^ ^
^2026^|^01^|^325237^|^015^|^08^|^CD^|^6213^|^FAL^|^32^|^52^|^2^|^003^|^100^|^ E^|^522151^|^009^|^A^|^0^|^0^|^ ^|^0^|0|0|0|^ ^|^ ^|^ ^|^ ^|^^|^00^|^^|0|0|^^|^ ^
^2026^|^01^|^325237^|^015^|^08^|^CD^|^6213^|^FAL^|^32^|^52^|^2^|^003^|^100^|^ E^|^524111^|^009^|^A^|^0^|^0^|^ ^|^0^|0|0|0|^ ^|^ ^|^ ^|^ ^|^^|^00^|^^|0|0|^^|^ ^
^2026^|^01^|^325237^|^015^|^08^|^CD^|^6213^|^FAL^|^32^|^52^|^2^|^003^|^100^|^ F^|^521211^|^009^|^A^|^0^|^0^|^ ^|^0^|0|0|0|^ ^|^ ^|^ ^|^ ^|^^|^00^|^^|0|0|^^|^ ^
^2026^|^01^|^325237^|^015^|^08^|^CD^|^6213^|^FAL^|^32^|^52^|^2^|^003^|^100^|^ F^|^522151^|^009^|^A^|^0^|^0^|^ ^|^0^|0|0|0|^ ^|^ ^|^ ^|^ ^|^^|^00^|^^|0|0|^^|^ ^
^2026^|^01^|^325237^|^015^|^08^|^CD^|^6213^|^FAL^|^32^|^52^|^2^|^003^|^100^|^ G^|^521211^|^009^|^A^|^0^|^0^|^ ^|^0^|0|0|0|^ ^|^ ^|^ ^|^ ^|^^|^00^|^^|0|0|^^|^ ^
^2026^|^01^|^325237^|^015^|^08^|^CD^|^6213^|^FAL^|^32^|^52^|^2^|^003^|^100^|^ G^|^522151^|^009^|^A^|^0^|^0^|^ ^|^0^|0|0|0|^ ^|^ ^|^ ^|^ ^|^^|^00^|^^|0|0|^^|^ ^
^2026^|^01^|^325237^|^015^|^08^|^CD^|^6213^|^FAL^|^32^|^52^|^2^|^003^|^100^|^ H^|^524111^|^009^|^A^|^0^|^0^|^ ^|^0^|0|0|0|^ ^|^ ^|^ ^|^ ^|^^|^00^|^^|0|0|^^|^ ^
^2026^|^01^|^325237^|^015^|^08^|^CD^|^6215^|^FAH^|^32^|^52^|^2^|^003^|^100^|^ A^|^524111^|^009^|^A^|^0^|^0^|^ ^|^0^|0|0|0|^ ^|^ ^|^ ^|^ ^|^^|^00^|^^|0|0|^^|^ ^
^2026^|^01^|^325237^|^015^|^08^|^CD^|^6215^|^FAH^|^32^|^52^|^2^|^003^|^100^|^ A^|^524113^|^009^|^A^|^0^|^0^|^ ^|^0^|0|0|0|^ ^|^ ^|^ ^|^ ^|^^|^00^|^^|0|0|^^|^ ^
^2026^|^01^|^325237^|^015^|^08^|^CD^|^6215^|^FAH^|^32^|^52^|^2^|^003^|^100^|^ B^|^521211^|^009^|^A^|^0^|^0^|^ ^|^0^|0|0|0|^ ^|^ ^|^ ^|^ ^|^^|^00^|^^|0|0|^^|^ ^
^2026^|^01^|^325237^|^015^|^08^|^CD^|^6215^|^FAH^|^32^|^52^|^2^|^001^|^100^|^ A^|^524111^|^009^|^A^|^0^|^0^|^ ^|^0^|0|0|0|^ ^|^ ^|^ ^|^ ^|^^|^00^|^^|0|0|^^|^ ^
^2026^|^01^|^325237^|^015^|^08^|^CD^|^6215^|^FAH^|^32^|^52^|^2^|^001^|^100^|^ A^|^524113^|^009^|^A^|^0^|^0^|^ ^|^0^|0|0|0|^ ^|^ ^|^ ^|^ ^|^^|^00^|^^|0|0|^^|^ ^
^2026^|^01^|^325237^|^015^|^08^|^CD^|^6215^|^FAH^|^32^|^52^|^2^|^001^|^100^|^ B^|^521211^|^009^|^A^|^0^|^0^|^ ^|^0^|0|0|0|^ ^|^ ^|^ ^|^ ^|^^|^00^|^^|0|0|^^|^ ^
^2026^|^01^|^325237^|^015^|^08^|^CD^|^6216^|^FAE^|^32^|^52^|^2^|^002^|^100^|^ A^|^524111^|^009^|^A^|^0^|^0^|^ ^|^0^|0|0|0|^ ^|^ ^|^ ^|^ ^|^^|^00^|^^|0|0|^^|^ ^
^2026^|^01^|^325237^|^015^|^08^|^CD^|^6216^|^FAE^|^32^|^52^|^2^|^002^|^100^|^ A^|^524113^|^009^|^A^|^0^|^0^|^ ^|^0^|0|0|0|^ ^|^ ^|^ ^|^ ^|^^|^00^|^^|0|0|^^|^ ^
^2026^|^01^|^325237^|^015^|^08^|^WA^|^4715^|^EBA^|^32^|^52^|^2^|^001^|^100^|^ A^|^521811^|^009^|^A^|^0^|^0^|^ ^|^0^|0|0|0|^ ^|^ ^|^ ^|^ ^|^^|^00^|^^|0|0|^^|^ ^
^2026^|^01^|^325237^|^015^|^08^|^WA^|^4715^|^EBA^|^32^|^52^|^2^|^001^|^100^|^ A^|^522151^|^009^|^A^|^0^|^0^|^ ^|^0^|0|0|0|^ ^|^ ^|^ ^|^ ^|^^|^00^|^^|0|0|^^|^ ^
^2026^|^01^|^325237^|^015^|^08^|^WA^|^4715^|^EBA^|^32^|^52^|^2^|^001^|^100^|^ B^|^522151^|^009^|^A^|^0^|^0^|^ ^|^0^|0|0|0|^ ^|^ ^|^ ^|^ ^|^^|^00^|^^|0|0|^^|^ ^
^2026^|^01^|^325237^|^015^|^08^|^WA^|^4715^|^EBA^|^32^|^52^|^2^|^001^|^100^|^ B^|^524113^|^009^|^A^|^0^|^0^|^ ^|^0^|0|0|0|^ ^|^ ^|^ ^|^ ^|^^|^00^|^^|0|0|^^|^ ^
^2026^|^01^|^325237^|^015^|^08^|^WA^|^4715^|^EBA^|^32^|^52^|^2^|^994^|^002^|^ A^|^521111^|^009^|^A^|^0^|^0^|^ ^|^0^|0|0|0|^ ^|^ ^|^ ^|^ ^|^^|^00^|^^|0|0|^^|^ ^
^2026^|^01^|^325237^|^015^|^08^|^WA^|^4715^|^EBA^|^32^|^52^|^2^|^994^|^002^|^ A^|^521119^|^009^|^A^|^0^|^0^|^ ^|^0^|0|0|0|^ ^|^ ^|^ ^|^ ^|^^|^00^|^^|0|0|^^|^ ^
^2026^|^01^|^325237^|^015^|^08^|^WA^|^4715^|^EBA^|^32^|^52^|^2^|^994^|^002^|^ A^|^521811^|^009^|^A^|^0^|^0^|^ ^|^0^|0|0|0|^ ^|^ ^|^ ^|^ ^|^^|^00^|^^|0|0|^^|^ ^
^2026^|^01^|^325237^|^015^|^08^|^WA^|^4715^|^EBA^|^32^|^52^|^2^|^994^|^002^|^ B^|^521114^|^009^|^A^|^0^|^0^|^ ^|^0^|0|0|0|^ ^|^ ^|^ ^|^ ^|^^|^00^|^^|0|0|^^|^ ^
^2026^|^01^|^325237^|^015^|^08^|^WA^|^4715^|^EBA^|^32^|^52^|^2^|^994^|^002^|^ B^|^522111^|^009^|^A^|^0^|^0^|^ ^|^0^|0|0|0|^ ^|^ ^|^ ^|^ ^|^^|^00^|^^|0|0|^^|^ ^
^2026^|^01^|^325237^|^015^|^08^|^WA^|^4715^|^EBA^|^32^|^52^|^2^|^994^|^002^|^ B^|^522113^|^009^|^A^|^0^|^0^|^ ^|^0^|0|0|0|^ ^|^ ^|^ ^|^ ^|^^|^00^|^^|0|0|^^|^ ^
^2026^|^01^|^325237^|^015^|^08^|^WA^|^4715^|^EBA^|^32^|^52^|^2^|^994^|^002^|^ C^|^521115^|^009^|^A^|^0^|^0^|^ ^|^0^|0|0|0|^ ^|^ ^|^ ^|^ ^|^^|^00^|^^|0|0|^^|^ ^
^2026^|^01^|^325237^|^015^|^08^|^WA^|^4715^|^EBA^|^32^|^52^|^2^|^994^|^002^|^ C^|^521119^|^009^|^A^|^0^|^0^|^ ^|^0^|0|0|0|^ ^|^ ^|^ ^|^ ^|^^|^00^|^^|0|0|^^|^ ^
^2026^|^01^|^325237^|^015^|^08^|^WA^|^4715^|^EBA^|^32^|^52^|^2^|^994^|^002^|^ D^|^523121^|^009^|^A^|^0^|^0^|^ ^|^0^|0|0|0|^ ^|^ ^|^ ^|^ ^|^^|^00^|^^|0|0|^^|^ ^
^2026^|^01^|^325237^|^015^|^08^|^WA^|^4715^|^EBA^|^32^|^52^|^2^|^994^|^002^|^ G^|^523111^|^009^|^A^|^0^|^0^|^ ^|^0^|0|0|0|^ ^|^ ^|^ ^|^ ^|^^|^00^|^^|0|0|^^|^ ^
^2026^|^01^|^325237^|^015^|^08^|^WA^|^4715^|^EBA^|^32^|^52^|^2^|^994^|^002^|^ G^|^523112^|^009^|^A^|^0^|^0^|^ ^|^0^|0|0|0|^ ^|^ ^|^ ^|^ ^|^^|^00^|^^|0|0|^^|^ ^
^2026^|^01^|^325237^|^015^|^08^|^WA^|^4715^|^EBA^|^32^|^52^|^2^|^994^|^002^|^ G^|^523119^|^009^|^A^|^0^|^0^|^ ^|^0^|0|0|0|^ ^|^ ^|^ ^|^ ^|^^|^00^|^^|0|0|^^|^ ^
^2026^|^01^|^325237^|^015^|^08^|^WA^|^4715^|^EBA^|^32^|^52^|^2^|^994^|^002^|^TJ^|^523121^|^009^|^A^|^0^|^0^|^ ^|^0^|0|0|0|^ ^|^ ^|^ ^|^ ^|^^|^00^|^^|0|0|^^|^ ^
^2026^|^01^|^325237^|^015^|^08^|^WA^|^4715^|^EBA^|^32^|^52^|^2^|^002^|^100^|^ A^|^524111^|^009^|^A^|^0^|^0^|^ ^|^0^|0|0|0|^ ^|^ ^|^ ^|^ ^|^^|^00^|^^|0|0|^^|^ ^
^2026^|^01^|^325237^|^015^|^08^|^WA^|^4715^|^EBA^|^32^|^52^|^2^|^002^|^100^|^ A^|^524113^|^009^|^A^|^0^|^0^|^ ^|^0^|0|0|0|^ ^|^ ^|^ ^|^ ^|^^|^00^|^^|0|0|^^|^ ^
^2026^|^01^|^325237^|^015^|^08^|^WA^|^4715^|^EBB^|^32^|^52^|^2^|^004^|^100^|^RB^|^533121^|^009^|^A^|^0^|^0^|^ ^|^0^|0|0|0|^ ^|^ ^|^ ^|^ ^|^^|^00^|^^|0|0|^^|^ ^
^2026^|^01^|^325237^|^015^|^08^|^WA^|^4715^|^EBD^|^32^|^52^|^2^|^Z36^|^100^|^ A^|^521211^|^009^|^A^|^0^|^0^|^ ^|^0^|0|0|0|^ ^|^ ^|^ ^|^ ^|^^|^00^|^^|0|0|^^|^ ^
^2026^|^01^|^325237^|^015^|^08^|^WA^|^4715^|^EBD^|^32^|^52^|^2^|^Z26^|^100^|^ A^|^521211^|^009^|^A^|^0^|^0^|^ ^|^0^|0|0|0|^ ^|^ ^|^ ^|^ ^|^^|^00^|^^|0|0|^^|^ ^
^2026^|^01^|^325237^|^015^|^08^|^WA^|^4715^|^EBD^|^32^|^52^|^2^|^Z26^|^100^|^ A^|^524111^|^009^|^A^|^0^|^0^|^ ^|^0^|0|0|0|^ ^|^ ^|^ ^|^ ^|^^|^00^|^^|0|0|^^|^ ^
^2026^|^01^|^325237^|^015^|^08^|^WA^|^4715^|^EBD^|^32^|^52^|^2^|^Z26^|^100^|^ A^|^524113^|^009^|^A^|^0^|^0^|^ ^|^0^|0|0|0|^ ^|^ ^|^ ^|^ ^|^^|^00^|^^|0|0|^^|^ ^
^2026^|^01^|^325237^|^015^|^08^|^WA^|^4718^|^BMB^|^32^|^52^|^2^|^002^|^100^|^ A^|^521211^|^009^|^A^|^0^|^0^|^ ^|^0^|0|0|0|^ ^|^ ^|^ ^|^ ^|^^|^00^|^^|0|0|^^|^ ^
^2026^|^01^|^325237^|^015^|^08^|^WA^|^4718^|^BMB^|^32^|^52^|^2^|^002^|^100^|^ A^|^521219^|^009^|^A^|^0^|^0^|^ ^|^0^|0|0|0|^ ^|^ ^|^ ^|^ ^|^^|^00^|^^|0|0|^^|^ ^
^2026^|^01^|^325237^|^015^|^08^|^WA^|^4718^|^BMB^|^32^|^52^|^2^|^001^|^100^|^ A^|^521211^|^009^|^A^|^0^|^0^|^ ^|^0^|0|0|0|^ ^|^ ^|^ ^|^ ^|^^|^00^|^^|0|0|^^|^ ^
^2026^|^01^|^325237^|^015^|^08^|^WA^|^4719^|^EBA^|^32^|^52^|^2^|^003^|^100^|^ A^|^524111^|^009^|^A^|^0^|^0^|^ ^|^0^|0|0|0|^ ^|^ ^|^ ^|^ ^|^^|^00^|^^|0|0|^^|^ ^
^2026^|^01^|^325237^|^015^|^08^|^WA^|^4719^|^EBA^|^32^|^52^|^2^|^003^|^100^|^ A^|^524113^|^009^|^A^|^0^|^0^|^ ^|^0^|0|0|0|^ ^|^ ^|^ ^|^ ^|^^|^00^|^^|0|0|^^|^ ^
^2026^|^01^|^325237^|^015^|^08^|^WA^|^4719^|^EBA^|^32^|^52^|^2^|^003^|^100^|^ B^|^521211^|^009^|^A^|^0^|^0^|^ ^|^0^|0|0|0|^ ^|^ ^|^ ^|^ ^|^^|^00^|^^|0|0|^^|^ ^
^2026^|^01^|^325237^|^015^|^08^|^WA^|^4719^|^EBA^|^32^|^52^|^2^|^994^|^001^|^ A^|^511129^|^009^|^A^|^0^|^0^|^ ^|^0^|0|0|0|^ ^|^ ^|^ ^|^ ^|^^|^00^|^^|0|0|^^|^ ^
^2026^|^01^|^325237^|^015^|^08^|^WA^|^4719^|^EBA^|^32^|^52^|^2^|^994^|^001^|^ A^|^512211^|^009^|^A^|^0^|^0^|^ ^|^0^|0|0|0|^ ^|^ ^|^ ^|^ ^|^^|^00^|^^|0|0|^^|^ ^
^2026^|^01^|^325237^|^015^|^08^|^WA^|^4719^|^EBA^|^32^|^52^|^2^|^005^|^100^|^ A^|^524111^|^009^|^A^|^0^|^0^|^ ^|^0^|0|0|0|^ ^|^ ^|^ ^|^ ^|^^|^00^|^^|0|0|^^|^ ^
^2026^|^01^|^325237^|^015^|^08^|^WA^|^4719^|^EBA^|^32^|^52^|^2^|^005^|^100^|^ A^|^524113^|^009^|^A^|^0^|^0^|^ ^|^0^|0|0|0|^ ^|^ ^|^ ^|^ ^|^^|^00^|^^|0|0|^^|^ ^
^2026^|^01^|^325237^|^015^|^08^|^WA^|^4719^|^EBA^|^32^|^52^|^2^|^005^|^100^|^ B^|^524111^|^009^|^A^|^0^|^0^|^ ^|^0^|0|0|0|^ ^|^ ^|^ ^|^ ^|^^|^00^|^^|0|0|^^|^ ^
^2026^|^01^|^325237^|^015^|^08^|^WA^|^4719^|^EBA^|^32^|^52^|^2^|^005^|^100^|^ B^|^524113^|^009^|^A^|^0^|^0^|^ ^|^0^|0|0|0|^ ^|^ ^|^ ^|^ ^|^^|^00^|^^|0|0|^^|^ ^
^2026^|^01^|^325237^|^015^|^08^|^WA^|^4719^|^EBC^|^32^|^52^|^2^|^001^|^100^|^XC^|^521211^|^009^|^A^|^0^|^0^|^ ^|^0^|0|0|0|^ ^|^ ^|^ ^|^ ^|^^|^00^|^^|0|0|^^|^ ^
^2026^|^01^|^325237^|^015^|^08^|^WA^|^4719^|^EBC^|^32^|^52^|^2^|^001^|^100^|^XC^|^522151^|^009^|^A^|^0^|^0^|^ ^|^0^|0|0|0|^ ^|^ ^|^ ^|^ ^|^^|^00^|^^|0|0|^^|^ ^
^2026^|^01^|^325237^|^015^|^08^|^WA^|^4719^|^EBC^|^32^|^52^|^2^|^001^|^100^|^XC^|^524113^|^009^|^A^|^0^|^0^|^ ^|^0^|0|0|0|^ ^|^ ^|^ ^|^ ^|^^|^00^|^^|0|0|^^|^ ^
^2026^|^01^|^325237^|^015^|^08^|^WA^|^4722^|^EBD^|^32^|^52^|^2^|^001^|^100^|^ A^|^521211^|^009^|^A^|^0^|^0^|^ ^|^0^|0|0|0|^ ^|^ ^|^ ^|^ ^|^^|^00^|^^|0|0|^^|^ ^
^2026^|^01^|^325237^|^015^|^08^|^WA^|^4722^|^EBD^|^32^|^52^|^2^|^001^|^100^|^ B^|^524111^|^009^|^A^|^0^|^0^|^ ^|^0^|0|0|0|^ ^|^ ^|^ ^|^ ^|^^|^00^|^^|0|0|^^|^ ^
^2026^|^01^|^325237^|^015^|^08^|^WA^|^4722^|^EBD^|^32^|^52^|^2^|^001^|^100^|^ B^|^524113^|^009^|^A^|^0^|^0^|^ ^|^0^|0|0|0|^ ^|^ ^|^ ^|^ ^|^^|^00^|^^|0|0|^^|^ ^
^2026^|^01^|^015114^|^015^|^08^|^CD^|^6212^|^BMB^|^01^|^51^|^2^|^001^|^100^|^ A^|^524113^|^019^|^A^|^0^|^0^|^ ^|^0^|0|0|0|^ ^|^ ^|^ ^|^ ^|^^|^00^|^^|0|0|^^|^ ^
^2026^|^01^|^015114^|^015^|^08^|^CD^|^6212^|^FAC^|^01^|^51^|^2^|^001^|^100^|^ A^|^521211^|^019^|^A^|^0^|^0^|^ ^|^0^|0|0|0|^ ^|^ ^|^ ^|^ ^|^^|^00^|^^|0|0|^^|^ ^
^2026^|^01^|^015114^|^015^|^08^|^CD^|^6212^|^FAH^|^01^|^51^|^2^|^001^|^100^|^ A^|^521211^|^019^|^A^|^0^|^0^|^ ^|^0^|0|0|0|^ ^|^ ^|^ ^|^ ^|^^|^00^|^^|0|0|^^|^ ^
^2026^|^01^|^015114^|^015^|^08^|^CD^|^6212^|^FAL^|^01^|^51^|^2^|^004^|^100^|^ A^|^521211^|^019^|^A^|^0^|^0^|^ ^|^0^|0|0|0|^ ^|^ ^|^ ^|^ ^|^^|^00^|^^|0|0|^^|^ ^
^2026^|^01^|^015114^|^015^|^08^|^CD^|^6212^|^FAL^|^01^|^51^|^2^|^004^|^100^|^ B^|^521211^|^019^|^A^|^0^|^0^|^ ^|^0^|0|0|0|^ ^|^ ^|^ ^|^ ^|^^|^00^|^^|0|0|^^|^ ^
^2026^|^01^|^015114^|^015^|^08^|^CD^|^6213^|^FAC^|^01^|^51^|^2^|^001^|^100^|^ A^|^521211^|^019^|^A^|^0^|^0^|^ ^|^0^|0|0|0|^ ^|^ ^|^ ^|^ ^|^^|^00^|^^|0|0|^^|^ ^
^2026^|^01^|^015114^|^015^|^08^|^CD^|^6213^|^FAE^|^01^|^51^|^2^|^009^|^100^|^ A^|^524113^|^019^|^A^|^0^|^0^|^ ^|^0^|0|0|0|^ ^|^ ^|^ ^|^ ^|^^|^00^|^^|0|0|^^|^ ^
^2026^|^01^|^015114^|^015^|^08^|^CD^|^6213^|^FAL^|^01^|^51^|^2^|^003^|^100^|^ A^|^524113^|^019^|^A^|^0^|^0^|^ ^|^0^|0|0|0|^ ^|^ ^|^ ^|^ ^|^^|^00^|^^|0|0|^^|^ ^
^2026^|^01^|^015114^|^015^|^08^|^CD^|^6214^|^FAL^|^01^|^51^|^2^|^002^|^100^|^ A^|^521211^|^019^|^A^|^0^|^0^|^ ^|^0^|0|0|0|^ ^|^ ^|^ ^|^ ^|^^|^00^|^^|0|0|^^|^ ^
^2026^|^01^|^015114^|^015^|^08^|^CD^|^6214^|^FAL^|^01^|^51^|^2^|^002^|^100^|^ B^|^521211^|^019^|^A^|^0^|^0^|^ ^|^0^|0|0|0|^ ^|^ ^|^ ^|^ ^|^^|^00^|^^|0|0|^^|^ ^
^2026^|^01^|^015114^|^015^|^08^|^CD^|^6215^|^FAH^|^01^|^51^|^2^|^003^|^100^|^ A^|^521211^|^019^|^A^|^0^|^0^|^ ^|^0^|0|0|0|^ ^|^ ^|^ ^|^ ^|^^|^00^|^^|0|0|^^|^ ^
^2026^|^01^|^015114^|^015^|^08^|^CD^|^6215^|^FAH^|^01^|^51^|^2^|^003^|^100^|^ B^|^524113^|^019^|^A^|^0^|^0^|^ ^|^0^|0|0|0|^ ^|^ ^|^ ^|^ ^|^^|^00^|^^|0|0|^^|^ ^
^2026^|^01^|^015114^|^015^|^08^|^WA^|^4715^|^EBA^|^01^|^51^|^2^|^001^|^100^|^ A^|^521811^|^019^|^A^|^0^|^0^|^ ^|^0^|0|0|0|^ ^|^ ^|^ ^|^ ^|^^|^00^|^^|0|0|^^|^ ^
^2026^|^01^|^015114^|^015^|^08^|^WA^|^4715^|^EBA^|^01^|^51^|^2^|^001^|^100^|^ B^|^522151^|^019^|^A^|^0^|^0^|^ ^|^0^|0|0|0|^ ^|^ ^|^ ^|^ ^|^^|^00^|^^|0|0|^^|^ ^
^2026^|^01^|^015114^|^015^|^08^|^WA^|^4715^|^EBA^|^01^|^51^|^2^|^001^|^100^|^ B^|^524113^|^019^|^A^|^0^|^0^|^ ^|^0^|0|0|0|^ ^|^ ^|^ ^|^ ^|^^|^00^|^^|0|0|^^|^ ^
^2026^|^01^|^015114^|^015^|^08^|^WA^|^4715^|^EBA^|^01^|^51^|^2^|^994^|^002^|^ A^|^521111^|^019^|^A^|^0^|^0^|^ ^|^0^|0|0|0|^ ^|^ ^|^ ^|^ ^|^^|^00^|^^|0|0|^^|^ ^
^2026^|^01^|^015114^|^015^|^08^|^WA^|^4715^|^EBA^|^01^|^51^|^2^|^994^|^002^|^ A^|^521119^|^019^|^A^|^0^|^0^|^ ^|^0^|0|0|0|^ ^|^ ^|^ ^|^ ^|^^|^00^|^^|0|0|^^|^ ^
^2026^|^01^|^015114^|^015^|^08^|^WA^|^4715^|^EBA^|^01^|^51^|^2^|^994^|^002^|^ A^|^521811^|^019^|^A^|^0^|^0^|^ ^|^0^|0|0|0|^ ^|^ ^|^ ^|^ ^|^^|^00^|^^|0|0|^^|^ ^
^2026^|^01^|^015114^|^015^|^08^|^WA^|^4715^|^EBA^|^01^|^51^|^2^|^994^|^002^|^ B^|^521114^|^019^|^A^|^0^|^0^|^ ^|^0^|0|0|0|^ ^|^ ^|^ ^|^ ^|^^|^00^|^^|0|0|^^|^ ^
^2026^|^01^|^015114^|^015^|^08^|^WA^|^4715^|^EBA^|^01^|^51^|^2^|^994^|^002^|^ B^|^522112^|^019^|^A^|^0^|^0^|^ ^|^0^|0|0|0|^ ^|^ ^|^ ^|^ ^|^^|^00^|^^|0|0|^^|^ ^
^2026^|^01^|^015114^|^015^|^08^|^WA^|^4715^|^EBA^|^01^|^51^|^2^|^994^|^002^|^ B^|^522113^|^019^|^A^|^0^|^0^|^ ^|^0^|0|0|0|^ ^|^ ^|^ ^|^ ^|^^|^00^|^^|0|0|^^|^ ^
^2026^|^01^|^015114^|^015^|^08^|^WA^|^4715^|^EBA^|^01^|^51^|^2^|^994^|^002^|^ B^|^522119^|^019^|^A^|^0^|^0^|^ ^|^0^|0|0|0|^ ^|^ ^|^ ^|^ ^|^^|^00^|^^|0|0|^^|^ ^
^2026^|^01^|^015114^|^015^|^08^|^WA^|^4715^|^EBA^|^01^|^51^|^2^|^994^|^002^|^ C^|^521113^|^019^|^A^|^0^|^0^|^ ^|^0^|0|0|0|^ ^|^ ^|^ ^|^ ^|^^|^00^|^^|0|0|^^|^ ^
^2026^|^01^|^015114^|^015^|^08^|^WA^|^4715^|^EBA^|^01^|^51^|^2^|^994^|^002^|^ C^|^521115^|^019^|^A^|^0^|^0^|^ ^|^0^|0|0|0|^ ^|^ ^|^ ^|^ ^|^^|^00^|^^|0|0|^^|^ ^
^2026^|^01^|^015114^|^015^|^08^|^WA^|^4715^|^EBA^|^01^|^51^|^2^|^994^|^002^|^ C^|^521119^|^019^|^A^|^0^|^0^|^ ^|^0^|0|0|0|^ ^|^ ^|^ ^|^ ^|^^|^00^|^^|0|0|^^|^ ^
^2026^|^01^|^015114^|^015^|^08^|^WA^|^4715^|^EBA^|^01^|^51^|^2^|^994^|^002^|^ D^|^523121^|^019^|^A^|^0^|^0^|^ ^|^0^|0|0|0|^ ^|^ ^|^ ^|^ ^|^^|^00^|^^|0|0|^^|^ ^
^2026^|^01^|^015114^|^015^|^08^|^WA^|^4715^|^EBA^|^01^|^51^|^2^|^994^|^002^|^ G^|^523111^|^019^|^A^|^0^|^0^|^ ^|^0^|0|0|0|^ ^|^ ^|^ ^|^ ^|^^|^00^|^^|0|0|^^|^ ^
^2026^|^01^|^015114^|^015^|^08^|^WA^|^4715^|^EBA^|^01^|^51^|^2^|^994^|^002^|^TJ^|^523121^|^019^|^A^|^0^|^0^|^ ^|^0^|0|0|0|^ ^|^ ^|^ ^|^ ^|^^|^00^|^^|0|0|^^|^ ^
^2026^|^01^|^015114^|^015^|^08^|^WA^|^4715^|^EBA^|^01^|^51^|^2^|^002^|^100^|^ A^|^524113^|^019^|^A^|^0^|^0^|^ ^|^0^|0|0|0|^ ^|^ ^|^ ^|^ ^|^^|^00^|^^|0|0|^^|^ ^
^2026^|^01^|^015114^|^015^|^08^|^WA^|^4715^|^EBD^|^01^|^51^|^2^|^Z36^|^100^|^ B^|^524113^|^019^|^A^|^0^|^0^|^ ^|^0^|0|0|0|^ ^|^ ^|^ ^|^ ^|^^|^00^|^^|0|0|^^|^ ^
^2026^|^01^|^015114^|^015^|^08^|^WA^|^4718^|^BMB^|^01^|^51^|^2^|^002^|^100^|^ A^|^521219^|^019^|^A^|^0^|^0^|^ ^|^0^|0|0|0|^ ^|^ ^|^ ^|^ ^|^^|^00^|^^|0|0|^^|^ ^
^2026^|^01^|^015114^|^015^|^08^|^WA^|^4718^|^BMB^|^01^|^51^|^2^|^001^|^100^|^ A^|^521211^|^019^|^A^|^0^|^0^|^ ^|^0^|0|0|0|^ ^|^ ^|^ ^|^ ^|^^|^00^|^^|0|0|^^|^ ^
^2026^|^01^|^015114^|^015^|^08^|^WA^|^4719^|^EBA^|^01^|^51^|^2^|^994^|^001^|^ A^|^511129^|^019^|^A^|^0^|^0^|^ ^|^0^|0|0|0|^ ^|^ ^|^ ^|^ ^|^^|^00^|^^|0|0|^^|^ ^
^2026^|^01^|^015114^|^015^|^08^|^WA^|^4719^|^EBA^|^01^|^51^|^2^|^994^|^001^|^ A^|^512211^|^019^|^A^|^0^|^0^|^ ^|^0^|0|0|0|^ ^|^ ^|^ ^|^ ^|^^|^00^|^^|0|0|^^|^ ^
^2026^|^01^|^015114^|^015^|^08^|^WA^|^4719^|^EBA^|^01^|^51^|^2^|^004^|^100^|^ A^|^521211^|^019^|^A^|^0^|^0^|^ ^|^0^|0|0|0|^ ^|^ ^|^ ^|^ ^|^^|^00^|^^|0|0|^^|^ ^
^2026^|^01^|^015114^|^015^|^08^|^WA^|^4719^|^EBC^|^01^|^51^|^2^|^001^|^100^|^XC^|^521211^|^019^|^A^|^0^|^0^|^ ^|^0^|0|0|0|^ ^|^ ^|^ ^|^ ^|^^|^00^|^^|0|0|^^|^ ^
^2026^|^01^|^015114^|^015^|^08^|^WA^|^4719^|^EBC^|^01^|^51^|^2^|^001^|^100^|^XC^|^522151^|^019^|^A^|^0^|^0^|^ ^|^0^|0|0|0|^ ^|^ ^|^ ^|^ ^|^^|^00^|^^|0|0|^^|^ ^
^2026^|^01^|^015114^|^015^|^08^|^WA^|^4719^|^EBC^|^01^|^51^|^2^|^001^|^100^|^XC^|^524113^|^019^|^A^|^0^|^0^|^ ^|^0^|0|0|0|^ ^|^ ^|^ ^|^ ^|^^|^00^|^^|0|0|^^|^ ^
^2026^|^01^|^330171^|^015^|^08^|^CD^|^6212^|^BMB^|^33^|^01^|^2^|^001^|^100^|^ A^|^524113^|^065^|^A^|^0^|^0^|^ ^|^0^|0|0|0|^ ^|^ ^|^ ^|^ ^|^^|^00^|^^|0|0|^^|^ ^
^2026^|^01^|^330171^|^015^|^08^|^CD^|^6212^|^BMB^|^33^|^01^|^2^|^001^|^100^|^ B^|^521211^|^065^|^A^|^0^|^0^|^ ^|^0^|0|0|0|^ ^|^ ^|^ ^|^ ^|^^|^00^|^^|0|0|^^|^ ^
^2026^|^01^|^330171^|^015^|^08^|^CD^|^6212^|^BMB^|^33^|^01^|^2^|^001^|^100^|^ B^|^522151^|^065^|^A^|^0^|^0^|^ ^|^0^|0|0|0|^ ^|^ ^|^ ^|^ ^|^^|^00^|^^|0|0|^^|^ ^
^2026^|^01^|^330171^|^015^|^08^|^CD^|^6212^|^BMB^|^33^|^01^|^2^|^001^|^100^|^ B^|^524113^|^065^|^A^|^0^|^0^|^ ^|^0^|0|0|0|^ ^|^ ^|^ ^|^ ^|^^|^00^|^^|0|0|^^|^ ^
^2026^|^01^|^330171^|^015^|^08^|^CD^|^6212^|^BMB^|^33^|^01^|^2^|^001^|^100^|^ C^|^524113^|^065^|^A^|^0^|^0^|^ ^|^0^|0|0|0|^ ^|^ ^|^ ^|^ ^|^^|^00^|^^|0|0|^^|^ ^
^2026^|^01^|^330171^|^015^|^08^|^CD^|^6212^|^BMB^|^33^|^01^|^2^|^001^|^100^|^ D^|^521211^|^065^|^A^|^0^|^0^|^ ^|^0^|0|0|0|^ ^|^ ^|^ ^|^ ^|^^|^00^|^^|0|0|^^|^ ^
^2026^|^01^|^330171^|^015^|^08^|^CD^|^6212^|^BMB^|^33^|^01^|^2^|^001^|^100^|^ D^|^522141^|^065^|^A^|^0^|^0^|^ ^|^0^|0|0|0|^ ^|^ ^|^ ^|^ ^|^^|^00^|^^|0|0|^^|^ ^
^2026^|^01^|^330171^|^015^|^08^|^CD^|^6212^|^FAC^|^33^|^01^|^2^|^002^|^100^|^ A^|^524111^|^065^|^A^|^0^|^0^|^ ^|^0^|0|0|0|^ ^|^ ^|^ ^|^ ^|^^|^00^|^^|0|0|^^|^ ^
^2026^|^01^|^330171^|^015^|^08^|^CD^|^6212^|^FAC^|^33^|^01^|^2^|^002^|^100^|^ A^|^524113^|^065^|^A^|^0^|^0^|^ ^|^0^|0|0|0|^ ^|^ ^|^ ^|^ ^|^^|^00^|^^|0|0|^^|^ ^
^2026^|^01^|^330171^|^015^|^08^|^CD^|^6212^|^FAC^|^33^|^01^|^2^|^002^|^100^|^ B^|^524111^|^065^|^A^|^0^|^0^|^ ^|^0^|0|0|0|^ ^|^ ^|^ ^|^ ^|^^|^00^|^^|0|0|^^|^ ^
^2026^|^01^|^330171^|^015^|^08^|^CD^|^6212^|^FAC^|^33^|^01^|^2^|^002^|^100^|^ B^|^524113^|^065^|^A^|^0^|^0^|^ ^|^0^|0|0|0|^ ^|^ ^|^ ^|^ ^|^^|^00^|^^|0|0|^^|^ ^
^2026^|^01^|^330171^|^015^|^08^|^CD^|^6212^|^FAH^|^33^|^01^|^2^|^003^|^100^|^ B^|^524111^|^065^|^A^|^0^|^0^|^ ^|^0^|0|0|0|^ ^|^ ^|^ ^|^ ^|^^|^00^|^^|0|0|^^|^ ^
^2026^|^01^|^330171^|^015^|^08^|^CD^|^6212^|^FAH^|^33^|^01^|^2^|^002^|^100^|^ A^|^521211^|^065^|^A^|^0^|^0^|^ ^|^0^|0|0|0|^ ^|^ ^|^ ^|^ ^|^^|^00^|^^|0|0|^^|^ ^
^2026^|^01^|^330171^|^015^|^08^|^CD^|^6212^|^FAH^|^33^|^01^|^2^|^002^|^100^|^ B^|^524111^|^065^|^A^|^0^|^0^|^ ^|^0^|0|0|0|^ ^|^ ^|^ ^|^ ^|^^|^00^|^^|0|0|^^|^ ^
^2026^|^01^|^330171^|^015^|^08^|^CD^|^6212^|^FAH^|^33^|^01^|^2^|^002^|^100^|^ C^|^521211^|^065^|^A^|^0^|^0^|^ ^|^0^|0|0|0|^ ^|^ ^|^ ^|^ ^|^^|^00^|^^|0|0|^^|^ ^
^2026^|^01^|^330171^|^015^|^08^|^CD^|^6212^|^FAL^|^33^|^01^|^2^|^001^|^100^|^ A^|^524111^|^065^|^A^|^0^|^0^|^ ^|^0^|0|0|0|^ ^|^ ^|^ ^|^ ^|^^|^00^|^^|0|0|^^|^ ^
^2026^|^01^|^330171^|^015^|^08^|^CD^|^6212^|^FAL^|^33^|^01^|^2^|^001^|^100^|^ A^|^524113^|^065^|^A^|^0^|^0^|^ ^|^0^|0|0|0|^ ^|^ ^|^ ^|^ ^|^^|^00^|^^|0|0|^^|^ ^
^2026^|^01^|^330171^|^015^|^08^|^CD^|^6212^|^FAL^|^33^|^01^|^2^|^001^|^100^|^ B^|^521211^|^065^|^A^|^0^|^0^|^ ^|^0^|0|0|0|^ ^|^ ^|^ ^|^ ^|^^|^00^|^^|0|0|^^|^ ^
^2026^|^01^|^330171^|^015^|^08^|^CD^|^6212^|^FAL^|^33^|^01^|^2^|^001^|^100^|^ B^|^522151^|^065^|^A^|^0^|^0^|^ ^|^0^|0|0|0|^ ^|^ ^|^ ^|^ ^|^^|^00^|^^|0|0|^^|^ ^
^2026^|^01^|^330171^|^015^|^08^|^CD^|^6212^|^FAL^|^33^|^01^|^2^|^001^|^100^|^ C^|^524111^|^065^|^A^|^0^|^0^|^ ^|^0^|0|0|0|^ ^|^ ^|^ ^|^ ^|^^|^00^|^^|0|0|^^|^ ^
^2026^|^01^|^330171^|^015^|^08^|^CD^|^6212^|^FAL^|^33^|^01^|^2^|^001^|^100^|^ C^|^524113^|^065^|^A^|^0^|^0^|^ ^|^0^|0|0|0|^ ^|^ ^|^ ^|^ ^|^^|^00^|^^|0|0|^^|^ ^
^2026^|^01^|^330171^|^015^|^08^|^CD^|^6212^|^FAL^|^33^|^01^|^2^|^001^|^100^|^ D^|^521211^|^065^|^A^|^0^|^0^|^ ^|^0^|0|0|0|^ ^|^ ^|^ ^|^ ^|^^|^00^|^^|0|0|^^|^ ^
^2026^|^01^|^330171^|^015^|^08^|^CD^|^6212^|^FAL^|^33^|^01^|^2^|^001^|^100^|^ D^|^521213^|^065^|^A^|^0^|^0^|^ ^|^0^|0|0|0|^ ^|^ ^|^ ^|^ ^|^^|^00^|^^|0|0|^^|^ ^
^2026^|^01^|^330171^|^015^|^08^|^CD^|^6212^|^FAL^|^33^|^01^|^2^|^001^|^100^|^ D^|^522151^|^065^|^A^|^0^|^0^|^ ^|^0^|0|0|0|^ ^|^ ^|^ ^|^ ^|^^|^00^|^^|0|0|^^|^ ^
^2026^|^01^|^330171^|^015^|^08^|^CD^|^6212^|^FAL^|^33^|^01^|^2^|^001^|^100^|^ D^|^524113^|^065^|^A^|^0^|^0^|^ ^|^0^|0|0|0|^ ^|^ ^|^ ^|^ ^|^^|^00^|^^|0|0|^^|^ ^
^2026^|^01^|^330171^|^015^|^08^|^CD^|^6213^|^ABA^|^33^|^01^|^2^|^001^|^100^|^ A^|^522151^|^065^|^A^|^0^|^0^|^ ^|^0^|0|0|0|^ ^|^ ^|^ ^|^ ^|^^|^00^|^^|0|0|^^|^ ^
^2026^|^01^|^330171^|^015^|^08^|^CD^|^6213^|^ABA^|^33^|^01^|^2^|^001^|^100^|^ A^|^524111^|^065^|^A^|^0^|^0^|^ ^|^0^|0|0|0|^ ^|^ ^|^ ^|^ ^|^^|^00^|^^|0|0|^^|^ ^
^2026^|^01^|^330171^|^015^|^08^|^CD^|^6213^|^FAE^|^33^|^01^|^2^|^009^|^100^|^ B^|^524111^|^065^|^A^|^0^|^0^|^ ^|^0^|0|0|0|^ ^|^ ^|^ ^|^ ^|^^|^00^|^^|0|0|^^|^ ^
^2026^|^01^|^330171^|^015^|^08^|^CD^|^6213^|^FAE^|^33^|^01^|^2^|^009^|^100^|^ B^|^524113^|^065^|^A^|^0^|^0^|^ ^|^0^|0|0|0|^ ^|^ ^|^ ^|^ ^|^^|^00^|^^|0|0|^^|^ ^
^2026^|^01^|^330171^|^015^|^08^|^CD^|^6213^|^FAE^|^33^|^01^|^2^|^009^|^100^|^ C^|^524111^|^065^|^A^|^0^|^0^|^ ^|^0^|0|0|0|^ ^|^ ^|^ ^|^ ^|^^|^00^|^^|0|0|^^|^ ^
^2026^|^01^|^330171^|^015^|^08^|^CD^|^6213^|^FAE^|^33^|^01^|^2^|^009^|^100^|^ C^|^524113^|^065^|^A^|^0^|^0^|^ ^|^0^|0|0|0|^ ^|^ ^|^ ^|^ ^|^^|^00^|^^|0|0|^^|^ ^
^2026^|^01^|^330171^|^015^|^08^|^CD^|^6213^|^FAE^|^33^|^01^|^2^|^009^|^100^|^ D^|^521211^|^065^|^A^|^0^|^0^|^ ^|^0^|0|0|0|^ ^|^ ^|^ ^|^ ^|^^|^00^|^^|0|0|^^|^ ^
^2026^|^01^|^330171^|^015^|^08^|^CD^|^6213^|^FAE^|^33^|^01^|^2^|^009^|^100^|^ D^|^522151^|^065^|^A^|^0^|^0^|^ ^|^0^|0|0|0|^ ^|^ ^|^ ^|^ ^|^^|^00^|^^|0|0|^^|^ ^
^2026^|^01^|^330171^|^015^|^08^|^CD^|^6213^|^FAE^|^33^|^01^|^2^|^009^|^100^|^ D^|^524113^|^065^|^A^|^0^|^0^|^ ^|^0^|0|0|0|^ ^|^ ^|^ ^|^ ^|^^|^00^|^^|0|0|^^|^ ^
^2026^|^01^|^330171^|^015^|^08^|^CD^|^6213^|^FAE^|^33^|^01^|^2^|^008^|^100^|^ A^|^521211^|^065^|^A^|^0^|^0^|^ ^|^0^|0|0|0|^ ^|^ ^|^ ^|^ ^|^^|^00^|^^|0|0|^^|^ ^
^2026^|^01^|^330171^|^015^|^08^|^CD^|^6213^|^FAE^|^33^|^01^|^2^|^008^|^100^|^ A^|^522151^|^065^|^A^|^0^|^0^|^ ^|^0^|0|0|0|^ ^|^ ^|^ ^|^ ^|^^|^00^|^^|0|0|^^|^ ^
^2026^|^01^|^330171^|^015^|^08^|^CD^|^6213^|^FAE^|^33^|^01^|^2^|^008^|^100^|^ A^|^524111^|^065^|^A^|^0^|^0^|^ ^|^0^|0|0|0|^ ^|^ ^|^ ^|^ ^|^^|^00^|^^|0|0|^^|^ ^
^2026^|^01^|^330171^|^015^|^08^|^CD^|^6213^|^FAL^|^33^|^01^|^2^|^003^|^100^|^ A^|^521211^|^065^|^A^|^0^|^0^|^ ^|^0^|0|0|0|^ ^|^ ^|^ ^|^ ^|^^|^00^|^^|0|0|^^|^ ^
^2026^|^01^|^330171^|^015^|^08^|^CD^|^6213^|^FAL^|^33^|^01^|^2^|^003^|^100^|^ C^|^521211^|^065^|^A^|^0^|^0^|^ ^|^0^|0|0|0|^ ^|^ ^|^ ^|^ ^|^^|^00^|^^|0|0|^^|^ ^
^2026^|^01^|^330171^|^015^|^08^|^CD^|^6213^|^FAL^|^33^|^01^|^2^|^003^|^100^|^ D^|^524111^|^065^|^A^|^0^|^0^|^ ^|^0^|0|0|0|^ ^|^ ^|^ ^|^ ^|^^|^00^|^^|0|0|^^|^ ^
^2026^|^01^|^330171^|^015^|^08^|^CD^|^6213^|^FAL^|^33^|^01^|^2^|^003^|^100^|^ D^|^524113^|^065^|^A^|^0^|^0^|^ ^|^0^|0|0|0|^ ^|^ ^|^ ^|^ ^|^^|^00^|^^|0|0|^^|^ ^
^2026^|^01^|^330171^|^015^|^08^|^CD^|^6213^|^FAL^|^33^|^01^|^2^|^003^|^100^|^ E^|^521211^|^065^|^A^|^0^|^0^|^ ^|^0^|0|0|0|^ ^|^ ^|^ ^|^ ^|^^|^00^|^^|0|0|^^|^ ^
^2026^|^01^|^330171^|^015^|^08^|^CD^|^6213^|^FAL^|^33^|^01^|^2^|^003^|^100^|^ E^|^522151^|^065^|^A^|^0^|^0^|^ ^|^0^|0|0|0|^ ^|^ ^|^ ^|^ ^|^^|^00^|^^|0|0|^^|^ ^
^2026^|^01^|^330171^|^015^|^08^|^CD^|^6213^|^FAL^|^33^|^01^|^2^|^003^|^100^|^ E^|^524113^|^065^|^A^|^0^|^0^|^ ^|^0^|0|0|0|^ ^|^ ^|^ ^|^ ^|^^|^00^|^^|0|0|^^|^ ^
^2026^|^01^|^330171^|^015^|^08^|^CD^|^6213^|^FAL^|^33^|^01^|^2^|^003^|^100^|^ F^|^521211^|^065^|^A^|^0^|^0^|^ ^|^0^|0|0|0|^ ^|^ ^|^ ^|^ ^|^^|^00^|^^|0|0|^^|^ ^
^2026^|^01^|^330171^|^015^|^08^|^CD^|^6213^|^FAL^|^33^|^01^|^2^|^003^|^100^|^ F^|^522151^|^065^|^A^|^0^|^0^|^ ^|^0^|0|0|0|^ ^|^ ^|^ ^|^ ^|^^|^00^|^^|0|0|^^|^ ^
^2026^|^01^|^330171^|^015^|^08^|^CD^|^6213^|^FAL^|^33^|^01^|^2^|^003^|^100^|^ F^|^524111^|^065^|^A^|^0^|^0^|^ ^|^0^|0|0|0|^ ^|^ ^|^ ^|^ ^|^^|^00^|^^|0|0|^^|^ ^
^2026^|^01^|^330171^|^015^|^08^|^CD^|^6213^|^FAL^|^33^|^01^|^2^|^003^|^100^|^ F^|^524113^|^065^|^A^|^0^|^0^|^ ^|^0^|0|0|0|^ ^|^ ^|^ ^|^ ^|^^|^00^|^^|0|0|^^|^ ^
^2026^|^01^|^330171^|^015^|^08^|^CD^|^6213^|^FAL^|^33^|^01^|^2^|^003^|^100^|^ G^|^521211^|^065^|^A^|^0^|^0^|^ ^|^0^|0|0|0|^ ^|^ ^|^ ^|^ ^|^^|^00^|^^|0|0|^^|^ ^
^2026^|^01^|^330171^|^015^|^08^|^CD^|^6213^|^FAL^|^33^|^01^|^2^|^003^|^100^|^ H^|^524111^|^065^|^A^|^0^|^0^|^ ^|^0^|0|0|0|^ ^|^ ^|^ ^|^ ^|^^|^00^|^^|0|0|^^|^ ^
^2026^|^01^|^330171^|^015^|^08^|^CD^|^6213^|^FAL^|^33^|^01^|^2^|^003^|^100^|^ H^|^524113^|^065^|^A^|^0^|^0^|^ ^|^0^|0|0|0|^ ^|^ ^|^ ^|^ ^|^^|^00^|^^|0|0|^^|^ ^
^2026^|^01^|^330171^|^015^|^08^|^CD^|^6215^|^FAH^|^33^|^01^|^2^|^003^|^100^|^ A^|^524111^|^065^|^A^|^0^|^0^|^ ^|^0^|0|0|0|^ ^|^ ^|^ ^|^ ^|^^|^00^|^^|0|0|^^|^ ^
^2026^|^01^|^330171^|^015^|^08^|^CD^|^6215^|^FAH^|^33^|^01^|^2^|^003^|^100^|^ B^|^521211^|^065^|^A^|^0^|^0^|^ ^|^0^|0|0|0|^ ^|^ ^|^ ^|^ ^|^^|^00^|^^|0|0|^^|^ ^
^2026^|^01^|^330171^|^015^|^08^|^CD^|^6215^|^FAH^|^33^|^01^|^2^|^001^|^100^|^ A^|^524111^|^065^|^A^|^0^|^0^|^ ^|^0^|0|0|0|^ ^|^ ^|^ ^|^ ^|^^|^00^|^^|0|0|^^|^ ^
^2026^|^01^|^330171^|^015^|^08^|^CD^|^6215^|^FAH^|^33^|^01^|^2^|^001^|^100^|^ B^|^521211^|^065^|^A^|^0^|^0^|^ ^|^0^|0|0|0|^ ^|^ ^|^ ^|^ ^|^^|^00^|^^|0|0|^^|^ ^
^2026^|^01^|^330171^|^015^|^08^|^CD^|^6216^|^FAE^|^33^|^01^|^2^|^002^|^100^|^ A^|^524111^|^065^|^A^|^0^|^0^|^ ^|^0^|0|0|0|^ ^|^ ^|^ ^|^ ^|^^|^00^|^^|0|0|^^|^ ^
^2026^|^01^|^330171^|^015^|^08^|^CD^|^6216^|^FAE^|^33^|^01^|^2^|^002^|^100^|^ A^|^524113^|^065^|^A^|^0^|^0^|^ ^|^0^|0|0|0|^ ^|^ ^|^ ^|^ ^|^^|^00^|^^|0|0|^^|^ ^
^2026^|^01^|^330171^|^015^|^08^|^WA^|^4715^|^EBA^|^33^|^01^|^2^|^001^|^100^|^ A^|^521811^|^065^|^A^|^0^|^0^|^ ^|^0^|0|0|0|^ ^|^ ^|^ ^|^ ^|^^|^00^|^^|0|0|^^|^ ^
^2026^|^01^|^330171^|^015^|^08^|^WA^|^4715^|^EBA^|^33^|^01^|^2^|^001^|^100^|^ A^|^522151^|^065^|^A^|^0^|^0^|^ ^|^0^|0|0|0|^ ^|^ ^|^ ^|^ ^|^^|^00^|^^|0|0|^^|^ ^
^2026^|^01^|^330171^|^015^|^08^|^WA^|^4715^|^EBA^|^33^|^01^|^2^|^001^|^100^|^ B^|^522151^|^065^|^A^|^0^|^0^|^ ^|^0^|0|0|0|^ ^|^ ^|^ ^|^ ^|^^|^00^|^^|0|0|^^|^ ^
^2026^|^01^|^330171^|^015^|^08^|^WA^|^4715^|^EBA^|^33^|^01^|^2^|^001^|^100^|^ B^|^524113^|^065^|^A^|^0^|^0^|^ ^|^0^|0|0|0|^ ^|^ ^|^ ^|^ ^|^^|^00^|^^|0|0|^^|^ ^
^2026^|^01^|^330171^|^015^|^08^|^WA^|^4715^|^EBA^|^33^|^01^|^2^|^994^|^002^|^ A^|^521111^|^065^|^A^|^0^|^0^|^ ^|^0^|0|0|0|^ ^|^ ^|^ ^|^ ^|^^|^00^|^^|0|0|^^|^ ^
^2026^|^01^|^330171^|^015^|^08^|^WA^|^4715^|^EBA^|^33^|^01^|^2^|^994^|^002^|^ A^|^521119^|^065^|^A^|^0^|^0^|^ ^|^0^|0|0|0|^ ^|^ ^|^ ^|^ ^|^^|^00^|^^|0|0|^^|^ ^
^2026^|^01^|^330171^|^015^|^08^|^WA^|^4715^|^EBA^|^33^|^01^|^2^|^994^|^002^|^ A^|^521811^|^065^|^A^|^0^|^0^|^ ^|^0^|0|0|0|^ ^|^ ^|^ ^|^ ^|^^|^00^|^^|0|0|^^|^ ^
^2026^|^01^|^330171^|^015^|^08^|^WA^|^4715^|^EBA^|^33^|^01^|^2^|^994^|^002^|^ B^|^521114^|^065^|^A^|^0^|^0^|^ ^|^0^|0|0|0|^ ^|^ ^|^ ^|^ ^|^^|^00^|^^|0|0|^^|^ ^
^2026^|^01^|^330171^|^015^|^08^|^WA^|^4715^|^EBA^|^33^|^01^|^2^|^994^|^002^|^ C^|^521115^|^065^|^A^|^0^|^0^|^ ^|^0^|0|0|0|^ ^|^ ^|^ ^|^ ^|^^|^00^|^^|0|0|^^|^ ^
^2026^|^01^|^330171^|^015^|^08^|^WA^|^4715^|^EBA^|^33^|^01^|^2^|^994^|^002^|^ C^|^521119^|^065^|^A^|^0^|^0^|^ ^|^0^|0|0|0|^ ^|^ ^|^ ^|^ ^|^^|^00^|^^|0|0|^^|^ ^
^2026^|^01^|^330171^|^015^|^08^|^WA^|^4715^|^EBA^|^33^|^01^|^2^|^994^|^002^|^ D^|^523121^|^065^|^A^|^0^|^0^|^ ^|^0^|0|0|0|^ ^|^ ^|^ ^|^ ^|^^|^00^|^^|0|0|^^|^ ^
^2026^|^01^|^330171^|^015^|^08^|^WA^|^4715^|^EBA^|^33^|^01^|^2^|^994^|^002^|^ F^|^521115^|^065^|^A^|^0^|^0^|^ ^|^0^|0|0|0|^ ^|^ ^|^ ^|^ ^|^^|^00^|^^|0|0|^^|^ ^
^2026^|^01^|^330171^|^015^|^08^|^WA^|^4715^|^EBA^|^33^|^01^|^2^|^994^|^002^|^ G^|^523111^|^065^|^A^|^0^|^0^|^ ^|^0^|0|0|0|^ ^|^ ^|^ ^|^ ^|^^|^00^|^^|0|0|^^|^ ^
^2026^|^01^|^330171^|^015^|^08^|^WA^|^4715^|^EBA^|^33^|^01^|^2^|^994^|^002^|^TJ^|^523121^|^065^|^A^|^0^|^0^|^ ^|^0^|0|0|0|^ ^|^ ^|^ ^|^ ^|^^|^00^|^^|0|0|^^|^ ^
^2026^|^01^|^330171^|^015^|^08^|^WA^|^4715^|^EBA^|^33^|^01^|^2^|^002^|^100^|^ A^|^524111^|^065^|^A^|^0^|^0^|^ ^|^0^|0|0|0|^ ^|^ ^|^ ^|^ ^|^^|^00^|^^|0|0|^^|^ ^
^2026^|^01^|^330171^|^015^|^08^|^WA^|^4715^|^EBA^|^33^|^01^|^2^|^002^|^100^|^ A^|^524113^|^065^|^A^|^0^|^0^|^ ^|^0^|0|0|0|^ ^|^ ^|^ ^|^ ^|^^|^00^|^^|0|0|^^|^ ^
^2026^|^01^|^330171^|^015^|^08^|^WA^|^4715^|^EBB^|^33^|^01^|^2^|^004^|^100^|^RA^|^533111^|^065^|^A^|^0^|^0^|^ ^|^0^|0|0|0|^ ^|^ ^|^ ^|^ ^|^^|^00^|^^|0|0|^^|^ ^
^2026^|^01^|^330171^|^015^|^08^|^WA^|^4715^|^EBB^|^33^|^01^|^2^|^004^|^100^|^RB^|^533121^|^065^|^A^|^0^|^0^|^ ^|^0^|0|0|0|^ ^|^ ^|^ ^|^ ^|^^|^00^|^^|0|0|^^|^ ^
^2026^|^01^|^330171^|^015^|^08^|^WA^|^4715^|^EBD^|^33^|^01^|^2^|^Z36^|^100^|^ A^|^521211^|^065^|^A^|^0^|^0^|^ ^|^0^|0|0|0|^ ^|^ ^|^ ^|^ ^|^^|^00^|^^|0|0|^^|^ ^
^2026^|^01^|^330171^|^015^|^08^|^WA^|^4715^|^EBD^|^33^|^01^|^2^|^Z26^|^100^|^ A^|^521211^|^065^|^A^|^0^|^0^|^ ^|^0^|0|0|0|^ ^|^ ^|^ ^|^ ^|^^|^00^|^^|0|0|^^|^ ^
^2026^|^01^|^330171^|^015^|^08^|^WA^|^4715^|^EBD^|^33^|^01^|^2^|^Z26^|^100^|^ A^|^524111^|^065^|^A^|^0^|^0^|^ ^|^0^|0|0|0|^ ^|^ ^|^ ^|^ ^|^^|^00^|^^|0|0|^^|^ ^
^2026^|^01^|^330171^|^015^|^08^|^WA^|^4715^|^EBD^|^33^|^01^|^2^|^Z26^|^100^|^ A^|^524113^|^065^|^A^|^0^|^0^|^ ^|^0^|0|0|0|^ ^|^ ^|^ ^|^ ^|^^|^00^|^^|0|0|^^|^ ^
^2026^|^01^|^330171^|^015^|^08^|^WA^|^4718^|^BMB^|^33^|^01^|^2^|^002^|^100^|^ A^|^521211^|^065^|^A^|^0^|^0^|^ ^|^0^|0|0|0|^ ^|^ ^|^ ^|^ ^|^^|^00^|^^|0|0|^^|^ ^
^2026^|^01^|^330171^|^015^|^08^|^WA^|^4718^|^BMB^|^33^|^01^|^2^|^002^|^100^|^ A^|^521219^|^065^|^A^|^0^|^0^|^ ^|^0^|0|0|0|^ ^|^ ^|^ ^|^ ^|^^|^00^|^^|0|0|^^|^ ^
^2026^|^01^|^330171^|^015^|^08^|^WA^|^4718^|^BMB^|^33^|^01^|^2^|^001^|^100^|^ A^|^521211^|^065^|^A^|^0^|^0^|^ ^|^0^|0|0|0|^ ^|^ ^|^ ^|^ ^|^^|^00^|^^|0|0|^^|^ ^
^2026^|^01^|^330171^|^015^|^08^|^WA^|^4719^|^EBA^|^33^|^01^|^2^|^005^|^100^|^ A^|^524111^|^065^|^A^|^0^|^0^|^ ^|^0^|0|0|0|^ ^|^ ^|^ ^|^ ^|^^|^00^|^^|0|0|^^|^ ^
^2026^|^01^|^330171^|^015^|^08^|^WA^|^4719^|^EBA^|^33^|^01^|^2^|^005^|^100^|^ B^|^524111^|^065^|^A^|^0^|^0^|^ ^|^0^|0|0|0|^ ^|^ ^|^ ^|^ ^|^^|^00^|^^|0|0|^^|^ ^
^2026^|^01^|^330171^|^015^|^08^|^WA^|^4719^|^EBA^|^33^|^01^|^2^|^003^|^100^|^ A^|^524111^|^065^|^A^|^0^|^0^|^ ^|^0^|0|0|0|^ ^|^ ^|^ ^|^ ^|^^|^00^|^^|0|0|^^|^ ^
^2026^|^01^|^330171^|^015^|^08^|^WA^|^4719^|^EBA^|^33^|^01^|^2^|^003^|^100^|^ B^|^521211^|^065^|^A^|^0^|^0^|^ ^|^0^|0|0|0|^ ^|^ ^|^ ^|^ ^|^^|^00^|^^|0|0|^^|^ ^
^2026^|^01^|^330171^|^015^|^08^|^WA^|^4719^|^EBA^|^33^|^01^|^2^|^994^|^001^|^ A^|^511129^|^065^|^A^|^0^|^0^|^ ^|^0^|0|0|0|^ ^|^ ^|^ ^|^ ^|^^|^00^|^^|0|0|^^|^ ^
^2026^|^01^|^330171^|^015^|^08^|^WA^|^4719^|^EBA^|^33^|^01^|^2^|^994^|^001^|^ A^|^512211^|^065^|^A^|^0^|^0^|^ ^|^0^|0|0|0|^ ^|^ ^|^ ^|^ ^|^^|^00^|^^|0|0|^^|^ ^
^2026^|^01^|^330171^|^015^|^08^|^WA^|^4719^|^EBC^|^33^|^01^|^2^|^001^|^100^|^XC^|^521211^|^065^|^A^|^0^|^0^|^ ^|^0^|0|0|0|^ ^|^ ^|^ ^|^ ^|^^|^00^|^^|0|0|^^|^ ^
^2026^|^01^|^330171^|^015^|^08^|^WA^|^4719^|^EBC^|^33^|^01^|^2^|^001^|^100^|^XC^|^522151^|^065^|^A^|^0^|^0^|^ ^|^0^|0|0|0|^ ^|^ ^|^ ^|^ ^|^^|^00^|^^|0|0|^^|^ ^
^2026^|^01^|^330171^|^015^|^08^|^WA^|^4719^|^EBC^|^33^|^01^|^2^|^001^|^100^|^XC^|^524113^|^065^|^A^|^0^|^0^|^ ^|^0^|0|0|0|^ ^|^ ^|^ ^|^ ^|^^|^00^|^^|0|0|^^|^ ^
^2026^|^01^|^330171^|^015^|^08^|^WA^|^4722^|^EBD^|^33^|^01^|^2^|^001^|^100^|^ A^|^521211^|^065^|^A^|^0^|^0^|^ ^|^0^|0|0|0|^ ^|^ ^|^ ^|^ ^|^^|^00^|^^|0|0|^^|^ ^
^2026^|^01^|^330171^|^015^|^08^|^WA^|^4722^|^EBD^|^33^|^01^|^2^|^001^|^100^|^ B^|^524111^|^065^|^A^|^0^|^0^|^ ^|^0^|0|0|0|^ ^|^ ^|^ ^|^ ^|^^|^00^|^^|0|0|^^|^ ^
^2026^|^01^|^330171^|^015^|^08^|^WA^|^6990^|^ABA^|^33^|^01^|^2^|^001^|^100^|^SA^|^521211^|^065^|^A^|^0^|^0^|^ ^|^0^|0|0|0|^ ^|^ ^|^ ^|^ ^|^^|^00^|^^|0|0|^^|^ ^
^2026^|^01^|^330171^|^015^|^08^|^WA^|^6990^|^ABA^|^33^|^01^|^2^|^001^|^100^|^SA^|^524111^|^065^|^A^|^0^|^0^|^ ^|^0^|0|0|0|^ ^|^ ^|^ ^|^ ^|^^|^00^|^^|0|0|^^|^ ^
^2026^|^01^|^330171^|^015^|^08^|^WA^|^6990^|^ABA^|^33^|^01^|^2^|^001^|^100^|^SA^|^524113^|^065^|^A^|^0^|^0^|^ ^|^0^|0|0|0|^ ^|^ ^|^ ^|^ ^|^^|^00^|^^|0|0|^^|^ ^
^2026^|^01^|^330171^|^015^|^08^|^WA^|^6990^|^ABA^|^33^|^01^|^2^|^001^|^100^|^SB^|^521211^|^065^|^A^|^0^|^0^|^ ^|^0^|0|0|0|^ ^|^ ^|^ ^|^ ^|^^|^00^|^^|0|0|^^|^ ^
^2026^|^01^|^330171^|^015^|^08^|^WA^|^6990^|^ABA^|^33^|^01^|^2^|^001^|^100^|^SB^|^524111^|^065^|^A^|^0^|^0^|^ ^|^0^|0|0|0|^ ^|^ ^|^ ^|^ ^|^^|^00^|^^|0|0|^^|^ ^
^2026^|^01^|^330171^|^015^|^08^|^WA^|^6990^|^ABA^|^33^|^01^|^2^|^001^|^100^|^SB^|^524113^|^065^|^A^|^0^|^0^|^ ^|^0^|0|0|0|^ ^|^ ^|^ ^|^ ^|^^|^00^|^^|0|0|^^|^ ^
^2026^|^01^|^330171^|^015^|^08^|^WA^|^6990^|^ABA^|^33^|^01^|^2^|^001^|^100^|^SC^|^521211^|^065^|^A^|^0^|^0^|^ ^|^0^|0|0|0|^ ^|^ ^|^ ^|^ ^|^^|^00^|^^|0|0|^^|^ ^
^2026^|^01^|^330171^|^015^|^08^|^WA^|^6990^|^ABA^|^33^|^01^|^2^|^001^|^100^|^SC^|^524111^|^065^|^A^|^0^|^0^|^ ^|^0^|0|0|0|^ ^|^ ^|^ ^|^ ^|^^|^00^|^^|0|0|^^|^ ^
^2026^|^01^|^330171^|^015^|^08^|^WA^|^6990^|^ABA^|^33^|^01^|^2^|^001^|^100^|^SC^|^524113^|^065^|^A^|^0^|^0^|^ ^|^0^|0|0|0|^ ^|^ ^|^ ^|^ ^|^^|^00^|^^|0|0|^^|^ ^
^2026^|^01^|^330171^|^015^|^08^|^WA^|^6990^|^ABA^|^33^|^01^|^2^|^001^|^100^|^SD^|^521211^|^065^|^A^|^0^|^0^|^ ^|^0^|0|0|0|^ ^|^ ^|^ ^|^ ^|^^|^00^|^^|0|0|^^|^ ^
^2026^|^01^|^330171^|^015^|^08^|^WA^|^6990^|^ABA^|^33^|^01^|^2^|^001^|^100^|^SD^|^524111^|^065^|^A^|^0^|^0^|^ ^|^0^|0|0|0|^ ^|^ ^|^ ^|^ ^|^^|^00^|^^|0|0|^^|^ ^
^2026^|^01^|^330171^|^015^|^08^|^WA^|^6990^|^ABA^|^33^|^01^|^2^|^001^|^100^|^SD^|^524113^|^065^|^A^|^0^|^0^|^ ^|^0^|0|0|0|^ ^|^ ^|^ ^|^ ^|^^|^00^|^^|0|0|^^|^ ^
^2026^|^01^|^439165^|^015^|^08^|^CD^|^6216^|^AAH^|^01^|^51^|^1^|^F01^|^100^|^ A^|^521211^|^019^|^A^|^0^|^0^|^ ^|^0^|0|0|0|^ ^|^ ^|^ ^|^ ^|^^|^00^|^^|0|0|^^|^ ^
^2026^|^01^|^439165^|^015^|^08^|^CD^|^6216^|^AAH^|^01^|^51^|^1^|^F01^|^100^|^ A^|^521213^|^019^|^A^|^0^|^0^|^ ^|^0^|0|0|0|^ ^|^ ^|^ ^|^ ^|^^|^00^|^^|0|0|^^|^ ^
^2026^|^01^|^439165^|^015^|^08^|^CD^|^6216^|^AAH^|^01^|^51^|^1^|^F01^|^100^|^ A^|^521219^|^019^|^A^|^0^|^0^|^ ^|^0^|0|0|0|^ ^|^ ^|^ ^|^ ^|^^|^00^|^^|0|0|^^|^ ^
^2026^|^01^|^439165^|^015^|^08^|^CD^|^6216^|^AAH^|^01^|^51^|^1^|^F01^|^100^|^ B^|^521219^|^019^|^A^|^0^|^0^|^ ^|^0^|0|0|0|^ ^|^ ^|^ ^|^ ^|^^|^00^|^^|0|0|^^|^ ^
^2026^|^01^|^439165^|^015^|^08^|^CD^|^6216^|^AAH^|^01^|^51^|^1^|^F01^|^100^|^ C^|^524211^|^019^|^A^|^0^|^0^|^ ^|^0^|0|0|0|^ ^|^ ^|^ ^|^ ^|^^|^00^|^^|0|0|^^|^ ^
^2026^|^01^|^439165^|^015^|^08^|^WA^|^4715^|^EBA^|^01^|^51^|^1^|^994^|^002^|^ A^|^521111^|^019^|^A^|^0^|^0^|^ ^|^0^|0|0|0|^ ^|^ ^|^ ^|^ ^|^^|^00^|^^|0|0|^^|^ ^
^2026^|^01^|^439165^|^015^|^08^|^WA^|^4715^|^EBA^|^01^|^51^|^1^|^994^|^002^|^ A^|^521115^|^019^|^A^|^0^|^0^|^ ^|^0^|0|0|0|^ ^|^ ^|^ ^|^ ^|^^|^00^|^^|0|0|^^|^ ^
^2026^|^01^|^439165^|^015^|^08^|^WA^|^4715^|^EBA^|^01^|^51^|^1^|^994^|^002^|^ A^|^521119^|^019^|^A^|^0^|^0^|^ ^|^0^|0|0|0|^ ^|^ ^|^ ^|^ ^|^^|^00^|^^|0|0|^^|^ ^
^2026^|^01^|^439165^|^015^|^08^|^WA^|^4715^|^EBA^|^01^|^51^|^1^|^994^|^002^|^ A^|^521811^|^019^|^A^|^0^|^0^|^ ^|^0^|0|0|0|^ ^|^ ^|^ ^|^ ^|^^|^00^|^^|0|0|^^|^ ^
^2026^|^01^|^439165^|^015^|^08^|^WA^|^4715^|^EBA^|^01^|^51^|^1^|^994^|^002^|^ A^|^522119^|^019^|^A^|^0^|^0^|^ ^|^0^|0|0|0|^ ^|^ ^|^ ^|^ ^|^^|^00^|^^|0|0|^^|^ ^
^2026^|^01^|^439165^|^015^|^08^|^WA^|^4715^|^EBA^|^01^|^51^|^1^|^994^|^002^|^ A^|^523121^|^019^|^A^|^0^|^0^|^ ^|^0^|0|0|0|^ ^|^ ^|^ ^|^ ^|^^|^00^|^^|0|0|^^|^ ^
^2026^|^01^|^439165^|^015^|^08^|^WA^|^4715^|^EBA^|^01^|^51^|^1^|^994^|^002^|^TJ^|^523121^|^019^|^A^|^0^|^0^|^ ^|^0^|0|0|0|^ ^|^ ^|^ ^|^ ^|^^|^00^|^^|0|0|^^|^ ^
^2026^|^01^|^445371^|^015^|^08^|^CD^|^6212^|^BMB^|^26^|^06^|^2^|^001^|^100^|^ A^|^524113^|^181^|^A^|^0^|^0^|^ ^|^0^|0|0|0|^ ^|^ ^|^ ^|^ ^|^^|^00^|^^|0|0|^^|^ ^
^2026^|^01^|^445371^|^015^|^08^|^CD^|^6212^|^FAC^|^26^|^06^|^2^|^001^|^100^|^ A^|^521211^|^181^|^A^|^0^|^0^|^ ^|^0^|0|0|0|^ ^|^ ^|^ ^|^ ^|^^|^00^|^^|0|0|^^|^ ^
^2026^|^01^|^445371^|^015^|^08^|^CD^|^6212^|^FAC^|^26^|^06^|^2^|^001^|^100^|^ B^|^521211^|^181^|^A^|^0^|^0^|^ ^|^0^|0|0|0|^ ^|^ ^|^ ^|^ ^|^^|^00^|^^|0|0|^^|^ ^
^2026^|^01^|^445371^|^015^|^08^|^CD^|^6212^|^FAH^|^26^|^06^|^2^|^001^|^100^|^ A^|^521211^|^181^|^A^|^0^|^0^|^ ^|^0^|0|0|0|^ ^|^ ^|^ ^|^ ^|^^|^00^|^^|0|0|^^|^ ^
^2026^|^01^|^445371^|^015^|^08^|^CD^|^6212^|^FAL^|^26^|^06^|^2^|^004^|^100^|^ A^|^521211^|^181^|^A^|^0^|^0^|^ ^|^0^|0|0|0|^ ^|^ ^|^ ^|^ ^|^^|^00^|^^|0|0|^^|^ ^
^2026^|^01^|^445371^|^015^|^08^|^CD^|^6212^|^FAL^|^26^|^06^|^2^|^004^|^100^|^ B^|^521211^|^181^|^A^|^0^|^0^|^ ^|^0^|0|0|0|^ ^|^ ^|^ ^|^ ^|^^|^00^|^^|0|0|^^|^ ^
^2026^|^01^|^445371^|^015^|^08^|^CD^|^6212^|^FAL^|^26^|^06^|^2^|^004^|^100^|^ D^|^524113^|^181^|^A^|^0^|^0^|^ ^|^0^|0|0|0|^ ^|^ ^|^ ^|^ ^|^^|^00^|^^|0|0|^^|^ ^
^2026^|^01^|^445371^|^015^|^08^|^CD^|^6213^|^FAC^|^26^|^06^|^2^|^001^|^100^|^ A^|^521211^|^181^|^A^|^0^|^0^|^ ^|^0^|0|0|0|^ ^|^ ^|^ ^|^ ^|^^|^00^|^^|0|0|^^|^ ^
^2026^|^01^|^445371^|^015^|^08^|^CD^|^6213^|^FAE^|^26^|^06^|^2^|^009^|^100^|^ A^|^524113^|^181^|^A^|^0^|^0^|^ ^|^0^|0|0|0|^ ^|^ ^|^ ^|^ ^|^^|^00^|^^|0|0|^^|^ ^
^2026^|^01^|^445371^|^015^|^08^|^CD^|^6213^|^FAL^|^26^|^06^|^2^|^003^|^100^|^ A^|^524113^|^181^|^A^|^0^|^0^|^ ^|^0^|0|0|0|^ ^|^ ^|^ ^|^ ^|^^|^00^|^^|0|0|^^|^ ^
^2026^|^01^|^445371^|^015^|^08^|^CD^|^6214^|^FAL^|^26^|^06^|^2^|^002^|^100^|^ A^|^521211^|^181^|^A^|^0^|^0^|^ ^|^0^|0|0|0|^ ^|^ ^|^ ^|^ ^|^^|^00^|^^|0|0|^^|^ ^
^2026^|^01^|^445371^|^015^|^08^|^CD^|^6214^|^FAL^|^26^|^06^|^2^|^002^|^100^|^ B^|^521211^|^181^|^A^|^0^|^0^|^ ^|^0^|0|0|0|^ ^|^ ^|^ ^|^ ^|^^|^00^|^^|0|0|^^|^ ^
^2026^|^01^|^445371^|^015^|^08^|^CD^|^6215^|^FAH^|^26^|^06^|^2^|^003^|^100^|^ A^|^521211^|^181^|^A^|^0^|^0^|^ ^|^0^|0|0|0|^ ^|^ ^|^ ^|^ ^|^^|^00^|^^|0|0|^^|^ ^
^2026^|^01^|^445371^|^015^|^08^|^CD^|^6215^|^FAH^|^26^|^06^|^2^|^003^|^100^|^ B^|^524111^|^181^|^A^|^0^|^0^|^ ^|^0^|0|0|0|^ ^|^ ^|^ ^|^ ^|^^|^00^|^^|0|0|^^|^ ^
^2026^|^01^|^445371^|^015^|^08^|^WA^|^4715^|^EBA^|^26^|^06^|^2^|^001^|^100^|^ A^|^521811^|^181^|^A^|^0^|^0^|^ ^|^0^|0|0|0|^ ^|^ ^|^ ^|^ ^|^^|^00^|^^|0|0|^^|^ ^
^2026^|^01^|^445371^|^015^|^08^|^WA^|^4715^|^EBA^|^26^|^06^|^2^|^001^|^100^|^ B^|^522151^|^181^|^A^|^0^|^0^|^ ^|^0^|0|0|0|^ ^|^ ^|^ ^|^ ^|^^|^00^|^^|0|0|^^|^ ^
^2026^|^01^|^445371^|^015^|^08^|^WA^|^4715^|^EBA^|^26^|^06^|^2^|^001^|^100^|^ B^|^524111^|^181^|^A^|^0^|^0^|^ ^|^0^|0|0|0|^ ^|^ ^|^ ^|^ ^|^^|^00^|^^|0|0|^^|^ ^
^2026^|^01^|^445371^|^015^|^08^|^WA^|^4715^|^EBA^|^26^|^06^|^2^|^994^|^002^|^ A^|^521111^|^181^|^A^|^0^|^0^|^ ^|^0^|0|0|0|^ ^|^ ^|^ ^|^ ^|^^|^00^|^^|0|0|^^|^ ^
^2026^|^01^|^445371^|^015^|^08^|^WA^|^4715^|^EBA^|^26^|^06^|^2^|^994^|^002^|^ A^|^521119^|^181^|^A^|^0^|^0^|^ ^|^0^|0|0|0|^ ^|^ ^|^ ^|^ ^|^^|^00^|^^|0|0|^^|^ ^
^2026^|^01^|^445371^|^015^|^08^|^WA^|^4715^|^EBA^|^26^|^06^|^2^|^994^|^002^|^ A^|^521811^|^181^|^A^|^0^|^0^|^ ^|^0^|0|0|0|^ ^|^ ^|^ ^|^ ^|^^|^00^|^^|0|0|^^|^ ^
^2026^|^01^|^445371^|^015^|^08^|^WA^|^4715^|^EBA^|^26^|^06^|^2^|^994^|^002^|^ B^|^521114^|^181^|^A^|^0^|^0^|^ ^|^0^|0|0|0|^ ^|^ ^|^ ^|^ ^|^^|^00^|^^|0|0|^^|^ ^
^2026^|^01^|^445371^|^015^|^08^|^WA^|^4715^|^EBA^|^26^|^06^|^2^|^994^|^002^|^ C^|^521113^|^181^|^A^|^0^|^0^|^ ^|^0^|0|0|0|^ ^|^ ^|^ ^|^ ^|^^|^00^|^^|0|0|^^|^ ^
^2026^|^01^|^445371^|^015^|^08^|^WA^|^4715^|^EBA^|^26^|^06^|^2^|^994^|^002^|^ C^|^521115^|^181^|^A^|^0^|^0^|^ ^|^0^|0|0|0|^ ^|^ ^|^ ^|^ ^|^^|^00^|^^|0|0|^^|^ ^
^2026^|^01^|^445371^|^015^|^08^|^WA^|^4715^|^EBA^|^26^|^06^|^2^|^994^|^002^|^ C^|^521119^|^181^|^A^|^0^|^0^|^ ^|^0^|0|0|0|^ ^|^ ^|^ ^|^ ^|^^|^00^|^^|0|0|^^|^ ^
^2026^|^01^|^445371^|^015^|^08^|^WA^|^4715^|^EBA^|^26^|^06^|^2^|^994^|^002^|^ D^|^523121^|^181^|^A^|^0^|^0^|^ ^|^0^|0|0|0|^ ^|^ ^|^ ^|^ ^|^^|^00^|^^|0|0|^^|^ ^
^2026^|^01^|^445371^|^015^|^08^|^WA^|^4715^|^EBA^|^26^|^06^|^2^|^994^|^002^|^ G^|^523111^|^181^|^A^|^0^|^0^|^ ^|^0^|0|0|0|^ ^|^ ^|^ ^|^ ^|^^|^00^|^^|0|0|^^|^ ^
^2026^|^01^|^445371^|^015^|^08^|^WA^|^4715^|^EBA^|^26^|^06^|^2^|^994^|^002^|^ G^|^523119^|^181^|^A^|^0^|^0^|^ ^|^0^|0|0|0|^ ^|^ ^|^ ^|^ ^|^^|^00^|^^|0|0|^^|^ ^
^2026^|^01^|^445371^|^015^|^08^|^WA^|^4715^|^EBA^|^26^|^06^|^2^|^002^|^100^|^ B^|^524111^|^181^|^A^|^0^|^0^|^ ^|^0^|0|0|0|^ ^|^ ^|^ ^|^ ^|^^|^00^|^^|0|0|^^|^ ^
^2026^|^01^|^445371^|^015^|^08^|^WA^|^4715^|^EBA^|^26^|^06^|^2^|^002^|^100^|^ B^|^524113^|^181^|^A^|^0^|^0^|^ ^|^0^|0|0|0|^ ^|^ ^|^ ^|^ ^|^^|^00^|^^|0|0|^^|^ ^
^2026^|^01^|^445371^|^015^|^08^|^WA^|^4715^|^EBD^|^26^|^06^|^2^|^Z36^|^100^|^ A^|^524111^|^181^|^A^|^0^|^0^|^ ^|^0^|0|0|0|^ ^|^ ^|^ ^|^ ^|^^|^00^|^^|0|0|^^|^ ^
^2026^|^01^|^445371^|^015^|^08^|^WA^|^4718^|^BMB^|^26^|^06^|^2^|^002^|^100^|^ A^|^521219^|^181^|^A^|^0^|^0^|^ ^|^0^|0|0|0|^ ^|^ ^|^ ^|^ ^|^^|^00^|^^|0|0|^^|^ ^
^2026^|^01^|^445371^|^015^|^08^|^WA^|^4718^|^BMB^|^26^|^06^|^2^|^001^|^100^|^ A^|^521211^|^181^|^A^|^0^|^0^|^ ^|^0^|0|0|0|^ ^|^ ^|^ ^|^ ^|^^|^00^|^^|0|0|^^|^ ^
^2026^|^01^|^445371^|^015^|^08^|^WA^|^4719^|^EBA^|^26^|^06^|^2^|^994^|^001^|^ A^|^511129^|^181^|^A^|^0^|^0^|^ ^|^0^|0|0|0|^ ^|^ ^|^ ^|^ ^|^^|^00^|^^|0|0|^^|^ ^
^2026^|^01^|^445371^|^015^|^08^|^WA^|^4719^|^EBA^|^26^|^06^|^2^|^994^|^001^|^ A^|^512211^|^181^|^A^|^0^|^0^|^ ^|^0^|0|0|0|^ ^|^ ^|^ ^|^ ^|^^|^00^|^^|0|0|^^|^ ^
^2026^|^01^|^445371^|^015^|^08^|^WA^|^4719^|^EBA^|^26^|^06^|^2^|^004^|^100^|^ A^|^521211^|^181^|^A^|^0^|^0^|^ ^|^0^|0|0|0|^ ^|^ ^|^ ^|^ ^|^^|^00^|^^|0|0|^^|^ ^
^2026^|^01^|^445371^|^015^|^08^|^WA^|^4719^|^EBC^|^26^|^06^|^2^|^001^|^100^|^XC^|^521211^|^181^|^A^|^0^|^0^|^ ^|^0^|0|0|0|^ ^|^ ^|^ ^|^ ^|^^|^00^|^^|0|0|^^|^ ^
^2026^|^01^|^445371^|^015^|^08^|^WA^|^4719^|^EBC^|^26^|^06^|^2^|^001^|^100^|^XC^|^522151^|^181^|^A^|^0^|^0^|^ ^|^0^|0|0|0|^ ^|^ ^|^ ^|^ ^|^^|^00^|^^|0|0|^^|^ ^
^2026^|^01^|^445371^|^015^|^08^|^WA^|^4719^|^EBC^|^26^|^06^|^2^|^001^|^100^|^XC^|^524113^|^181^|^A^|^0^|^0^|^ ^|^0^|0|0|0|^ ^|^ ^|^ ^|^ ^|^^|^00^|^^|0|0|^^|^ ^
^2026^|^01^|^451531^|^015^|^08^|^CD^|^6212^|^BMB^|^02^|^51^|^2^|^001^|^100^|^ A^|^524111^|^022^|^A^|^0^|^0^|^ ^|^0^|0|0|0|^ ^|^ ^|^ ^|^ ^|^^|^00^|^^|0|0|^^|^ ^
^2026^|^01^|^451531^|^015^|^08^|^CD^|^6212^|^BMB^|^02^|^51^|^2^|^001^|^100^|^ A^|^524113^|^022^|^A^|^0^|^0^|^ ^|^0^|0|0|0|^ ^|^ ^|^ ^|^ ^|^^|^00^|^^|0|0|^^|^ ^
^2026^|^01^|^451531^|^015^|^08^|^CD^|^6212^|^FAC^|^02^|^51^|^2^|^001^|^100^|^ A^|^521211^|^022^|^A^|^0^|^0^|^ ^|^0^|0|0|0|^ ^|^ ^|^ ^|^ ^|^^|^00^|^^|0|0|^^|^ ^
^2026^|^01^|^451531^|^015^|^08^|^CD^|^6212^|^FAC^|^02^|^51^|^2^|^001^|^100^|^ B^|^521211^|^022^|^A^|^0^|^0^|^ ^|^0^|0|0|0|^ ^|^ ^|^ ^|^ ^|^^|^00^|^^|0|0|^^|^ ^
^2026^|^01^|^451531^|^015^|^08^|^CD^|^6212^|^FAH^|^02^|^51^|^2^|^001^|^100^|^ A^|^521211^|^022^|^A^|^0^|^0^|^ ^|^0^|0|0|0|^ ^|^ ^|^ ^|^ ^|^^|^00^|^^|0|0|^^|^ ^
^2026^|^01^|^451531^|^015^|^08^|^CD^|^6212^|^FAL^|^02^|^51^|^2^|^004^|^100^|^ A^|^521211^|^022^|^A^|^0^|^0^|^ ^|^0^|0|0|0|^ ^|^ ^|^ ^|^ ^|^^|^00^|^^|0|0|^^|^ ^
^2026^|^01^|^451531^|^015^|^08^|^CD^|^6212^|^FAL^|^02^|^51^|^2^|^004^|^100^|^ B^|^521211^|^022^|^A^|^0^|^0^|^ ^|^0^|0|0|0|^ ^|^ ^|^ ^|^ ^|^^|^00^|^^|0|0|^^|^ ^
^2026^|^01^|^451531^|^015^|^08^|^CD^|^6212^|^FAL^|^02^|^51^|^2^|^004^|^100^|^ D^|^524111^|^022^|^A^|^0^|^0^|^ ^|^0^|0|0|0|^ ^|^ ^|^ ^|^ ^|^^|^00^|^^|0|0|^^|^ ^
^2026^|^01^|^451531^|^015^|^08^|^CD^|^6212^|^FAL^|^02^|^51^|^2^|^004^|^100^|^ D^|^524113^|^022^|^A^|^0^|^0^|^ ^|^0^|0|0|0|^ ^|^ ^|^ ^|^ ^|^^|^00^|^^|0|0|^^|^ ^
^2026^|^01^|^451531^|^015^|^08^|^CD^|^6213^|^FAC^|^02^|^51^|^2^|^001^|^100^|^ A^|^521211^|^022^|^A^|^0^|^0^|^ ^|^0^|0|0|0|^ ^|^ ^|^ ^|^ ^|^^|^00^|^^|0|0|^^|^ ^
^2026^|^01^|^451531^|^015^|^08^|^CD^|^6213^|^FAE^|^02^|^51^|^2^|^009^|^100^|^ A^|^524111^|^022^|^A^|^0^|^0^|^ ^|^0^|0|0|0|^ ^|^ ^|^ ^|^ ^|^^|^00^|^^|0|0|^^|^ ^
^2026^|^01^|^451531^|^015^|^08^|^CD^|^6213^|^FAE^|^02^|^51^|^2^|^009^|^100^|^ A^|^524113^|^022^|^A^|^0^|^0^|^ ^|^0^|0|0|0|^ ^|^ ^|^ ^|^ ^|^^|^00^|^^|0|0|^^|^ ^
^2026^|^01^|^451531^|^015^|^08^|^CD^|^6213^|^FAL^|^02^|^51^|^2^|^003^|^100^|^ A^|^524111^|^022^|^A^|^0^|^0^|^ ^|^0^|0|0|0|^ ^|^ ^|^ ^|^ ^|^^|^00^|^^|0|0|^^|^ ^
^2026^|^01^|^451531^|^015^|^08^|^CD^|^6213^|^FAL^|^02^|^51^|^2^|^003^|^100^|^ A^|^524113^|^022^|^A^|^0^|^0^|^ ^|^0^|0|0|0|^ ^|^ ^|^ ^|^ ^|^^|^00^|^^|0|0|^^|^ ^
^2026^|^01^|^451531^|^015^|^08^|^CD^|^6214^|^FAL^|^02^|^51^|^2^|^002^|^100^|^ A^|^521211^|^022^|^A^|^0^|^0^|^ ^|^0^|0|0|0|^ ^|^ ^|^ ^|^ ^|^^|^00^|^^|0|0|^^|^ ^
^2026^|^01^|^451531^|^015^|^08^|^CD^|^6214^|^FAL^|^02^|^51^|^2^|^002^|^100^|^ B^|^521211^|^022^|^A^|^0^|^0^|^ ^|^0^|0|0|0|^ ^|^ ^|^ ^|^ ^|^^|^00^|^^|0|0|^^|^ ^
^2026^|^01^|^451531^|^015^|^08^|^CD^|^6215^|^FAH^|^02^|^51^|^2^|^003^|^100^|^ A^|^521211^|^022^|^A^|^0^|^0^|^ ^|^0^|0|0|0|^ ^|^ ^|^ ^|^ ^|^^|^00^|^^|0|0|^^|^ ^
^2026^|^01^|^451531^|^015^|^08^|^CD^|^6215^|^FAH^|^02^|^51^|^2^|^003^|^100^|^ B^|^524113^|^022^|^A^|^0^|^0^|^ ^|^0^|0|0|0|^ ^|^ ^|^ ^|^ ^|^^|^00^|^^|0|0|^^|^ ^
^2026^|^01^|^451531^|^015^|^08^|^WA^|^4715^|^EBA^|^02^|^51^|^2^|^001^|^100^|^ A^|^521811^|^022^|^A^|^0^|^0^|^ ^|^0^|0|0|0|^ ^|^ ^|^ ^|^ ^|^^|^00^|^^|0|0|^^|^ ^
^2026^|^01^|^451531^|^015^|^08^|^WA^|^4715^|^EBA^|^02^|^51^|^2^|^001^|^100^|^ B^|^522151^|^022^|^A^|^0^|^0^|^ ^|^0^|0|0|0|^ ^|^ ^|^ ^|^ ^|^^|^00^|^^|0|0|^^|^ ^
^2026^|^01^|^451531^|^015^|^08^|^WA^|^4715^|^EBA^|^02^|^51^|^2^|^001^|^100^|^ B^|^524113^|^022^|^A^|^0^|^0^|^ ^|^0^|0|0|0|^ ^|^ ^|^ ^|^ ^|^^|^00^|^^|0|0|^^|^ ^
^2026^|^01^|^451531^|^015^|^08^|^WA^|^4715^|^EBA^|^02^|^51^|^2^|^994^|^002^|^ A^|^521111^|^022^|^A^|^0^|^0^|^ ^|^0^|0|0|0|^ ^|^ ^|^ ^|^ ^|^^|^00^|^^|0|0|^^|^ ^
^2026^|^01^|^451531^|^015^|^08^|^WA^|^4715^|^EBA^|^02^|^51^|^2^|^994^|^002^|^ A^|^521119^|^022^|^A^|^0^|^0^|^ ^|^0^|0|0|0|^ ^|^ ^|^ ^|^ ^|^^|^00^|^^|0|0|^^|^ ^
^2026^|^01^|^451531^|^015^|^08^|^WA^|^4715^|^EBA^|^02^|^51^|^2^|^994^|^002^|^ A^|^521811^|^022^|^A^|^0^|^0^|^ ^|^0^|0|0|0|^ ^|^ ^|^ ^|^ ^|^^|^00^|^^|0|0|^^|^ ^
^2026^|^01^|^451531^|^015^|^08^|^WA^|^4715^|^EBA^|^02^|^51^|^2^|^994^|^002^|^ B^|^521114^|^022^|^A^|^0^|^0^|^ ^|^0^|0|0|0|^ ^|^ ^|^ ^|^ ^|^^|^00^|^^|0|0|^^|^ ^
^2026^|^01^|^451531^|^015^|^08^|^WA^|^4715^|^EBA^|^02^|^51^|^2^|^994^|^002^|^ B^|^522112^|^022^|^A^|^0^|^0^|^ ^|^0^|0|0|0|^ ^|^ ^|^ ^|^ ^|^^|^00^|^^|0|0|^^|^ ^
^2026^|^01^|^451531^|^015^|^08^|^WA^|^4715^|^EBA^|^02^|^51^|^2^|^994^|^002^|^ B^|^522113^|^022^|^A^|^0^|^0^|^ ^|^0^|0|0|0|^ ^|^ ^|^ ^|^ ^|^^|^00^|^^|0|0|^^|^ ^
^2026^|^01^|^451531^|^015^|^08^|^WA^|^4715^|^EBA^|^02^|^51^|^2^|^994^|^002^|^ C^|^521113^|^022^|^A^|^0^|^0^|^ ^|^0^|0|0|0|^ ^|^ ^|^ ^|^ ^|^^|^00^|^^|0|0|^^|^ ^
^2026^|^01^|^451531^|^015^|^08^|^WA^|^4715^|^EBA^|^02^|^51^|^2^|^994^|^002^|^ C^|^521115^|^022^|^A^|^0^|^0^|^ ^|^0^|0|0|0|^ ^|^ ^|^ ^|^ ^|^^|^00^|^^|0|0|^^|^ ^
^2026^|^01^|^451531^|^015^|^08^|^WA^|^4715^|^EBA^|^02^|^51^|^2^|^994^|^002^|^ C^|^521119^|^022^|^A^|^0^|^0^|^ ^|^0^|0|0|0|^ ^|^ ^|^ ^|^ ^|^^|^00^|^^|0|0|^^|^ ^
^2026^|^01^|^451531^|^015^|^08^|^WA^|^4715^|^EBA^|^02^|^51^|^2^|^994^|^002^|^ D^|^523121^|^022^|^A^|^0^|^0^|^ ^|^0^|0|0|0|^ ^|^ ^|^ ^|^ ^|^^|^00^|^^|0|0|^^|^ ^
^2026^|^01^|^451531^|^015^|^08^|^WA^|^4715^|^EBA^|^02^|^51^|^2^|^994^|^002^|^ G^|^523111^|^022^|^A^|^0^|^0^|^ ^|^0^|0|0|0|^ ^|^ ^|^ ^|^ ^|^^|^00^|^^|0|0|^^|^ ^
^2026^|^01^|^451531^|^015^|^08^|^WA^|^4715^|^EBA^|^02^|^51^|^2^|^994^|^002^|^ G^|^523119^|^022^|^A^|^0^|^0^|^ ^|^0^|0|0|0|^ ^|^ ^|^ ^|^ ^|^^|^00^|^^|0|0|^^|^ ^
^2026^|^01^|^451531^|^015^|^08^|^WA^|^4715^|^EBA^|^02^|^51^|^2^|^994^|^002^|^TJ^|^523121^|^022^|^A^|^0^|^0^|^ ^|^0^|0|0|0|^ ^|^ ^|^ ^|^ ^|^^|^00^|^^|0|0|^^|^ ^
^2026^|^01^|^451531^|^015^|^08^|^WA^|^4715^|^EBA^|^02^|^51^|^2^|^002^|^100^|^ A^|^524111^|^022^|^A^|^0^|^0^|^ ^|^0^|0|0|0|^ ^|^ ^|^ ^|^ ^|^^|^00^|^^|0|0|^^|^ ^
^2026^|^01^|^451531^|^015^|^08^|^WA^|^4715^|^EBA^|^02^|^51^|^2^|^002^|^100^|^ A^|^524113^|^022^|^A^|^0^|^0^|^ ^|^0^|0|0|0|^ ^|^ ^|^ ^|^ ^|^^|^00^|^^|0|0|^^|^ ^
^2026^|^01^|^451531^|^015^|^08^|^WA^|^4715^|^EBB^|^02^|^51^|^2^|^002^|^100^|^ A^|^532111^|^022^|^A^|^0^|^0^|^ ^|^0^|0|0|0|^ ^|^ ^|^ ^|^ ^|^^|^00^|^^|0|0|^^|^ ^
^2026^|^01^|^451531^|^015^|^08^|^WA^|^4715^|^EBD^|^02^|^51^|^2^|^Z36^|^100^|^ B^|^524113^|^022^|^A^|^0^|^0^|^ ^|^0^|0|0|0|^ ^|^ ^|^ ^|^ ^|^^|^00^|^^|0|0|^^|^ ^
^2026^|^01^|^451531^|^015^|^08^|^WA^|^4718^|^BMB^|^02^|^51^|^2^|^002^|^100^|^ A^|^521219^|^022^|^A^|^0^|^0^|^ ^|^0^|0|0|0|^ ^|^ ^|^ ^|^ ^|^^|^00^|^^|0|0|^^|^ ^
^2026^|^01^|^451531^|^015^|^08^|^WA^|^4718^|^BMB^|^02^|^51^|^2^|^001^|^100^|^ A^|^521211^|^022^|^A^|^0^|^0^|^ ^|^0^|0|0|0|^ ^|^ ^|^ ^|^ ^|^^|^00^|^^|0|0|^^|^ ^
^2026^|^01^|^451531^|^015^|^08^|^WA^|^4719^|^EBA^|^02^|^51^|^2^|^994^|^001^|^ A^|^511129^|^022^|^A^|^0^|^0^|^ ^|^0^|0|0|0|^ ^|^ ^|^ ^|^ ^|^^|^00^|^^|0|0|^^|^ ^
^2026^|^01^|^451531^|^015^|^08^|^WA^|^4719^|^EBA^|^02^|^51^|^2^|^994^|^001^|^ A^|^512211^|^022^|^A^|^0^|^0^|^ ^|^0^|0|0|0|^ ^|^ ^|^ ^|^ ^|^^|^00^|^^|0|0|^^|^ ^
^2026^|^01^|^451531^|^015^|^08^|^WA^|^4719^|^EBA^|^02^|^51^|^2^|^004^|^100^|^ A^|^521211^|^022^|^A^|^0^|^0^|^ ^|^0^|0|0|0|^ ^|^ ^|^ ^|^ ^|^^|^00^|^^|0|0|^^|^ ^
^2026^|^01^|^451531^|^015^|^08^|^WA^|^4719^|^EBC^|^02^|^51^|^2^|^001^|^100^|^XC^|^521211^|^022^|^A^|^0^|^0^|^ ^|^0^|0|0|0|^ ^|^ ^|^ ^|^ ^|^^|^00^|^^|0|0|^^|^ ^
^2026^|^01^|^451531^|^015^|^08^|^WA^|^4719^|^EBC^|^02^|^51^|^2^|^001^|^100^|^XC^|^522151^|^022^|^A^|^0^|^0^|^ ^|^0^|0|0|0|^ ^|^ ^|^ ^|^ ^|^^|^00^|^^|0|0|^^|^ ^
^2026^|^01^|^451531^|^015^|^08^|^WA^|^4719^|^EBC^|^02^|^51^|^2^|^001^|^100^|^XC^|^524113^|^022^|^A^|^0^|^0^|^ ^|^0^|0|0|0|^ ^|^ ^|^ ^|^ ^|^^|^00^|^^|0|0|^^|^ ^
^2026^|^01^|^340249^|^015^|^08^|^CD^|^6212^|^BMB^|^34^|^02^|^2^|^001^|^100^|^ A^|^524113^|^178^|^A^|^0^|^0^|^ ^|^0^|0|0|0|^ ^|^ ^|^ ^|^ ^|^^|^00^|^^|0|0|^^|^ ^
^2026^|^01^|^340249^|^015^|^08^|^CD^|^6212^|^BMB^|^34^|^02^|^2^|^001^|^100^|^ B^|^521211^|^178^|^A^|^0^|^0^|^ ^|^0^|0|0|0|^ ^|^ ^|^ ^|^ ^|^^|^00^|^^|0|0|^^|^ ^
^2026^|^01^|^340249^|^015^|^08^|^CD^|^6212^|^BMB^|^34^|^02^|^2^|^001^|^100^|^ B^|^522151^|^178^|^A^|^0^|^0^|^ ^|^0^|0|0|0|^ ^|^ ^|^ ^|^ ^|^^|^00^|^^|0|0|^^|^ ^
^2026^|^01^|^340249^|^015^|^08^|^CD^|^6212^|^BMB^|^34^|^02^|^2^|^001^|^100^|^ B^|^524113^|^178^|^A^|^0^|^0^|^ ^|^0^|0|0|0|^ ^|^ ^|^ ^|^ ^|^^|^00^|^^|0|0|^^|^ ^
^2026^|^01^|^340249^|^015^|^08^|^CD^|^6212^|^BMB^|^34^|^02^|^2^|^001^|^100^|^ C^|^524113^|^178^|^A^|^0^|^0^|^ ^|^0^|0|0|0|^ ^|^ ^|^ ^|^ ^|^^|^00^|^^|0|0|^^|^ ^
^2026^|^01^|^340249^|^015^|^08^|^CD^|^6212^|^BMB^|^34^|^02^|^2^|^001^|^100^|^ D^|^521211^|^178^|^A^|^0^|^0^|^ ^|^0^|0|0|0|^ ^|^ ^|^ ^|^ ^|^^|^00^|^^|0|0|^^|^ ^
^2026^|^01^|^340249^|^015^|^08^|^CD^|^6212^|^BMB^|^34^|^02^|^2^|^001^|^100^|^ D^|^522141^|^178^|^A^|^0^|^0^|^ ^|^0^|0|0|0|^ ^|^ ^|^ ^|^ ^|^^|^00^|^^|0|0|^^|^ ^
^2026^|^01^|^340249^|^015^|^08^|^CD^|^6212^|^FAC^|^34^|^02^|^2^|^002^|^100^|^ A^|^524111^|^178^|^A^|^0^|^0^|^ ^|^0^|0|0|0|^ ^|^ ^|^ ^|^ ^|^^|^00^|^^|0|0|^^|^ ^
^2026^|^01^|^340249^|^015^|^08^|^CD^|^6212^|^FAC^|^34^|^02^|^2^|^002^|^100^|^ A^|^524113^|^178^|^A^|^0^|^0^|^ ^|^0^|0|0|0|^ ^|^ ^|^ ^|^ ^|^^|^00^|^^|0|0|^^|^ ^
^2026^|^01^|^340249^|^015^|^08^|^CD^|^6212^|^FAC^|^34^|^02^|^2^|^002^|^100^|^ B^|^524111^|^178^|^A^|^0^|^0^|^ ^|^0^|0|0|0|^ ^|^ ^|^ ^|^ ^|^^|^00^|^^|0|0|^^|^ ^
^2026^|^01^|^340249^|^015^|^08^|^CD^|^6212^|^FAC^|^34^|^02^|^2^|^002^|^100^|^ B^|^524113^|^178^|^A^|^0^|^0^|^ ^|^0^|0|0|0|^ ^|^ ^|^ ^|^ ^|^^|^00^|^^|0|0|^^|^ ^
^2026^|^01^|^340249^|^015^|^08^|^CD^|^6212^|^FAH^|^34^|^02^|^2^|^003^|^100^|^ A^|^524113^|^178^|^A^|^0^|^0^|^ ^|^0^|0|0|0|^ ^|^ ^|^ ^|^ ^|^^|^00^|^^|0|0|^^|^ ^
^2026^|^01^|^340249^|^015^|^08^|^CD^|^6212^|^FAH^|^34^|^02^|^2^|^003^|^100^|^ B^|^524111^|^178^|^A^|^0^|^0^|^ ^|^0^|0|0|0|^ ^|^ ^|^ ^|^ ^|^^|^00^|^^|0|0|^^|^ ^
^2026^|^01^|^340249^|^015^|^08^|^CD^|^6212^|^FAH^|^34^|^02^|^2^|^003^|^100^|^ B^|^524113^|^178^|^A^|^0^|^0^|^ ^|^0^|0|0|0|^ ^|^ ^|^ ^|^ ^|^^|^00^|^^|0|0|^^|^ ^
^2026^|^01^|^340249^|^015^|^08^|^CD^|^6212^|^FAH^|^34^|^02^|^2^|^002^|^100^|^ A^|^521211^|^178^|^A^|^0^|^0^|^ ^|^0^|0|0|0|^ ^|^ ^|^ ^|^ ^|^^|^00^|^^|0|0|^^|^ ^
^2026^|^01^|^340249^|^015^|^08^|^CD^|^6212^|^FAH^|^34^|^02^|^2^|^002^|^100^|^ B^|^524111^|^178^|^A^|^0^|^0^|^ ^|^0^|0|0|0|^ ^|^ ^|^ ^|^ ^|^^|^00^|^^|0|0|^^|^ ^
^2026^|^01^|^340249^|^015^|^08^|^CD^|^6212^|^FAH^|^34^|^02^|^2^|^002^|^100^|^ B^|^524113^|^178^|^A^|^0^|^0^|^ ^|^0^|0|0|0|^ ^|^ ^|^ ^|^ ^|^^|^00^|^^|0|0|^^|^ ^
^2026^|^01^|^340249^|^015^|^08^|^CD^|^6212^|^FAH^|^34^|^02^|^2^|^002^|^100^|^ C^|^522151^|^178^|^A^|^0^|^0^|^ ^|^0^|0|0|0|^ ^|^ ^|^ ^|^ ^|^^|^00^|^^|0|0|^^|^ ^
^2026^|^01^|^340249^|^015^|^08^|^CD^|^6212^|^FAH^|^34^|^02^|^2^|^002^|^100^|^ C^|^524113^|^178^|^A^|^0^|^0^|^ ^|^0^|0|0|0|^ ^|^ ^|^ ^|^ ^|^^|^00^|^^|0|0|^^|^ ^
^2026^|^01^|^340249^|^015^|^08^|^CD^|^6212^|^FAL^|^34^|^02^|^2^|^001^|^100^|^ A^|^524111^|^178^|^A^|^0^|^0^|^ ^|^0^|0|0|0|^ ^|^ ^|^ ^|^ ^|^^|^00^|^^|0|0|^^|^ ^
^2026^|^01^|^340249^|^015^|^08^|^CD^|^6212^|^FAL^|^34^|^02^|^2^|^001^|^100^|^ A^|^524113^|^178^|^A^|^0^|^0^|^ ^|^0^|0|0|0|^ ^|^ ^|^ ^|^ ^|^^|^00^|^^|0|0|^^|^ ^
^2026^|^01^|^340249^|^015^|^08^|^CD^|^6212^|^FAL^|^34^|^02^|^2^|^001^|^100^|^ B^|^521211^|^178^|^A^|^0^|^0^|^ ^|^0^|0|0|0|^ ^|^ ^|^ ^|^ ^|^^|^00^|^^|0|0|^^|^ ^
^2026^|^01^|^340249^|^015^|^08^|^CD^|^6212^|^FAL^|^34^|^02^|^2^|^001^|^100^|^ B^|^522151^|^178^|^A^|^0^|^0^|^ ^|^0^|0|0|0|^ ^|^ ^|^ ^|^ ^|^^|^00^|^^|0|0|^^|^ ^
^2026^|^01^|^340249^|^015^|^08^|^CD^|^6212^|^FAL^|^34^|^02^|^2^|^001^|^100^|^ C^|^524111^|^178^|^A^|^0^|^0^|^ ^|^0^|0|0|0|^ ^|^ ^|^ ^|^ ^|^^|^00^|^^|0|0|^^|^ ^
^2026^|^01^|^340249^|^015^|^08^|^CD^|^6212^|^FAL^|^34^|^02^|^2^|^001^|^100^|^ C^|^524113^|^178^|^A^|^0^|^0^|^ ^|^0^|0|0|0|^ ^|^ ^|^ ^|^ ^|^^|^00^|^^|0|0|^^|^ ^
^2026^|^01^|^340249^|^015^|^08^|^CD^|^6212^|^FAL^|^34^|^02^|^2^|^001^|^100^|^ D^|^521211^|^178^|^A^|^0^|^0^|^ ^|^0^|0|0|0|^ ^|^ ^|^ ^|^ ^|^^|^00^|^^|0|0|^^|^ ^
^2026^|^01^|^340249^|^015^|^08^|^CD^|^6212^|^FAL^|^34^|^02^|^2^|^001^|^100^|^ D^|^521213^|^178^|^A^|^0^|^0^|^ ^|^0^|0|0|0|^ ^|^ ^|^ ^|^ ^|^^|^00^|^^|0|0|^^|^ ^
^2026^|^01^|^340249^|^015^|^08^|^CD^|^6212^|^FAL^|^34^|^02^|^2^|^001^|^100^|^ D^|^522151^|^178^|^A^|^0^|^0^|^ ^|^0^|0|0|0|^ ^|^ ^|^ ^|^ ^|^^|^00^|^^|0|0|^^|^ ^
^2026^|^01^|^340249^|^015^|^08^|^CD^|^6212^|^FAL^|^34^|^02^|^2^|^001^|^100^|^ D^|^524113^|^178^|^A^|^0^|^0^|^ ^|^0^|0|0|0|^ ^|^ ^|^ ^|^ ^|^^|^00^|^^|0|0|^^|^ ^
^2026^|^01^|^340249^|^015^|^08^|^CD^|^6213^|^ABA^|^34^|^02^|^2^|^001^|^100^|^ A^|^522151^|^178^|^A^|^0^|^0^|^ ^|^0^|0|0|0|^ ^|^ ^|^ ^|^ ^|^^|^00^|^^|0|0|^^|^ ^
^2026^|^01^|^340249^|^015^|^08^|^CD^|^6213^|^ABA^|^34^|^02^|^2^|^001^|^100^|^ A^|^524111^|^178^|^A^|^0^|^0^|^ ^|^0^|0|0|0|^ ^|^ ^|^ ^|^ ^|^^|^00^|^^|0|0|^^|^ ^
^2026^|^01^|^340249^|^015^|^08^|^CD^|^6213^|^ABA^|^34^|^02^|^2^|^001^|^100^|^ A^|^524113^|^178^|^A^|^0^|^0^|^ ^|^0^|0|0|0|^ ^|^ ^|^ ^|^ ^|^^|^00^|^^|0|0|^^|^ ^
^2026^|^01^|^340249^|^015^|^08^|^CD^|^6213^|^FAE^|^34^|^02^|^2^|^009^|^100^|^ B^|^524111^|^178^|^A^|^0^|^0^|^ ^|^0^|0|0|0|^ ^|^ ^|^ ^|^ ^|^^|^00^|^^|0|0|^^|^ ^
^2026^|^01^|^340249^|^015^|^08^|^CD^|^6213^|^FAE^|^34^|^02^|^2^|^009^|^100^|^ B^|^524113^|^178^|^A^|^0^|^0^|^ ^|^0^|0|0|0|^ ^|^ ^|^ ^|^ ^|^^|^00^|^^|0|0|^^|^ ^
^2026^|^01^|^340249^|^015^|^08^|^CD^|^6213^|^FAE^|^34^|^02^|^2^|^009^|^100^|^ C^|^524111^|^178^|^A^|^0^|^0^|^ ^|^0^|0|0|0|^ ^|^ ^|^ ^|^ ^|^^|^00^|^^|0|0|^^|^ ^
^2026^|^01^|^340249^|^015^|^08^|^CD^|^6213^|^FAE^|^34^|^02^|^2^|^009^|^100^|^ C^|^524113^|^178^|^A^|^0^|^0^|^ ^|^0^|0|0|0|^ ^|^ ^|^ ^|^ ^|^^|^00^|^^|0|0|^^|^ ^
^2026^|^01^|^340249^|^015^|^08^|^CD^|^6213^|^FAE^|^34^|^02^|^2^|^009^|^100^|^ D^|^521211^|^178^|^A^|^0^|^0^|^ ^|^0^|0|0|0|^ ^|^ ^|^ ^|^ ^|^^|^00^|^^|0|0|^^|^ ^
^2026^|^01^|^340249^|^015^|^08^|^CD^|^6213^|^FAE^|^34^|^02^|^2^|^009^|^100^|^ D^|^522151^|^178^|^A^|^0^|^0^|^ ^|^0^|0|0|0|^ ^|^ ^|^ ^|^ ^|^^|^00^|^^|0|0|^^|^ ^
^2026^|^01^|^340249^|^015^|^08^|^CD^|^6213^|^FAE^|^34^|^02^|^2^|^009^|^100^|^ D^|^524113^|^178^|^A^|^0^|^0^|^ ^|^0^|0|0|0|^ ^|^ ^|^ ^|^ ^|^^|^00^|^^|0|0|^^|^ ^
^2026^|^01^|^340249^|^015^|^08^|^CD^|^6213^|^FAE^|^34^|^02^|^2^|^008^|^100^|^ A^|^521211^|^178^|^A^|^0^|^0^|^ ^|^0^|0|0|0|^ ^|^ ^|^ ^|^ ^|^^|^00^|^^|0|0|^^|^ ^
^2026^|^01^|^340249^|^015^|^08^|^CD^|^6213^|^FAE^|^34^|^02^|^2^|^008^|^100^|^ A^|^522151^|^178^|^A^|^0^|^0^|^ ^|^0^|0|0|0|^ ^|^ ^|^ ^|^ ^|^^|^00^|^^|0|0|^^|^ ^
^2026^|^01^|^340249^|^015^|^08^|^CD^|^6213^|^FAE^|^34^|^02^|^2^|^008^|^100^|^ A^|^524111^|^178^|^A^|^0^|^0^|^ ^|^0^|0|0|0|^ ^|^ ^|^ ^|^ ^|^^|^00^|^^|0|0|^^|^ ^
^2026^|^01^|^340249^|^015^|^08^|^CD^|^6213^|^FAL^|^34^|^02^|^2^|^003^|^100^|^ A^|^521211^|^178^|^A^|^0^|^0^|^ ^|^0^|0|0|0|^ ^|^ ^|^ ^|^ ^|^^|^00^|^^|0|0|^^|^ ^
^2026^|^01^|^340249^|^015^|^08^|^CD^|^6213^|^FAL^|^34^|^02^|^2^|^003^|^100^|^ C^|^521211^|^178^|^A^|^0^|^0^|^ ^|^0^|0|0|0|^ ^|^ ^|^ ^|^ ^|^^|^00^|^^|0|0|^^|^ ^
^2026^|^01^|^340249^|^015^|^08^|^CD^|^6213^|^FAL^|^34^|^02^|^2^|^003^|^100^|^ D^|^524111^|^178^|^A^|^0^|^0^|^ ^|^0^|0|0|0|^ ^|^ ^|^ ^|^ ^|^^|^00^|^^|0|0|^^|^ ^
^2026^|^01^|^340249^|^015^|^08^|^CD^|^6213^|^FAL^|^34^|^02^|^2^|^003^|^100^|^ D^|^524113^|^178^|^A^|^0^|^0^|^ ^|^0^|0|0|0|^ ^|^ ^|^ ^|^ ^|^^|^00^|^^|0|0|^^|^ ^
^2026^|^01^|^340249^|^015^|^08^|^CD^|^6213^|^FAL^|^34^|^02^|^2^|^003^|^100^|^ E^|^521211^|^178^|^A^|^0^|^0^|^ ^|^0^|0|0|0|^ ^|^ ^|^ ^|^ ^|^^|^00^|^^|0|0|^^|^ ^
^2026^|^01^|^340249^|^015^|^08^|^CD^|^6213^|^FAL^|^34^|^02^|^2^|^003^|^100^|^ E^|^522151^|^178^|^A^|^0^|^0^|^ ^|^0^|0|0|0|^ ^|^ ^|^ ^|^ ^|^^|^00^|^^|0|0|^^|^ ^
^2026^|^01^|^340249^|^015^|^08^|^CD^|^6213^|^FAL^|^34^|^02^|^2^|^003^|^100^|^ E^|^524113^|^178^|^A^|^0^|^0^|^ ^|^0^|0|0|0|^ ^|^ ^|^ ^|^ ^|^^|^00^|^^|0|0|^^|^ ^
^2026^|^01^|^340249^|^015^|^08^|^CD^|^6213^|^FAL^|^34^|^02^|^2^|^003^|^100^|^ F^|^521211^|^178^|^A^|^0^|^0^|^ ^|^0^|0|0|0|^ ^|^ ^|^ ^|^ ^|^^|^00^|^^|0|0|^^|^ ^
^2026^|^01^|^340249^|^015^|^08^|^CD^|^6213^|^FAL^|^34^|^02^|^2^|^003^|^100^|^ F^|^522151^|^178^|^A^|^0^|^0^|^ ^|^0^|0|0|0|^ ^|^ ^|^ ^|^ ^|^^|^00^|^^|0|0|^^|^ ^
^2026^|^01^|^340249^|^015^|^08^|^CD^|^6213^|^FAL^|^34^|^02^|^2^|^003^|^100^|^ F^|^524111^|^178^|^A^|^0^|^0^|^ ^|^0^|0|0|0|^ ^|^ ^|^ ^|^ ^|^^|^00^|^^|0|0|^^|^ ^
^2026^|^01^|^340249^|^015^|^08^|^CD^|^6213^|^FAL^|^34^|^02^|^2^|^003^|^100^|^ F^|^524113^|^178^|^A^|^0^|^0^|^ ^|^0^|0|0|0|^ ^|^ ^|^ ^|^ ^|^^|^00^|^^|0|0|^^|^ ^
^2026^|^01^|^340249^|^015^|^08^|^CD^|^6213^|^FAL^|^34^|^02^|^2^|^003^|^100^|^ G^|^521211^|^178^|^A^|^0^|^0^|^ ^|^0^|0|0|0|^ ^|^ ^|^ ^|^ ^|^^|^00^|^^|0|0|^^|^ ^
^2026^|^01^|^340249^|^015^|^08^|^CD^|^6213^|^FAL^|^34^|^02^|^2^|^003^|^100^|^ H^|^524111^|^178^|^A^|^0^|^0^|^ ^|^0^|0|0|0|^ ^|^ ^|^ ^|^ ^|^^|^00^|^^|0|0|^^|^ ^
^2026^|^01^|^340249^|^015^|^08^|^CD^|^6213^|^FAL^|^34^|^02^|^2^|^003^|^100^|^ H^|^524113^|^178^|^A^|^0^|^0^|^ ^|^0^|0|0|0|^ ^|^ ^|^ ^|^ ^|^^|^00^|^^|0|0|^^|^ ^
^2026^|^01^|^340249^|^015^|^08^|^CD^|^6215^|^FAH^|^34^|^02^|^2^|^003^|^100^|^ A^|^524111^|^178^|^A^|^0^|^0^|^ ^|^0^|0|0|0|^ ^|^ ^|^ ^|^ ^|^^|^00^|^^|0|0|^^|^ ^
^2026^|^01^|^340249^|^015^|^08^|^CD^|^6215^|^FAH^|^34^|^02^|^2^|^003^|^100^|^ A^|^524113^|^178^|^A^|^0^|^0^|^ ^|^0^|0|0|0|^ ^|^ ^|^ ^|^ ^|^^|^00^|^^|0|0|^^|^ ^
^2026^|^01^|^340249^|^015^|^08^|^CD^|^6215^|^FAH^|^34^|^02^|^2^|^003^|^100^|^ B^|^521211^|^178^|^A^|^0^|^0^|^ ^|^0^|0|0|0|^ ^|^ ^|^ ^|^ ^|^^|^00^|^^|0|0|^^|^ ^
^2026^|^01^|^340249^|^015^|^08^|^CD^|^6215^|^FAH^|^34^|^02^|^2^|^001^|^100^|^ A^|^524111^|^178^|^A^|^0^|^0^|^ ^|^0^|0|0|0|^ ^|^ ^|^ ^|^ ^|^^|^00^|^^|0|0|^^|^ ^
^2026^|^01^|^340249^|^015^|^08^|^CD^|^6215^|^FAH^|^34^|^02^|^2^|^001^|^100^|^ A^|^524113^|^178^|^A^|^0^|^0^|^ ^|^0^|0|0|0|^ ^|^ ^|^ ^|^ ^|^^|^00^|^^|0|0|^^|^ ^
^2026^|^01^|^340249^|^015^|^08^|^CD^|^6215^|^FAH^|^34^|^02^|^2^|^001^|^100^|^ B^|^521211^|^178^|^A^|^0^|^0^|^ ^|^0^|0|0|0|^ ^|^ ^|^ ^|^ ^|^^|^00^|^^|0|0|^^|^ ^
^2026^|^01^|^340249^|^015^|^08^|^CD^|^6216^|^FAE^|^34^|^02^|^2^|^002^|^100^|^ A^|^524111^|^178^|^A^|^0^|^0^|^ ^|^0^|0|0|0|^ ^|^ ^|^ ^|^ ^|^^|^00^|^^|0|0|^^|^ ^
^2026^|^01^|^340249^|^015^|^08^|^CD^|^6216^|^FAE^|^34^|^02^|^2^|^002^|^100^|^ A^|^524113^|^178^|^A^|^0^|^0^|^ ^|^0^|0|0|0|^ ^|^ ^|^ ^|^ ^|^^|^00^|^^|0|0|^^|^ ^
^2026^|^01^|^340249^|^015^|^08^|^WA^|^4715^|^EBA^|^34^|^02^|^2^|^001^|^100^|^ A^|^521811^|^178^|^A^|^0^|^0^|^ ^|^0^|0|0|0|^ ^|^ ^|^ ^|^ ^|^^|^00^|^^|0|0|^^|^ ^
^2026^|^01^|^340249^|^015^|^08^|^WA^|^4715^|^EBA^|^34^|^02^|^2^|^001^|^100^|^ A^|^522151^|^178^|^A^|^0^|^0^|^ ^|^0^|0|0|0|^ ^|^ ^|^ ^|^ ^|^^|^00^|^^|0|0|^^|^ ^
^2026^|^01^|^340249^|^015^|^08^|^WA^|^4715^|^EBA^|^34^|^02^|^2^|^001^|^100^|^ B^|^522151^|^178^|^A^|^0^|^0^|^ ^|^0^|0|0|0|^ ^|^ ^|^ ^|^ ^|^^|^00^|^^|0|0|^^|^ ^
^2026^|^01^|^340249^|^015^|^08^|^WA^|^4715^|^EBA^|^34^|^02^|^2^|^001^|^100^|^ B^|^524113^|^178^|^A^|^0^|^0^|^ ^|^0^|0|0|0|^ ^|^ ^|^ ^|^ ^|^^|^00^|^^|0|0|^^|^ ^
^2026^|^01^|^340249^|^015^|^08^|^WA^|^4715^|^EBA^|^34^|^02^|^2^|^994^|^002^|^ A^|^521111^|^178^|^A^|^0^|^0^|^ ^|^0^|0|0|0|^ ^|^ ^|^ ^|^ ^|^^|^00^|^^|0|0|^^|^ ^
^2026^|^01^|^340249^|^015^|^08^|^WA^|^4715^|^EBA^|^34^|^02^|^2^|^994^|^002^|^ A^|^521119^|^178^|^A^|^0^|^0^|^ ^|^0^|0|0|0|^ ^|^ ^|^ ^|^ ^|^^|^00^|^^|0|0|^^|^ ^
^2026^|^01^|^340249^|^015^|^08^|^WA^|^4715^|^EBA^|^34^|^02^|^2^|^994^|^002^|^ A^|^521811^|^178^|^A^|^0^|^0^|^ ^|^0^|0|0|0|^ ^|^ ^|^ ^|^ ^|^^|^00^|^^|0|0|^^|^ ^
^2026^|^01^|^340249^|^015^|^08^|^WA^|^4715^|^EBA^|^34^|^02^|^2^|^994^|^002^|^ B^|^521114^|^178^|^A^|^0^|^0^|^ ^|^0^|0|0|0|^ ^|^ ^|^ ^|^ ^|^^|^00^|^^|0|0|^^|^ ^
^2026^|^01^|^340249^|^015^|^08^|^WA^|^4715^|^EBA^|^34^|^02^|^2^|^994^|^002^|^ B^|^522112^|^178^|^A^|^0^|^0^|^ ^|^0^|0|0|0|^ ^|^ ^|^ ^|^ ^|^^|^00^|^^|0|0|^^|^ ^
^2026^|^01^|^340249^|^015^|^08^|^WA^|^4715^|^EBA^|^34^|^02^|^2^|^994^|^002^|^ B^|^522113^|^178^|^A^|^0^|^0^|^ ^|^0^|0|0|0|^ ^|^ ^|^ ^|^ ^|^^|^00^|^^|0|0|^^|^ ^
^2026^|^01^|^340249^|^015^|^08^|^WA^|^4715^|^EBA^|^34^|^02^|^2^|^994^|^002^|^ C^|^521115^|^178^|^A^|^0^|^0^|^ ^|^0^|0|0|0|^ ^|^ ^|^ ^|^ ^|^^|^00^|^^|0|0|^^|^ ^
^2026^|^01^|^340249^|^015^|^08^|^WA^|^4715^|^EBA^|^34^|^02^|^2^|^994^|^002^|^ C^|^521119^|^178^|^A^|^0^|^0^|^ ^|^0^|0|0|0|^ ^|^ ^|^ ^|^ ^|^^|^00^|^^|0|0|^^|^ ^
^2026^|^01^|^340249^|^015^|^08^|^WA^|^4715^|^EBA^|^34^|^02^|^2^|^994^|^002^|^ D^|^523121^|^178^|^A^|^0^|^0^|^ ^|^0^|0|0|0|^ ^|^ ^|^ ^|^ ^|^^|^00^|^^|0|0|^^|^ ^
^2026^|^01^|^340249^|^015^|^08^|^WA^|^4715^|^EBA^|^34^|^02^|^2^|^994^|^002^|^TJ^|^523121^|^178^|^A^|^0^|^0^|^ ^|^0^|0|0|0|^ ^|^ ^|^ ^|^ ^|^^|^00^|^^|0|0|^^|^ ^
^2026^|^01^|^340249^|^015^|^08^|^WA^|^4715^|^EBA^|^34^|^02^|^2^|^002^|^100^|^ A^|^524111^|^178^|^A^|^0^|^0^|^ ^|^0^|0|0|0|^ ^|^ ^|^ ^|^ ^|^^|^00^|^^|0|0|^^|^ ^
^2026^|^01^|^340249^|^015^|^08^|^WA^|^4715^|^EBA^|^34^|^02^|^2^|^002^|^100^|^ A^|^524113^|^178^|^A^|^0^|^0^|^ ^|^0^|0|0|0|^ ^|^ ^|^ ^|^ ^|^^|^00^|^^|0|0|^^|^ ^
^2026^|^01^|^340249^|^015^|^08^|^WA^|^4715^|^EBD^|^34^|^02^|^2^|^Z36^|^100^|^ A^|^521211^|^178^|^A^|^0^|^0^|^ ^|^0^|0|0|0|^ ^|^ ^|^ ^|^ ^|^^|^00^|^^|0|0|^^|^ ^
^2026^|^01^|^340249^|^015^|^08^|^WA^|^4715^|^EBD^|^34^|^02^|^2^|^Z26^|^100^|^ A^|^521211^|^178^|^A^|^0^|^0^|^ ^|^0^|0|0|0|^ ^|^ ^|^ ^|^ ^|^^|^00^|^^|0|0|^^|^ ^
^2026^|^01^|^340249^|^015^|^08^|^WA^|^4715^|^EBD^|^34^|^02^|^2^|^Z26^|^100^|^ A^|^524111^|^178^|^A^|^0^|^0^|^ ^|^0^|0|0|0|^ ^|^ ^|^ ^|^ ^|^^|^00^|^^|0|0|^^|^ ^
^2026^|^01^|^340249^|^015^|^08^|^WA^|^4715^|^EBD^|^34^|^02^|^2^|^Z26^|^100^|^ A^|^524113^|^178^|^A^|^0^|^0^|^ ^|^0^|0|0|0|^ ^|^ ^|^ ^|^ ^|^^|^00^|^^|0|0|^^|^ ^
^2026^|^01^|^340249^|^015^|^08^|^WA^|^4718^|^BMB^|^34^|^02^|^2^|^002^|^100^|^ A^|^521211^|^178^|^A^|^0^|^0^|^ ^|^0^|0|0|0|^ ^|^ ^|^ ^|^ ^|^^|^00^|^^|0|0|^^|^ ^
^2026^|^01^|^340249^|^015^|^08^|^WA^|^4718^|^BMB^|^34^|^02^|^2^|^002^|^100^|^ A^|^521219^|^178^|^A^|^0^|^0^|^ ^|^0^|0|0|0|^ ^|^ ^|^ ^|^ ^|^^|^00^|^^|0|0|^^|^ ^
^2026^|^01^|^340249^|^015^|^08^|^WA^|^4718^|^BMB^|^34^|^02^|^2^|^001^|^100^|^ A^|^521211^|^178^|^A^|^0^|^0^|^ ^|^0^|0|0|0|^ ^|^ ^|^ ^|^ ^|^^|^00^|^^|0|0|^^|^ ^
^2026^|^01^|^340249^|^015^|^08^|^WA^|^4719^|^EBA^|^34^|^02^|^2^|^003^|^100^|^ A^|^524111^|^178^|^A^|^0^|^0^|^ ^|^0^|0|0|0|^ ^|^ ^|^ ^|^ ^|^^|^00^|^^|0|0|^^|^ ^
^2026^|^01^|^340249^|^015^|^08^|^WA^|^4719^|^EBA^|^34^|^02^|^2^|^003^|^100^|^ A^|^524113^|^178^|^A^|^0^|^0^|^ ^|^0^|0|0|0|^ ^|^ ^|^ ^|^ ^|^^|^00^|^^|0|0|^^|^ ^
^2026^|^01^|^340249^|^015^|^08^|^WA^|^4719^|^EBA^|^34^|^02^|^2^|^003^|^100^|^ B^|^521211^|^178^|^A^|^0^|^0^|^ ^|^0^|0|0|0|^ ^|^ ^|^ ^|^ ^|^^|^00^|^^|0|0|^^|^ ^
^2026^|^01^|^340249^|^015^|^08^|^WA^|^4719^|^EBA^|^34^|^02^|^2^|^994^|^001^|^ A^|^511129^|^178^|^A^|^0^|^0^|^ ^|^0^|0|0|0|^ ^|^ ^|^ ^|^ ^|^^|^00^|^^|0|0|^^|^ ^
^2026^|^01^|^340249^|^015^|^08^|^WA^|^4719^|^EBA^|^34^|^02^|^2^|^994^|^001^|^ A^|^512211^|^178^|^A^|^0^|^0^|^ ^|^0^|0|0|0|^ ^|^ ^|^ ^|^ ^|^^|^00^|^^|0|0|^^|^ ^
^2026^|^01^|^340249^|^015^|^08^|^WA^|^4719^|^EBA^|^34^|^02^|^2^|^005^|^100^|^ A^|^524111^|^178^|^A^|^0^|^0^|^ ^|^0^|0|0|0|^ ^|^ ^|^ ^|^ ^|^^|^00^|^^|0|0|^^|^ ^
^2026^|^01^|^340249^|^015^|^08^|^WA^|^4719^|^EBA^|^34^|^02^|^2^|^005^|^100^|^ A^|^524113^|^178^|^A^|^0^|^0^|^ ^|^0^|0|0|0|^ ^|^ ^|^ ^|^ ^|^^|^00^|^^|0|0|^^|^ ^
^2026^|^01^|^340249^|^015^|^08^|^WA^|^4719^|^EBA^|^34^|^02^|^2^|^005^|^100^|^ B^|^524111^|^178^|^A^|^0^|^0^|^ ^|^0^|0|0|0|^ ^|^ ^|^ ^|^ ^|^^|^00^|^^|0|0|^^|^ ^
^2026^|^01^|^340249^|^015^|^08^|^WA^|^4719^|^EBA^|^34^|^02^|^2^|^005^|^100^|^ B^|^524113^|^178^|^A^|^0^|^0^|^ ^|^0^|0|0|0|^ ^|^ ^|^ ^|^ ^|^^|^00^|^^|0|0|^^|^ ^
^2026^|^01^|^340249^|^015^|^08^|^WA^|^4719^|^EBC^|^34^|^02^|^2^|^001^|^100^|^XC^|^521211^|^178^|^A^|^0^|^0^|^ ^|^0^|0|0|0|^ ^|^ ^|^ ^|^ ^|^^|^00^|^^|0|0|^^|^ ^
^2026^|^01^|^340249^|^015^|^08^|^WA^|^4719^|^EBC^|^34^|^02^|^2^|^001^|^100^|^XC^|^522151^|^178^|^A^|^0^|^0^|^ ^|^0^|0|0|0|^ ^|^ ^|^ ^|^ ^|^^|^00^|^^|0|0|^^|^ ^
^2026^|^01^|^340249^|^015^|^08^|^WA^|^4719^|^EBC^|^34^|^02^|^2^|^001^|^100^|^XC^|^524113^|^178^|^A^|^0^|^0^|^ ^|^0^|0|0|0|^ ^|^ ^|^ ^|^ ^|^^|^00^|^^|0|0|^^|^ ^
^2026^|^01^|^340249^|^015^|^08^|^WA^|^4722^|^EBD^|^34^|^02^|^2^|^001^|^100^|^ A^|^521211^|^178^|^A^|^0^|^0^|^ ^|^0^|0|0|0|^ ^|^ ^|^ ^|^ ^|^^|^00^|^^|0|0|^^|^ ^
^2026^|^01^|^340249^|^015^|^08^|^WA^|^4722^|^EBD^|^34^|^02^|^2^|^001^|^100^|^ B^|^524111^|^178^|^A^|^0^|^0^|^ ^|^0^|0|0|0|^ ^|^ ^|^ ^|^ ^|^^|^00^|^^|0|0|^^|^ ^
^2026^|^01^|^340249^|^015^|^08^|^WA^|^4722^|^EBD^|^34^|^02^|^2^|^001^|^100^|^ B^|^524113^|^178^|^A^|^0^|^0^|^ ^|^0^|0|0|0|^ ^|^ ^|^ ^|^ ^|^^|^00^|^^|0|0|^^|^ ^
^2026^|^01^|^451604^|^015^|^08^|^CD^|^6212^|^BMB^|^34^|^02^|^2^|^001^|^100^|^ A^|^524111^|^178^|^A^|^0^|^0^|^ ^|^0^|0|0|0|^ ^|^ ^|^ ^|^ ^|^^|^00^|^^|0|0|^^|^ ^
^2026^|^01^|^451604^|^015^|^08^|^CD^|^6212^|^BMB^|^34^|^02^|^2^|^001^|^100^|^ A^|^524113^|^178^|^A^|^0^|^0^|^ ^|^0^|0|0|0|^ ^|^ ^|^ ^|^ ^|^^|^00^|^^|0|0|^^|^ ^
^2026^|^01^|^451604^|^015^|^08^|^CD^|^6212^|^FAC^|^34^|^02^|^2^|^001^|^100^|^ A^|^521211^|^178^|^A^|^0^|^0^|^ ^|^0^|0|0|0|^ ^|^ ^|^ ^|^ ^|^^|^00^|^^|0|0|^^|^ ^
^2026^|^01^|^451604^|^015^|^08^|^CD^|^6212^|^FAC^|^34^|^02^|^2^|^001^|^100^|^ B^|^521211^|^178^|^A^|^0^|^0^|^ ^|^0^|0|0|0|^ ^|^ ^|^ ^|^ ^|^^|^00^|^^|0|0|^^|^ ^
^2026^|^01^|^451604^|^015^|^08^|^CD^|^6212^|^FAH^|^34^|^02^|^2^|^001^|^100^|^ A^|^521211^|^178^|^A^|^0^|^0^|^ ^|^0^|0|0|0|^ ^|^ ^|^ ^|^ ^|^^|^00^|^^|0|0|^^|^ ^
^2026^|^01^|^451604^|^015^|^08^|^CD^|^6212^|^FAL^|^34^|^02^|^2^|^004^|^100^|^ A^|^521211^|^178^|^A^|^0^|^0^|^ ^|^0^|0|0|0|^ ^|^ ^|^ ^|^ ^|^^|^00^|^^|0|0|^^|^ ^
^2026^|^01^|^451604^|^015^|^08^|^CD^|^6212^|^FAL^|^34^|^02^|^2^|^004^|^100^|^ B^|^521211^|^178^|^A^|^0^|^0^|^ ^|^0^|0|0|0|^ ^|^ ^|^ ^|^ ^|^^|^00^|^^|0|0|^^|^ ^
^2026^|^01^|^451604^|^015^|^08^|^CD^|^6212^|^FAL^|^34^|^02^|^2^|^004^|^100^|^ D^|^524111^|^178^|^A^|^0^|^0^|^ ^|^0^|0|0|0|^ ^|^ ^|^ ^|^ ^|^^|^00^|^^|0|0|^^|^ ^
^2026^|^01^|^451604^|^015^|^08^|^CD^|^6212^|^FAL^|^34^|^02^|^2^|^004^|^100^|^ D^|^524113^|^178^|^A^|^0^|^0^|^ ^|^0^|0|0|0|^ ^|^ ^|^ ^|^ ^|^^|^00^|^^|0|0|^^|^ ^
^2026^|^01^|^451604^|^015^|^08^|^CD^|^6213^|^FAC^|^34^|^02^|^2^|^001^|^100^|^ A^|^521211^|^178^|^A^|^0^|^0^|^ ^|^0^|0|0|0|^ ^|^ ^|^ ^|^ ^|^^|^00^|^^|0|0|^^|^ ^
^2026^|^01^|^451604^|^015^|^08^|^CD^|^6213^|^FAE^|^34^|^02^|^2^|^009^|^100^|^ A^|^524111^|^178^|^A^|^0^|^0^|^ ^|^0^|0|0|0|^ ^|^ ^|^ ^|^ ^|^^|^00^|^^|0|0|^^|^ ^
^2026^|^01^|^451604^|^015^|^08^|^CD^|^6213^|^FAE^|^34^|^02^|^2^|^009^|^100^|^ A^|^524113^|^178^|^A^|^0^|^0^|^ ^|^0^|0|0|0|^ ^|^ ^|^ ^|^ ^|^^|^00^|^^|0|0|^^|^ ^
^2026^|^01^|^451604^|^015^|^08^|^CD^|^6213^|^FAL^|^34^|^02^|^2^|^003^|^100^|^ A^|^524111^|^178^|^A^|^0^|^0^|^ ^|^0^|0|0|0|^ ^|^ ^|^ ^|^ ^|^^|^00^|^^|0|0|^^|^ ^
^2026^|^01^|^451604^|^015^|^08^|^CD^|^6213^|^FAL^|^34^|^02^|^2^|^003^|^100^|^ A^|^524113^|^178^|^A^|^0^|^0^|^ ^|^0^|0|0|0|^ ^|^ ^|^ ^|^ ^|^^|^00^|^^|0|0|^^|^ ^
^2026^|^01^|^451604^|^015^|^08^|^CD^|^6214^|^FAL^|^34^|^02^|^2^|^002^|^100^|^ A^|^521211^|^178^|^A^|^0^|^0^|^ ^|^0^|0|0|0|^ ^|^ ^|^ ^|^ ^|^^|^00^|^^|0|0|^^|^ ^
^2026^|^01^|^451604^|^015^|^08^|^CD^|^6214^|^FAL^|^34^|^02^|^2^|^002^|^100^|^ B^|^521211^|^178^|^A^|^0^|^0^|^ ^|^0^|0|0|0|^ ^|^ ^|^ ^|^ ^|^^|^00^|^^|0|0|^^|^ ^
^2026^|^01^|^451604^|^015^|^08^|^CD^|^6215^|^FAH^|^34^|^02^|^2^|^003^|^100^|^ A^|^521211^|^178^|^A^|^0^|^0^|^ ^|^0^|0|0|0|^ ^|^ ^|^ ^|^ ^|^^|^00^|^^|0|0|^^|^ ^
^2026^|^01^|^451604^|^015^|^08^|^CD^|^6215^|^FAH^|^34^|^02^|^2^|^003^|^100^|^ B^|^524113^|^178^|^A^|^0^|^0^|^ ^|^0^|0|0|0|^ ^|^ ^|^ ^|^ ^|^^|^00^|^^|0|0|^^|^ ^
^2026^|^01^|^451604^|^015^|^08^|^WA^|^4715^|^EBA^|^34^|^02^|^2^|^001^|^100^|^ A^|^521811^|^178^|^A^|^0^|^0^|^ ^|^0^|0|0|0|^ ^|^ ^|^ ^|^ ^|^^|^00^|^^|0|0|^^|^ ^
^2026^|^01^|^451604^|^015^|^08^|^WA^|^4715^|^EBA^|^34^|^02^|^2^|^001^|^100^|^ B^|^522151^|^178^|^A^|^0^|^0^|^ ^|^0^|0|0|0|^ ^|^ ^|^ ^|^ ^|^^|^00^|^^|0|0|^^|^ ^
^2026^|^01^|^451604^|^015^|^08^|^WA^|^4715^|^EBA^|^34^|^02^|^2^|^001^|^100^|^ B^|^524113^|^178^|^A^|^0^|^0^|^ ^|^0^|0|0|0|^ ^|^ ^|^ ^|^ ^|^^|^00^|^^|0|0|^^|^ ^
^2026^|^01^|^451604^|^015^|^08^|^WA^|^4715^|^EBA^|^34^|^02^|^2^|^994^|^002^|^ A^|^521111^|^178^|^A^|^0^|^0^|^ ^|^0^|0|0|0|^ ^|^ ^|^ ^|^ ^|^^|^00^|^^|0|0|^^|^ ^
^2026^|^01^|^451604^|^015^|^08^|^WA^|^4715^|^EBA^|^34^|^02^|^2^|^994^|^002^|^ A^|^521119^|^178^|^A^|^0^|^0^|^ ^|^0^|0|0|0|^ ^|^ ^|^ ^|^ ^|^^|^00^|^^|0|0|^^|^ ^
^2026^|^01^|^451604^|^015^|^08^|^WA^|^4715^|^EBA^|^34^|^02^|^2^|^994^|^002^|^ A^|^521811^|^178^|^A^|^0^|^0^|^ ^|^0^|0|0|0|^ ^|^ ^|^ ^|^ ^|^^|^00^|^^|0|0|^^|^ ^
^2026^|^01^|^451604^|^015^|^08^|^WA^|^4715^|^EBA^|^34^|^02^|^2^|^994^|^002^|^ B^|^521114^|^178^|^A^|^0^|^0^|^ ^|^0^|0|0|0|^ ^|^ ^|^ ^|^ ^|^^|^00^|^^|0|0|^^|^ ^
^2026^|^01^|^451604^|^015^|^08^|^WA^|^4715^|^EBA^|^34^|^02^|^2^|^994^|^002^|^ C^|^521113^|^178^|^A^|^0^|^0^|^ ^|^0^|0|0|0|^ ^|^ ^|^ ^|^ ^|^^|^00^|^^|0|0|^^|^ ^
^2026^|^01^|^451604^|^015^|^08^|^WA^|^4715^|^EBA^|^34^|^02^|^2^|^994^|^002^|^ C^|^521115^|^178^|^A^|^0^|^0^|^ ^|^0^|0|0|0|^ ^|^ ^|^ ^|^ ^|^^|^00^|^^|0|0|^^|^ ^
^2026^|^01^|^451604^|^015^|^08^|^WA^|^4715^|^EBA^|^34^|^02^|^2^|^994^|^002^|^ C^|^521119^|^178^|^A^|^0^|^0^|^ ^|^0^|0|0|0|^ ^|^ ^|^ ^|^ ^|^^|^00^|^^|0|0|^^|^ ^
^2026^|^01^|^451604^|^015^|^08^|^WA^|^4715^|^EBA^|^34^|^02^|^2^|^994^|^002^|^ D^|^523121^|^178^|^A^|^0^|^0^|^ ^|^0^|0|0|0|^ ^|^ ^|^ ^|^ ^|^^|^00^|^^|0|0|^^|^ ^
^2026^|^01^|^451604^|^015^|^08^|^WA^|^4715^|^EBA^|^34^|^02^|^2^|^994^|^002^|^TJ^|^523121^|^178^|^A^|^0^|^0^|^ ^|^0^|0|0|0|^ ^|^ ^|^ ^|^ ^|^^|^00^|^^|0|0|^^|^ ^
^2026^|^01^|^451604^|^015^|^08^|^WA^|^4715^|^EBA^|^34^|^02^|^2^|^002^|^100^|^ A^|^524111^|^178^|^A^|^0^|^0^|^ ^|^0^|0|0|0|^ ^|^ ^|^ ^|^ ^|^^|^00^|^^|0|0|^^|^ ^
^2026^|^01^|^451604^|^015^|^08^|^WA^|^4715^|^EBA^|^34^|^02^|^2^|^002^|^100^|^ A^|^524113^|^178^|^A^|^0^|^0^|^ ^|^0^|0|0|0|^ ^|^ ^|^ ^|^ ^|^^|^00^|^^|0|0|^^|^ ^
^2026^|^01^|^451604^|^015^|^08^|^WA^|^4715^|^EBD^|^34^|^02^|^2^|^Z36^|^100^|^ B^|^524113^|^178^|^A^|^0^|^0^|^ ^|^0^|0|0|0|^ ^|^ ^|^ ^|^ ^|^^|^00^|^^|0|0|^^|^ ^
^2026^|^01^|^451604^|^015^|^08^|^WA^|^4718^|^BMB^|^34^|^02^|^2^|^002^|^100^|^ A^|^521219^|^178^|^A^|^0^|^0^|^ ^|^0^|0|0|0|^ ^|^ ^|^ ^|^ ^|^^|^00^|^^|0|0|^^|^ ^
^2026^|^01^|^451604^|^015^|^08^|^WA^|^4718^|^BMB^|^34^|^02^|^2^|^001^|^100^|^ A^|^521211^|^178^|^A^|^0^|^0^|^ ^|^0^|0|0|0|^ ^|^ ^|^ ^|^ ^|^^|^00^|^^|0|0|^^|^ ^
^2026^|^01^|^451604^|^015^|^08^|^WA^|^4719^|^EBA^|^34^|^02^|^2^|^994^|^001^|^ A^|^511129^|^178^|^A^|^0^|^0^|^ ^|^0^|0|0|0|^ ^|^ ^|^ ^|^ ^|^^|^00^|^^|0|0|^^|^ ^
^2026^|^01^|^451604^|^015^|^08^|^WA^|^4719^|^EBA^|^34^|^02^|^2^|^994^|^001^|^ A^|^512211^|^178^|^A^|^0^|^0^|^ ^|^0^|0|0|0|^ ^|^ ^|^ ^|^ ^|^^|^00^|^^|0|0|^^|^ ^
^2026^|^01^|^451604^|^015^|^08^|^WA^|^4719^|^EBA^|^34^|^02^|^2^|^004^|^100^|^ A^|^521211^|^178^|^A^|^0^|^0^|^ ^|^0^|0|0|0|^ ^|^ ^|^ ^|^ ^|^^|^00^|^^|0|0|^^|^ ^
^2026^|^01^|^451604^|^015^|^08^|^WA^|^4719^|^EBC^|^34^|^02^|^2^|^001^|^100^|^XC^|^521211^|^178^|^A^|^0^|^0^|^ ^|^0^|0|0|0|^ ^|^ ^|^ ^|^ ^|^^|^00^|^^|0|0|^^|^ ^
^2026^|^01^|^451604^|^015^|^08^|^WA^|^4719^|^EBC^|^34^|^02^|^2^|^001^|^100^|^XC^|^522151^|^178^|^A^|^0^|^0^|^ ^|^0^|0|0|0|^ ^|^ ^|^ ^|^ ^|^^|^00^|^^|0|0|^^|^ ^
^2026^|^01^|^451604^|^015^|^08^|^WA^|^4719^|^EBC^|^34^|^02^|^2^|^001^|^100^|^XC^|^524113^|^178^|^A^|^0^|^0^|^ ^|^0^|0|0|0|^ ^|^ ^|^ ^|^ ^|^^|^00^|^^|0|0|^^|^ ^
^2026^|^01^|^452878^|^015^|^08^|^CD^|^6212^|^BMB^|^28^|^03^|^2^|^001^|^100^|^ A^|^524111^|^112^|^A^|^0^|^0^|^ ^|^0^|0|0|0|^ ^|^ ^|^ ^|^ ^|^^|^00^|^^|0|0|^^|^ ^
^2026^|^01^|^452878^|^015^|^08^|^CD^|^6212^|^BMB^|^28^|^03^|^2^|^001^|^100^|^ A^|^524113^|^112^|^A^|^0^|^0^|^ ^|^0^|0|0|0|^ ^|^ ^|^ ^|^ ^|^^|^00^|^^|0|0|^^|^ ^
^2026^|^01^|^452878^|^015^|^08^|^CD^|^6212^|^FAC^|^28^|^03^|^2^|^001^|^100^|^ A^|^521211^|^112^|^A^|^0^|^0^|^ ^|^0^|0|0|0|^ ^|^ ^|^ ^|^ ^|^^|^00^|^^|0|0|^^|^ ^
^2026^|^01^|^452878^|^015^|^08^|^CD^|^6212^|^FAC^|^28^|^03^|^2^|^001^|^100^|^ B^|^521211^|^112^|^A^|^0^|^0^|^ ^|^0^|0|0|0|^ ^|^ ^|^ ^|^ ^|^^|^00^|^^|0|0|^^|^ ^
^2026^|^01^|^452878^|^015^|^08^|^CD^|^6212^|^FAH^|^28^|^03^|^2^|^001^|^100^|^ A^|^521211^|^112^|^A^|^0^|^0^|^ ^|^0^|0|0|0|^ ^|^ ^|^ ^|^ ^|^^|^00^|^^|0|0|^^|^ ^
^2026^|^01^|^452878^|^015^|^08^|^CD^|^6212^|^FAL^|^28^|^03^|^2^|^004^|^100^|^ A^|^521211^|^112^|^A^|^0^|^0^|^ ^|^0^|0|0|0|^ ^|^ ^|^ ^|^ ^|^^|^00^|^^|0|0|^^|^ ^
^2026^|^01^|^452878^|^015^|^08^|^CD^|^6212^|^FAL^|^28^|^03^|^2^|^004^|^100^|^ B^|^521211^|^112^|^A^|^0^|^0^|^ ^|^0^|0|0|0|^ ^|^ ^|^ ^|^ ^|^^|^00^|^^|0|0|^^|^ ^
^2026^|^01^|^452878^|^015^|^08^|^CD^|^6212^|^FAL^|^28^|^03^|^2^|^004^|^100^|^ D^|^524111^|^112^|^A^|^0^|^0^|^ ^|^0^|0|0|0|^ ^|^ ^|^ ^|^ ^|^^|^00^|^^|0|0|^^|^ ^
^2026^|^01^|^452878^|^015^|^08^|^CD^|^6212^|^FAL^|^28^|^03^|^2^|^004^|^100^|^ D^|^524113^|^112^|^A^|^0^|^0^|^ ^|^0^|0|0|0|^ ^|^ ^|^ ^|^ ^|^^|^00^|^^|0|0|^^|^ ^
^2026^|^01^|^452878^|^015^|^08^|^CD^|^6213^|^FAC^|^28^|^03^|^2^|^001^|^100^|^ A^|^521211^|^112^|^A^|^0^|^0^|^ ^|^0^|0|0|0|^ ^|^ ^|^ ^|^ ^|^^|^00^|^^|0|0|^^|^ ^
^2026^|^01^|^452878^|^015^|^08^|^CD^|^6213^|^FAE^|^28^|^03^|^2^|^009^|^100^|^ A^|^524111^|^112^|^A^|^0^|^0^|^ ^|^0^|0|0|0|^ ^|^ ^|^ ^|^ ^|^^|^00^|^^|0|0|^^|^ ^
^2026^|^01^|^452878^|^015^|^08^|^CD^|^6213^|^FAE^|^28^|^03^|^2^|^009^|^100^|^ A^|^524113^|^112^|^A^|^0^|^0^|^ ^|^0^|0|0|0|^ ^|^ ^|^ ^|^ ^|^^|^00^|^^|0|0|^^|^ ^
^2026^|^01^|^452878^|^015^|^08^|^CD^|^6213^|^FAL^|^28^|^03^|^2^|^003^|^100^|^ A^|^524111^|^112^|^A^|^0^|^0^|^ ^|^0^|0|0|0|^ ^|^ ^|^ ^|^ ^|^^|^00^|^^|0|0|^^|^ ^
^2026^|^01^|^452878^|^015^|^08^|^CD^|^6213^|^FAL^|^28^|^03^|^2^|^003^|^100^|^ A^|^524113^|^112^|^A^|^0^|^0^|^ ^|^0^|0|0|0|^ ^|^ ^|^ ^|^ ^|^^|^00^|^^|0|0|^^|^ ^
^2026^|^01^|^452878^|^015^|^08^|^CD^|^6214^|^FAL^|^28^|^03^|^2^|^002^|^100^|^ A^|^521211^|^112^|^A^|^0^|^0^|^ ^|^0^|0|0|0|^ ^|^ ^|^ ^|^ ^|^^|^00^|^^|0|0|^^|^ ^
^2026^|^01^|^452878^|^015^|^08^|^CD^|^6214^|^FAL^|^28^|^03^|^2^|^002^|^100^|^ B^|^521211^|^112^|^A^|^0^|^0^|^ ^|^0^|0|0|0|^ ^|^ ^|^ ^|^ ^|^^|^00^|^^|0|0|^^|^ ^
^2026^|^01^|^452878^|^015^|^08^|^CD^|^6215^|^FAH^|^28^|^03^|^2^|^003^|^100^|^ A^|^521211^|^112^|^A^|^0^|^0^|^ ^|^0^|0|0|0|^ ^|^ ^|^ ^|^ ^|^^|^00^|^^|0|0|^^|^ ^
^2026^|^01^|^452878^|^015^|^08^|^CD^|^6215^|^FAH^|^28^|^03^|^2^|^003^|^100^|^ B^|^524111^|^112^|^A^|^0^|^0^|^ ^|^0^|0|0|0|^ ^|^ ^|^ ^|^ ^|^^|^00^|^^|0|0|^^|^ ^
^2026^|^01^|^452878^|^015^|^08^|^WA^|^4715^|^EBA^|^28^|^03^|^2^|^001^|^100^|^ A^|^521811^|^112^|^A^|^0^|^0^|^ ^|^0^|0|0|0|^ ^|^ ^|^ ^|^ ^|^^|^00^|^^|0|0|^^|^ ^
^2026^|^01^|^452878^|^015^|^08^|^WA^|^4715^|^EBA^|^28^|^03^|^2^|^001^|^100^|^ B^|^522151^|^112^|^A^|^0^|^0^|^ ^|^0^|0|0|0|^ ^|^ ^|^ ^|^ ^|^^|^00^|^^|0|0|^^|^ ^
^2026^|^01^|^452878^|^015^|^08^|^WA^|^4715^|^EBA^|^28^|^03^|^2^|^001^|^100^|^ B^|^524111^|^112^|^A^|^0^|^0^|^ ^|^0^|0|0|0|^ ^|^ ^|^ ^|^ ^|^^|^00^|^^|0|0|^^|^ ^
^2026^|^01^|^452878^|^015^|^08^|^WA^|^4715^|^EBA^|^28^|^03^|^2^|^994^|^002^|^ A^|^521111^|^112^|^A^|^0^|^0^|^ ^|^0^|0|0|0|^ ^|^ ^|^ ^|^ ^|^^|^00^|^^|0|0|^^|^ ^
^2026^|^01^|^452878^|^015^|^08^|^WA^|^4715^|^EBA^|^28^|^03^|^2^|^994^|^002^|^ A^|^521119^|^112^|^A^|^0^|^0^|^ ^|^0^|0|0|0|^ ^|^ ^|^ ^|^ ^|^^|^00^|^^|0|0|^^|^ ^
^2026^|^01^|^452878^|^015^|^08^|^WA^|^4715^|^EBA^|^28^|^03^|^2^|^994^|^002^|^ A^|^521811^|^112^|^A^|^0^|^0^|^ ^|^0^|0|0|0|^ ^|^ ^|^ ^|^ ^|^^|^00^|^^|0|0|^^|^ ^
^2026^|^01^|^452878^|^015^|^08^|^WA^|^4715^|^EBA^|^28^|^03^|^2^|^994^|^002^|^ B^|^521114^|^112^|^A^|^0^|^0^|^ ^|^0^|0|0|0|^ ^|^ ^|^ ^|^ ^|^^|^00^|^^|0|0|^^|^ ^
^2026^|^01^|^452878^|^015^|^08^|^WA^|^4715^|^EBA^|^28^|^03^|^2^|^994^|^002^|^ C^|^521113^|^112^|^A^|^0^|^0^|^ ^|^0^|0|0|0|^ ^|^ ^|^ ^|^ ^|^^|^00^|^^|0|0|^^|^ ^
^2026^|^01^|^452878^|^015^|^08^|^WA^|^4715^|^EBA^|^28^|^03^|^2^|^994^|^002^|^ C^|^521115^|^112^|^A^|^0^|^0^|^ ^|^0^|0|0|0|^ ^|^ ^|^ ^|^ ^|^^|^00^|^^|0|0|^^|^ ^
^2026^|^01^|^452878^|^015^|^08^|^WA^|^4715^|^EBA^|^28^|^03^|^2^|^994^|^002^|^ C^|^521119^|^112^|^A^|^0^|^0^|^ ^|^0^|0|0|0|^ ^|^ ^|^ ^|^ ^|^^|^00^|^^|0|0|^^|^ ^
^2026^|^01^|^452878^|^015^|^08^|^WA^|^4715^|^EBA^|^28^|^03^|^2^|^994^|^002^|^ D^|^523121^|^112^|^A^|^0^|^0^|^ ^|^0^|0|0|0|^ ^|^ ^|^ ^|^ ^|^^|^00^|^^|0|0|^^|^ ^
^2026^|^01^|^452878^|^015^|^08^|^WA^|^4715^|^EBA^|^28^|^03^|^2^|^994^|^002^|^ G^|^523111^|^112^|^A^|^0^|^0^|^ ^|^0^|0|0|0|^ ^|^ ^|^ ^|^ ^|^^|^00^|^^|0|0|^^|^ ^
^2026^|^01^|^452878^|^015^|^08^|^WA^|^4715^|^EBA^|^28^|^03^|^2^|^994^|^002^|^ G^|^523119^|^112^|^A^|^0^|^0^|^ ^|^0^|0|0|0|^ ^|^ ^|^ ^|^ ^|^^|^00^|^^|0|0|^^|^ ^
^2026^|^01^|^452878^|^015^|^08^|^WA^|^4715^|^EBA^|^28^|^03^|^2^|^994^|^002^|^TJ^|^523121^|^112^|^A^|^0^|^0^|^ ^|^0^|0|0|0|^ ^|^ ^|^ ^|^ ^|^^|^00^|^^|0|0|^^|^ ^
^2026^|^01^|^452878^|^015^|^08^|^WA^|^4715^|^EBA^|^28^|^03^|^2^|^002^|^100^|^ A^|^524111^|^112^|^A^|^0^|^0^|^ ^|^0^|0|0|0|^ ^|^ ^|^ ^|^ ^|^^|^00^|^^|0|0|^^|^ ^
^2026^|^01^|^452878^|^015^|^08^|^WA^|^4715^|^EBA^|^28^|^03^|^2^|^002^|^100^|^ A^|^524113^|^112^|^A^|^0^|^0^|^ ^|^0^|0|0|0|^ ^|^ ^|^ ^|^ ^|^^|^00^|^^|0|0|^^|^ ^
^2026^|^01^|^452878^|^015^|^08^|^WA^|^4715^|^EBD^|^28^|^03^|^2^|^Z36^|^100^|^ B^|^524111^|^112^|^A^|^0^|^0^|^ ^|^0^|0|0|0|^ ^|^ ^|^ ^|^ ^|^^|^00^|^^|0|0|^^|^ ^
^2026^|^01^|^452878^|^015^|^08^|^WA^|^4718^|^BMB^|^28^|^03^|^2^|^002^|^100^|^ A^|^521219^|^112^|^A^|^0^|^0^|^ ^|^0^|0|0|0|^ ^|^ ^|^ ^|^ ^|^^|^00^|^^|0|0|^^|^ ^
^2026^|^01^|^452878^|^015^|^08^|^WA^|^4718^|^BMB^|^28^|^03^|^2^|^001^|^100^|^ A^|^521211^|^112^|^A^|^0^|^0^|^ ^|^0^|0|0|0|^ ^|^ ^|^ ^|^ ^|^^|^00^|^^|0|0|^^|^ ^
^2026^|^01^|^452878^|^015^|^08^|^WA^|^4719^|^EBA^|^28^|^03^|^2^|^994^|^001^|^ A^|^511129^|^112^|^A^|^0^|^0^|^ ^|^0^|0|0|0|^ ^|^ ^|^ ^|^ ^|^^|^00^|^^|0|0|^^|^ ^
^2026^|^01^|^452878^|^015^|^08^|^WA^|^4719^|^EBA^|^28^|^03^|^2^|^994^|^001^|^ A^|^512211^|^112^|^A^|^0^|^0^|^ ^|^0^|0|0|0|^ ^|^ ^|^ ^|^ ^|^^|^00^|^^|0|0|^^|^ ^
^2026^|^01^|^452878^|^015^|^08^|^WA^|^4719^|^EBA^|^28^|^03^|^2^|^004^|^100^|^ A^|^521211^|^112^|^A^|^0^|^0^|^ ^|^0^|0|0|0|^ ^|^ ^|^ ^|^ ^|^^|^00^|^^|0|0|^^|^ ^
^2026^|^01^|^452878^|^015^|^08^|^WA^|^4719^|^EBC^|^28^|^03^|^2^|^001^|^100^|^XC^|^521211^|^112^|^A^|^0^|^0^|^ ^|^0^|0|0|0|^ ^|^ ^|^ ^|^ ^|^^|^00^|^^|0|0|^^|^ ^
^2026^|^01^|^452878^|^015^|^08^|^WA^|^4719^|^EBC^|^28^|^03^|^2^|^001^|^100^|^XC^|^522151^|^112^|^A^|^0^|^0^|^ ^|^0^|0|0|0|^ ^|^ ^|^ ^|^ ^|^^|^00^|^^|0|0|^^|^ ^
^2026^|^01^|^452878^|^015^|^08^|^WA^|^4719^|^EBC^|^28^|^03^|^2^|^001^|^100^|^XC^|^524113^|^112^|^A^|^0^|^0^|^ ^|^0^|0|0|0|^ ^|^ ^|^ ^|^ ^|^^|^00^|^^|0|0|^^|^ ^
^2026^|^01^|^451547^|^015^|^08^|^CD^|^6212^|^BMB^|^03^|^51^|^2^|^001^|^100^|^ A^|^524111^|^026^|^A^|^0^|^0^|^ ^|^0^|0|0|0|^ ^|^ ^|^ ^|^ ^|^^|^00^|^^|0|0|^^|^ ^
^2026^|^01^|^451547^|^015^|^08^|^CD^|^6212^|^BMB^|^03^|^51^|^2^|^001^|^100^|^ A^|^524113^|^026^|^A^|^0^|^0^|^ ^|^0^|0|0|0|^ ^|^ ^|^ ^|^ ^|^^|^00^|^^|0|0|^^|^ ^
^2026^|^01^|^451547^|^015^|^08^|^CD^|^6212^|^FAC^|^03^|^51^|^2^|^001^|^100^|^ A^|^521211^|^026^|^A^|^0^|^0^|^ ^|^0^|0|0|0|^ ^|^ ^|^ ^|^ ^|^^|^00^|^^|0|0|^^|^ ^
^2026^|^01^|^451547^|^015^|^08^|^CD^|^6212^|^FAC^|^03^|^51^|^2^|^001^|^100^|^ B^|^521211^|^026^|^A^|^0^|^0^|^ ^|^0^|0|0|0|^ ^|^ ^|^ ^|^ ^|^^|^00^|^^|0|0|^^|^ ^
^2026^|^01^|^451547^|^015^|^08^|^CD^|^6212^|^FAH^|^03^|^51^|^2^|^001^|^100^|^ A^|^521211^|^026^|^A^|^0^|^0^|^ ^|^0^|0|0|0|^ ^|^ ^|^ ^|^ ^|^^|^00^|^^|0|0|^^|^ ^
^2026^|^01^|^451547^|^015^|^08^|^CD^|^6212^|^FAL^|^03^|^51^|^2^|^004^|^100^|^ A^|^521211^|^026^|^A^|^0^|^0^|^ ^|^0^|0|0|0|^ ^|^ ^|^ ^|^ ^|^^|^00^|^^|0|0|^^|^ ^
^2026^|^01^|^451547^|^015^|^08^|^CD^|^6212^|^FAL^|^03^|^51^|^2^|^004^|^100^|^ B^|^521211^|^026^|^A^|^0^|^0^|^ ^|^0^|0|0|0|^ ^|^ ^|^ ^|^ ^|^^|^00^|^^|0|0|^^|^ ^
^2026^|^01^|^451547^|^015^|^08^|^CD^|^6212^|^FAL^|^03^|^51^|^2^|^004^|^100^|^ D^|^524111^|^026^|^A^|^0^|^0^|^ ^|^0^|0|0|0|^ ^|^ ^|^ ^|^ ^|^^|^00^|^^|0|0|^^|^ ^
^2026^|^01^|^451547^|^015^|^08^|^CD^|^6212^|^FAL^|^03^|^51^|^2^|^004^|^100^|^ D^|^524113^|^026^|^A^|^0^|^0^|^ ^|^0^|0|0|0|^ ^|^ ^|^ ^|^ ^|^^|^00^|^^|0|0|^^|^ ^
^2026^|^01^|^451547^|^015^|^08^|^CD^|^6213^|^FAC^|^03^|^51^|^2^|^001^|^100^|^ A^|^521211^|^026^|^A^|^0^|^0^|^ ^|^0^|0|0|0|^ ^|^ ^|^ ^|^ ^|^^|^00^|^^|0|0|^^|^ ^
^2026^|^01^|^451547^|^015^|^08^|^CD^|^6213^|^FAE^|^03^|^51^|^2^|^009^|^100^|^ A^|^524111^|^026^|^A^|^0^|^0^|^ ^|^0^|0|0|0|^ ^|^ ^|^ ^|^ ^|^^|^00^|^^|0|0|^^|^ ^
^2026^|^01^|^451547^|^015^|^08^|^CD^|^6213^|^FAE^|^03^|^51^|^2^|^009^|^100^|^ A^|^524113^|^026^|^A^|^0^|^0^|^ ^|^0^|0|0|0|^ ^|^ ^|^ ^|^ ^|^^|^00^|^^|0|0|^^|^ ^
^2026^|^01^|^451547^|^015^|^08^|^CD^|^6213^|^FAL^|^03^|^51^|^2^|^003^|^100^|^ A^|^524111^|^026^|^A^|^0^|^0^|^ ^|^0^|0|0|0|^ ^|^ ^|^ ^|^ ^|^^|^00^|^^|0|0|^^|^ ^
^2026^|^01^|^451547^|^015^|^08^|^CD^|^6213^|^FAL^|^03^|^51^|^2^|^003^|^100^|^ A^|^524113^|^026^|^A^|^0^|^0^|^ ^|^0^|0|0|0|^ ^|^ ^|^ ^|^ ^|^^|^00^|^^|0|0|^^|^ ^
^2026^|^01^|^451547^|^015^|^08^|^CD^|^6214^|^FAL^|^03^|^51^|^2^|^002^|^100^|^ A^|^521211^|^026^|^A^|^0^|^0^|^ ^|^0^|0|0|0|^ ^|^ ^|^ ^|^ ^|^^|^00^|^^|0|0|^^|^ ^
^2026^|^01^|^451547^|^015^|^08^|^CD^|^6214^|^FAL^|^03^|^51^|^2^|^002^|^100^|^ B^|^521211^|^026^|^A^|^0^|^0^|^ ^|^0^|0|0|0|^ ^|^ ^|^ ^|^ ^|^^|^00^|^^|0|0|^^|^ ^
^2026^|^01^|^451547^|^015^|^08^|^CD^|^6215^|^FAH^|^03^|^51^|^2^|^003^|^100^|^ A^|^521211^|^026^|^A^|^0^|^0^|^ ^|^0^|0|0|0|^ ^|^ ^|^ ^|^ ^|^^|^00^|^^|0|0|^^|^ ^
^2026^|^01^|^451547^|^015^|^08^|^CD^|^6215^|^FAH^|^03^|^51^|^2^|^003^|^100^|^ B^|^524113^|^026^|^A^|^0^|^0^|^ ^|^0^|0|0|0|^ ^|^ ^|^ ^|^ ^|^^|^00^|^^|0|0|^^|^ ^
^2026^|^01^|^451547^|^015^|^08^|^WA^|^4715^|^EBA^|^03^|^51^|^2^|^001^|^100^|^ A^|^521811^|^026^|^A^|^0^|^0^|^ ^|^0^|0|0|0|^ ^|^ ^|^ ^|^ ^|^^|^00^|^^|0|0|^^|^ ^
^2026^|^01^|^451547^|^015^|^08^|^WA^|^4715^|^EBA^|^03^|^51^|^2^|^001^|^100^|^ B^|^522151^|^026^|^A^|^0^|^0^|^ ^|^0^|0|0|0|^ ^|^ ^|^ ^|^ ^|^^|^00^|^^|0|0|^^|^ ^
^2026^|^01^|^451547^|^015^|^08^|^WA^|^4715^|^EBA^|^03^|^51^|^2^|^001^|^100^|^ B^|^524113^|^026^|^A^|^0^|^0^|^ ^|^0^|0|0|0|^ ^|^ ^|^ ^|^ ^|^^|^00^|^^|0|0|^^|^ ^
^2026^|^01^|^451547^|^015^|^08^|^WA^|^4715^|^EBA^|^03^|^51^|^2^|^994^|^002^|^ A^|^521111^|^026^|^A^|^0^|^0^|^ ^|^0^|0|0|0|^ ^|^ ^|^ ^|^ ^|^^|^00^|^^|0|0|^^|^ ^
^2026^|^01^|^451547^|^015^|^08^|^WA^|^4715^|^EBA^|^03^|^51^|^2^|^994^|^002^|^ A^|^521119^|^026^|^A^|^0^|^0^|^ ^|^0^|0|0|0|^ ^|^ ^|^ ^|^ ^|^^|^00^|^^|0|0|^^|^ ^
^2026^|^01^|^451547^|^015^|^08^|^WA^|^4715^|^EBA^|^03^|^51^|^2^|^994^|^002^|^ A^|^521811^|^026^|^A^|^0^|^0^|^ ^|^0^|0|0|0|^ ^|^ ^|^ ^|^ ^|^^|^00^|^^|0|0|^^|^ ^
^2026^|^01^|^451547^|^015^|^08^|^WA^|^4715^|^EBA^|^03^|^51^|^2^|^994^|^002^|^ B^|^521114^|^026^|^A^|^0^|^0^|^ ^|^0^|0|0|0|^ ^|^ ^|^ ^|^ ^|^^|^00^|^^|0|0|^^|^ ^
^2026^|^01^|^451547^|^015^|^08^|^WA^|^4715^|^EBA^|^03^|^51^|^2^|^994^|^002^|^ B^|^522112^|^026^|^A^|^0^|^0^|^ ^|^0^|0|0|0|^ ^|^ ^|^ ^|^ ^|^^|^00^|^^|0|0|^^|^ ^
^2026^|^01^|^451547^|^015^|^08^|^WA^|^4715^|^EBA^|^03^|^51^|^2^|^994^|^002^|^ C^|^521113^|^026^|^A^|^0^|^0^|^ ^|^0^|0|0|0|^ ^|^ ^|^ ^|^ ^|^^|^00^|^^|0|0|^^|^ ^
^2026^|^01^|^451547^|^015^|^08^|^WA^|^4715^|^EBA^|^03^|^51^|^2^|^994^|^002^|^ C^|^521115^|^026^|^A^|^0^|^0^|^ ^|^0^|0|0|0|^ ^|^ ^|^ ^|^ ^|^^|^00^|^^|0|0|^^|^ ^
^2026^|^01^|^451547^|^015^|^08^|^WA^|^4715^|^EBA^|^03^|^51^|^2^|^994^|^002^|^ C^|^521119^|^026^|^A^|^0^|^0^|^ ^|^0^|0|0|0|^ ^|^ ^|^ ^|^ ^|^^|^00^|^^|0|0|^^|^ ^
^2026^|^01^|^451547^|^015^|^08^|^WA^|^4715^|^EBA^|^03^|^51^|^2^|^994^|^002^|^ D^|^523121^|^026^|^A^|^0^|^0^|^ ^|^0^|0|0|0|^ ^|^ ^|^ ^|^ ^|^^|^00^|^^|0|0|^^|^ ^
^2026^|^01^|^451547^|^015^|^08^|^WA^|^4715^|^EBA^|^03^|^51^|^2^|^994^|^002^|^ E^|^521119^|^026^|^A^|^0^|^0^|^ ^|^0^|0|0|0|^ ^|^ ^|^ ^|^ ^|^^|^00^|^^|0|0|^^|^ ^
^2026^|^01^|^451547^|^015^|^08^|^WA^|^4715^|^EBA^|^03^|^51^|^2^|^994^|^002^|^TJ^|^523121^|^026^|^A^|^0^|^0^|^ ^|^0^|0|0|0|^ ^|^ ^|^ ^|^ ^|^^|^00^|^^|0|0|^^|^ ^
^2026^|^01^|^451547^|^015^|^08^|^WA^|^4715^|^EBA^|^03^|^51^|^2^|^002^|^100^|^ A^|^524111^|^026^|^A^|^0^|^0^|^ ^|^0^|0|0|0|^ ^|^ ^|^ ^|^ ^|^^|^00^|^^|0|0|^^|^ ^
^2026^|^01^|^451547^|^015^|^08^|^WA^|^4715^|^EBA^|^03^|^51^|^2^|^002^|^100^|^ A^|^524113^|^026^|^A^|^0^|^0^|^ ^|^0^|0|0|0|^ ^|^ ^|^ ^|^ ^|^^|^00^|^^|0|0|^^|^ ^
^2026^|^01^|^451547^|^015^|^08^|^WA^|^4715^|^EBB^|^03^|^51^|^2^|^002^|^100^|^ A^|^532111^|^026^|^A^|^0^|^0^|^ ^|^0^|0|0|0|^ ^|^ ^|^ ^|^ ^|^^|^00^|^^|0|0|^^|^ ^
^2026^|^01^|^451547^|^015^|^08^|^WA^|^4715^|^EBD^|^03^|^51^|^2^|^Z36^|^100^|^ B^|^524113^|^026^|^A^|^0^|^0^|^ ^|^0^|0|0|0|^ ^|^ ^|^ ^|^ ^|^^|^00^|^^|0|0|^^|^ ^
^2026^|^01^|^451547^|^015^|^08^|^WA^|^4718^|^BMB^|^03^|^51^|^2^|^002^|^100^|^ A^|^521219^|^026^|^A^|^0^|^0^|^ ^|^0^|0|0|0|^ ^|^ ^|^ ^|^ ^|^^|^00^|^^|0|0|^^|^ ^
^2026^|^01^|^451547^|^015^|^08^|^WA^|^4718^|^BMB^|^03^|^51^|^2^|^001^|^100^|^ A^|^521211^|^026^|^A^|^0^|^0^|^ ^|^0^|0|0|0|^ ^|^ ^|^ ^|^ ^|^^|^00^|^^|0|0|^^|^ ^
^2026^|^01^|^451547^|^015^|^08^|^WA^|^4719^|^EBA^|^03^|^51^|^2^|^994^|^001^|^ A^|^511129^|^026^|^A^|^0^|^0^|^ ^|^0^|0|0|0|^ ^|^ ^|^ ^|^ ^|^^|^00^|^^|0|0|^^|^ ^
^2026^|^01^|^451547^|^015^|^08^|^WA^|^4719^|^EBA^|^03^|^51^|^2^|^994^|^001^|^ A^|^512211^|^026^|^A^|^0^|^0^|^ ^|^0^|0|0|0|^ ^|^ ^|^ ^|^ ^|^^|^00^|^^|0|0|^^|^ ^
^2026^|^01^|^451547^|^015^|^08^|^WA^|^4719^|^EBA^|^03^|^51^|^2^|^004^|^100^|^ A^|^521211^|^026^|^A^|^0^|^0^|^ ^|^0^|0|0|0|^ ^|^ ^|^ ^|^ ^|^^|^00^|^^|0|0|^^|^ ^
^2026^|^01^|^451547^|^015^|^08^|^WA^|^4719^|^EBC^|^03^|^51^|^2^|^001^|^100^|^XC^|^521211^|^026^|^A^|^0^|^0^|^ ^|^0^|0|0|0|^ ^|^ ^|^ ^|^ ^|^^|^00^|^^|0|0|^^|^ ^
^2026^|^01^|^451547^|^015^|^08^|^WA^|^4719^|^EBC^|^03^|^51^|^2^|^001^|^100^|^XC^|^522151^|^026^|^A^|^0^|^0^|^ ^|^0^|0|0|0|^ ^|^ ^|^ ^|^ ^|^^|^00^|^^|0|0|^^|^ ^
^2026^|^01^|^451547^|^015^|^08^|^WA^|^4719^|^EBC^|^03^|^51^|^2^|^001^|^100^|^XC^|^524113^|^026^|^A^|^0^|^0^|^ ^|^0^|0|0|0|^ ^|^ ^|^ ^|^ ^|^^|^00^|^^|0|0|^^|^ ^
^2026^|^01^|^451562^|^015^|^08^|^CD^|^6212^|^BMB^|^07^|^51^|^2^|^001^|^100^|^ A^|^524111^|^123^|^A^|^0^|^0^|^ ^|^0^|0|0|0|^ ^|^ ^|^ ^|^ ^|^^|^00^|^^|0|0|^^|^ ^
^2026^|^01^|^451562^|^015^|^08^|^CD^|^6212^|^BMB^|^07^|^51^|^2^|^001^|^100^|^ A^|^524113^|^123^|^A^|^0^|^0^|^ ^|^0^|0|0|0|^ ^|^ ^|^ ^|^ ^|^^|^00^|^^|0|0|^^|^ ^
^2026^|^01^|^451562^|^015^|^08^|^CD^|^6212^|^FAC^|^07^|^51^|^2^|^001^|^100^|^ A^|^521211^|^123^|^A^|^0^|^0^|^ ^|^0^|0|0|0|^ ^|^ ^|^ ^|^ ^|^^|^00^|^^|0|0|^^|^ ^
^2026^|^01^|^451562^|^015^|^08^|^CD^|^6212^|^FAC^|^07^|^51^|^2^|^001^|^100^|^ B^|^521211^|^123^|^A^|^0^|^0^|^ ^|^0^|0|0|0|^ ^|^ ^|^ ^|^ ^|^^|^00^|^^|0|0|^^|^ ^
^2026^|^01^|^451562^|^015^|^08^|^CD^|^6212^|^FAH^|^07^|^51^|^2^|^001^|^100^|^ A^|^521211^|^123^|^A^|^0^|^0^|^ ^|^0^|0|0|0|^ ^|^ ^|^ ^|^ ^|^^|^00^|^^|0|0|^^|^ ^
^2026^|^01^|^451562^|^015^|^08^|^CD^|^6212^|^FAL^|^07^|^51^|^2^|^004^|^100^|^ A^|^521211^|^123^|^A^|^0^|^0^|^ ^|^0^|0|0|0|^ ^|^ ^|^ ^|^ ^|^^|^00^|^^|0|0|^^|^ ^
^2026^|^01^|^451562^|^015^|^08^|^CD^|^6212^|^FAL^|^07^|^51^|^2^|^004^|^100^|^ B^|^521211^|^123^|^A^|^0^|^0^|^ ^|^0^|0|0|0|^ ^|^ ^|^ ^|^ ^|^^|^00^|^^|0|0|^^|^ ^
^2026^|^01^|^451562^|^015^|^08^|^CD^|^6212^|^FAL^|^07^|^51^|^2^|^004^|^100^|^ C^|^524111^|^123^|^A^|^0^|^0^|^ ^|^0^|0|0|0|^ ^|^ ^|^ ^|^ ^|^^|^00^|^^|0|0|^^|^ ^
^2026^|^01^|^451562^|^015^|^08^|^CD^|^6212^|^FAL^|^07^|^51^|^2^|^004^|^100^|^ C^|^524113^|^123^|^A^|^0^|^0^|^ ^|^0^|0|0|0|^ ^|^ ^|^ ^|^ ^|^^|^00^|^^|0|0|^^|^ ^
^2026^|^01^|^451562^|^015^|^08^|^CD^|^6213^|^FAC^|^07^|^51^|^2^|^001^|^100^|^ A^|^521211^|^123^|^A^|^0^|^0^|^ ^|^0^|0|0|0|^ ^|^ ^|^ ^|^ ^|^^|^00^|^^|0|0|^^|^ ^
^2026^|^01^|^451562^|^015^|^08^|^CD^|^6213^|^FAE^|^07^|^51^|^2^|^009^|^100^|^ A^|^524111^|^123^|^A^|^0^|^0^|^ ^|^0^|0|0|0|^ ^|^ ^|^ ^|^ ^|^^|^00^|^^|0|0|^^|^ ^
^2026^|^01^|^451562^|^015^|^08^|^CD^|^6213^|^FAE^|^07^|^51^|^2^|^009^|^100^|^ A^|^524113^|^123^|^A^|^0^|^0^|^ ^|^0^|0|0|0|^ ^|^ ^|^ ^|^ ^|^^|^00^|^^|0|0|^^|^ ^
^2026^|^01^|^451562^|^015^|^08^|^CD^|^6213^|^FAL^|^07^|^51^|^2^|^003^|^100^|^ A^|^524111^|^123^|^A^|^0^|^0^|^ ^|^0^|0|0|0|^ ^|^ ^|^ ^|^ ^|^^|^00^|^^|0|0|^^|^ ^
^2026^|^01^|^451562^|^015^|^08^|^CD^|^6213^|^FAL^|^07^|^51^|^2^|^003^|^100^|^ A^|^524113^|^123^|^A^|^0^|^0^|^ ^|^0^|0|0|0|^ ^|^ ^|^ ^|^ ^|^^|^00^|^^|0|0|^^|^ ^
^2026^|^01^|^451562^|^015^|^08^|^CD^|^6214^|^FAL^|^07^|^51^|^2^|^002^|^100^|^ A^|^521211^|^123^|^A^|^0^|^0^|^ ^|^0^|0|0|0|^ ^|^ ^|^ ^|^ ^|^^|^00^|^^|0|0|^^|^ ^
^2026^|^01^|^451562^|^015^|^08^|^CD^|^6214^|^FAL^|^07^|^51^|^2^|^002^|^100^|^ B^|^521211^|^123^|^A^|^0^|^0^|^ ^|^0^|0|0|0|^ ^|^ ^|^ ^|^ ^|^^|^00^|^^|0|0|^^|^ ^
^2026^|^01^|^451562^|^015^|^08^|^CD^|^6215^|^FAH^|^07^|^51^|^2^|^003^|^100^|^ A^|^521211^|^123^|^A^|^0^|^0^|^ ^|^0^|0|0|0|^ ^|^ ^|^ ^|^ ^|^^|^00^|^^|0|0|^^|^ ^
^2026^|^01^|^451562^|^015^|^08^|^CD^|^6215^|^FAH^|^07^|^51^|^2^|^003^|^100^|^ B^|^524113^|^123^|^A^|^0^|^0^|^ ^|^0^|0|0|0|^ ^|^ ^|^ ^|^ ^|^^|^00^|^^|0|0|^^|^ ^
^2026^|^01^|^451562^|^015^|^08^|^WA^|^4715^|^EBA^|^07^|^51^|^2^|^001^|^100^|^ A^|^521811^|^123^|^A^|^0^|^0^|^ ^|^0^|0|0|0|^ ^|^ ^|^ ^|^ ^|^^|^00^|^^|0|0|^^|^ ^
^2026^|^01^|^451562^|^015^|^08^|^WA^|^4715^|^EBA^|^07^|^51^|^2^|^001^|^100^|^ B^|^522151^|^123^|^A^|^0^|^0^|^ ^|^0^|0|0|0|^ ^|^ ^|^ ^|^ ^|^^|^00^|^^|0|0|^^|^ ^
^2026^|^01^|^451562^|^015^|^08^|^WA^|^4715^|^EBA^|^07^|^51^|^2^|^001^|^100^|^ B^|^524113^|^123^|^A^|^0^|^0^|^ ^|^0^|0|0|0|^ ^|^ ^|^ ^|^ ^|^^|^00^|^^|0|0|^^|^ ^
^2026^|^01^|^451562^|^015^|^08^|^WA^|^4715^|^EBA^|^07^|^51^|^2^|^994^|^002^|^ A^|^521111^|^123^|^A^|^0^|^0^|^ ^|^0^|0|0|0|^ ^|^ ^|^ ^|^ ^|^^|^00^|^^|0|0|^^|^ ^
^2026^|^01^|^451562^|^015^|^08^|^WA^|^4715^|^EBA^|^07^|^51^|^2^|^994^|^002^|^ A^|^521119^|^123^|^A^|^0^|^0^|^ ^|^0^|0|0|0|^ ^|^ ^|^ ^|^ ^|^^|^00^|^^|0|0|^^|^ ^
^2026^|^01^|^451562^|^015^|^08^|^WA^|^4715^|^EBA^|^07^|^51^|^2^|^994^|^002^|^ A^|^521811^|^123^|^A^|^0^|^0^|^ ^|^0^|0|0|0|^ ^|^ ^|^ ^|^ ^|^^|^00^|^^|0|0|^^|^ ^
^2026^|^01^|^451562^|^015^|^08^|^WA^|^4715^|^EBA^|^07^|^51^|^2^|^994^|^002^|^ B^|^521114^|^123^|^A^|^0^|^0^|^ ^|^0^|0|0|0|^ ^|^ ^|^ ^|^ ^|^^|^00^|^^|0|0|^^|^ ^
^2026^|^01^|^451562^|^015^|^08^|^WA^|^4715^|^EBA^|^07^|^51^|^2^|^994^|^002^|^ C^|^521113^|^123^|^A^|^0^|^0^|^ ^|^0^|0|0|0|^ ^|^ ^|^ ^|^ ^|^^|^00^|^^|0|0|^^|^ ^
^2026^|^01^|^451562^|^015^|^08^|^WA^|^4715^|^EBA^|^07^|^51^|^2^|^994^|^002^|^ C^|^521115^|^123^|^A^|^0^|^0^|^ ^|^0^|0|0|0|^ ^|^ ^|^ ^|^ ^|^^|^00^|^^|0|0|^^|^ ^
^2026^|^01^|^451562^|^015^|^08^|^WA^|^4715^|^EBA^|^07^|^51^|^2^|^994^|^002^|^ C^|^521119^|^123^|^A^|^0^|^0^|^ ^|^0^|0|0|0|^ ^|^ ^|^ ^|^ ^|^^|^00^|^^|0|0|^^|^ ^
^2026^|^01^|^451562^|^015^|^08^|^WA^|^4715^|^EBA^|^07^|^51^|^2^|^994^|^002^|^ D^|^523121^|^123^|^A^|^0^|^0^|^ ^|^0^|0|0|0|^ ^|^ ^|^ ^|^ ^|^^|^00^|^^|0|0|^^|^ ^
^2026^|^01^|^451562^|^015^|^08^|^WA^|^4715^|^EBA^|^07^|^51^|^2^|^994^|^002^|^TJ^|^523121^|^123^|^A^|^0^|^0^|^ ^|^0^|0|0|0|^ ^|^ ^|^ ^|^ ^|^^|^00^|^^|0|0|^^|^ ^
^2026^|^01^|^451562^|^015^|^08^|^WA^|^4715^|^EBA^|^07^|^51^|^2^|^002^|^100^|^ A^|^524111^|^123^|^A^|^0^|^0^|^ ^|^0^|0|0|0|^ ^|^ ^|^ ^|^ ^|^^|^00^|^^|0|0|^^|^ ^
^2026^|^01^|^451562^|^015^|^08^|^WA^|^4715^|^EBA^|^07^|^51^|^2^|^002^|^100^|^ A^|^524113^|^123^|^A^|^0^|^0^|^ ^|^0^|0|0|0|^ ^|^ ^|^ ^|^ ^|^^|^00^|^^|0|0|^^|^ ^
^2026^|^01^|^451562^|^015^|^08^|^WA^|^4715^|^EBD^|^07^|^51^|^2^|^Z36^|^100^|^ B^|^524113^|^123^|^A^|^0^|^0^|^ ^|^0^|0|0|0|^ ^|^ ^|^ ^|^ ^|^^|^00^|^^|0|0|^^|^ ^
^2026^|^01^|^451562^|^015^|^08^|^WA^|^4718^|^BMB^|^07^|^51^|^2^|^002^|^100^|^ A^|^521219^|^123^|^A^|^0^|^0^|^ ^|^0^|0|0|0|^ ^|^ ^|^ ^|^ ^|^^|^00^|^^|0|0|^^|^ ^
^2026^|^01^|^451562^|^015^|^08^|^WA^|^4718^|^BMB^|^07^|^51^|^2^|^001^|^100^|^ A^|^521211^|^123^|^A^|^0^|^0^|^ ^|^0^|0|0|0|^ ^|^ ^|^ ^|^ ^|^^|^00^|^^|0|0|^^|^ ^
^2026^|^01^|^451562^|^015^|^08^|^WA^|^4719^|^EBA^|^07^|^51^|^2^|^994^|^001^|^ A^|^511129^|^123^|^A^|^0^|^0^|^ ^|^0^|0|0|0|^ ^|^ ^|^ ^|^ ^|^^|^00^|^^|0|0|^^|^ ^
^2026^|^01^|^451562^|^015^|^08^|^WA^|^4719^|^EBA^|^07^|^51^|^2^|^994^|^001^|^ A^|^512211^|^123^|^A^|^0^|^0^|^ ^|^0^|0|0|0|^ ^|^ ^|^ ^|^ ^|^^|^00^|^^|0|0|^^|^ ^
^2026^|^01^|^451562^|^015^|^08^|^WA^|^4719^|^EBA^|^07^|^51^|^2^|^004^|^100^|^ A^|^521211^|^123^|^A^|^0^|^0^|^ ^|^0^|0|0|0|^ ^|^ ^|^ ^|^ ^|^^|^00^|^^|0|0|^^|^ ^
^2026^|^01^|^451562^|^015^|^08^|^WA^|^4719^|^EBC^|^07^|^51^|^2^|^001^|^100^|^XC^|^521211^|^123^|^A^|^0^|^0^|^ ^|^0^|0|0|0|^ ^|^ ^|^ ^|^ ^|^^|^00^|^^|0|0|^^|^ ^
^2026^|^01^|^451562^|^015^|^08^|^WA^|^4719^|^EBC^|^07^|^51^|^2^|^001^|^100^|^XC^|^522151^|^123^|^A^|^0^|^0^|^ ^|^0^|0|0|0|^ ^|^ ^|^ ^|^ ^|^^|^00^|^^|0|0|^^|^ ^
^2026^|^01^|^451562^|^015^|^08^|^WA^|^4719^|^EBC^|^07^|^51^|^2^|^001^|^100^|^XC^|^524113^|^123^|^A^|^0^|^0^|^ ^|^0^|0|0|0|^ ^|^ ^|^ ^|^ ^|^^|^00^|^^|0|0|^^|^ ^
^2026^|^01^|^451553^|^015^|^08^|^CD^|^6212^|^BMB^|^05^|^51^|^2^|^001^|^100^|^ A^|^524111^|^031^|^A^|^0^|^0^|^ ^|^0^|0|0|0|^ ^|^ ^|^ ^|^ ^|^^|^00^|^^|0|0|^^|^ ^
^2026^|^01^|^451553^|^015^|^08^|^CD^|^6212^|^BMB^|^05^|^51^|^2^|^001^|^100^|^ A^|^524113^|^031^|^A^|^0^|^0^|^ ^|^0^|0|0|0|^ ^|^ ^|^ ^|^ ^|^^|^00^|^^|0|0|^^|^ ^
^2026^|^01^|^451553^|^015^|^08^|^CD^|^6212^|^FAC^|^05^|^51^|^2^|^001^|^100^|^ A^|^521211^|^031^|^A^|^0^|^0^|^ ^|^0^|0|0|0|^ ^|^ ^|^ ^|^ ^|^^|^00^|^^|0|0|^^|^ ^
^2026^|^01^|^451553^|^015^|^08^|^CD^|^6212^|^FAC^|^05^|^51^|^2^|^001^|^100^|^ B^|^521211^|^031^|^A^|^0^|^0^|^ ^|^0^|0|0|0|^ ^|^ ^|^ ^|^ ^|^^|^00^|^^|0|0|^^|^ ^
^2026^|^01^|^451553^|^015^|^08^|^CD^|^6212^|^FAH^|^05^|^51^|^2^|^001^|^100^|^ A^|^521211^|^031^|^A^|^0^|^0^|^ ^|^0^|0|0|0|^ ^|^ ^|^ ^|^ ^|^^|^00^|^^|0|0|^^|^ ^
^2026^|^01^|^451553^|^015^|^08^|^CD^|^6212^|^FAL^|^05^|^51^|^2^|^004^|^100^|^ A^|^521211^|^031^|^A^|^0^|^0^|^ ^|^0^|0|0|0|^ ^|^ ^|^ ^|^ ^|^^|^00^|^^|0|0|^^|^ ^
^2026^|^01^|^451553^|^015^|^08^|^CD^|^6212^|^FAL^|^05^|^51^|^2^|^004^|^100^|^ B^|^521211^|^031^|^A^|^0^|^0^|^ ^|^0^|0|0|0|^ ^|^ ^|^ ^|^ ^|^^|^00^|^^|0|0|^^|^ ^
^2026^|^01^|^451553^|^015^|^08^|^CD^|^6212^|^FAL^|^05^|^51^|^2^|^004^|^100^|^ D^|^524113^|^031^|^A^|^0^|^0^|^ ^|^0^|0|0|0|^ ^|^ ^|^ ^|^ ^|^^|^00^|^^|0|0|^^|^ ^
^2026^|^01^|^451553^|^015^|^08^|^CD^|^6213^|^FAC^|^05^|^51^|^2^|^001^|^100^|^ A^|^521211^|^031^|^A^|^0^|^0^|^ ^|^0^|0|0|0|^ ^|^ ^|^ ^|^ ^|^^|^00^|^^|0|0|^^|^ ^
^2026^|^01^|^451553^|^015^|^08^|^CD^|^6213^|^FAE^|^05^|^51^|^2^|^009^|^100^|^ A^|^524111^|^031^|^A^|^0^|^0^|^ ^|^0^|0|0|0|^ ^|^ ^|^ ^|^ ^|^^|^00^|^^|0|0|^^|^ ^
^2026^|^01^|^451553^|^015^|^08^|^CD^|^6213^|^FAE^|^05^|^51^|^2^|^009^|^100^|^ A^|^524113^|^031^|^A^|^0^|^0^|^ ^|^0^|0|0|0|^ ^|^ ^|^ ^|^ ^|^^|^00^|^^|0|0|^^|^ ^
^2026^|^01^|^451553^|^015^|^08^|^CD^|^6213^|^FAL^|^05^|^51^|^2^|^003^|^100^|^ A^|^524111^|^031^|^A^|^0^|^0^|^ ^|^0^|0|0|0|^ ^|^ ^|^ ^|^ ^|^^|^00^|^^|0|0|^^|^ ^
^2026^|^01^|^451553^|^015^|^08^|^CD^|^6213^|^FAL^|^05^|^51^|^2^|^003^|^100^|^ A^|^524113^|^031^|^A^|^0^|^0^|^ ^|^0^|0|0|0|^ ^|^ ^|^ ^|^ ^|^^|^00^|^^|0|0|^^|^ ^
^2026^|^01^|^451553^|^015^|^08^|^CD^|^6214^|^FAL^|^05^|^51^|^2^|^002^|^100^|^ A^|^521211^|^031^|^A^|^0^|^0^|^ ^|^0^|0|0|0|^ ^|^ ^|^ ^|^ ^|^^|^00^|^^|0|0|^^|^ ^
^2026^|^01^|^451553^|^015^|^08^|^CD^|^6214^|^FAL^|^05^|^51^|^2^|^002^|^100^|^ B^|^521211^|^031^|^A^|^0^|^0^|^ ^|^0^|0|0|0|^ ^|^ ^|^ ^|^ ^|^^|^00^|^^|0|0|^^|^ ^
^2026^|^01^|^451553^|^015^|^08^|^CD^|^6215^|^FAH^|^05^|^51^|^2^|^003^|^100^|^ A^|^521211^|^031^|^A^|^0^|^0^|^ ^|^0^|0|0|0|^ ^|^ ^|^ ^|^ ^|^^|^00^|^^|0|0|^^|^ ^
^2026^|^01^|^451553^|^015^|^08^|^CD^|^6215^|^FAH^|^05^|^51^|^2^|^003^|^100^|^ B^|^524113^|^031^|^A^|^0^|^0^|^ ^|^0^|0|0|0|^ ^|^ ^|^ ^|^ ^|^^|^00^|^^|0|0|^^|^ ^
^2026^|^01^|^451553^|^015^|^08^|^WA^|^4715^|^EBA^|^05^|^51^|^2^|^001^|^100^|^ A^|^521811^|^031^|^A^|^0^|^0^|^ ^|^0^|0|0|0|^ ^|^ ^|^ ^|^ ^|^^|^00^|^^|0|0|^^|^ ^
^2026^|^01^|^451553^|^015^|^08^|^WA^|^4715^|^EBA^|^05^|^51^|^2^|^994^|^002^|^ A^|^521111^|^031^|^A^|^0^|^0^|^ ^|^0^|0|0|0|^ ^|^ ^|^ ^|^ ^|^^|^00^|^^|0|0|^^|^ ^
^2026^|^01^|^451553^|^015^|^08^|^WA^|^4715^|^EBA^|^05^|^51^|^2^|^994^|^002^|^ A^|^521119^|^031^|^A^|^0^|^0^|^ ^|^0^|0|0|0|^ ^|^ ^|^ ^|^ ^|^^|^00^|^^|0|0|^^|^ ^
^2026^|^01^|^451553^|^015^|^08^|^WA^|^4715^|^EBA^|^05^|^51^|^2^|^994^|^002^|^ A^|^521811^|^031^|^A^|^0^|^0^|^ ^|^0^|0|0|0|^ ^|^ ^|^ ^|^ ^|^^|^00^|^^|0|0|^^|^ ^
^2026^|^01^|^451553^|^015^|^08^|^WA^|^4715^|^EBA^|^05^|^51^|^2^|^994^|^002^|^ B^|^521114^|^031^|^A^|^0^|^0^|^ ^|^0^|0|0|0|^ ^|^ ^|^ ^|^ ^|^^|^00^|^^|0|0|^^|^ ^
^2026^|^01^|^451553^|^015^|^08^|^WA^|^4715^|^EBA^|^05^|^51^|^2^|^994^|^002^|^ B^|^522119^|^031^|^A^|^0^|^0^|^ ^|^0^|0|0|0|^ ^|^ ^|^ ^|^ ^|^^|^00^|^^|0|0|^^|^ ^
^2026^|^01^|^451553^|^015^|^08^|^WA^|^4715^|^EBA^|^05^|^51^|^2^|^994^|^002^|^ C^|^521113^|^031^|^A^|^0^|^0^|^ ^|^0^|0|0|0|^ ^|^ ^|^ ^|^ ^|^^|^00^|^^|0|0|^^|^ ^
^2026^|^01^|^451553^|^015^|^08^|^WA^|^4715^|^EBA^|^05^|^51^|^2^|^994^|^002^|^ C^|^521115^|^031^|^A^|^0^|^0^|^ ^|^0^|0|0|0|^ ^|^ ^|^ ^|^ ^|^^|^00^|^^|0|0|^^|^ ^
^2026^|^01^|^451553^|^015^|^08^|^WA^|^4715^|^EBA^|^05^|^51^|^2^|^994^|^002^|^ C^|^521119^|^031^|^A^|^0^|^0^|^ ^|^0^|0|0|0|^ ^|^ ^|^ ^|^ ^|^^|^00^|^^|0|0|^^|^ ^
^2026^|^01^|^451553^|^015^|^08^|^WA^|^4715^|^EBA^|^05^|^51^|^2^|^994^|^002^|^ D^|^523121^|^031^|^A^|^0^|^0^|^ ^|^0^|0|0|0|^ ^|^ ^|^ ^|^ ^|^^|^00^|^^|0|0|^^|^ ^
^2026^|^01^|^451553^|^015^|^08^|^WA^|^4715^|^EBA^|^05^|^51^|^2^|^994^|^002^|^TJ^|^523121^|^031^|^A^|^0^|^0^|^ ^|^0^|0|0|0|^ ^|^ ^|^ ^|^ ^|^^|^00^|^^|0|0|^^|^ ^
^2026^|^01^|^451553^|^015^|^08^|^WA^|^4715^|^EBA^|^05^|^51^|^2^|^002^|^100^|^ A^|^524111^|^031^|^A^|^0^|^0^|^ ^|^0^|0|0|0|^ ^|^ ^|^ ^|^ ^|^^|^00^|^^|0|0|^^|^ ^
^2026^|^01^|^451553^|^015^|^08^|^WA^|^4715^|^EBA^|^05^|^51^|^2^|^002^|^100^|^ A^|^524113^|^031^|^A^|^0^|^0^|^ ^|^0^|0|0|0|^ ^|^ ^|^ ^|^ ^|^^|^00^|^^|0|0|^^|^ ^
^2026^|^01^|^451553^|^015^|^08^|^WA^|^4715^|^EBD^|^05^|^51^|^2^|^Z36^|^100^|^ B^|^524113^|^031^|^A^|^0^|^0^|^ ^|^0^|0|0|0|^ ^|^ ^|^ ^|^ ^|^^|^00^|^^|0|0|^^|^ ^
^2026^|^01^|^451553^|^015^|^08^|^WA^|^4718^|^BMB^|^05^|^51^|^2^|^002^|^100^|^ A^|^521219^|^031^|^A^|^0^|^0^|^ ^|^0^|0|0|0|^ ^|^ ^|^ ^|^ ^|^^|^00^|^^|0|0|^^|^ ^
^2026^|^01^|^451553^|^015^|^08^|^WA^|^4718^|^BMB^|^05^|^51^|^2^|^001^|^100^|^ A^|^521211^|^031^|^A^|^0^|^0^|^ ^|^0^|0|0|0|^ ^|^ ^|^ ^|^ ^|^^|^00^|^^|0|0|^^|^ ^
^2026^|^01^|^451553^|^015^|^08^|^WA^|^4719^|^EBA^|^05^|^51^|^2^|^994^|^001^|^ A^|^511129^|^031^|^A^|^0^|^0^|^ ^|^0^|0|0|0|^ ^|^ ^|^ ^|^ ^|^^|^00^|^^|0|0|^^|^ ^
^2026^|^01^|^451553^|^015^|^08^|^WA^|^4719^|^EBA^|^05^|^51^|^2^|^994^|^001^|^ A^|^512211^|^031^|^A^|^0^|^0^|^ ^|^0^|0|0|0|^ ^|^ ^|^ ^|^ ^|^^|^00^|^^|0|0|^^|^ ^
^2026^|^01^|^451553^|^015^|^08^|^WA^|^4719^|^EBA^|^05^|^51^|^2^|^004^|^100^|^ A^|^521211^|^031^|^A^|^0^|^0^|^ ^|^0^|0|0|0|^ ^|^ ^|^ ^|^ ^|^^|^00^|^^|0|0|^^|^ ^
^2026^|^01^|^451553^|^015^|^08^|^WA^|^4719^|^EBC^|^05^|^51^|^2^|^001^|^100^|^ A^|^521211^|^031^|^A^|^0^|^0^|^ ^|^0^|0|0|0|^ ^|^ ^|^ ^|^ ^|^^|^00^|^^|0|0|^^|^ ^
^2026^|^01^|^451553^|^015^|^08^|^WA^|^4719^|^EBC^|^05^|^51^|^2^|^001^|^100^|^ A^|^522151^|^031^|^A^|^0^|^0^|^ ^|^0^|0|0|0|^ ^|^ ^|^ ^|^ ^|^^|^00^|^^|0|0|^^|^ ^
^2026^|^01^|^451553^|^015^|^08^|^WA^|^4719^|^EBC^|^05^|^51^|^2^|^001^|^100^|^ A^|^524113^|^031^|^A^|^0^|^0^|^ ^|^0^|0|0|0|^ ^|^ ^|^ ^|^ ^|^^|^00^|^^|0|0|^^|^ ^
^2026^|^01^|^497587^|^015^|^08^|^CD^|^6212^|^BMB^|^04^|^04^|^2^|^001^|^100^|^ A^|^524113^|^176^|^A^|^0^|^0^|^ ^|^0^|0|0|0|^ ^|^ ^|^ ^|^ ^|^^|^00^|^^|0|0|^^|^ ^
^2026^|^01^|^497587^|^015^|^08^|^CD^|^6212^|^FAC^|^04^|^04^|^2^|^001^|^100^|^ A^|^521211^|^176^|^A^|^0^|^0^|^ ^|^0^|0|0|0|^ ^|^ ^|^ ^|^ ^|^^|^00^|^^|0|0|^^|^ ^
^2026^|^01^|^497587^|^015^|^08^|^CD^|^6212^|^FAC^|^04^|^04^|^2^|^001^|^100^|^ B^|^521211^|^176^|^A^|^0^|^0^|^ ^|^0^|0|0|0|^ ^|^ ^|^ ^|^ ^|^^|^00^|^^|0|0|^^|^ ^
^2026^|^01^|^497587^|^015^|^08^|^CD^|^6212^|^FAH^|^04^|^04^|^2^|^001^|^100^|^ A^|^521211^|^176^|^A^|^0^|^0^|^ ^|^0^|0|0|0|^ ^|^ ^|^ ^|^ ^|^^|^00^|^^|0|0|^^|^ ^
^2026^|^01^|^497587^|^015^|^08^|^CD^|^6212^|^FAL^|^04^|^04^|^2^|^004^|^100^|^ A^|^521211^|^176^|^A^|^0^|^0^|^ ^|^0^|0|0|0|^ ^|^ ^|^ ^|^ ^|^^|^00^|^^|0|0|^^|^ ^
^2026^|^01^|^497587^|^015^|^08^|^CD^|^6212^|^FAL^|^04^|^04^|^2^|^004^|^100^|^ B^|^521211^|^176^|^A^|^0^|^0^|^ ^|^0^|0|0|0|^ ^|^ ^|^ ^|^ ^|^^|^00^|^^|0|0|^^|^ ^
^2026^|^01^|^497587^|^015^|^08^|^CD^|^6212^|^FAL^|^04^|^04^|^2^|^004^|^100^|^ D^|^524113^|^176^|^A^|^0^|^0^|^ ^|^0^|0|0|0|^ ^|^ ^|^ ^|^ ^|^^|^00^|^^|0|0|^^|^ ^
^2026^|^01^|^497587^|^015^|^08^|^CD^|^6213^|^FAC^|^04^|^04^|^2^|^001^|^100^|^ A^|^521211^|^176^|^A^|^0^|^0^|^ ^|^0^|0|0|0|^ ^|^ ^|^ ^|^ ^|^^|^00^|^^|0|0|^^|^ ^
^2026^|^01^|^497587^|^015^|^08^|^CD^|^6213^|^FAE^|^04^|^04^|^2^|^009^|^100^|^ A^|^524113^|^176^|^A^|^0^|^0^|^ ^|^0^|0|0|0|^ ^|^ ^|^ ^|^ ^|^^|^00^|^^|0|0|^^|^ ^
^2026^|^01^|^497587^|^015^|^08^|^CD^|^6213^|^FAL^|^04^|^04^|^2^|^003^|^100^|^ A^|^524113^|^176^|^A^|^0^|^0^|^ ^|^0^|0|0|0|^ ^|^ ^|^ ^|^ ^|^^|^00^|^^|0|0|^^|^ ^
^2026^|^01^|^497587^|^015^|^08^|^CD^|^6214^|^FAL^|^04^|^04^|^2^|^002^|^100^|^ A^|^521211^|^176^|^A^|^0^|^0^|^ ^|^0^|0|0|0|^ ^|^ ^|^ ^|^ ^|^^|^00^|^^|0|0|^^|^ ^
^2026^|^01^|^497587^|^015^|^08^|^CD^|^6214^|^FAL^|^04^|^04^|^2^|^002^|^100^|^ B^|^521211^|^176^|^A^|^0^|^0^|^ ^|^0^|0|0|0|^ ^|^ ^|^ ^|^ ^|^^|^00^|^^|0|0|^^|^ ^
^2026^|^01^|^497587^|^015^|^08^|^CD^|^6215^|^FAH^|^04^|^04^|^2^|^003^|^100^|^ A^|^521211^|^176^|^A^|^0^|^0^|^ ^|^0^|0|0|0|^ ^|^ ^|^ ^|^ ^|^^|^00^|^^|0|0|^^|^ ^
^2026^|^01^|^497587^|^015^|^08^|^CD^|^6215^|^FAH^|^04^|^04^|^2^|^003^|^100^|^ B^|^524111^|^176^|^A^|^0^|^0^|^ ^|^0^|0|0|0|^ ^|^ ^|^ ^|^ ^|^^|^00^|^^|0|0|^^|^ ^
^2026^|^01^|^497587^|^015^|^08^|^WA^|^4715^|^EBA^|^04^|^04^|^2^|^001^|^100^|^ A^|^521811^|^176^|^A^|^0^|^0^|^ ^|^0^|0|0|0|^ ^|^ ^|^ ^|^ ^|^^|^00^|^^|0|0|^^|^ ^
^2026^|^01^|^497587^|^015^|^08^|^WA^|^4715^|^EBA^|^04^|^04^|^2^|^001^|^100^|^ B^|^522151^|^176^|^A^|^0^|^0^|^ ^|^0^|0|0|0|^ ^|^ ^|^ ^|^ ^|^^|^00^|^^|0|0|^^|^ ^
^2026^|^01^|^497587^|^015^|^08^|^WA^|^4715^|^EBA^|^04^|^04^|^2^|^001^|^100^|^ B^|^524111^|^176^|^A^|^0^|^0^|^ ^|^0^|0|0|0|^ ^|^ ^|^ ^|^ ^|^^|^00^|^^|0|0|^^|^ ^
^2026^|^01^|^497587^|^015^|^08^|^WA^|^4715^|^EBA^|^04^|^04^|^2^|^994^|^002^|^ A^|^521111^|^176^|^A^|^0^|^0^|^ ^|^0^|0|0|0|^ ^|^ ^|^ ^|^ ^|^^|^00^|^^|0|0|^^|^ ^
^2026^|^01^|^497587^|^015^|^08^|^WA^|^4715^|^EBA^|^04^|^04^|^2^|^994^|^002^|^ A^|^521119^|^176^|^A^|^0^|^0^|^ ^|^0^|0|0|0|^ ^|^ ^|^ ^|^ ^|^^|^00^|^^|0|0|^^|^ ^
^2026^|^01^|^497587^|^015^|^08^|^WA^|^4715^|^EBA^|^04^|^04^|^2^|^994^|^002^|^ A^|^521811^|^176^|^A^|^0^|^0^|^ ^|^0^|0|0|0|^ ^|^ ^|^ ^|^ ^|^^|^00^|^^|0|0|^^|^ ^
^2026^|^01^|^497587^|^015^|^08^|^WA^|^4715^|^EBA^|^04^|^04^|^2^|^994^|^002^|^ B^|^521114^|^176^|^A^|^0^|^0^|^ ^|^0^|0|0|0|^ ^|^ ^|^ ^|^ ^|^^|^00^|^^|0|0|^^|^ ^
^2026^|^01^|^497587^|^015^|^08^|^WA^|^4715^|^EBA^|^04^|^04^|^2^|^994^|^002^|^ B^|^522113^|^176^|^A^|^0^|^0^|^ ^|^0^|0|0|0|^ ^|^ ^|^ ^|^ ^|^^|^00^|^^|0|0|^^|^ ^
^2026^|^01^|^497587^|^015^|^08^|^WA^|^4715^|^EBA^|^04^|^04^|^2^|^994^|^002^|^ C^|^521113^|^176^|^A^|^0^|^0^|^ ^|^0^|0|0|0|^ ^|^ ^|^ ^|^ ^|^^|^00^|^^|0|0|^^|^ ^
^2026^|^01^|^497587^|^015^|^08^|^WA^|^4715^|^EBA^|^04^|^04^|^2^|^994^|^002^|^ C^|^521115^|^176^|^A^|^0^|^0^|^ ^|^0^|0|0|0|^ ^|^ ^|^ ^|^ ^|^^|^00^|^^|0|0|^^|^ ^
^2026^|^01^|^497587^|^015^|^08^|^WA^|^4715^|^EBA^|^04^|^04^|^2^|^994^|^002^|^ C^|^521119^|^176^|^A^|^0^|^0^|^ ^|^0^|0|0|0|^ ^|^ ^|^ ^|^ ^|^^|^00^|^^|0|0|^^|^ ^
^2026^|^01^|^497587^|^015^|^08^|^WA^|^4715^|^EBA^|^04^|^04^|^2^|^994^|^002^|^ D^|^523121^|^176^|^A^|^0^|^0^|^ ^|^0^|0|0|0|^ ^|^ ^|^ ^|^ ^|^^|^00^|^^|0|0|^^|^ ^
^2026^|^01^|^497587^|^015^|^08^|^WA^|^4715^|^EBA^|^04^|^04^|^2^|^994^|^002^|^ G^|^523111^|^176^|^A^|^0^|^0^|^ ^|^0^|0|0|0|^ ^|^ ^|^ ^|^ ^|^^|^00^|^^|0|0|^^|^ ^
^2026^|^01^|^497587^|^015^|^08^|^WA^|^4715^|^EBA^|^04^|^04^|^2^|^994^|^002^|^ G^|^523119^|^176^|^A^|^0^|^0^|^ ^|^0^|0|0|0|^ ^|^ ^|^ ^|^ ^|^^|^00^|^^|0|0|^^|^ ^
^2026^|^01^|^497587^|^015^|^08^|^WA^|^4715^|^EBA^|^04^|^04^|^2^|^994^|^002^|^TJ^|^523121^|^176^|^A^|^0^|^0^|^ ^|^0^|0|0|0|^ ^|^ ^|^ ^|^ ^|^^|^00^|^^|0|0|^^|^ ^
^2026^|^01^|^497587^|^015^|^08^|^WA^|^4715^|^EBA^|^04^|^04^|^2^|^002^|^100^|^ A^|^524111^|^176^|^A^|^0^|^0^|^ ^|^0^|0|0|0|^ ^|^ ^|^ ^|^ ^|^^|^00^|^^|0|0|^^|^ ^
^2026^|^01^|^497587^|^015^|^08^|^WA^|^4715^|^EBA^|^04^|^04^|^2^|^002^|^100^|^ A^|^524113^|^176^|^A^|^0^|^0^|^ ^|^0^|0|0|0|^ ^|^ ^|^ ^|^ ^|^^|^00^|^^|0|0|^^|^ ^
^2026^|^01^|^497587^|^015^|^08^|^WA^|^4715^|^EBD^|^04^|^04^|^2^|^Z36^|^100^|^ B^|^524111^|^176^|^A^|^0^|^0^|^ ^|^0^|0|0|0|^ ^|^ ^|^ ^|^ ^|^^|^00^|^^|0|0|^^|^ ^
^2026^|^01^|^497587^|^015^|^08^|^WA^|^4718^|^BMB^|^04^|^04^|^2^|^002^|^100^|^ A^|^521219^|^176^|^A^|^0^|^0^|^ ^|^0^|0|0|0|^ ^|^ ^|^ ^|^ ^|^^|^00^|^^|0|0|^^|^ ^
^2026^|^01^|^497587^|^015^|^08^|^WA^|^4718^|^BMB^|^04^|^04^|^2^|^001^|^100^|^ A^|^521211^|^176^|^A^|^0^|^0^|^ ^|^0^|0|0|0|^ ^|^ ^|^ ^|^ ^|^^|^00^|^^|0|0|^^|^ ^
^2026^|^01^|^497587^|^015^|^08^|^WA^|^4719^|^EBA^|^04^|^04^|^2^|^994^|^001^|^ A^|^511129^|^176^|^A^|^0^|^0^|^ ^|^0^|0|0|0|^ ^|^ ^|^ ^|^ ^|^^|^00^|^^|0|0|^^|^ ^
^2026^|^01^|^497587^|^015^|^08^|^WA^|^4719^|^EBA^|^04^|^04^|^2^|^994^|^001^|^ A^|^512211^|^176^|^A^|^0^|^0^|^ ^|^0^|0|0|0|^ ^|^ ^|^ ^|^ ^|^^|^00^|^^|0|0|^^|^ ^
^2026^|^01^|^497587^|^015^|^08^|^WA^|^4719^|^EBA^|^04^|^04^|^2^|^004^|^100^|^ A^|^521211^|^176^|^A^|^0^|^0^|^ ^|^0^|0|0|0|^ ^|^ ^|^ ^|^ ^|^^|^00^|^^|0|0|^^|^ ^
^2026^|^01^|^497587^|^015^|^08^|^WA^|^4719^|^EBC^|^04^|^04^|^2^|^001^|^100^|^XC^|^521211^|^176^|^A^|^0^|^0^|^ ^|^0^|0|0|0|^ ^|^ ^|^ ^|^ ^|^^|^00^|^^|0|0|^^|^ ^
^2026^|^01^|^497587^|^015^|^08^|^WA^|^4719^|^EBC^|^04^|^04^|^2^|^001^|^100^|^XC^|^522151^|^176^|^A^|^0^|^0^|^ ^|^0^|0|0|0|^ ^|^ ^|^ ^|^ ^|^^|^00^|^^|0|0|^^|^ ^
^2026^|^01^|^497587^|^015^|^08^|^WA^|^4719^|^EBC^|^04^|^04^|^2^|^001^|^100^|^XC^|^524113^|^176^|^A^|^0^|^0^|^ ^|^0^|0|0|0|^ ^|^ ^|^ ^|^ ^|^^|^00^|^^|0|0|^^|^ ^
^2026^|^01^|^497593^|^015^|^08^|^CD^|^6212^|^BMB^|^19^|^10^|^2^|^001^|^100^|^ A^|^524113^|^177^|^A^|^0^|^0^|^ ^|^0^|0|0|0|^ ^|^ ^|^ ^|^ ^|^^|^00^|^^|0|0|^^|^ ^
^2026^|^01^|^497593^|^015^|^08^|^CD^|^6212^|^FAC^|^19^|^10^|^2^|^001^|^100^|^ A^|^521211^|^177^|^A^|^0^|^0^|^ ^|^0^|0|0|0|^ ^|^ ^|^ ^|^ ^|^^|^00^|^^|0|0|^^|^ ^
^2026^|^01^|^497593^|^015^|^08^|^CD^|^6212^|^FAC^|^19^|^10^|^2^|^001^|^100^|^ B^|^521211^|^177^|^A^|^0^|^0^|^ ^|^0^|0|0|0|^ ^|^ ^|^ ^|^ ^|^^|^00^|^^|0|0|^^|^ ^
^2026^|^01^|^497593^|^015^|^08^|^CD^|^6212^|^FAH^|^19^|^10^|^2^|^001^|^100^|^ A^|^521211^|^177^|^A^|^0^|^0^|^ ^|^0^|0|0|0|^ ^|^ ^|^ ^|^ ^|^^|^00^|^^|0|0|^^|^ ^
^2026^|^01^|^497593^|^015^|^08^|^CD^|^6212^|^FAL^|^19^|^10^|^2^|^004^|^100^|^ A^|^521211^|^177^|^A^|^0^|^0^|^ ^|^0^|0|0|0|^ ^|^ ^|^ ^|^ ^|^^|^00^|^^|0|0|^^|^ ^
^2026^|^01^|^497593^|^015^|^08^|^CD^|^6212^|^FAL^|^19^|^10^|^2^|^004^|^100^|^ B^|^521211^|^177^|^A^|^0^|^0^|^ ^|^0^|0|0|0|^ ^|^ ^|^ ^|^ ^|^^|^00^|^^|0|0|^^|^ ^
^2026^|^01^|^497593^|^015^|^08^|^CD^|^6212^|^FAL^|^19^|^10^|^2^|^004^|^100^|^ D^|^524113^|^177^|^A^|^0^|^0^|^ ^|^0^|0|0|0|^ ^|^ ^|^ ^|^ ^|^^|^00^|^^|0|0|^^|^ ^
^2026^|^01^|^497593^|^015^|^08^|^CD^|^6213^|^FAC^|^19^|^10^|^2^|^001^|^100^|^ A^|^521211^|^177^|^A^|^0^|^0^|^ ^|^0^|0|0|0|^ ^|^ ^|^ ^|^ ^|^^|^00^|^^|0|0|^^|^ ^
^2026^|^01^|^497593^|^015^|^08^|^CD^|^6213^|^FAE^|^19^|^10^|^2^|^009^|^100^|^ A^|^524113^|^177^|^A^|^0^|^0^|^ ^|^0^|0|0|0|^ ^|^ ^|^ ^|^ ^|^^|^00^|^^|0|0|^^|^ ^
^2026^|^01^|^497593^|^015^|^08^|^CD^|^6213^|^FAL^|^19^|^10^|^2^|^003^|^100^|^ A^|^524113^|^177^|^A^|^0^|^0^|^ ^|^0^|0|0|0|^ ^|^ ^|^ ^|^ ^|^^|^00^|^^|0|0|^^|^ ^
^2026^|^01^|^497593^|^015^|^08^|^CD^|^6214^|^FAL^|^19^|^10^|^2^|^002^|^100^|^ A^|^521211^|^177^|^A^|^0^|^0^|^ ^|^0^|0|0|0|^ ^|^ ^|^ ^|^ ^|^^|^00^|^^|0|0|^^|^ ^
^2026^|^01^|^497593^|^015^|^08^|^CD^|^6214^|^FAL^|^19^|^10^|^2^|^002^|^100^|^ B^|^521211^|^177^|^A^|^0^|^0^|^ ^|^0^|0|0|0|^ ^|^ ^|^ ^|^ ^|^^|^00^|^^|0|0|^^|^ ^
^2026^|^01^|^497593^|^015^|^08^|^CD^|^6215^|^FAH^|^19^|^10^|^2^|^003^|^100^|^ A^|^521211^|^177^|^A^|^0^|^0^|^ ^|^0^|0|0|0|^ ^|^ ^|^ ^|^ ^|^^|^00^|^^|0|0|^^|^ ^
^2026^|^01^|^497593^|^015^|^08^|^CD^|^6215^|^FAH^|^19^|^10^|^2^|^003^|^100^|^ B^|^524111^|^177^|^A^|^0^|^0^|^ ^|^0^|0|0|0|^ ^|^ ^|^ ^|^ ^|^^|^00^|^^|0|0|^^|^ ^
^2026^|^01^|^497593^|^015^|^08^|^WA^|^4715^|^EBA^|^19^|^10^|^2^|^001^|^100^|^ A^|^521811^|^177^|^A^|^0^|^0^|^ ^|^0^|0|0|0|^ ^|^ ^|^ ^|^ ^|^^|^00^|^^|0|0|^^|^ ^
^2026^|^01^|^497593^|^015^|^08^|^WA^|^4715^|^EBA^|^19^|^10^|^2^|^001^|^100^|^ B^|^522151^|^177^|^A^|^0^|^0^|^ ^|^0^|0|0|0|^ ^|^ ^|^ ^|^ ^|^^|^00^|^^|0|0|^^|^ ^
^2026^|^01^|^497593^|^015^|^08^|^WA^|^4715^|^EBA^|^19^|^10^|^2^|^001^|^100^|^ B^|^524111^|^177^|^A^|^0^|^0^|^ ^|^0^|0|0|0|^ ^|^ ^|^ ^|^ ^|^^|^00^|^^|0|0|^^|^ ^
^2026^|^01^|^497593^|^015^|^08^|^WA^|^4715^|^EBA^|^19^|^10^|^2^|^994^|^002^|^ A^|^521111^|^177^|^A^|^0^|^0^|^ ^|^0^|0|0|0|^ ^|^ ^|^ ^|^ ^|^^|^00^|^^|0|0|^^|^ ^
^2026^|^01^|^497593^|^015^|^08^|^WA^|^4715^|^EBA^|^19^|^10^|^2^|^994^|^002^|^ A^|^521119^|^177^|^A^|^0^|^0^|^ ^|^0^|0|0|0|^ ^|^ ^|^ ^|^ ^|^^|^00^|^^|0|0|^^|^ ^
^2026^|^01^|^497593^|^015^|^08^|^WA^|^4715^|^EBA^|^19^|^10^|^2^|^994^|^002^|^ A^|^521811^|^177^|^A^|^0^|^0^|^ ^|^0^|0|0|0|^ ^|^ ^|^ ^|^ ^|^^|^00^|^^|0|0|^^|^ ^
^2026^|^01^|^497593^|^015^|^08^|^WA^|^4715^|^EBA^|^19^|^10^|^2^|^994^|^002^|^ B^|^521114^|^177^|^A^|^0^|^0^|^ ^|^0^|0|0|0|^ ^|^ ^|^ ^|^ ^|^^|^00^|^^|0|0|^^|^ ^
^2026^|^01^|^497593^|^015^|^08^|^WA^|^4715^|^EBA^|^19^|^10^|^2^|^994^|^002^|^ B^|^522113^|^177^|^A^|^0^|^0^|^ ^|^0^|0|0|0|^ ^|^ ^|^ ^|^ ^|^^|^00^|^^|0|0|^^|^ ^
^2026^|^01^|^497593^|^015^|^08^|^WA^|^4715^|^EBA^|^19^|^10^|^2^|^994^|^002^|^ B^|^522119^|^177^|^A^|^0^|^0^|^ ^|^0^|0|0|0|^ ^|^ ^|^ ^|^ ^|^^|^00^|^^|0|0|^^|^ ^
^2026^|^01^|^497593^|^015^|^08^|^WA^|^4715^|^EBA^|^19^|^10^|^2^|^994^|^002^|^ C^|^521113^|^177^|^A^|^0^|^0^|^ ^|^0^|0|0|0|^ ^|^ ^|^ ^|^ ^|^^|^00^|^^|0|0|^^|^ ^
^2026^|^01^|^497593^|^015^|^08^|^WA^|^4715^|^EBA^|^19^|^10^|^2^|^994^|^002^|^ C^|^521115^|^177^|^A^|^0^|^0^|^ ^|^0^|0|0|0|^ ^|^ ^|^ ^|^ ^|^^|^00^|^^|0|0|^^|^ ^
^2026^|^01^|^497593^|^015^|^08^|^WA^|^4715^|^EBA^|^19^|^10^|^2^|^994^|^002^|^ C^|^521119^|^177^|^A^|^0^|^0^|^ ^|^0^|0|0|0|^ ^|^ ^|^ ^|^ ^|^^|^00^|^^|0|0|^^|^ ^
^2026^|^01^|^497593^|^015^|^08^|^WA^|^4715^|^EBA^|^19^|^10^|^2^|^994^|^002^|^ D^|^523121^|^177^|^A^|^0^|^0^|^ ^|^0^|0|0|0|^ ^|^ ^|^ ^|^ ^|^^|^00^|^^|0|0|^^|^ ^
^2026^|^01^|^497593^|^015^|^08^|^WA^|^4715^|^EBA^|^19^|^10^|^2^|^994^|^002^|^ G^|^523111^|^177^|^A^|^0^|^0^|^ ^|^0^|0|0|0|^ ^|^ ^|^ ^|^ ^|^^|^00^|^^|0|0|^^|^ ^
^2026^|^01^|^497593^|^015^|^08^|^WA^|^4715^|^EBA^|^19^|^10^|^2^|^994^|^002^|^ G^|^523119^|^177^|^A^|^0^|^0^|^ ^|^0^|0|0|0|^ ^|^ ^|^ ^|^ ^|^^|^00^|^^|0|0|^^|^ ^
^2026^|^01^|^497593^|^015^|^08^|^WA^|^4715^|^EBA^|^19^|^10^|^2^|^994^|^002^|^TJ^|^523121^|^177^|^A^|^0^|^0^|^ ^|^0^|0|0|0|^ ^|^ ^|^ ^|^ ^|^^|^00^|^^|0|0|^^|^ ^
^2026^|^01^|^497593^|^015^|^08^|^WA^|^4715^|^EBA^|^19^|^10^|^2^|^002^|^100^|^ A^|^524111^|^177^|^A^|^0^|^0^|^ ^|^0^|0|0|0|^ ^|^ ^|^ ^|^ ^|^^|^00^|^^|0|0|^^|^ ^
^2026^|^01^|^497593^|^015^|^08^|^WA^|^4715^|^EBA^|^19^|^10^|^2^|^002^|^100^|^ A^|^524113^|^177^|^A^|^0^|^0^|^ ^|^0^|0|0|0|^ ^|^ ^|^ ^|^ ^|^^|^00^|^^|0|0|^^|^ ^
^2026^|^01^|^497593^|^015^|^08^|^WA^|^4715^|^EBD^|^19^|^10^|^2^|^Z36^|^100^|^ B^|^524111^|^177^|^A^|^0^|^0^|^ ^|^0^|0|0|0|^ ^|^ ^|^ ^|^ ^|^^|^00^|^^|0|0|^^|^ ^
^2026^|^01^|^497593^|^015^|^08^|^WA^|^4718^|^BMB^|^19^|^10^|^2^|^002^|^100^|^ A^|^521219^|^177^|^A^|^0^|^0^|^ ^|^0^|0|0|0|^ ^|^ ^|^ ^|^ ^|^^|^00^|^^|0|0|^^|^ ^
^2026^|^01^|^497593^|^015^|^08^|^WA^|^4718^|^BMB^|^19^|^10^|^2^|^001^|^100^|^ A^|^521211^|^177^|^A^|^0^|^0^|^ ^|^0^|0|0|0|^ ^|^ ^|^ ^|^ ^|^^|^00^|^^|0|0|^^|^ ^
^2026^|^01^|^497593^|^015^|^08^|^WA^|^4719^|^EBA^|^19^|^10^|^2^|^994^|^001^|^ A^|^511129^|^177^|^A^|^0^|^0^|^ ^|^0^|0|0|0|^ ^|^ ^|^ ^|^ ^|^^|^00^|^^|0|0|^^|^ ^
^2026^|^01^|^497593^|^015^|^08^|^WA^|^4719^|^EBA^|^19^|^10^|^2^|^994^|^001^|^ A^|^512211^|^177^|^A^|^0^|^0^|^ ^|^0^|0|0|0|^ ^|^ ^|^ ^|^ ^|^^|^00^|^^|0|0|^^|^ ^
^2026^|^01^|^497593^|^015^|^08^|^WA^|^4719^|^EBA^|^19^|^10^|^2^|^004^|^100^|^ A^|^521211^|^177^|^A^|^0^|^0^|^ ^|^0^|0|0|0|^ ^|^ ^|^ ^|^ ^|^^|^00^|^^|0|0|^^|^ ^
^2026^|^01^|^497593^|^015^|^08^|^WA^|^4719^|^EBC^|^19^|^10^|^2^|^001^|^100^|^XC^|^521211^|^177^|^A^|^0^|^0^|^ ^|^0^|0|0|0|^ ^|^ ^|^ ^|^ ^|^^|^00^|^^|0|0|^^|^ ^
^2026^|^01^|^497593^|^015^|^08^|^WA^|^4719^|^EBC^|^19^|^10^|^2^|^001^|^100^|^XC^|^522151^|^177^|^A^|^0^|^0^|^ ^|^0^|0|0|0|^ ^|^ ^|^ ^|^ ^|^^|^00^|^^|0|0|^^|^ ^
^2026^|^01^|^497593^|^015^|^08^|^WA^|^4719^|^EBC^|^19^|^10^|^2^|^001^|^100^|^XC^|^524113^|^177^|^A^|^0^|^0^|^ ^|^0^|0|0|0|^ ^|^ ^|^ ^|^ ^|^^|^00^|^^|0|0|^^|^ ^
^2026^|^01^|^497607^|^015^|^08^|^CD^|^6212^|^BMB^|^17^|^53^|^2^|^001^|^100^|^AA^|^524111^|^179^|^A^|^0^|^0^|^ ^|^0^|0|0|0|^ ^|^ ^|^ ^|^ ^|^^|^00^|^^|0|0|^^|^ ^
^2026^|^01^|^497607^|^015^|^08^|^CD^|^6212^|^BMB^|^17^|^53^|^2^|^001^|^100^|^AA^|^524113^|^179^|^A^|^0^|^0^|^ ^|^0^|0|0|0|^ ^|^ ^|^ ^|^ ^|^^|^00^|^^|0|0|^^|^ ^
^2026^|^01^|^497607^|^015^|^08^|^CD^|^6212^|^BMB^|^17^|^53^|^2^|^001^|^100^|^BA^|^524111^|^179^|^A^|^0^|^0^|^ ^|^0^|0|0|0|^ ^|^ ^|^ ^|^ ^|^^|^00^|^^|0|0|^^|^ ^
^2026^|^01^|^497607^|^015^|^08^|^CD^|^6212^|^BMB^|^17^|^53^|^2^|^001^|^100^|^BA^|^524113^|^179^|^A^|^0^|^0^|^ ^|^0^|0|0|0|^ ^|^ ^|^ ^|^ ^|^^|^00^|^^|0|0|^^|^ ^
^2026^|^01^|^497607^|^015^|^08^|^CD^|^6212^|^FAC^|^17^|^53^|^2^|^001^|^100^|^AA^|^521211^|^179^|^A^|^0^|^0^|^ ^|^0^|0|0|0|^ ^|^ ^|^ ^|^ ^|^^|^00^|^^|0|0|^^|^ ^
^2026^|^01^|^497607^|^015^|^08^|^CD^|^6212^|^FAC^|^17^|^53^|^2^|^001^|^100^|^AB^|^521211^|^179^|^A^|^0^|^0^|^ ^|^0^|0|0|0|^ ^|^ ^|^ ^|^ ^|^^|^00^|^^|0|0|^^|^ ^
^2026^|^01^|^497607^|^015^|^08^|^CD^|^6212^|^FAC^|^17^|^53^|^2^|^001^|^100^|^BA^|^521211^|^179^|^A^|^0^|^0^|^ ^|^0^|0|0|0|^ ^|^ ^|^ ^|^ ^|^^|^00^|^^|0|0|^^|^ ^
^2026^|^01^|^497607^|^015^|^08^|^CD^|^6212^|^FAC^|^17^|^53^|^2^|^001^|^100^|^BB^|^521211^|^179^|^A^|^0^|^0^|^ ^|^0^|0|0|0|^ ^|^ ^|^ ^|^ ^|^^|^00^|^^|0|0|^^|^ ^
^2026^|^01^|^497607^|^015^|^08^|^CD^|^6212^|^FAH^|^17^|^53^|^2^|^001^|^100^|^AA^|^521211^|^179^|^A^|^0^|^0^|^ ^|^0^|0|0|0|^ ^|^ ^|^ ^|^ ^|^^|^00^|^^|0|0|^^|^ ^
^2026^|^01^|^497607^|^015^|^08^|^CD^|^6212^|^FAH^|^17^|^53^|^2^|^001^|^100^|^BA^|^521211^|^179^|^A^|^0^|^0^|^ ^|^0^|0|0|0|^ ^|^ ^|^ ^|^ ^|^^|^00^|^^|0|0|^^|^ ^
^2026^|^01^|^497607^|^015^|^08^|^CD^|^6212^|^FAL^|^17^|^53^|^2^|^004^|^100^|^AA^|^521211^|^179^|^A^|^0^|^0^|^ ^|^0^|0|0|0|^ ^|^ ^|^ ^|^ ^|^^|^00^|^^|0|0|^^|^ ^
^2026^|^01^|^497607^|^015^|^08^|^CD^|^6212^|^FAL^|^17^|^53^|^2^|^004^|^100^|^AB^|^521211^|^179^|^A^|^0^|^0^|^ ^|^0^|0|0|0|^ ^|^ ^|^ ^|^ ^|^^|^00^|^^|0|0|^^|^ ^
^2026^|^01^|^497607^|^015^|^08^|^CD^|^6212^|^FAL^|^17^|^53^|^2^|^004^|^100^|^AD^|^524111^|^179^|^A^|^0^|^0^|^ ^|^0^|0|0|0|^ ^|^ ^|^ ^|^ ^|^^|^00^|^^|0|0|^^|^ ^
^2026^|^01^|^497607^|^015^|^08^|^CD^|^6212^|^FAL^|^17^|^53^|^2^|^004^|^100^|^AD^|^524113^|^179^|^A^|^0^|^0^|^ ^|^0^|0|0|0|^ ^|^ ^|^ ^|^ ^|^^|^00^|^^|0|0|^^|^ ^
^2026^|^01^|^497607^|^015^|^08^|^CD^|^6212^|^FAL^|^17^|^53^|^2^|^004^|^100^|^BA^|^521211^|^179^|^A^|^0^|^0^|^ ^|^0^|0|0|0|^ ^|^ ^|^ ^|^ ^|^^|^00^|^^|0|0|^^|^ ^
^2026^|^01^|^497607^|^015^|^08^|^CD^|^6212^|^FAL^|^17^|^53^|^2^|^004^|^100^|^BB^|^521211^|^179^|^A^|^0^|^0^|^ ^|^0^|0|0|0|^ ^|^ ^|^ ^|^ ^|^^|^00^|^^|0|0|^^|^ ^
^2026^|^01^|^497607^|^015^|^08^|^CD^|^6212^|^FAL^|^17^|^53^|^2^|^004^|^100^|^BD^|^524111^|^179^|^A^|^0^|^0^|^ ^|^0^|0|0|0|^ ^|^ ^|^ ^|^ ^|^^|^00^|^^|0|0|^^|^ ^
^2026^|^01^|^497607^|^015^|^08^|^CD^|^6212^|^FAL^|^17^|^53^|^2^|^004^|^100^|^BD^|^524113^|^179^|^A^|^0^|^0^|^ ^|^0^|0|0|0|^ ^|^ ^|^ ^|^ ^|^^|^00^|^^|0|0|^^|^ ^
^2026^|^01^|^497607^|^015^|^08^|^CD^|^6213^|^FAC^|^17^|^53^|^2^|^001^|^100^|^AA^|^521211^|^179^|^A^|^0^|^0^|^ ^|^0^|0|0|0|^ ^|^ ^|^ ^|^ ^|^^|^00^|^^|0|0|^^|^ ^
^2026^|^01^|^497607^|^015^|^08^|^CD^|^6213^|^FAC^|^17^|^53^|^2^|^001^|^100^|^BA^|^521211^|^179^|^A^|^0^|^0^|^ ^|^0^|0|0|0|^ ^|^ ^|^ ^|^ ^|^^|^00^|^^|0|0|^^|^ ^
^2026^|^01^|^497607^|^015^|^08^|^CD^|^6213^|^FAE^|^17^|^53^|^2^|^009^|^100^|^AA^|^524111^|^179^|^A^|^0^|^0^|^ ^|^0^|0|0|0|^ ^|^ ^|^ ^|^ ^|^^|^00^|^^|0|0|^^|^ ^
^2026^|^01^|^497607^|^015^|^08^|^CD^|^6213^|^FAE^|^17^|^53^|^2^|^009^|^100^|^AA^|^524113^|^179^|^A^|^0^|^0^|^ ^|^0^|0|0|0|^ ^|^ ^|^ ^|^ ^|^^|^00^|^^|0|0|^^|^ ^
^2026^|^01^|^497607^|^015^|^08^|^CD^|^6213^|^FAE^|^17^|^53^|^2^|^009^|^100^|^BA^|^524111^|^179^|^A^|^0^|^0^|^ ^|^0^|0|0|0|^ ^|^ ^|^ ^|^ ^|^^|^00^|^^|0|0|^^|^ ^
^2026^|^01^|^497607^|^015^|^08^|^CD^|^6213^|^FAE^|^17^|^53^|^2^|^009^|^100^|^BA^|^524113^|^179^|^A^|^0^|^0^|^ ^|^0^|0|0|0|^ ^|^ ^|^ ^|^ ^|^^|^00^|^^|0|0|^^|^ ^
^2026^|^01^|^497607^|^015^|^08^|^CD^|^6213^|^FAL^|^17^|^53^|^2^|^003^|^100^|^AA^|^524111^|^179^|^A^|^0^|^0^|^ ^|^0^|0|0|0|^ ^|^ ^|^ ^|^ ^|^^|^00^|^^|0|0|^^|^ ^
^2026^|^01^|^497607^|^015^|^08^|^CD^|^6213^|^FAL^|^17^|^53^|^2^|^003^|^100^|^AA^|^524113^|^179^|^A^|^0^|^0^|^ ^|^0^|0|0|0|^ ^|^ ^|^ ^|^ ^|^^|^00^|^^|0|0|^^|^ ^
^2026^|^01^|^497607^|^015^|^08^|^CD^|^6213^|^FAL^|^17^|^53^|^2^|^003^|^100^|^BA^|^524111^|^179^|^A^|^0^|^0^|^ ^|^0^|0|0|0|^ ^|^ ^|^ ^|^ ^|^^|^00^|^^|0|0|^^|^ ^
^2026^|^01^|^497607^|^015^|^08^|^CD^|^6213^|^FAL^|^17^|^53^|^2^|^003^|^100^|^BA^|^524113^|^179^|^A^|^0^|^0^|^ ^|^0^|0|0|0|^ ^|^ ^|^ ^|^ ^|^^|^00^|^^|0|0|^^|^ ^
^2026^|^01^|^497607^|^015^|^08^|^CD^|^6214^|^FAL^|^17^|^53^|^2^|^002^|^100^|^AA^|^521211^|^179^|^A^|^0^|^0^|^ ^|^0^|0|0|0|^ ^|^ ^|^ ^|^ ^|^^|^00^|^^|0|0|^^|^ ^
^2026^|^01^|^497607^|^015^|^08^|^CD^|^6214^|^FAL^|^17^|^53^|^2^|^002^|^100^|^AB^|^521211^|^179^|^A^|^0^|^0^|^ ^|^0^|0|0|0|^ ^|^ ^|^ ^|^ ^|^^|^00^|^^|0|0|^^|^ ^
^2026^|^01^|^497607^|^015^|^08^|^CD^|^6214^|^FAL^|^17^|^53^|^2^|^002^|^100^|^BA^|^521211^|^179^|^A^|^0^|^0^|^ ^|^0^|0|0|0|^ ^|^ ^|^ ^|^ ^|^^|^00^|^^|0|0|^^|^ ^
^2026^|^01^|^497607^|^015^|^08^|^CD^|^6214^|^FAL^|^17^|^53^|^2^|^002^|^100^|^BB^|^521211^|^179^|^A^|^0^|^0^|^ ^|^0^|0|0|0|^ ^|^ ^|^ ^|^ ^|^^|^00^|^^|0|0|^^|^ ^
^2026^|^01^|^497607^|^015^|^08^|^CD^|^6215^|^FAH^|^17^|^53^|^2^|^003^|^100^|^AA^|^521211^|^179^|^A^|^0^|^0^|^ ^|^0^|0|0|0|^ ^|^ ^|^ ^|^ ^|^^|^00^|^^|0|0|^^|^ ^
^2026^|^01^|^497607^|^015^|^08^|^CD^|^6215^|^FAH^|^17^|^53^|^2^|^003^|^100^|^AB^|^524111^|^179^|^A^|^0^|^0^|^ ^|^0^|0|0|0|^ ^|^ ^|^ ^|^ ^|^^|^00^|^^|0|0|^^|^ ^
^2026^|^01^|^497607^|^015^|^08^|^CD^|^6215^|^FAH^|^17^|^53^|^2^|^003^|^100^|^BA^|^521211^|^179^|^A^|^0^|^0^|^ ^|^0^|0|0|0|^ ^|^ ^|^ ^|^ ^|^^|^00^|^^|0|0|^^|^ ^
^2026^|^01^|^497607^|^015^|^08^|^CD^|^6215^|^FAH^|^17^|^53^|^2^|^003^|^100^|^BB^|^524111^|^179^|^A^|^0^|^0^|^ ^|^0^|0|0|0|^ ^|^ ^|^ ^|^ ^|^^|^00^|^^|0|0|^^|^ ^
^2026^|^01^|^497607^|^015^|^08^|^WA^|^4715^|^EBA^|^17^|^53^|^2^|^001^|^100^|^AA^|^521811^|^179^|^A^|^0^|^0^|^ ^|^0^|0|0|0|^ ^|^ ^|^ ^|^ ^|^^|^00^|^^|0|0|^^|^ ^
^2026^|^01^|^497607^|^015^|^08^|^WA^|^4715^|^EBA^|^17^|^53^|^2^|^001^|^100^|^AB^|^522151^|^179^|^A^|^0^|^0^|^ ^|^0^|0|0|0|^ ^|^ ^|^ ^|^ ^|^^|^00^|^^|0|0|^^|^ ^
^2026^|^01^|^497607^|^015^|^08^|^WA^|^4715^|^EBA^|^17^|^53^|^2^|^001^|^100^|^AB^|^524111^|^179^|^A^|^0^|^0^|^ ^|^0^|0|0|0|^ ^|^ ^|^ ^|^ ^|^^|^00^|^^|0|0|^^|^ ^
^2026^|^01^|^497607^|^015^|^08^|^WA^|^4715^|^EBA^|^17^|^53^|^2^|^001^|^100^|^BA^|^521811^|^179^|^A^|^0^|^0^|^ ^|^0^|0|0|0|^ ^|^ ^|^ ^|^ ^|^^|^00^|^^|0|0|^^|^ ^
^2026^|^01^|^497607^|^015^|^08^|^WA^|^4715^|^EBA^|^17^|^53^|^2^|^001^|^100^|^BB^|^522151^|^179^|^A^|^0^|^0^|^ ^|^0^|0|0|0|^ ^|^ ^|^ ^|^ ^|^^|^00^|^^|0|0|^^|^ ^
^2026^|^01^|^497607^|^015^|^08^|^WA^|^4715^|^EBA^|^17^|^53^|^2^|^001^|^100^|^BB^|^524111^|^179^|^A^|^0^|^0^|^ ^|^0^|0|0|0|^ ^|^ ^|^ ^|^ ^|^^|^00^|^^|0|0|^^|^ ^
^2026^|^01^|^497607^|^015^|^08^|^WA^|^4715^|^EBA^|^17^|^53^|^2^|^994^|^002^|^AA^|^521111^|^179^|^A^|^0^|^0^|^ ^|^0^|0|0|0|^ ^|^ ^|^ ^|^ ^|^^|^00^|^^|0|0|^^|^ ^
^2026^|^01^|^497607^|^015^|^08^|^WA^|^4715^|^EBA^|^17^|^53^|^2^|^994^|^002^|^AA^|^521119^|^179^|^A^|^0^|^0^|^ ^|^0^|0|0|0|^ ^|^ ^|^ ^|^ ^|^^|^00^|^^|0|0|^^|^ ^
^2026^|^01^|^497607^|^015^|^08^|^WA^|^4715^|^EBA^|^17^|^53^|^2^|^994^|^002^|^AA^|^521811^|^179^|^A^|^0^|^0^|^ ^|^0^|0|0|0|^ ^|^ ^|^ ^|^ ^|^^|^00^|^^|0|0|^^|^ ^
^2026^|^01^|^497607^|^015^|^08^|^WA^|^4715^|^EBA^|^17^|^53^|^2^|^994^|^002^|^AB^|^521114^|^179^|^A^|^0^|^0^|^ ^|^0^|0|0|0|^ ^|^ ^|^ ^|^ ^|^^|^00^|^^|0|0|^^|^ ^
^2026^|^01^|^497607^|^015^|^08^|^WA^|^4715^|^EBA^|^17^|^53^|^2^|^994^|^002^|^AB^|^522113^|^179^|^A^|^0^|^0^|^ ^|^0^|0|0|0|^ ^|^ ^|^ ^|^ ^|^^|^00^|^^|0|0|^^|^ ^
^2026^|^01^|^497607^|^015^|^08^|^WA^|^4715^|^EBA^|^17^|^53^|^2^|^994^|^002^|^AC^|^521113^|^179^|^A^|^0^|^0^|^ ^|^0^|0|0|0|^ ^|^ ^|^ ^|^ ^|^^|^00^|^^|0|0|^^|^ ^
^2026^|^01^|^497607^|^015^|^08^|^WA^|^4715^|^EBA^|^17^|^53^|^2^|^994^|^002^|^AC^|^521115^|^179^|^A^|^0^|^0^|^ ^|^0^|0|0|0|^ ^|^ ^|^ ^|^ ^|^^|^00^|^^|0|0|^^|^ ^
^2026^|^01^|^497607^|^015^|^08^|^WA^|^4715^|^EBA^|^17^|^53^|^2^|^994^|^002^|^AC^|^521119^|^179^|^A^|^0^|^0^|^ ^|^0^|0|0|0|^ ^|^ ^|^ ^|^ ^|^^|^00^|^^|0|0|^^|^ ^
^2026^|^01^|^497607^|^015^|^08^|^WA^|^4715^|^EBA^|^17^|^53^|^2^|^994^|^002^|^AD^|^523121^|^179^|^A^|^0^|^0^|^ ^|^0^|0|0|0|^ ^|^ ^|^ ^|^ ^|^^|^00^|^^|0|0|^^|^ ^
^2026^|^01^|^497607^|^015^|^08^|^WA^|^4715^|^EBA^|^17^|^53^|^2^|^994^|^002^|^AE^|^523111^|^179^|^A^|^0^|^0^|^ ^|^0^|0|0|0|^ ^|^ ^|^ ^|^ ^|^^|^00^|^^|0|0|^^|^ ^
^2026^|^01^|^497607^|^015^|^08^|^WA^|^4715^|^EBA^|^17^|^53^|^2^|^994^|^002^|^AE^|^523119^|^179^|^A^|^0^|^0^|^ ^|^0^|0|0|0|^ ^|^ ^|^ ^|^ ^|^^|^00^|^^|0|0|^^|^ ^
^2026^|^01^|^497607^|^015^|^08^|^WA^|^4715^|^EBA^|^17^|^53^|^2^|^994^|^002^|^BA^|^521111^|^179^|^A^|^0^|^0^|^ ^|^0^|0|0|0|^ ^|^ ^|^ ^|^ ^|^^|^00^|^^|0|0|^^|^ ^
^2026^|^01^|^497607^|^015^|^08^|^WA^|^4715^|^EBA^|^17^|^53^|^2^|^994^|^002^|^BA^|^521119^|^179^|^A^|^0^|^0^|^ ^|^0^|0|0|0|^ ^|^ ^|^ ^|^ ^|^^|^00^|^^|0|0|^^|^ ^
^2026^|^01^|^497607^|^015^|^08^|^WA^|^4715^|^EBA^|^17^|^53^|^2^|^994^|^002^|^BA^|^521811^|^179^|^A^|^0^|^0^|^ ^|^0^|0|0|0|^ ^|^ ^|^ ^|^ ^|^^|^00^|^^|0|0|^^|^ ^
^2026^|^01^|^497607^|^015^|^08^|^WA^|^4715^|^EBA^|^17^|^53^|^2^|^994^|^002^|^BC^|^521113^|^179^|^A^|^0^|^0^|^ ^|^0^|0|0|0|^ ^|^ ^|^ ^|^ ^|^^|^00^|^^|0|0|^^|^ ^
^2026^|^01^|^497607^|^015^|^08^|^WA^|^4715^|^EBA^|^17^|^53^|^2^|^994^|^002^|^BC^|^521115^|^179^|^A^|^0^|^0^|^ ^|^0^|0|0|0|^ ^|^ ^|^ ^|^ ^|^^|^00^|^^|0|0|^^|^ ^
^2026^|^01^|^497607^|^015^|^08^|^WA^|^4715^|^EBA^|^17^|^53^|^2^|^994^|^002^|^BC^|^521119^|^179^|^A^|^0^|^0^|^ ^|^0^|0|0|0|^ ^|^ ^|^ ^|^ ^|^^|^00^|^^|0|0|^^|^ ^
^2026^|^01^|^497607^|^015^|^08^|^WA^|^4715^|^EBA^|^17^|^53^|^2^|^994^|^002^|^BD^|^523121^|^179^|^A^|^0^|^0^|^ ^|^0^|0|0|0|^ ^|^ ^|^ ^|^ ^|^^|^00^|^^|0|0|^^|^ ^
^2026^|^01^|^497607^|^015^|^08^|^WA^|^4715^|^EBA^|^17^|^53^|^2^|^994^|^002^|^TJ^|^523121^|^179^|^A^|^0^|^0^|^ ^|^0^|0|0|0|^ ^|^ ^|^ ^|^ ^|^^|^00^|^^|0|0|^^|^ ^
^2026^|^01^|^497607^|^015^|^08^|^WA^|^4715^|^EBA^|^17^|^53^|^2^|^002^|^100^|^AA^|^524111^|^179^|^A^|^0^|^0^|^ ^|^0^|0|0|0|^ ^|^ ^|^ ^|^ ^|^^|^00^|^^|0|0|^^|^ ^
^2026^|^01^|^497607^|^015^|^08^|^WA^|^4715^|^EBA^|^17^|^53^|^2^|^002^|^100^|^AA^|^524113^|^179^|^A^|^0^|^0^|^ ^|^0^|0|0|0|^ ^|^ ^|^ ^|^ ^|^^|^00^|^^|0|0|^^|^ ^
^2026^|^01^|^497607^|^015^|^08^|^WA^|^4715^|^EBA^|^17^|^53^|^2^|^002^|^100^|^AB^|^524111^|^179^|^A^|^0^|^0^|^ ^|^0^|0|0|0|^ ^|^ ^|^ ^|^ ^|^^|^00^|^^|0|0|^^|^ ^
^2026^|^01^|^497607^|^015^|^08^|^WA^|^4715^|^EBA^|^17^|^53^|^2^|^002^|^100^|^BA^|^524111^|^179^|^A^|^0^|^0^|^ ^|^0^|0|0|0|^ ^|^ ^|^ ^|^ ^|^^|^00^|^^|0|0|^^|^ ^
^2026^|^01^|^497607^|^015^|^08^|^WA^|^4715^|^EBD^|^17^|^53^|^2^|^Z36^|^100^|^AB^|^524111^|^179^|^A^|^0^|^0^|^ ^|^0^|0|0|0|^ ^|^ ^|^ ^|^ ^|^^|^00^|^^|0|0|^^|^ ^
^2026^|^01^|^497607^|^015^|^08^|^WA^|^4715^|^EBD^|^17^|^53^|^2^|^Z36^|^100^|^BB^|^524111^|^179^|^A^|^0^|^0^|^ ^|^0^|0|0|0|^ ^|^ ^|^ ^|^ ^|^^|^00^|^^|0|0|^^|^ ^
^2026^|^01^|^497607^|^015^|^08^|^WA^|^4718^|^BMB^|^17^|^53^|^2^|^002^|^100^|^AA^|^521219^|^179^|^A^|^0^|^0^|^ ^|^0^|0|0|0|^ ^|^ ^|^ ^|^ ^|^^|^00^|^^|0|0|^^|^ ^
^2026^|^01^|^497607^|^015^|^08^|^WA^|^4718^|^BMB^|^17^|^53^|^2^|^002^|^100^|^BA^|^521219^|^179^|^A^|^0^|^0^|^ ^|^0^|0|0|0|^ ^|^ ^|^ ^|^ ^|^^|^00^|^^|0|0|^^|^ ^
^2026^|^01^|^497607^|^015^|^08^|^WA^|^4718^|^BMB^|^17^|^53^|^2^|^001^|^100^|^AA^|^521211^|^179^|^A^|^0^|^0^|^ ^|^0^|0|0|0|^ ^|^ ^|^ ^|^ ^|^^|^00^|^^|0|0|^^|^ ^
^2026^|^01^|^497607^|^015^|^08^|^WA^|^4718^|^BMB^|^17^|^53^|^2^|^001^|^100^|^BA^|^521211^|^179^|^A^|^0^|^0^|^ ^|^0^|0|0|0|^ ^|^ ^|^ ^|^ ^|^^|^00^|^^|0|0|^^|^ ^
^2026^|^01^|^497607^|^015^|^08^|^WA^|^4719^|^EBA^|^17^|^53^|^2^|^994^|^001^|^AA^|^511129^|^179^|^A^|^0^|^0^|^ ^|^0^|0|0|0|^ ^|^ ^|^ ^|^ ^|^^|^00^|^^|0|0|^^|^ ^
^2026^|^01^|^497607^|^015^|^08^|^WA^|^4719^|^EBA^|^17^|^53^|^2^|^994^|^001^|^AA^|^512211^|^179^|^A^|^0^|^0^|^ ^|^0^|0|0|0|^ ^|^ ^|^ ^|^ ^|^^|^00^|^^|0|0|^^|^ ^
^2026^|^01^|^497607^|^015^|^08^|^WA^|^4719^|^EBA^|^17^|^53^|^2^|^994^|^001^|^BA^|^511129^|^179^|^A^|^0^|^0^|^ ^|^0^|0|0|0|^ ^|^ ^|^ ^|^ ^|^^|^00^|^^|0|0|^^|^ ^
^2026^|^01^|^497607^|^015^|^08^|^WA^|^4719^|^EBA^|^17^|^53^|^2^|^994^|^001^|^BA^|^512211^|^179^|^A^|^0^|^0^|^ ^|^0^|0|0|0|^ ^|^ ^|^ ^|^ ^|^^|^00^|^^|0|0|^^|^ ^
^2026^|^01^|^497607^|^015^|^08^|^WA^|^4719^|^EBA^|^17^|^53^|^2^|^004^|^100^|^AA^|^521211^|^179^|^A^|^0^|^0^|^ ^|^0^|0|0|0|^ ^|^ ^|^ ^|^ ^|^^|^00^|^^|0|0|^^|^ ^
^2026^|^01^|^497607^|^015^|^08^|^WA^|^4719^|^EBA^|^17^|^53^|^2^|^004^|^100^|^BA^|^521211^|^179^|^A^|^0^|^0^|^ ^|^0^|0|0|0|^ ^|^ ^|^ ^|^ ^|^^|^00^|^^|0|0|^^|^ ^
^2026^|^01^|^497607^|^015^|^08^|^WA^|^4719^|^EBC^|^17^|^53^|^2^|^001^|^100^|^XC^|^521211^|^179^|^A^|^0^|^0^|^ ^|^0^|0|0|0|^ ^|^ ^|^ ^|^ ^|^^|^00^|^^|0|0|^^|^ ^
^2026^|^01^|^497607^|^015^|^08^|^WA^|^4719^|^EBC^|^17^|^53^|^2^|^001^|^100^|^XC^|^522151^|^179^|^A^|^0^|^0^|^ ^|^0^|0|0|0|^ ^|^ ^|^ ^|^ ^|^^|^00^|^^|0|0|^^|^ ^
^2026^|^01^|^497607^|^015^|^08^|^WA^|^4719^|^EBC^|^17^|^53^|^2^|^001^|^100^|^XC^|^524113^|^179^|^A^|^0^|^0^|^ ^|^0^|0|0|0|^ ^|^ ^|^ ^|^ ^|^^|^00^|^^|0|0|^^|^ ^
^2026^|^01^|^527027^|^015^|^08^|^CD^|^6212^|^BMB^|^01^|^55^|^2^|^001^|^100^|^ A^|^524113^|^019^|^A^|^0^|^0^|^ ^|^0^|0|0|0|^ ^|^ ^|^ ^|^ ^|^^|^00^|^^|0|0|^^|^ ^
^2026^|^01^|^527027^|^015^|^08^|^CD^|^6212^|^BMB^|^01^|^55^|^2^|^001^|^100^|^ B^|^521211^|^019^|^A^|^0^|^0^|^ ^|^0^|0|0|0|^ ^|^ ^|^ ^|^ ^|^^|^00^|^^|0|0|^^|^ ^
^2026^|^01^|^527027^|^015^|^08^|^CD^|^6212^|^BMB^|^01^|^55^|^2^|^001^|^100^|^ B^|^522151^|^019^|^A^|^0^|^0^|^ ^|^0^|0|0|0|^ ^|^ ^|^ ^|^ ^|^^|^00^|^^|0|0|^^|^ ^
^2026^|^01^|^527027^|^015^|^08^|^CD^|^6212^|^BMB^|^01^|^55^|^2^|^001^|^100^|^ B^|^524113^|^019^|^A^|^0^|^0^|^ ^|^0^|0|0|0|^ ^|^ ^|^ ^|^ ^|^^|^00^|^^|0|0|^^|^ ^
^2026^|^01^|^527027^|^015^|^08^|^CD^|^6212^|^BMB^|^01^|^55^|^2^|^001^|^100^|^ C^|^524113^|^019^|^A^|^0^|^0^|^ ^|^0^|0|0|0|^ ^|^ ^|^ ^|^ ^|^^|^00^|^^|0|0|^^|^ ^
^2026^|^01^|^527027^|^015^|^08^|^CD^|^6212^|^BMB^|^01^|^55^|^2^|^001^|^100^|^ D^|^521211^|^019^|^A^|^0^|^0^|^ ^|^0^|0|0|0|^ ^|^ ^|^ ^|^ ^|^^|^00^|^^|0|0|^^|^ ^
^2026^|^01^|^527027^|^015^|^08^|^CD^|^6212^|^BMB^|^01^|^55^|^2^|^001^|^100^|^ D^|^522141^|^019^|^A^|^0^|^0^|^ ^|^0^|0|0|0|^ ^|^ ^|^ ^|^ ^|^^|^00^|^^|0|0|^^|^ ^
^2026^|^01^|^527027^|^015^|^08^|^CD^|^6212^|^FAC^|^01^|^55^|^2^|^002^|^100^|^ A^|^524113^|^019^|^A^|^0^|^0^|^ ^|^0^|0|0|0|^ ^|^ ^|^ ^|^ ^|^^|^00^|^^|0|0|^^|^ ^
^2026^|^01^|^527027^|^015^|^08^|^CD^|^6212^|^FAC^|^01^|^55^|^2^|^002^|^100^|^ B^|^524113^|^019^|^A^|^0^|^0^|^ ^|^0^|0|0|0|^ ^|^ ^|^ ^|^ ^|^^|^00^|^^|0|0|^^|^ ^
^2026^|^01^|^527027^|^015^|^08^|^CD^|^6212^|^FAH^|^01^|^55^|^2^|^003^|^100^|^ A^|^524113^|^019^|^A^|^0^|^0^|^ ^|^0^|0|0|0|^ ^|^ ^|^ ^|^ ^|^^|^00^|^^|0|0|^^|^ ^
^2026^|^01^|^527027^|^015^|^08^|^CD^|^6212^|^FAH^|^01^|^55^|^2^|^003^|^100^|^ B^|^521211^|^019^|^A^|^0^|^0^|^ ^|^0^|0|0|0|^ ^|^ ^|^ ^|^ ^|^^|^00^|^^|0|0|^^|^ ^
^2026^|^01^|^527027^|^015^|^08^|^CD^|^6212^|^FAH^|^01^|^55^|^2^|^003^|^100^|^ B^|^524113^|^019^|^A^|^0^|^0^|^ ^|^0^|0|0|0|^ ^|^ ^|^ ^|^ ^|^^|^00^|^^|0|0|^^|^ ^
^2026^|^01^|^527027^|^015^|^08^|^CD^|^6212^|^FAH^|^01^|^55^|^2^|^002^|^100^|^ A^|^521211^|^019^|^A^|^0^|^0^|^ ^|^0^|0|0|0|^ ^|^ ^|^ ^|^ ^|^^|^00^|^^|0|0|^^|^ ^
^2026^|^01^|^527027^|^015^|^08^|^CD^|^6212^|^FAH^|^01^|^55^|^2^|^002^|^100^|^ B^|^524113^|^019^|^A^|^0^|^0^|^ ^|^0^|0|0|0|^ ^|^ ^|^ ^|^ ^|^^|^00^|^^|0|0|^^|^ ^
^2026^|^01^|^527027^|^015^|^08^|^CD^|^6212^|^FAH^|^01^|^55^|^2^|^002^|^100^|^ C^|^522151^|^019^|^A^|^0^|^0^|^ ^|^0^|0|0|0|^ ^|^ ^|^ ^|^ ^|^^|^00^|^^|0|0|^^|^ ^
^2026^|^01^|^527027^|^015^|^08^|^CD^|^6212^|^FAH^|^01^|^55^|^2^|^002^|^100^|^ C^|^524113^|^019^|^A^|^0^|^0^|^ ^|^0^|0|0|0|^ ^|^ ^|^ ^|^ ^|^^|^00^|^^|0|0|^^|^ ^
^2026^|^01^|^527027^|^015^|^08^|^CD^|^6212^|^FAL^|^01^|^55^|^2^|^001^|^100^|^ A^|^524111^|^019^|^A^|^0^|^0^|^ ^|^0^|0|0|0|^ ^|^ ^|^ ^|^ ^|^^|^00^|^^|0|0|^^|^ ^
^2026^|^01^|^527027^|^015^|^08^|^CD^|^6212^|^FAL^|^01^|^55^|^2^|^001^|^100^|^ A^|^524113^|^019^|^A^|^0^|^0^|^ ^|^0^|0|0|0|^ ^|^ ^|^ ^|^ ^|^^|^00^|^^|0|0|^^|^ ^
^2026^|^01^|^527027^|^015^|^08^|^CD^|^6212^|^FAL^|^01^|^55^|^2^|^001^|^100^|^ B^|^521211^|^019^|^A^|^0^|^0^|^ ^|^0^|0|0|0|^ ^|^ ^|^ ^|^ ^|^^|^00^|^^|0|0|^^|^ ^
^2026^|^01^|^527027^|^015^|^08^|^CD^|^6212^|^FAL^|^01^|^55^|^2^|^001^|^100^|^ B^|^522151^|^019^|^A^|^0^|^0^|^ ^|^0^|0|0|0|^ ^|^ ^|^ ^|^ ^|^^|^00^|^^|0|0|^^|^ ^
^2026^|^01^|^527027^|^015^|^08^|^CD^|^6212^|^FAL^|^01^|^55^|^2^|^001^|^100^|^ C^|^524113^|^019^|^A^|^0^|^0^|^ ^|^0^|0|0|0|^ ^|^ ^|^ ^|^ ^|^^|^00^|^^|0|0|^^|^ ^
^2026^|^01^|^527027^|^015^|^08^|^CD^|^6212^|^FAL^|^01^|^55^|^2^|^001^|^100^|^ D^|^521211^|^019^|^A^|^0^|^0^|^ ^|^0^|0|0|0|^ ^|^ ^|^ ^|^ ^|^^|^00^|^^|0|0|^^|^ ^
^2026^|^01^|^527027^|^015^|^08^|^CD^|^6212^|^FAL^|^01^|^55^|^2^|^001^|^100^|^ D^|^521213^|^019^|^A^|^0^|^0^|^ ^|^0^|0|0|0|^ ^|^ ^|^ ^|^ ^|^^|^00^|^^|0|0|^^|^ ^
^2026^|^01^|^527027^|^015^|^08^|^CD^|^6212^|^FAL^|^01^|^55^|^2^|^001^|^100^|^ D^|^522151^|^019^|^A^|^0^|^0^|^ ^|^0^|0|0|0|^ ^|^ ^|^ ^|^ ^|^^|^00^|^^|0|0|^^|^ ^
^2026^|^01^|^527027^|^015^|^08^|^CD^|^6212^|^FAL^|^01^|^55^|^2^|^001^|^100^|^ D^|^524113^|^019^|^A^|^0^|^0^|^ ^|^0^|0|0|0|^ ^|^ ^|^ ^|^ ^|^^|^00^|^^|0|0|^^|^ ^
^2026^|^01^|^527027^|^015^|^08^|^CD^|^6213^|^ABA^|^01^|^55^|^2^|^001^|^100^|^ A^|^522151^|^019^|^A^|^0^|^0^|^ ^|^0^|0|0|0|^ ^|^ ^|^ ^|^ ^|^^|^00^|^^|0|0|^^|^ ^
^2026^|^01^|^527027^|^015^|^08^|^CD^|^6213^|^ABA^|^01^|^55^|^2^|^001^|^100^|^ A^|^524113^|^019^|^A^|^0^|^0^|^ ^|^0^|0|0|0|^ ^|^ ^|^ ^|^ ^|^^|^00^|^^|0|0|^^|^ ^
^2026^|^01^|^527027^|^015^|^08^|^CD^|^6213^|^FAE^|^01^|^55^|^2^|^009^|^100^|^ B^|^524113^|^019^|^A^|^0^|^0^|^ ^|^0^|0|0|0|^ ^|^ ^|^ ^|^ ^|^^|^00^|^^|0|0|^^|^ ^
^2026^|^01^|^527027^|^015^|^08^|^CD^|^6213^|^FAE^|^01^|^55^|^2^|^009^|^100^|^ C^|^524111^|^019^|^A^|^0^|^0^|^ ^|^0^|0|0|0|^ ^|^ ^|^ ^|^ ^|^^|^00^|^^|0|0|^^|^ ^
^2026^|^01^|^527027^|^015^|^08^|^CD^|^6213^|^FAE^|^01^|^55^|^2^|^009^|^100^|^ C^|^524113^|^019^|^A^|^0^|^0^|^ ^|^0^|0|0|0|^ ^|^ ^|^ ^|^ ^|^^|^00^|^^|0|0|^^|^ ^
^2026^|^01^|^527027^|^015^|^08^|^CD^|^6213^|^FAE^|^01^|^55^|^2^|^009^|^100^|^ D^|^521211^|^019^|^A^|^0^|^0^|^ ^|^0^|0|0|0|^ ^|^ ^|^ ^|^ ^|^^|^00^|^^|0|0|^^|^ ^
^2026^|^01^|^527027^|^015^|^08^|^CD^|^6213^|^FAE^|^01^|^55^|^2^|^009^|^100^|^ D^|^522151^|^019^|^A^|^0^|^0^|^ ^|^0^|0|0|0|^ ^|^ ^|^ ^|^ ^|^^|^00^|^^|0|0|^^|^ ^
^2026^|^01^|^527027^|^015^|^08^|^CD^|^6213^|^FAE^|^01^|^55^|^2^|^009^|^100^|^ D^|^524113^|^019^|^A^|^0^|^0^|^ ^|^0^|0|0|0|^ ^|^ ^|^ ^|^ ^|^^|^00^|^^|0|0|^^|^ ^
^2026^|^01^|^527027^|^015^|^08^|^CD^|^6213^|^FAE^|^01^|^55^|^2^|^008^|^100^|^ A^|^522151^|^019^|^A^|^0^|^0^|^ ^|^0^|0|0|0|^ ^|^ ^|^ ^|^ ^|^^|^00^|^^|0|0|^^|^ ^
^2026^|^01^|^527027^|^015^|^08^|^CD^|^6213^|^FAE^|^01^|^55^|^2^|^008^|^100^|^ A^|^524113^|^019^|^A^|^0^|^0^|^ ^|^0^|0|0|0|^ ^|^ ^|^ ^|^ ^|^^|^00^|^^|0|0|^^|^ ^
^2026^|^01^|^527027^|^015^|^08^|^CD^|^6213^|^FAL^|^01^|^55^|^2^|^003^|^100^|^ A^|^521211^|^019^|^A^|^0^|^0^|^ ^|^0^|0|0|0|^ ^|^ ^|^ ^|^ ^|^^|^00^|^^|0|0|^^|^ ^
^2026^|^01^|^527027^|^015^|^08^|^CD^|^6213^|^FAL^|^01^|^55^|^2^|^003^|^100^|^ C^|^521211^|^019^|^A^|^0^|^0^|^ ^|^0^|0|0|0|^ ^|^ ^|^ ^|^ ^|^^|^00^|^^|0|0|^^|^ ^
^2026^|^01^|^527027^|^015^|^08^|^CD^|^6213^|^FAL^|^01^|^55^|^2^|^003^|^100^|^ D^|^524113^|^019^|^A^|^0^|^0^|^ ^|^0^|0|0|0|^ ^|^ ^|^ ^|^ ^|^^|^00^|^^|0|0|^^|^ ^
^2026^|^01^|^527027^|^015^|^08^|^CD^|^6213^|^FAL^|^01^|^55^|^2^|^003^|^100^|^ E^|^521211^|^019^|^A^|^0^|^0^|^ ^|^0^|0|0|0|^ ^|^ ^|^ ^|^ ^|^^|^00^|^^|0|0|^^|^ ^
^2026^|^01^|^527027^|^015^|^08^|^CD^|^6213^|^FAL^|^01^|^55^|^2^|^003^|^100^|^ E^|^522151^|^019^|^A^|^0^|^0^|^ ^|^0^|0|0|0|^ ^|^ ^|^ ^|^ ^|^^|^00^|^^|0|0|^^|^ ^
^2026^|^01^|^527027^|^015^|^08^|^CD^|^6213^|^FAL^|^01^|^55^|^2^|^003^|^100^|^ E^|^524113^|^019^|^A^|^0^|^0^|^ ^|^0^|0|0|0|^ ^|^ ^|^ ^|^ ^|^^|^00^|^^|0|0|^^|^ ^
^2026^|^01^|^527027^|^015^|^08^|^CD^|^6213^|^FAL^|^01^|^55^|^2^|^003^|^100^|^ F^|^521211^|^019^|^A^|^0^|^0^|^ ^|^0^|0|0|0|^ ^|^ ^|^ ^|^ ^|^^|^00^|^^|0|0|^^|^ ^
^2026^|^01^|^527027^|^015^|^08^|^CD^|^6213^|^FAL^|^01^|^55^|^2^|^003^|^100^|^ F^|^522151^|^019^|^A^|^0^|^0^|^ ^|^0^|0|0|0|^ ^|^ ^|^ ^|^ ^|^^|^00^|^^|0|0|^^|^ ^
^2026^|^01^|^527027^|^015^|^08^|^CD^|^6213^|^FAL^|^01^|^55^|^2^|^003^|^100^|^ F^|^524113^|^019^|^A^|^0^|^0^|^ ^|^0^|0|0|0|^ ^|^ ^|^ ^|^ ^|^^|^00^|^^|0|0|^^|^ ^
^2026^|^01^|^527027^|^015^|^08^|^CD^|^6213^|^FAL^|^01^|^55^|^2^|^003^|^100^|^ G^|^521211^|^019^|^A^|^0^|^0^|^ ^|^0^|0|0|0|^ ^|^ ^|^ ^|^ ^|^^|^00^|^^|0|0|^^|^ ^
^2026^|^01^|^527027^|^015^|^08^|^CD^|^6215^|^FAH^|^01^|^55^|^2^|^003^|^100^|^ A^|^524113^|^019^|^A^|^0^|^0^|^ ^|^0^|0|0|0|^ ^|^ ^|^ ^|^ ^|^^|^00^|^^|0|0|^^|^ ^
^2026^|^01^|^527027^|^015^|^08^|^CD^|^6215^|^FAH^|^01^|^55^|^2^|^003^|^100^|^ B^|^521211^|^019^|^A^|^0^|^0^|^ ^|^0^|0|0|0|^ ^|^ ^|^ ^|^ ^|^^|^00^|^^|0|0|^^|^ ^
^2026^|^01^|^527027^|^015^|^08^|^CD^|^6215^|^FAH^|^01^|^55^|^2^|^001^|^100^|^ A^|^524113^|^019^|^A^|^0^|^0^|^ ^|^0^|0|0|0|^ ^|^ ^|^ ^|^ ^|^^|^00^|^^|0|0|^^|^ ^
^2026^|^01^|^527027^|^015^|^08^|^CD^|^6215^|^FAH^|^01^|^55^|^2^|^001^|^100^|^ B^|^521211^|^019^|^A^|^0^|^0^|^ ^|^0^|0|0|0|^ ^|^ ^|^ ^|^ ^|^^|^00^|^^|0|0|^^|^ ^
^2026^|^01^|^527027^|^015^|^08^|^CD^|^6216^|^FAE^|^01^|^55^|^2^|^002^|^100^|^ A^|^524111^|^019^|^A^|^0^|^0^|^ ^|^0^|0|0|0|^ ^|^ ^|^ ^|^ ^|^^|^00^|^^|0|0|^^|^ ^
^2026^|^01^|^527027^|^015^|^08^|^CD^|^6216^|^FAE^|^01^|^55^|^2^|^002^|^100^|^ A^|^524113^|^019^|^A^|^0^|^0^|^ ^|^0^|0|0|0|^ ^|^ ^|^ ^|^ ^|^^|^00^|^^|0|0|^^|^ ^
^2026^|^01^|^527027^|^015^|^08^|^WA^|^4715^|^EBA^|^01^|^55^|^2^|^001^|^100^|^ A^|^521811^|^019^|^A^|^0^|^0^|^ ^|^0^|0|0|0|^ ^|^ ^|^ ^|^ ^|^^|^00^|^^|0|0|^^|^ ^
^2026^|^01^|^527027^|^015^|^08^|^WA^|^4715^|^EBA^|^01^|^55^|^2^|^001^|^100^|^ A^|^522151^|^019^|^A^|^0^|^0^|^ ^|^0^|0|0|0|^ ^|^ ^|^ ^|^ ^|^^|^00^|^^|0|0|^^|^ ^
^2026^|^01^|^527027^|^015^|^08^|^WA^|^4715^|^EBA^|^01^|^55^|^2^|^001^|^100^|^ B^|^522151^|^019^|^A^|^0^|^0^|^ ^|^0^|0|0|0|^ ^|^ ^|^ ^|^ ^|^^|^00^|^^|0|0|^^|^ ^
^2026^|^01^|^527027^|^015^|^08^|^WA^|^4715^|^EBA^|^01^|^55^|^2^|^001^|^100^|^ B^|^524113^|^019^|^A^|^0^|^0^|^ ^|^0^|0|0|0|^ ^|^ ^|^ ^|^ ^|^^|^00^|^^|0|0|^^|^ ^
^2026^|^01^|^527027^|^015^|^08^|^WA^|^4715^|^EBA^|^01^|^55^|^2^|^994^|^002^|^ A^|^521111^|^019^|^A^|^0^|^0^|^ ^|^0^|0|0|0|^ ^|^ ^|^ ^|^ ^|^^|^00^|^^|0|0|^^|^ ^
^2026^|^01^|^527027^|^015^|^08^|^WA^|^4715^|^EBA^|^01^|^55^|^2^|^994^|^002^|^ A^|^521119^|^019^|^A^|^0^|^0^|^ ^|^0^|0|0|0|^ ^|^ ^|^ ^|^ ^|^^|^00^|^^|0|0|^^|^ ^
^2026^|^01^|^527027^|^015^|^08^|^WA^|^4715^|^EBA^|^01^|^55^|^2^|^994^|^002^|^ A^|^521811^|^019^|^A^|^0^|^0^|^ ^|^0^|0|0|0|^ ^|^ ^|^ ^|^ ^|^^|^00^|^^|0|0|^^|^ ^
^2026^|^01^|^527027^|^015^|^08^|^WA^|^4715^|^EBA^|^01^|^55^|^2^|^994^|^002^|^ B^|^521114^|^019^|^A^|^0^|^0^|^ ^|^0^|0|0|0|^ ^|^ ^|^ ^|^ ^|^^|^00^|^^|0|0|^^|^ ^
^2026^|^01^|^527027^|^015^|^08^|^WA^|^4715^|^EBA^|^01^|^55^|^2^|^994^|^002^|^ B^|^522113^|^019^|^A^|^0^|^0^|^ ^|^0^|0|0|0|^ ^|^ ^|^ ^|^ ^|^^|^00^|^^|0|0|^^|^ ^
^2026^|^01^|^527027^|^015^|^08^|^WA^|^4715^|^EBA^|^01^|^55^|^2^|^994^|^002^|^ C^|^521115^|^019^|^A^|^0^|^0^|^ ^|^0^|0|0|0|^ ^|^ ^|^ ^|^ ^|^^|^00^|^^|0|0|^^|^ ^
^2026^|^01^|^527027^|^015^|^08^|^WA^|^4715^|^EBA^|^01^|^55^|^2^|^994^|^002^|^ C^|^521119^|^019^|^A^|^0^|^0^|^ ^|^0^|0|0|0|^ ^|^ ^|^ ^|^ ^|^^|^00^|^^|0|0|^^|^ ^
^2026^|^01^|^527027^|^015^|^08^|^WA^|^4715^|^EBA^|^01^|^55^|^2^|^994^|^002^|^ D^|^523121^|^019^|^A^|^0^|^0^|^ ^|^0^|0|0|0|^ ^|^ ^|^ ^|^ ^|^^|^00^|^^|0|0|^^|^ ^
^2026^|^01^|^527027^|^015^|^08^|^WA^|^4715^|^EBA^|^01^|^55^|^2^|^994^|^002^|^ G^|^523111^|^019^|^A^|^0^|^0^|^ ^|^0^|0|0|0|^ ^|^ ^|^ ^|^ ^|^^|^00^|^^|0|0|^^|^ ^
^2026^|^01^|^527027^|^015^|^08^|^WA^|^4715^|^EBA^|^01^|^55^|^2^|^994^|^002^|^ G^|^523119^|^019^|^A^|^0^|^0^|^ ^|^0^|0|0|0|^ ^|^ ^|^ ^|^ ^|^^|^00^|^^|0|0|^^|^ ^
^2026^|^01^|^527027^|^015^|^08^|^WA^|^4715^|^EBA^|^01^|^55^|^2^|^994^|^002^|^TJ^|^523121^|^019^|^A^|^0^|^0^|^ ^|^0^|0|0|0|^ ^|^ ^|^ ^|^ ^|^^|^00^|^^|0|0|^^|^ ^
^2026^|^01^|^527027^|^015^|^08^|^WA^|^4715^|^EBA^|^01^|^55^|^2^|^002^|^100^|^ A^|^524113^|^019^|^A^|^0^|^0^|^ ^|^0^|0|0|0|^ ^|^ ^|^ ^|^ ^|^^|^00^|^^|0|0|^^|^ ^
^2026^|^01^|^527027^|^015^|^08^|^WA^|^4715^|^EBD^|^01^|^55^|^2^|^Z36^|^100^|^ A^|^521211^|^019^|^A^|^0^|^0^|^ ^|^0^|0|0|0|^ ^|^ ^|^ ^|^ ^|^^|^00^|^^|0|0|^^|^ ^
^2026^|^01^|^527027^|^015^|^08^|^WA^|^4715^|^EBD^|^01^|^55^|^2^|^Z26^|^100^|^ A^|^521211^|^019^|^A^|^0^|^0^|^ ^|^0^|0|0|0|^ ^|^ ^|^ ^|^ ^|^^|^00^|^^|0|0|^^|^ ^
^2026^|^01^|^527027^|^015^|^08^|^WA^|^4715^|^EBD^|^01^|^55^|^2^|^Z26^|^100^|^ A^|^524113^|^019^|^A^|^0^|^0^|^ ^|^0^|0|0|0|^ ^|^ ^|^ ^|^ ^|^^|^00^|^^|0|0|^^|^ ^
^2026^|^01^|^527027^|^015^|^08^|^WA^|^4718^|^BMB^|^01^|^55^|^2^|^002^|^100^|^ A^|^521211^|^019^|^A^|^0^|^0^|^ ^|^0^|0|0|0|^ ^|^ ^|^ ^|^ ^|^^|^00^|^^|0|0|^^|^ ^
^2026^|^01^|^527027^|^015^|^08^|^WA^|^4718^|^BMB^|^01^|^55^|^2^|^002^|^100^|^ A^|^521219^|^019^|^A^|^0^|^0^|^ ^|^0^|0|0|0|^ ^|^ ^|^ ^|^ ^|^^|^00^|^^|0|0|^^|^ ^
^2026^|^01^|^527027^|^015^|^08^|^WA^|^4718^|^BMB^|^01^|^55^|^2^|^001^|^100^|^ A^|^521211^|^019^|^A^|^0^|^0^|^ ^|^0^|0|0|0|^ ^|^ ^|^ ^|^ ^|^^|^00^|^^|0|0|^^|^ ^
^2026^|^01^|^527027^|^015^|^08^|^WA^|^4719^|^EBA^|^01^|^55^|^2^|^003^|^100^|^ A^|^524113^|^019^|^A^|^0^|^0^|^ ^|^0^|0|0|0|^ ^|^ ^|^ ^|^ ^|^^|^00^|^^|0|0|^^|^ ^
^2026^|^01^|^527027^|^015^|^08^|^WA^|^4719^|^EBA^|^01^|^55^|^2^|^003^|^100^|^ B^|^521211^|^019^|^A^|^0^|^0^|^ ^|^0^|0|0|0|^ ^|^ ^|^ ^|^ ^|^^|^00^|^^|0|0|^^|^ ^
^2026^|^01^|^527027^|^015^|^08^|^WA^|^4719^|^EBA^|^01^|^55^|^2^|^994^|^001^|^ A^|^511129^|^019^|^A^|^0^|^0^|^ ^|^0^|0|0|0|^ ^|^ ^|^ ^|^ ^|^^|^00^|^^|0|0|^^|^ ^
^2026^|^01^|^527027^|^015^|^08^|^WA^|^4719^|^EBA^|^01^|^55^|^2^|^994^|^001^|^ A^|^512211^|^019^|^A^|^0^|^0^|^ ^|^0^|0|0|0|^ ^|^ ^|^ ^|^ ^|^^|^00^|^^|0|0|^^|^ ^
^2026^|^01^|^527027^|^015^|^08^|^WA^|^4719^|^EBA^|^01^|^55^|^2^|^005^|^100^|^ A^|^524113^|^019^|^A^|^0^|^0^|^ ^|^0^|0|0|0|^ ^|^ ^|^ ^|^ ^|^^|^00^|^^|0|0|^^|^ ^
^2026^|^01^|^527027^|^015^|^08^|^WA^|^4719^|^EBA^|^01^|^55^|^2^|^005^|^100^|^ B^|^524113^|^019^|^A^|^0^|^0^|^ ^|^0^|0|0|0|^ ^|^ ^|^ ^|^ ^|^^|^00^|^^|0|0|^^|^ ^
^2026^|^01^|^527027^|^015^|^08^|^WA^|^4719^|^EBC^|^01^|^55^|^2^|^001^|^100^|^XC^|^521211^|^019^|^A^|^0^|^0^|^ ^|^0^|0|0|0|^ ^|^ ^|^ ^|^ ^|^^|^00^|^^|0|0|^^|^ ^
^2026^|^01^|^527027^|^015^|^08^|^WA^|^4719^|^EBC^|^01^|^55^|^2^|^001^|^100^|^XC^|^522151^|^019^|^A^|^0^|^0^|^ ^|^0^|0|0|0|^ ^|^ ^|^ ^|^ ^|^^|^00^|^^|0|0|^^|^ ^
^2026^|^01^|^527027^|^015^|^08^|^WA^|^4719^|^EBC^|^01^|^55^|^2^|^001^|^100^|^XC^|^524113^|^019^|^A^|^0^|^0^|^ ^|^0^|0|0|0|^ ^|^ ^|^ ^|^ ^|^^|^00^|^^|0|0|^^|^ ^
^2026^|^01^|^527027^|^015^|^08^|^WA^|^4722^|^EBD^|^01^|^55^|^2^|^001^|^100^|^ A^|^521211^|^019^|^A^|^0^|^0^|^ ^|^0^|0|0|0|^ ^|^ ^|^ ^|^ ^|^^|^00^|^^|0|0|^^|^ ^
^2026^|^01^|^527027^|^015^|^08^|^WA^|^4722^|^EBD^|^01^|^55^|^2^|^001^|^100^|^ B^|^524113^|^019^|^A^|^0^|^0^|^ ^|^0^|0|0|0|^ ^|^ ^|^ ^|^ ^|^^|^00^|^^|0|0|^^|^ ^
^2026^|^01^|^497622^|^015^|^08^|^CD^|^6212^|^BMB^|^31^|^03^|^2^|^001^|^100^|^ A^|^524111^|^180^|^A^|^0^|^0^|^ ^|^0^|0|0|0|^ ^|^ ^|^ ^|^ ^|^^|^00^|^^|0|0|^^|^ ^
^2026^|^01^|^497622^|^015^|^08^|^CD^|^6212^|^BMB^|^31^|^03^|^2^|^001^|^100^|^ A^|^524113^|^180^|^A^|^0^|^0^|^ ^|^0^|0|0|0|^ ^|^ ^|^ ^|^ ^|^^|^00^|^^|0|0|^^|^ ^
^2026^|^01^|^497622^|^015^|^08^|^CD^|^6212^|^FAC^|^31^|^03^|^2^|^001^|^100^|^ A^|^521211^|^180^|^A^|^0^|^0^|^ ^|^0^|0|0|0|^ ^|^ ^|^ ^|^ ^|^^|^00^|^^|0|0|^^|^ ^
^2026^|^01^|^497622^|^015^|^08^|^CD^|^6212^|^FAC^|^31^|^03^|^2^|^001^|^100^|^ B^|^521211^|^180^|^A^|^0^|^0^|^ ^|^0^|0|0|0|^ ^|^ ^|^ ^|^ ^|^^|^00^|^^|0|0|^^|^ ^
^2026^|^01^|^497622^|^015^|^08^|^CD^|^6212^|^FAH^|^31^|^03^|^2^|^001^|^100^|^ A^|^521211^|^180^|^A^|^0^|^0^|^ ^|^0^|0|0|0|^ ^|^ ^|^ ^|^ ^|^^|^00^|^^|0|0|^^|^ ^
^2026^|^01^|^497622^|^015^|^08^|^CD^|^6212^|^FAL^|^31^|^03^|^2^|^004^|^100^|^ A^|^521211^|^180^|^A^|^0^|^0^|^ ^|^0^|0|0|0|^ ^|^ ^|^ ^|^ ^|^^|^00^|^^|0|0|^^|^ ^
^2026^|^01^|^497622^|^015^|^08^|^CD^|^6212^|^FAL^|^31^|^03^|^2^|^004^|^100^|^ B^|^521211^|^180^|^A^|^0^|^0^|^ ^|^0^|0|0|0|^ ^|^ ^|^ ^|^ ^|^^|^00^|^^|0|0|^^|^ ^
^2026^|^01^|^497622^|^015^|^08^|^CD^|^6212^|^FAL^|^31^|^03^|^2^|^004^|^100^|^ D^|^524111^|^180^|^A^|^0^|^0^|^ ^|^0^|0|0|0|^ ^|^ ^|^ ^|^ ^|^^|^00^|^^|0|0|^^|^ ^
^2026^|^01^|^497622^|^015^|^08^|^CD^|^6212^|^FAL^|^31^|^03^|^2^|^004^|^100^|^ D^|^524113^|^180^|^A^|^0^|^0^|^ ^|^0^|0|0|0|^ ^|^ ^|^ ^|^ ^|^^|^00^|^^|0|0|^^|^ ^
^2026^|^01^|^497622^|^015^|^08^|^CD^|^6213^|^FAC^|^31^|^03^|^2^|^001^|^100^|^ A^|^521211^|^180^|^A^|^0^|^0^|^ ^|^0^|0|0|0|^ ^|^ ^|^ ^|^ ^|^^|^00^|^^|0|0|^^|^ ^
^2026^|^01^|^497622^|^015^|^08^|^CD^|^6213^|^FAE^|^31^|^03^|^2^|^009^|^100^|^ A^|^524111^|^180^|^A^|^0^|^0^|^ ^|^0^|0|0|0|^ ^|^ ^|^ ^|^ ^|^^|^00^|^^|0|0|^^|^ ^
^2026^|^01^|^497622^|^015^|^08^|^CD^|^6213^|^FAE^|^31^|^03^|^2^|^009^|^100^|^ A^|^524113^|^180^|^A^|^0^|^0^|^ ^|^0^|0|0|0|^ ^|^ ^|^ ^|^ ^|^^|^00^|^^|0|0|^^|^ ^
^2026^|^01^|^497622^|^015^|^08^|^CD^|^6213^|^FAL^|^31^|^03^|^2^|^003^|^100^|^ A^|^524111^|^180^|^A^|^0^|^0^|^ ^|^0^|0|0|0|^ ^|^ ^|^ ^|^ ^|^^|^00^|^^|0|0|^^|^ ^
^2026^|^01^|^497622^|^015^|^08^|^CD^|^6213^|^FAL^|^31^|^03^|^2^|^003^|^100^|^ A^|^524113^|^180^|^A^|^0^|^0^|^ ^|^0^|0|0|0|^ ^|^ ^|^ ^|^ ^|^^|^00^|^^|0|0|^^|^ ^
^2026^|^01^|^497622^|^015^|^08^|^CD^|^6214^|^FAL^|^31^|^03^|^2^|^002^|^100^|^ A^|^521211^|^180^|^A^|^0^|^0^|^ ^|^0^|0|0|0|^ ^|^ ^|^ ^|^ ^|^^|^00^|^^|0|0|^^|^ ^
^2026^|^01^|^497622^|^015^|^08^|^CD^|^6214^|^FAL^|^31^|^03^|^2^|^002^|^100^|^ B^|^521211^|^180^|^A^|^0^|^0^|^ ^|^0^|0|0|0|^ ^|^ ^|^ ^|^ ^|^^|^00^|^^|0|0|^^|^ ^
^2026^|^01^|^497622^|^015^|^08^|^CD^|^6215^|^FAH^|^31^|^03^|^2^|^003^|^100^|^ A^|^521211^|^180^|^A^|^0^|^0^|^ ^|^0^|0|0|0|^ ^|^ ^|^ ^|^ ^|^^|^00^|^^|0|0|^^|^ ^
^2026^|^01^|^497622^|^015^|^08^|^CD^|^6215^|^FAH^|^31^|^03^|^2^|^003^|^100^|^ B^|^524111^|^180^|^A^|^0^|^0^|^ ^|^0^|0|0|0|^ ^|^ ^|^ ^|^ ^|^^|^00^|^^|0|0|^^|^ ^
^2026^|^01^|^497622^|^015^|^08^|^WA^|^4715^|^EBA^|^31^|^03^|^2^|^001^|^100^|^ A^|^521811^|^180^|^A^|^0^|^0^|^ ^|^0^|0|0|0|^ ^|^ ^|^ ^|^ ^|^^|^00^|^^|0|0|^^|^ ^
^2026^|^01^|^497622^|^015^|^08^|^WA^|^4715^|^EBA^|^31^|^03^|^2^|^001^|^100^|^ B^|^522151^|^180^|^A^|^0^|^0^|^ ^|^0^|0|0|0|^ ^|^ ^|^ ^|^ ^|^^|^00^|^^|0|0|^^|^ ^
^2026^|^01^|^497622^|^015^|^08^|^WA^|^4715^|^EBA^|^31^|^03^|^2^|^001^|^100^|^ B^|^524111^|^180^|^A^|^0^|^0^|^ ^|^0^|0|0|0|^ ^|^ ^|^ ^|^ ^|^^|^00^|^^|0|0|^^|^ ^
^2026^|^01^|^497622^|^015^|^08^|^WA^|^4715^|^EBA^|^31^|^03^|^2^|^994^|^002^|^ A^|^521111^|^180^|^A^|^0^|^0^|^ ^|^0^|0|0|0|^ ^|^ ^|^ ^|^ ^|^^|^00^|^^|0|0|^^|^ ^
^2026^|^01^|^497622^|^015^|^08^|^WA^|^4715^|^EBA^|^31^|^03^|^2^|^994^|^002^|^ A^|^521119^|^180^|^A^|^0^|^0^|^ ^|^0^|0|0|0|^ ^|^ ^|^ ^|^ ^|^^|^00^|^^|0|0|^^|^ ^
^2026^|^01^|^497622^|^015^|^08^|^WA^|^4715^|^EBA^|^31^|^03^|^2^|^994^|^002^|^ A^|^521811^|^180^|^A^|^0^|^0^|^ ^|^0^|0|0|0|^ ^|^ ^|^ ^|^ ^|^^|^00^|^^|0|0|^^|^ ^
^2026^|^01^|^497622^|^015^|^08^|^WA^|^4715^|^EBA^|^31^|^03^|^2^|^994^|^002^|^ B^|^521114^|^180^|^A^|^0^|^0^|^ ^|^0^|0|0|0|^ ^|^ ^|^ ^|^ ^|^^|^00^|^^|0|0|^^|^ ^
^2026^|^01^|^497622^|^015^|^08^|^WA^|^4715^|^EBA^|^31^|^03^|^2^|^994^|^002^|^ B^|^522113^|^180^|^A^|^0^|^0^|^ ^|^0^|0|0|0|^ ^|^ ^|^ ^|^ ^|^^|^00^|^^|0|0|^^|^ ^
^2026^|^01^|^497622^|^015^|^08^|^WA^|^4715^|^EBA^|^31^|^03^|^2^|^994^|^002^|^ C^|^521113^|^180^|^A^|^0^|^0^|^ ^|^0^|0|0|0|^ ^|^ ^|^ ^|^ ^|^^|^00^|^^|0|0|^^|^ ^
^2026^|^01^|^497622^|^015^|^08^|^WA^|^4715^|^EBA^|^31^|^03^|^2^|^994^|^002^|^ C^|^521115^|^180^|^A^|^0^|^0^|^ ^|^0^|0|0|0|^ ^|^ ^|^ ^|^ ^|^^|^00^|^^|0|0|^^|^ ^
^2026^|^01^|^497622^|^015^|^08^|^WA^|^4715^|^EBA^|^31^|^03^|^2^|^994^|^002^|^ C^|^521119^|^180^|^A^|^0^|^0^|^ ^|^0^|0|0|0|^ ^|^ ^|^ ^|^ ^|^^|^00^|^^|0|0|^^|^ ^
^2026^|^01^|^497622^|^015^|^08^|^WA^|^4715^|^EBA^|^31^|^03^|^2^|^994^|^002^|^ D^|^523121^|^180^|^A^|^0^|^0^|^ ^|^0^|0|0|0|^ ^|^ ^|^ ^|^ ^|^^|^00^|^^|0|0|^^|^ ^
^2026^|^01^|^497622^|^015^|^08^|^WA^|^4715^|^EBA^|^31^|^03^|^2^|^994^|^002^|^ G^|^523111^|^180^|^A^|^0^|^0^|^ ^|^0^|0|0|0|^ ^|^ ^|^ ^|^ ^|^^|^00^|^^|0|0|^^|^ ^
^2026^|^01^|^497622^|^015^|^08^|^WA^|^4715^|^EBA^|^31^|^03^|^2^|^994^|^002^|^ G^|^523119^|^180^|^A^|^0^|^0^|^ ^|^0^|0|0|0|^ ^|^ ^|^ ^|^ ^|^^|^00^|^^|0|0|^^|^ ^
^2026^|^01^|^497622^|^015^|^08^|^WA^|^4715^|^EBA^|^31^|^03^|^2^|^994^|^002^|^TJ^|^523121^|^180^|^A^|^0^|^0^|^ ^|^0^|0|0|0|^ ^|^ ^|^ ^|^ ^|^^|^00^|^^|0|0|^^|^ ^
^2026^|^01^|^497622^|^015^|^08^|^WA^|^4715^|^EBA^|^31^|^03^|^2^|^002^|^100^|^ A^|^524111^|^180^|^A^|^0^|^0^|^ ^|^0^|0|0|0|^ ^|^ ^|^ ^|^ ^|^^|^00^|^^|0|0|^^|^ ^
^2026^|^01^|^497622^|^015^|^08^|^WA^|^4715^|^EBA^|^31^|^03^|^2^|^002^|^100^|^ A^|^524113^|^180^|^A^|^0^|^0^|^ ^|^0^|0|0|0|^ ^|^ ^|^ ^|^ ^|^^|^00^|^^|0|0|^^|^ ^
^2026^|^01^|^497622^|^015^|^08^|^WA^|^4715^|^EBD^|^31^|^03^|^2^|^Z36^|^100^|^ B^|^524111^|^180^|^A^|^0^|^0^|^ ^|^0^|0|0|0|^ ^|^ ^|^ ^|^ ^|^^|^00^|^^|0|0|^^|^ ^
^2026^|^01^|^497622^|^015^|^08^|^WA^|^4718^|^BMB^|^31^|^03^|^2^|^002^|^100^|^ A^|^521219^|^180^|^A^|^0^|^0^|^ ^|^0^|0|0|0|^ ^|^ ^|^ ^|^ ^|^^|^00^|^^|0|0|^^|^ ^
^2026^|^01^|^497622^|^015^|^08^|^WA^|^4718^|^BMB^|^31^|^03^|^2^|^001^|^100^|^ A^|^521211^|^180^|^A^|^0^|^0^|^ ^|^0^|0|0|0|^ ^|^ ^|^ ^|^ ^|^^|^00^|^^|0|0|^^|^ ^
^2026^|^01^|^497622^|^015^|^08^|^WA^|^4719^|^EBA^|^31^|^03^|^2^|^994^|^001^|^ A^|^511129^|^180^|^A^|^0^|^0^|^ ^|^0^|0|0|0|^ ^|^ ^|^ ^|^ ^|^^|^00^|^^|0|0|^^|^ ^
^2026^|^01^|^497622^|^015^|^08^|^WA^|^4719^|^EBA^|^31^|^03^|^2^|^994^|^001^|^ A^|^512211^|^180^|^A^|^0^|^0^|^ ^|^0^|0|0|0|^ ^|^ ^|^ ^|^ ^|^^|^00^|^^|0|0|^^|^ ^
^2026^|^01^|^497622^|^015^|^08^|^WA^|^4719^|^EBA^|^31^|^03^|^2^|^004^|^100^|^ A^|^521211^|^180^|^A^|^0^|^0^|^ ^|^0^|0|0|0|^ ^|^ ^|^ ^|^ ^|^^|^00^|^^|0|0|^^|^ ^
^2026^|^01^|^497622^|^015^|^08^|^WA^|^4719^|^EBC^|^31^|^03^|^2^|^001^|^100^|^XC^|^521211^|^180^|^A^|^0^|^0^|^ ^|^0^|0|0|0|^ ^|^ ^|^ ^|^ ^|^^|^00^|^^|0|0|^^|^ ^
^2026^|^01^|^497622^|^015^|^08^|^WA^|^4719^|^EBC^|^31^|^03^|^2^|^001^|^100^|^XC^|^522151^|^180^|^A^|^0^|^0^|^ ^|^0^|0|0|0|^ ^|^ ^|^ ^|^ ^|^^|^00^|^^|0|0|^^|^ ^
^2026^|^01^|^497622^|^015^|^08^|^WA^|^4719^|^EBC^|^31^|^03^|^2^|^001^|^100^|^XC^|^524113^|^180^|^A^|^0^|^0^|^ ^|^0^|0|0|0|^ ^|^ ^|^ ^|^ ^|^^|^00^|^^|0|0|^^|^ ^
^2026^|^01^|^527052^|^015^|^08^|^CD^|^6212^|^BMB^|^01^|^55^|^2^|^001^|^100^|^ A^|^524113^|^019^|^A^|^0^|^0^|^ ^|^0^|0|0|0|^ ^|^ ^|^ ^|^ ^|^^|^00^|^^|0|0|^^|^ ^
^2026^|^01^|^527052^|^015^|^08^|^CD^|^6212^|^FAC^|^01^|^55^|^2^|^001^|^100^|^ A^|^521211^|^019^|^A^|^0^|^0^|^ ^|^0^|0|0|0|^ ^|^ ^|^ ^|^ ^|^^|^00^|^^|0|0|^^|^ ^
^2026^|^01^|^527052^|^015^|^08^|^CD^|^6212^|^FAH^|^01^|^55^|^2^|^001^|^100^|^ A^|^521211^|^019^|^A^|^0^|^0^|^ ^|^0^|0|0|0|^ ^|^ ^|^ ^|^ ^|^^|^00^|^^|0|0|^^|^ ^
^2026^|^01^|^527052^|^015^|^08^|^CD^|^6212^|^FAL^|^01^|^55^|^2^|^004^|^100^|^ A^|^521211^|^019^|^A^|^0^|^0^|^ ^|^0^|0|0|0|^ ^|^ ^|^ ^|^ ^|^^|^00^|^^|0|0|^^|^ ^
^2026^|^01^|^527052^|^015^|^08^|^CD^|^6213^|^FAC^|^01^|^55^|^2^|^001^|^100^|^ A^|^521211^|^019^|^A^|^0^|^0^|^ ^|^0^|0|0|0|^ ^|^ ^|^ ^|^ ^|^^|^00^|^^|0|0|^^|^ ^
^2026^|^01^|^527052^|^015^|^08^|^CD^|^6213^|^FAE^|^01^|^55^|^2^|^009^|^100^|^ A^|^524113^|^019^|^A^|^0^|^0^|^ ^|^0^|0|0|0|^ ^|^ ^|^ ^|^ ^|^^|^00^|^^|0|0|^^|^ ^
^2026^|^01^|^527052^|^015^|^08^|^CD^|^6213^|^FAL^|^01^|^55^|^2^|^003^|^100^|^ A^|^524113^|^019^|^A^|^0^|^0^|^ ^|^0^|0|0|0|^ ^|^ ^|^ ^|^ ^|^^|^00^|^^|0|0|^^|^ ^
^2026^|^01^|^527052^|^015^|^08^|^CD^|^6214^|^FAL^|^01^|^55^|^2^|^002^|^100^|^ A^|^521211^|^019^|^A^|^0^|^0^|^ ^|^0^|0|0|0|^ ^|^ ^|^ ^|^ ^|^^|^00^|^^|0|0|^^|^ ^
^2026^|^01^|^527052^|^015^|^08^|^CD^|^6214^|^FAL^|^01^|^55^|^2^|^002^|^100^|^ B^|^521211^|^019^|^A^|^0^|^0^|^ ^|^0^|0|0|0|^ ^|^ ^|^ ^|^ ^|^^|^00^|^^|0|0|^^|^ ^
^2026^|^01^|^527052^|^015^|^08^|^CD^|^6215^|^FAH^|^01^|^55^|^2^|^003^|^100^|^ A^|^521211^|^019^|^A^|^0^|^0^|^ ^|^0^|0|0|0|^ ^|^ ^|^ ^|^ ^|^^|^00^|^^|0|0|^^|^ ^
^2026^|^01^|^527052^|^015^|^08^|^CD^|^6215^|^FAH^|^01^|^55^|^2^|^003^|^100^|^ B^|^524113^|^019^|^A^|^0^|^0^|^ ^|^0^|0|0|0|^ ^|^ ^|^ ^|^ ^|^^|^00^|^^|0|0|^^|^ ^
^2026^|^01^|^527052^|^015^|^08^|^WA^|^4715^|^EBA^|^01^|^55^|^2^|^001^|^100^|^ A^|^521811^|^019^|^A^|^0^|^0^|^ ^|^0^|0|0|0|^ ^|^ ^|^ ^|^ ^|^^|^00^|^^|0|0|^^|^ ^
^2026^|^01^|^527052^|^015^|^08^|^WA^|^4715^|^EBA^|^01^|^55^|^2^|^001^|^100^|^ A^|^522151^|^019^|^A^|^0^|^0^|^ ^|^0^|0|0|0|^ ^|^ ^|^ ^|^ ^|^^|^00^|^^|0|0|^^|^ ^
^2026^|^01^|^527052^|^015^|^08^|^WA^|^4715^|^EBA^|^01^|^55^|^2^|^001^|^100^|^ A^|^524113^|^019^|^A^|^0^|^0^|^ ^|^0^|0|0|0|^ ^|^ ^|^ ^|^ ^|^^|^00^|^^|0|0|^^|^ ^
^2026^|^01^|^527052^|^015^|^08^|^WA^|^4715^|^EBA^|^01^|^55^|^2^|^994^|^002^|^ A^|^521111^|^019^|^A^|^0^|^0^|^ ^|^0^|0|0|0|^ ^|^ ^|^ ^|^ ^|^^|^00^|^^|0|0|^^|^ ^
^2026^|^01^|^527052^|^015^|^08^|^WA^|^4715^|^EBA^|^01^|^55^|^2^|^994^|^002^|^ A^|^521119^|^019^|^A^|^0^|^0^|^ ^|^0^|0|0|0|^ ^|^ ^|^ ^|^ ^|^^|^00^|^^|0|0|^^|^ ^
^2026^|^01^|^527052^|^015^|^08^|^WA^|^4715^|^EBA^|^01^|^55^|^2^|^994^|^002^|^ A^|^521811^|^019^|^A^|^0^|^0^|^ ^|^0^|0|0|0|^ ^|^ ^|^ ^|^ ^|^^|^00^|^^|0|0|^^|^ ^
^2026^|^01^|^527052^|^015^|^08^|^WA^|^4715^|^EBA^|^01^|^55^|^2^|^994^|^002^|^ B^|^521114^|^019^|^A^|^0^|^0^|^ ^|^0^|0|0|0|^ ^|^ ^|^ ^|^ ^|^^|^00^|^^|0|0|^^|^ ^
^2026^|^01^|^527052^|^015^|^08^|^WA^|^4715^|^EBA^|^01^|^55^|^2^|^994^|^002^|^ C^|^521113^|^019^|^A^|^0^|^0^|^ ^|^0^|0|0|0|^ ^|^ ^|^ ^|^ ^|^^|^00^|^^|0|0|^^|^ ^
^2026^|^01^|^527052^|^015^|^08^|^WA^|^4715^|^EBA^|^01^|^55^|^2^|^994^|^002^|^ C^|^521115^|^019^|^A^|^0^|^0^|^ ^|^0^|0|0|0|^ ^|^ ^|^ ^|^ ^|^^|^00^|^^|0|0|^^|^ ^
^2026^|^01^|^527052^|^015^|^08^|^WA^|^4715^|^EBA^|^01^|^55^|^2^|^994^|^002^|^ C^|^521119^|^019^|^A^|^0^|^0^|^ ^|^0^|0|0|0|^ ^|^ ^|^ ^|^ ^|^^|^00^|^^|0|0|^^|^ ^
^2026^|^01^|^527052^|^015^|^08^|^WA^|^4715^|^EBA^|^01^|^55^|^2^|^994^|^002^|^ D^|^523121^|^019^|^A^|^0^|^0^|^ ^|^0^|0|0|0|^ ^|^ ^|^ ^|^ ^|^^|^00^|^^|0|0|^^|^ ^
^2026^|^01^|^527052^|^015^|^08^|^WA^|^4715^|^EBA^|^01^|^55^|^2^|^994^|^002^|^TJ^|^523121^|^019^|^A^|^0^|^0^|^ ^|^0^|0|0|0|^ ^|^ ^|^ ^|^ ^|^^|^00^|^^|0|0|^^|^ ^
^2026^|^01^|^527052^|^015^|^08^|^WA^|^4715^|^EBA^|^01^|^55^|^2^|^002^|^100^|^ A^|^524113^|^019^|^A^|^0^|^0^|^ ^|^0^|0|0|0|^ ^|^ ^|^ ^|^ ^|^^|^00^|^^|0|0|^^|^ ^
^2026^|^01^|^527052^|^015^|^08^|^WA^|^4715^|^EBD^|^01^|^55^|^2^|^Z36^|^100^|^ A^|^524113^|^019^|^A^|^0^|^0^|^ ^|^0^|0|0|0|^ ^|^ ^|^ ^|^ ^|^^|^00^|^^|0|0|^^|^ ^
^2026^|^01^|^527052^|^015^|^08^|^WA^|^4718^|^BMB^|^01^|^55^|^2^|^002^|^100^|^ A^|^521219^|^019^|^A^|^0^|^0^|^ ^|^0^|0|0|0|^ ^|^ ^|^ ^|^ ^|^^|^00^|^^|0|0|^^|^ ^
^2026^|^01^|^527052^|^015^|^08^|^WA^|^4718^|^BMB^|^01^|^55^|^2^|^001^|^100^|^ A^|^521211^|^019^|^A^|^0^|^0^|^ ^|^0^|0|0|0|^ ^|^ ^|^ ^|^ ^|^^|^00^|^^|0|0|^^|^ ^
^2026^|^01^|^527052^|^015^|^08^|^WA^|^4719^|^EBA^|^01^|^55^|^2^|^994^|^001^|^ A^|^511129^|^019^|^A^|^0^|^0^|^ ^|^0^|0|0|0|^ ^|^ ^|^ ^|^ ^|^^|^00^|^^|0|0|^^|^ ^
^2026^|^01^|^527052^|^015^|^08^|^WA^|^4719^|^EBA^|^01^|^55^|^2^|^994^|^001^|^ A^|^512211^|^019^|^A^|^0^|^0^|^ ^|^0^|0|0|0|^ ^|^ ^|^ ^|^ ^|^^|^00^|^^|0|0|^^|^ ^
^2026^|^01^|^527052^|^015^|^08^|^WA^|^4719^|^EBA^|^01^|^55^|^2^|^004^|^100^|^ A^|^521211^|^019^|^A^|^0^|^0^|^ ^|^0^|0|0|0|^ ^|^ ^|^ ^|^ ^|^^|^00^|^^|0|0|^^|^ ^
^2026^|^01^|^527052^|^015^|^08^|^WA^|^4719^|^EBC^|^01^|^55^|^2^|^001^|^100^|^XC^|^521211^|^019^|^A^|^0^|^0^|^ ^|^0^|0|0|0|^ ^|^ ^|^ ^|^ ^|^^|^00^|^^|0|0|^^|^ ^
^2026^|^01^|^527052^|^015^|^08^|^WA^|^4719^|^EBC^|^01^|^55^|^2^|^001^|^100^|^XC^|^522151^|^019^|^A^|^0^|^0^|^ ^|^0^|0|0|0|^ ^|^ ^|^ ^|^ ^|^^|^00^|^^|0|0|^^|^ ^
^2026^|^01^|^527052^|^015^|^08^|^WA^|^4719^|^EBC^|^01^|^55^|^2^|^001^|^100^|^XC^|^524113^|^019^|^A^|^0^|^0^|^ ^|^0^|0|0|0|^ ^|^ ^|^ ^|^ ^|^^|^00^|^^|0|0|^^|^ ^
^2026^|^01^|^527102^|^015^|^08^|^CD^|^6212^|^BMB^|^02^|^51^|^2^|^001^|^100^|^ A^|^521211^|^022^|^A^|^0^|^0^|^ ^|^0^|0|0|0|^ ^|^ ^|^ ^|^ ^|^^|^00^|^^|0|0|^^|^ ^
^2026^|^01^|^527102^|^015^|^08^|^CD^|^6212^|^BMB^|^02^|^51^|^2^|^001^|^100^|^ A^|^524113^|^022^|^A^|^0^|^0^|^ ^|^0^|0|0|0|^ ^|^ ^|^ ^|^ ^|^^|^00^|^^|0|0|^^|^ ^
^2026^|^01^|^527102^|^015^|^08^|^CD^|^6212^|^FAC^|^02^|^51^|^2^|^001^|^100^|^ A^|^521211^|^022^|^A^|^0^|^0^|^ ^|^0^|0|0|0|^ ^|^ ^|^ ^|^ ^|^^|^00^|^^|0|0|^^|^ ^
^2026^|^01^|^527102^|^015^|^08^|^CD^|^6212^|^FAC^|^02^|^51^|^2^|^001^|^100^|^ B^|^521211^|^022^|^A^|^0^|^0^|^ ^|^0^|0|0|0|^ ^|^ ^|^ ^|^ ^|^^|^00^|^^|0|0|^^|^ ^
^2026^|^01^|^527102^|^015^|^08^|^CD^|^6212^|^FAH^|^02^|^51^|^2^|^001^|^100^|^ A^|^521211^|^022^|^A^|^0^|^0^|^ ^|^0^|0|0|0|^ ^|^ ^|^ ^|^ ^|^^|^00^|^^|0|0|^^|^ ^
^2026^|^01^|^527102^|^015^|^08^|^CD^|^6212^|^FAL^|^02^|^51^|^2^|^004^|^100^|^ A^|^521211^|^022^|^A^|^0^|^0^|^ ^|^0^|0|0|0|^ ^|^ ^|^ ^|^ ^|^^|^00^|^^|0|0|^^|^ ^
^2026^|^01^|^527102^|^015^|^08^|^CD^|^6212^|^FAL^|^02^|^51^|^2^|^004^|^100^|^ B^|^521211^|^022^|^A^|^0^|^0^|^ ^|^0^|0|0|0|^ ^|^ ^|^ ^|^ ^|^^|^00^|^^|0|0|^^|^ ^
^2026^|^01^|^527102^|^015^|^08^|^CD^|^6212^|^FAL^|^02^|^51^|^2^|^004^|^100^|^ D^|^524111^|^022^|^A^|^0^|^0^|^ ^|^0^|0|0|0|^ ^|^ ^|^ ^|^ ^|^^|^00^|^^|0|0|^^|^ ^
^2026^|^01^|^527102^|^015^|^08^|^CD^|^6212^|^FAL^|^02^|^51^|^2^|^004^|^100^|^ D^|^524113^|^022^|^A^|^0^|^0^|^ ^|^0^|0|0|0|^ ^|^ ^|^ ^|^ ^|^^|^00^|^^|0|0|^^|^ ^
^2026^|^01^|^527102^|^015^|^08^|^CD^|^6213^|^FAC^|^02^|^51^|^2^|^001^|^100^|^ A^|^521211^|^022^|^A^|^0^|^0^|^ ^|^0^|0|0|0|^ ^|^ ^|^ ^|^ ^|^^|^00^|^^|0|0|^^|^ ^
^2026^|^01^|^527102^|^015^|^08^|^CD^|^6213^|^FAE^|^02^|^51^|^2^|^009^|^100^|^ A^|^524111^|^022^|^A^|^0^|^0^|^ ^|^0^|0|0|0|^ ^|^ ^|^ ^|^ ^|^^|^00^|^^|0|0|^^|^ ^
^2026^|^01^|^527102^|^015^|^08^|^CD^|^6213^|^FAE^|^02^|^51^|^2^|^009^|^100^|^ A^|^524113^|^022^|^A^|^0^|^0^|^ ^|^0^|0|0|0|^ ^|^ ^|^ ^|^ ^|^^|^00^|^^|0|0|^^|^ ^
^2026^|^01^|^527102^|^015^|^08^|^CD^|^6213^|^FAL^|^02^|^51^|^2^|^003^|^100^|^ A^|^524111^|^022^|^A^|^0^|^0^|^ ^|^0^|0|0|0|^ ^|^ ^|^ ^|^ ^|^^|^00^|^^|0|0|^^|^ ^
^2026^|^01^|^527102^|^015^|^08^|^CD^|^6213^|^FAL^|^02^|^51^|^2^|^003^|^100^|^ A^|^524113^|^022^|^A^|^0^|^0^|^ ^|^0^|0|0|0|^ ^|^ ^|^ ^|^ ^|^^|^00^|^^|0|0|^^|^ ^
^2026^|^01^|^527102^|^015^|^08^|^CD^|^6214^|^FAL^|^02^|^51^|^2^|^002^|^100^|^ A^|^521211^|^022^|^A^|^0^|^0^|^ ^|^0^|0|0|0|^ ^|^ ^|^ ^|^ ^|^^|^00^|^^|0|0|^^|^ ^
^2026^|^01^|^527102^|^015^|^08^|^CD^|^6214^|^FAL^|^02^|^51^|^2^|^002^|^100^|^ B^|^521211^|^022^|^A^|^0^|^0^|^ ^|^0^|0|0|0|^ ^|^ ^|^ ^|^ ^|^^|^00^|^^|0|0|^^|^ ^
^2026^|^01^|^527102^|^015^|^08^|^CD^|^6215^|^FAH^|^02^|^51^|^2^|^003^|^100^|^ A^|^521211^|^022^|^A^|^0^|^0^|^ ^|^0^|0|0|0|^ ^|^ ^|^ ^|^ ^|^^|^00^|^^|0|0|^^|^ ^
^2026^|^01^|^527102^|^015^|^08^|^CD^|^6215^|^FAH^|^02^|^51^|^2^|^003^|^100^|^ B^|^524113^|^022^|^A^|^0^|^0^|^ ^|^0^|0|0|0|^ ^|^ ^|^ ^|^ ^|^^|^00^|^^|0|0|^^|^ ^
^2026^|^01^|^527102^|^015^|^08^|^WA^|^4715^|^EBA^|^02^|^51^|^2^|^001^|^100^|^ A^|^521811^|^022^|^A^|^0^|^0^|^ ^|^0^|0|0|0|^ ^|^ ^|^ ^|^ ^|^^|^00^|^^|0|0|^^|^ ^
^2026^|^01^|^527102^|^015^|^08^|^WA^|^4715^|^EBA^|^02^|^51^|^2^|^001^|^100^|^ B^|^522151^|^022^|^A^|^0^|^0^|^ ^|^0^|0|0|0|^ ^|^ ^|^ ^|^ ^|^^|^00^|^^|0|0|^^|^ ^
^2026^|^01^|^527102^|^015^|^08^|^WA^|^4715^|^EBA^|^02^|^51^|^2^|^001^|^100^|^ B^|^524113^|^022^|^A^|^0^|^0^|^ ^|^0^|0|0|0|^ ^|^ ^|^ ^|^ ^|^^|^00^|^^|0|0|^^|^ ^
^2026^|^01^|^527102^|^015^|^08^|^WA^|^4715^|^EBA^|^02^|^51^|^2^|^994^|^002^|^ A^|^521111^|^022^|^A^|^0^|^0^|^ ^|^0^|0|0|0|^ ^|^ ^|^ ^|^ ^|^^|^00^|^^|0|0|^^|^ ^
^2026^|^01^|^527102^|^015^|^08^|^WA^|^4715^|^EBA^|^02^|^51^|^2^|^994^|^002^|^ A^|^521119^|^022^|^A^|^0^|^0^|^ ^|^0^|0|0|0|^ ^|^ ^|^ ^|^ ^|^^|^00^|^^|0|0|^^|^ ^
^2026^|^01^|^527102^|^015^|^08^|^WA^|^4715^|^EBA^|^02^|^51^|^2^|^994^|^002^|^ A^|^521811^|^022^|^A^|^0^|^0^|^ ^|^0^|0|0|0|^ ^|^ ^|^ ^|^ ^|^^|^00^|^^|0|0|^^|^ ^
^2026^|^01^|^527102^|^015^|^08^|^WA^|^4715^|^EBA^|^02^|^51^|^2^|^994^|^002^|^ B^|^521114^|^022^|^A^|^0^|^0^|^ ^|^0^|0|0|0|^ ^|^ ^|^ ^|^ ^|^^|^00^|^^|0|0|^^|^ ^
^2026^|^01^|^527102^|^015^|^08^|^WA^|^4715^|^EBA^|^02^|^51^|^2^|^994^|^002^|^ C^|^521113^|^022^|^A^|^0^|^0^|^ ^|^0^|0|0|0|^ ^|^ ^|^ ^|^ ^|^^|^00^|^^|0|0|^^|^ ^
^2026^|^01^|^527102^|^015^|^08^|^WA^|^4715^|^EBA^|^02^|^51^|^2^|^994^|^002^|^ C^|^521115^|^022^|^A^|^0^|^0^|^ ^|^0^|0|0|0|^ ^|^ ^|^ ^|^ ^|^^|^00^|^^|0|0|^^|^ ^
^2026^|^01^|^527102^|^015^|^08^|^WA^|^4715^|^EBA^|^02^|^51^|^2^|^994^|^002^|^ C^|^521119^|^022^|^A^|^0^|^0^|^ ^|^0^|0|0|0|^ ^|^ ^|^ ^|^ ^|^^|^00^|^^|0|0|^^|^ ^
^2026^|^01^|^527102^|^015^|^08^|^WA^|^4715^|^EBA^|^02^|^51^|^2^|^994^|^002^|^ D^|^523121^|^022^|^A^|^0^|^0^|^ ^|^0^|0|0|0|^ ^|^ ^|^ ^|^ ^|^^|^00^|^^|0|0|^^|^ ^
^2026^|^01^|^527102^|^015^|^08^|^WA^|^4715^|^EBA^|^02^|^51^|^2^|^994^|^002^|^TJ^|^523121^|^022^|^A^|^0^|^0^|^ ^|^0^|0|0|0|^ ^|^ ^|^ ^|^ ^|^^|^00^|^^|0|0|^^|^ ^
^2026^|^01^|^527102^|^015^|^08^|^WA^|^4715^|^EBA^|^02^|^51^|^2^|^002^|^100^|^ A^|^524111^|^022^|^A^|^0^|^0^|^ ^|^0^|0|0|0|^ ^|^ ^|^ ^|^ ^|^^|^00^|^^|0|0|^^|^ ^
^2026^|^01^|^527102^|^015^|^08^|^WA^|^4715^|^EBA^|^02^|^51^|^2^|^002^|^100^|^ A^|^524113^|^022^|^A^|^0^|^0^|^ ^|^0^|0|0|0|^ ^|^ ^|^ ^|^ ^|^^|^00^|^^|0|0|^^|^ ^
^2026^|^01^|^527102^|^015^|^08^|^WA^|^4715^|^EBD^|^02^|^51^|^2^|^Z36^|^100^|^ B^|^524113^|^022^|^A^|^0^|^0^|^ ^|^0^|0|0|0|^ ^|^ ^|^ ^|^ ^|^^|^00^|^^|0|0|^^|^ ^
^2026^|^01^|^527102^|^015^|^08^|^WA^|^4718^|^BMB^|^02^|^51^|^2^|^002^|^100^|^ A^|^521219^|^022^|^A^|^0^|^0^|^ ^|^0^|0|0|0|^ ^|^ ^|^ ^|^ ^|^^|^00^|^^|0|0|^^|^ ^
^2026^|^01^|^527102^|^015^|^08^|^WA^|^4718^|^BMB^|^02^|^51^|^2^|^001^|^100^|^ A^|^521211^|^022^|^A^|^0^|^0^|^ ^|^0^|0|0|0|^ ^|^ ^|^ ^|^ ^|^^|^00^|^^|0|0|^^|^ ^
^2026^|^01^|^527102^|^015^|^08^|^WA^|^4719^|^EBA^|^02^|^51^|^2^|^994^|^001^|^ A^|^511129^|^022^|^A^|^0^|^0^|^ ^|^0^|0|0|0|^ ^|^ ^|^ ^|^ ^|^^|^00^|^^|0|0|^^|^ ^
^2026^|^01^|^527102^|^015^|^08^|^WA^|^4719^|^EBA^|^02^|^51^|^2^|^994^|^001^|^ A^|^512211^|^022^|^A^|^0^|^0^|^ ^|^0^|0|0|0|^ ^|^ ^|^ ^|^ ^|^^|^00^|^^|0|0|^^|^ ^
^2026^|^01^|^527102^|^015^|^08^|^WA^|^4719^|^EBA^|^02^|^51^|^2^|^004^|^100^|^ A^|^521211^|^022^|^A^|^0^|^0^|^ ^|^0^|0|0|0|^ ^|^ ^|^ ^|^ ^|^^|^00^|^^|0|0|^^|^ ^
^2026^|^01^|^527102^|^015^|^08^|^WA^|^4719^|^EBC^|^02^|^51^|^2^|^001^|^100^|^XC^|^521211^|^022^|^A^|^0^|^0^|^ ^|^0^|0|0|0|^ ^|^ ^|^ ^|^ ^|^^|^00^|^^|0|0|^^|^ ^
^2026^|^01^|^527102^|^015^|^08^|^WA^|^4719^|^EBC^|^02^|^51^|^2^|^001^|^100^|^XC^|^522151^|^022^|^A^|^0^|^0^|^ ^|^0^|0|0|0|^ ^|^ ^|^ ^|^ ^|^^|^00^|^^|0|0|^^|^ ^
^2026^|^01^|^527102^|^015^|^08^|^WA^|^4719^|^EBC^|^02^|^51^|^2^|^001^|^100^|^XC^|^524113^|^022^|^A^|^0^|^0^|^ ^|^0^|0|0|0|^ ^|^ ^|^ ^|^ ^|^^|^00^|^^|0|0|^^|^ ^
^2026^|^01^|^527048^|^015^|^08^|^CD^|^6212^|^BMB^|^01^|^51^|^2^|^001^|^100^|^ A^|^524113^|^019^|^A^|^0^|^0^|^ ^|^0^|0|0|0|^ ^|^ ^|^ ^|^ ^|^^|^00^|^^|0|0|^^|^ ^
^2026^|^01^|^527048^|^015^|^08^|^CD^|^6212^|^FAC^|^01^|^51^|^2^|^001^|^100^|^ A^|^521211^|^019^|^A^|^0^|^0^|^ ^|^0^|0|0|0|^ ^|^ ^|^ ^|^ ^|^^|^00^|^^|0|0|^^|^ ^
^2026^|^01^|^527048^|^015^|^08^|^CD^|^6212^|^FAH^|^01^|^51^|^2^|^001^|^100^|^ A^|^521211^|^019^|^A^|^0^|^0^|^ ^|^0^|0|0|0|^ ^|^ ^|^ ^|^ ^|^^|^00^|^^|0|0|^^|^ ^
^2026^|^01^|^527048^|^015^|^08^|^CD^|^6212^|^FAL^|^01^|^51^|^2^|^004^|^100^|^ A^|^521211^|^019^|^A^|^0^|^0^|^ ^|^0^|0|0|0|^ ^|^ ^|^ ^|^ ^|^^|^00^|^^|0|0|^^|^ ^
^2026^|^01^|^527048^|^015^|^08^|^CD^|^6212^|^FAL^|^01^|^51^|^2^|^004^|^100^|^ B^|^521211^|^019^|^A^|^0^|^0^|^ ^|^0^|0|0|0|^ ^|^ ^|^ ^|^ ^|^^|^00^|^^|0|0|^^|^ ^
^2026^|^01^|^527048^|^015^|^08^|^CD^|^6213^|^FAC^|^01^|^51^|^2^|^001^|^100^|^ A^|^521211^|^019^|^A^|^0^|^0^|^ ^|^0^|0|0|0|^ ^|^ ^|^ ^|^ ^|^^|^00^|^^|0|0|^^|^ ^
^2026^|^01^|^527048^|^015^|^08^|^CD^|^6213^|^FAE^|^01^|^51^|^2^|^009^|^100^|^ A^|^524113^|^019^|^A^|^0^|^0^|^ ^|^0^|0|0|0|^ ^|^ ^|^ ^|^ ^|^^|^00^|^^|0|0|^^|^ ^
^2026^|^01^|^527048^|^015^|^08^|^CD^|^6213^|^FAL^|^01^|^51^|^2^|^003^|^100^|^ A^|^524113^|^019^|^A^|^0^|^0^|^ ^|^0^|0|0|0|^ ^|^ ^|^ ^|^ ^|^^|^00^|^^|0|0|^^|^ ^
^2026^|^01^|^527048^|^015^|^08^|^CD^|^6214^|^FAL^|^01^|^51^|^2^|^002^|^100^|^ A^|^521211^|^019^|^A^|^0^|^0^|^ ^|^0^|0|0|0|^ ^|^ ^|^ ^|^ ^|^^|^00^|^^|0|0|^^|^ ^
^2026^|^01^|^527048^|^015^|^08^|^CD^|^6214^|^FAL^|^01^|^51^|^2^|^002^|^100^|^ B^|^521211^|^019^|^A^|^0^|^0^|^ ^|^0^|0|0|0|^ ^|^ ^|^ ^|^ ^|^^|^00^|^^|0|0|^^|^ ^
^2026^|^01^|^527048^|^015^|^08^|^CD^|^6215^|^FAH^|^01^|^51^|^2^|^003^|^100^|^ A^|^521211^|^019^|^A^|^0^|^0^|^ ^|^0^|0|0|0|^ ^|^ ^|^ ^|^ ^|^^|^00^|^^|0|0|^^|^ ^
^2026^|^01^|^527048^|^015^|^08^|^CD^|^6215^|^FAH^|^01^|^51^|^2^|^003^|^100^|^ B^|^524113^|^019^|^A^|^0^|^0^|^ ^|^0^|0|0|0|^ ^|^ ^|^ ^|^ ^|^^|^00^|^^|0|0|^^|^ ^
^2026^|^01^|^527048^|^015^|^08^|^WA^|^4715^|^EBA^|^01^|^51^|^2^|^001^|^100^|^ A^|^521811^|^019^|^A^|^0^|^0^|^ ^|^0^|0|0|0|^ ^|^ ^|^ ^|^ ^|^^|^00^|^^|0|0|^^|^ ^
^2026^|^01^|^527048^|^015^|^08^|^WA^|^4715^|^EBA^|^01^|^51^|^2^|^001^|^100^|^ B^|^522151^|^019^|^A^|^0^|^0^|^ ^|^0^|0|0|0|^ ^|^ ^|^ ^|^ ^|^^|^00^|^^|0|0|^^|^ ^
^2026^|^01^|^527048^|^015^|^08^|^WA^|^4715^|^EBA^|^01^|^51^|^2^|^001^|^100^|^ B^|^524113^|^019^|^A^|^0^|^0^|^ ^|^0^|0|0|0|^ ^|^ ^|^ ^|^ ^|^^|^00^|^^|0|0|^^|^ ^
^2026^|^01^|^527048^|^015^|^08^|^WA^|^4715^|^EBA^|^01^|^51^|^2^|^994^|^002^|^ A^|^521111^|^019^|^A^|^0^|^0^|^ ^|^0^|0|0|0|^ ^|^ ^|^ ^|^ ^|^^|^00^|^^|0|0|^^|^ ^
^2026^|^01^|^527048^|^015^|^08^|^WA^|^4715^|^EBA^|^01^|^51^|^2^|^994^|^002^|^ A^|^521119^|^019^|^A^|^0^|^0^|^ ^|^0^|0|0|0|^ ^|^ ^|^ ^|^ ^|^^|^00^|^^|0|0|^^|^ ^
^2026^|^01^|^527048^|^015^|^08^|^WA^|^4715^|^EBA^|^01^|^51^|^2^|^994^|^002^|^ A^|^521811^|^019^|^A^|^0^|^0^|^ ^|^0^|0|0|0|^ ^|^ ^|^ ^|^ ^|^^|^00^|^^|0|0|^^|^ ^
^2026^|^01^|^527048^|^015^|^08^|^WA^|^4715^|^EBA^|^01^|^51^|^2^|^994^|^002^|^ B^|^521114^|^019^|^A^|^0^|^0^|^ ^|^0^|0|0|0|^ ^|^ ^|^ ^|^ ^|^^|^00^|^^|0|0|^^|^ ^
^2026^|^01^|^527048^|^015^|^08^|^WA^|^4715^|^EBA^|^01^|^51^|^2^|^994^|^002^|^ B^|^522113^|^019^|^A^|^0^|^0^|^ ^|^0^|0|0|0|^ ^|^ ^|^ ^|^ ^|^^|^00^|^^|0|0|^^|^ ^
^2026^|^01^|^527048^|^015^|^08^|^WA^|^4715^|^EBA^|^01^|^51^|^2^|^994^|^002^|^ C^|^521113^|^019^|^A^|^0^|^0^|^ ^|^0^|0|0|0|^ ^|^ ^|^ ^|^ ^|^^|^00^|^^|0|0|^^|^ ^
^2026^|^01^|^527048^|^015^|^08^|^WA^|^4715^|^EBA^|^01^|^51^|^2^|^994^|^002^|^ C^|^521115^|^019^|^A^|^0^|^0^|^ ^|^0^|0|0|0|^ ^|^ ^|^ ^|^ ^|^^|^00^|^^|0|0|^^|^ ^
^2026^|^01^|^527048^|^015^|^08^|^WA^|^4715^|^EBA^|^01^|^51^|^2^|^994^|^002^|^ C^|^521119^|^019^|^A^|^0^|^0^|^ ^|^0^|0|0|0|^ ^|^ ^|^ ^|^ ^|^^|^00^|^^|0|0|^^|^ ^
^2026^|^01^|^527048^|^015^|^08^|^WA^|^4715^|^EBA^|^01^|^51^|^2^|^994^|^002^|^ D^|^523121^|^019^|^A^|^0^|^0^|^ ^|^0^|0|0|0|^ ^|^ ^|^ ^|^ ^|^^|^00^|^^|0|0|^^|^ ^
^2026^|^01^|^527048^|^015^|^08^|^WA^|^4715^|^EBA^|^01^|^51^|^2^|^994^|^002^|^TJ^|^523121^|^019^|^A^|^0^|^0^|^ ^|^0^|0|0|0|^ ^|^ ^|^ ^|^ ^|^^|^00^|^^|0|0|^^|^ ^
^2026^|^01^|^527048^|^015^|^08^|^WA^|^4715^|^EBA^|^01^|^51^|^2^|^002^|^100^|^ A^|^524113^|^019^|^A^|^0^|^0^|^ ^|^0^|0|0|0|^ ^|^ ^|^ ^|^ ^|^^|^00^|^^|0|0|^^|^ ^
^2026^|^01^|^527048^|^015^|^08^|^WA^|^4715^|^EBD^|^01^|^51^|^2^|^Z36^|^100^|^ B^|^524113^|^019^|^A^|^0^|^0^|^ ^|^0^|0|0|0|^ ^|^ ^|^ ^|^ ^|^^|^00^|^^|0|0|^^|^ ^
^2026^|^01^|^527048^|^015^|^08^|^WA^|^4718^|^BMB^|^01^|^51^|^2^|^002^|^100^|^ A^|^521219^|^019^|^A^|^0^|^0^|^ ^|^0^|0|0|0|^ ^|^ ^|^ ^|^ ^|^^|^00^|^^|0|0|^^|^ ^
^2026^|^01^|^527048^|^015^|^08^|^WA^|^4718^|^BMB^|^01^|^51^|^2^|^001^|^100^|^ A^|^521211^|^019^|^A^|^0^|^0^|^ ^|^0^|0|0|0|^ ^|^ ^|^ ^|^ ^|^^|^00^|^^|0|0|^^|^ ^
^2026^|^01^|^527048^|^015^|^08^|^WA^|^4719^|^EBA^|^01^|^51^|^2^|^994^|^001^|^ A^|^511129^|^019^|^A^|^0^|^0^|^ ^|^0^|0|0|0|^ ^|^ ^|^ ^|^ ^|^^|^00^|^^|0|0|^^|^ ^
^2026^|^01^|^527048^|^015^|^08^|^WA^|^4719^|^EBA^|^01^|^51^|^2^|^994^|^001^|^ A^|^512211^|^019^|^A^|^0^|^0^|^ ^|^0^|0|0|0|^ ^|^ ^|^ ^|^ ^|^^|^00^|^^|0|0|^^|^ ^
^2026^|^01^|^527048^|^015^|^08^|^WA^|^4719^|^EBA^|^01^|^51^|^2^|^004^|^100^|^ A^|^521211^|^019^|^A^|^0^|^0^|^ ^|^0^|0|0|0|^ ^|^ ^|^ ^|^ ^|^^|^00^|^^|0|0|^^|^ ^
^2026^|^01^|^527048^|^015^|^08^|^WA^|^4719^|^EBC^|^01^|^51^|^2^|^001^|^100^|^XC^|^521211^|^019^|^A^|^0^|^0^|^ ^|^0^|0|0|0|^ ^|^ ^|^ ^|^ ^|^^|^00^|^^|0|0|^^|^ ^
^2026^|^01^|^527048^|^015^|^08^|^WA^|^4719^|^EBC^|^01^|^51^|^2^|^001^|^100^|^XC^|^522151^|^019^|^A^|^0^|^0^|^ ^|^0^|0|0|0|^ ^|^ ^|^ ^|^ ^|^^|^00^|^^|0|0|^^|^ ^
^2026^|^01^|^527048^|^015^|^08^|^WA^|^4719^|^EBC^|^01^|^51^|^2^|^001^|^100^|^XC^|^524113^|^019^|^A^|^0^|^0^|^ ^|^0^|0|0|0|^ ^|^ ^|^ ^|^ ^|^^|^00^|^^|0|0|^^|^ ^
^2026^|^01^|^527031^|^015^|^08^|^CD^|^6212^|^BMB^|^01^|^51^|^2^|^001^|^100^|^ A^|^524113^|^019^|^A^|^0^|^0^|^ ^|^0^|0|0|0|^ ^|^ ^|^ ^|^ ^|^^|^00^|^^|0|0|^^|^ ^
^2026^|^01^|^527031^|^015^|^08^|^CD^|^6212^|^FAC^|^01^|^51^|^2^|^001^|^100^|^ A^|^521211^|^019^|^A^|^0^|^0^|^ ^|^0^|0|0|0|^ ^|^ ^|^ ^|^ ^|^^|^00^|^^|0|0|^^|^ ^
^2026^|^01^|^527031^|^015^|^08^|^CD^|^6212^|^FAC^|^01^|^51^|^2^|^001^|^100^|^ B^|^521211^|^019^|^A^|^0^|^0^|^ ^|^0^|0|0|0|^ ^|^ ^|^ ^|^ ^|^^|^00^|^^|0|0|^^|^ ^
^2026^|^01^|^527031^|^015^|^08^|^CD^|^6212^|^FAH^|^01^|^51^|^2^|^001^|^100^|^ A^|^521211^|^019^|^A^|^0^|^0^|^ ^|^0^|0|0|0|^ ^|^ ^|^ ^|^ ^|^^|^00^|^^|0|0|^^|^ ^
^2026^|^01^|^527031^|^015^|^08^|^CD^|^6212^|^FAL^|^01^|^51^|^2^|^004^|^100^|^ A^|^521211^|^019^|^A^|^0^|^0^|^ ^|^0^|0|0|0|^ ^|^ ^|^ ^|^ ^|^^|^00^|^^|0|0|^^|^ ^
^2026^|^01^|^527031^|^015^|^08^|^CD^|^6212^|^FAL^|^01^|^51^|^2^|^004^|^100^|^ B^|^521211^|^019^|^A^|^0^|^0^|^ ^|^0^|0|0|0|^ ^|^ ^|^ ^|^ ^|^^|^00^|^^|0|0|^^|^ ^
^2026^|^01^|^527031^|^015^|^08^|^CD^|^6212^|^FAL^|^01^|^51^|^2^|^004^|^100^|^ D^|^524113^|^019^|^A^|^0^|^0^|^ ^|^0^|0|0|0|^ ^|^ ^|^ ^|^ ^|^^|^00^|^^|0|0|^^|^ ^
^2026^|^01^|^527031^|^015^|^08^|^CD^|^6213^|^FAC^|^01^|^51^|^2^|^001^|^100^|^ A^|^521211^|^019^|^A^|^0^|^0^|^ ^|^0^|0|0|0|^ ^|^ ^|^ ^|^ ^|^^|^00^|^^|0|0|^^|^ ^
^2026^|^01^|^527031^|^015^|^08^|^CD^|^6213^|^FAE^|^01^|^51^|^2^|^009^|^100^|^ A^|^524113^|^019^|^A^|^0^|^0^|^ ^|^0^|0|0|0|^ ^|^ ^|^ ^|^ ^|^^|^00^|^^|0|0|^^|^ ^
^2026^|^01^|^527031^|^015^|^08^|^CD^|^6213^|^FAL^|^01^|^51^|^2^|^003^|^100^|^ A^|^524113^|^019^|^A^|^0^|^0^|^ ^|^0^|0|0|0|^ ^|^ ^|^ ^|^ ^|^^|^00^|^^|0|0|^^|^ ^
^2026^|^01^|^527031^|^015^|^08^|^CD^|^6214^|^FAL^|^01^|^51^|^2^|^002^|^100^|^ A^|^521211^|^019^|^A^|^0^|^0^|^ ^|^0^|0|0|0|^ ^|^ ^|^ ^|^ ^|^^|^00^|^^|0|0|^^|^ ^
^2026^|^01^|^527031^|^015^|^08^|^CD^|^6214^|^FAL^|^01^|^51^|^2^|^002^|^100^|^ B^|^521211^|^019^|^A^|^0^|^0^|^ ^|^0^|0|0|0|^ ^|^ ^|^ ^|^ ^|^^|^00^|^^|0|0|^^|^ ^
^2026^|^01^|^527031^|^015^|^08^|^CD^|^6215^|^FAH^|^01^|^51^|^2^|^003^|^100^|^ A^|^521211^|^019^|^A^|^0^|^0^|^ ^|^0^|0|0|0|^ ^|^ ^|^ ^|^ ^|^^|^00^|^^|0|0|^^|^ ^
^2026^|^01^|^527031^|^015^|^08^|^CD^|^6215^|^FAH^|^01^|^51^|^2^|^003^|^100^|^ B^|^524113^|^019^|^A^|^0^|^0^|^ ^|^0^|0|0|0|^ ^|^ ^|^ ^|^ ^|^^|^00^|^^|0|0|^^|^ ^
^2026^|^01^|^527031^|^015^|^08^|^WA^|^4715^|^EBA^|^01^|^51^|^2^|^002^|^100^|^ A^|^524113^|^019^|^A^|^0^|^0^|^ ^|^0^|0|0|0|^ ^|^ ^|^ ^|^ ^|^^|^00^|^^|0|0|^^|^ ^
^2026^|^01^|^527031^|^015^|^08^|^WA^|^4715^|^EBA^|^01^|^51^|^2^|^001^|^100^|^ A^|^521811^|^019^|^A^|^0^|^0^|^ ^|^0^|0|0|0|^ ^|^ ^|^ ^|^ ^|^^|^00^|^^|0|0|^^|^ ^
^2026^|^01^|^527031^|^015^|^08^|^WA^|^4715^|^EBA^|^01^|^51^|^2^|^001^|^100^|^ B^|^522151^|^019^|^A^|^0^|^0^|^ ^|^0^|0|0|0|^ ^|^ ^|^ ^|^ ^|^^|^00^|^^|0|0|^^|^ ^
^2026^|^01^|^527031^|^015^|^08^|^WA^|^4715^|^EBA^|^01^|^51^|^2^|^001^|^100^|^ B^|^524113^|^019^|^A^|^0^|^0^|^ ^|^0^|0|0|0|^ ^|^ ^|^ ^|^ ^|^^|^00^|^^|0|0|^^|^ ^
^2026^|^01^|^527031^|^015^|^08^|^WA^|^4715^|^EBA^|^01^|^51^|^2^|^994^|^002^|^ A^|^521111^|^019^|^A^|^0^|^0^|^ ^|^0^|0|0|0|^ ^|^ ^|^ ^|^ ^|^^|^00^|^^|0|0|^^|^ ^
^2026^|^01^|^527031^|^015^|^08^|^WA^|^4715^|^EBA^|^01^|^51^|^2^|^994^|^002^|^ A^|^521119^|^019^|^A^|^0^|^0^|^ ^|^0^|0|0|0|^ ^|^ ^|^ ^|^ ^|^^|^00^|^^|0|0|^^|^ ^
^2026^|^01^|^527031^|^015^|^08^|^WA^|^4715^|^EBA^|^01^|^51^|^2^|^994^|^002^|^ A^|^521811^|^019^|^A^|^0^|^0^|^ ^|^0^|0|0|0|^ ^|^ ^|^ ^|^ ^|^^|^00^|^^|0|0|^^|^ ^
^2026^|^01^|^527031^|^015^|^08^|^WA^|^4715^|^EBA^|^01^|^51^|^2^|^994^|^002^|^ B^|^521114^|^019^|^A^|^0^|^0^|^ ^|^0^|0|0|0|^ ^|^ ^|^ ^|^ ^|^^|^00^|^^|0|0|^^|^ ^
^2026^|^01^|^527031^|^015^|^08^|^WA^|^4715^|^EBA^|^01^|^51^|^2^|^994^|^002^|^ C^|^521113^|^019^|^A^|^0^|^0^|^ ^|^0^|0|0|0|^ ^|^ ^|^ ^|^ ^|^^|^00^|^^|0|0|^^|^ ^
^2026^|^01^|^527031^|^015^|^08^|^WA^|^4715^|^EBA^|^01^|^51^|^2^|^994^|^002^|^ C^|^521115^|^019^|^A^|^0^|^0^|^ ^|^0^|0|0|0|^ ^|^ ^|^ ^|^ ^|^^|^00^|^^|0|0|^^|^ ^
^2026^|^01^|^527031^|^015^|^08^|^WA^|^4715^|^EBA^|^01^|^51^|^2^|^994^|^002^|^ C^|^521119^|^019^|^A^|^0^|^0^|^ ^|^0^|0|0|0|^ ^|^ ^|^ ^|^ ^|^^|^00^|^^|0|0|^^|^ ^
^2026^|^01^|^527031^|^015^|^08^|^WA^|^4715^|^EBA^|^01^|^51^|^2^|^994^|^002^|^ D^|^523121^|^019^|^A^|^0^|^0^|^ ^|^0^|0|0|0|^ ^|^ ^|^ ^|^ ^|^^|^00^|^^|0|0|^^|^ ^
^2026^|^01^|^527031^|^015^|^08^|^WA^|^4715^|^EBA^|^01^|^51^|^2^|^994^|^002^|^TJ^|^523121^|^019^|^A^|^0^|^0^|^ ^|^0^|0|0|0|^ ^|^ ^|^ ^|^ ^|^^|^00^|^^|0|0|^^|^ ^
^2026^|^01^|^527031^|^015^|^08^|^WA^|^4715^|^EBD^|^01^|^51^|^2^|^Z36^|^100^|^ B^|^524113^|^019^|^A^|^0^|^0^|^ ^|^0^|0|0|0|^ ^|^ ^|^ ^|^ ^|^^|^00^|^^|0|0|^^|^ ^
^2026^|^01^|^527031^|^015^|^08^|^WA^|^4718^|^BMB^|^01^|^51^|^2^|^002^|^100^|^ A^|^521219^|^019^|^A^|^0^|^0^|^ ^|^0^|0|0|0|^ ^|^ ^|^ ^|^ ^|^^|^00^|^^|0|0|^^|^ ^
^2026^|^01^|^527031^|^015^|^08^|^WA^|^4718^|^BMB^|^01^|^51^|^2^|^001^|^100^|^ A^|^521211^|^019^|^A^|^0^|^0^|^ ^|^0^|0|0|0|^ ^|^ ^|^ ^|^ ^|^^|^00^|^^|0|0|^^|^ ^
^2026^|^01^|^527031^|^015^|^08^|^WA^|^4719^|^EBA^|^01^|^51^|^2^|^994^|^001^|^ A^|^511129^|^019^|^A^|^0^|^0^|^ ^|^0^|0|0|0|^ ^|^ ^|^ ^|^ ^|^^|^00^|^^|0|0|^^|^ ^
^2026^|^01^|^527031^|^015^|^08^|^WA^|^4719^|^EBA^|^01^|^51^|^2^|^994^|^001^|^ A^|^512211^|^019^|^A^|^0^|^0^|^ ^|^0^|0|0|0|^ ^|^ ^|^ ^|^ ^|^^|^00^|^^|0|0|^^|^ ^
^2026^|^01^|^527031^|^015^|^08^|^WA^|^4719^|^EBA^|^01^|^51^|^2^|^004^|^100^|^ A^|^521211^|^019^|^A^|^0^|^0^|^ ^|^0^|0|0|0|^ ^|^ ^|^ ^|^ ^|^^|^00^|^^|0|0|^^|^ ^
^2026^|^01^|^527031^|^015^|^08^|^WA^|^4719^|^EBC^|^01^|^51^|^2^|^001^|^100^|^XC^|^521211^|^019^|^A^|^0^|^0^|^ ^|^0^|0|0|0|^ ^|^ ^|^ ^|^ ^|^^|^00^|^^|0|0|^^|^ ^
^2026^|^01^|^527031^|^015^|^08^|^WA^|^4719^|^EBC^|^01^|^51^|^2^|^001^|^100^|^XC^|^522151^|^019^|^A^|^0^|^0^|^ ^|^0^|0|0|0|^ ^|^ ^|^ ^|^ ^|^^|^00^|^^|0|0|^^|^ ^
^2026^|^01^|^527031^|^015^|^08^|^WA^|^4719^|^EBC^|^01^|^51^|^2^|^001^|^100^|^XC^|^524113^|^019^|^A^|^0^|^0^|^ ^|^0^|0|0|0|^ ^|^ ^|^ ^|^ ^|^^|^00^|^^|0|0|^^|^ ^
^2026^|^01^|^527120^|^015^|^08^|^CD^|^6212^|^BMB^|^02^|^54^|^2^|^001^|^100^|^ A^|^524111^|^024^|^A^|^0^|^0^|^ ^|^0^|0|0|0|^ ^|^ ^|^ ^|^ ^|^^|^00^|^^|0|0|^^|^ ^
^2026^|^01^|^527120^|^015^|^08^|^CD^|^6212^|^BMB^|^02^|^54^|^2^|^001^|^100^|^ A^|^524113^|^024^|^A^|^0^|^0^|^ ^|^0^|0|0|0|^ ^|^ ^|^ ^|^ ^|^^|^00^|^^|0|0|^^|^ ^
^2026^|^01^|^527120^|^015^|^08^|^CD^|^6212^|^FAC^|^02^|^54^|^2^|^001^|^100^|^ A^|^521211^|^024^|^A^|^0^|^0^|^ ^|^0^|0|0|0|^ ^|^ ^|^ ^|^ ^|^^|^00^|^^|0|0|^^|^ ^
^2026^|^01^|^527120^|^015^|^08^|^CD^|^6212^|^FAC^|^02^|^54^|^2^|^001^|^100^|^ B^|^521211^|^024^|^A^|^0^|^0^|^ ^|^0^|0|0|0|^ ^|^ ^|^ ^|^ ^|^^|^00^|^^|0|0|^^|^ ^
^2026^|^01^|^527120^|^015^|^08^|^CD^|^6212^|^FAH^|^02^|^54^|^2^|^001^|^100^|^ A^|^521211^|^024^|^A^|^0^|^0^|^ ^|^0^|0|0|0|^ ^|^ ^|^ ^|^ ^|^^|^00^|^^|0|0|^^|^ ^
^2026^|^01^|^527120^|^015^|^08^|^CD^|^6212^|^FAL^|^02^|^54^|^2^|^004^|^100^|^ A^|^521211^|^024^|^A^|^0^|^0^|^ ^|^0^|0|0|0|^ ^|^ ^|^ ^|^ ^|^^|^00^|^^|0|0|^^|^ ^
^2026^|^01^|^527120^|^015^|^08^|^CD^|^6212^|^FAL^|^02^|^54^|^2^|^004^|^100^|^ B^|^521211^|^024^|^A^|^0^|^0^|^ ^|^0^|0|0|0|^ ^|^ ^|^ ^|^ ^|^^|^00^|^^|0|0|^^|^ ^
^2026^|^01^|^527120^|^015^|^08^|^CD^|^6212^|^FAL^|^02^|^54^|^2^|^004^|^100^|^ D^|^524111^|^024^|^A^|^0^|^0^|^ ^|^0^|0|0|0|^ ^|^ ^|^ ^|^ ^|^^|^00^|^^|0|0|^^|^ ^
^2026^|^01^|^527120^|^015^|^08^|^CD^|^6212^|^FAL^|^02^|^54^|^2^|^004^|^100^|^ D^|^524113^|^024^|^A^|^0^|^0^|^ ^|^0^|0|0|0|^ ^|^ ^|^ ^|^ ^|^^|^00^|^^|0|0|^^|^ ^
^2026^|^01^|^527120^|^015^|^08^|^CD^|^6213^|^FAC^|^02^|^54^|^2^|^001^|^100^|^ A^|^521211^|^024^|^A^|^0^|^0^|^ ^|^0^|0|0|0|^ ^|^ ^|^ ^|^ ^|^^|^00^|^^|0|0|^^|^ ^
^2026^|^01^|^527120^|^015^|^08^|^CD^|^6213^|^FAE^|^02^|^54^|^2^|^009^|^100^|^ A^|^524111^|^024^|^A^|^0^|^0^|^ ^|^0^|0|0|0|^ ^|^ ^|^ ^|^ ^|^^|^00^|^^|0|0|^^|^ ^
^2026^|^01^|^527120^|^015^|^08^|^CD^|^6213^|^FAE^|^02^|^54^|^2^|^009^|^100^|^ A^|^524113^|^024^|^A^|^0^|^0^|^ ^|^0^|0|0|0|^ ^|^ ^|^ ^|^ ^|^^|^00^|^^|0|0|^^|^ ^
^2026^|^01^|^527120^|^015^|^08^|^CD^|^6213^|^FAL^|^02^|^54^|^2^|^003^|^100^|^ A^|^524111^|^024^|^A^|^0^|^0^|^ ^|^0^|0|0|0|^ ^|^ ^|^ ^|^ ^|^^|^00^|^^|0|0|^^|^ ^
^2026^|^01^|^527120^|^015^|^08^|^CD^|^6213^|^FAL^|^02^|^54^|^2^|^003^|^100^|^ A^|^524113^|^024^|^A^|^0^|^0^|^ ^|^0^|0|0|0|^ ^|^ ^|^ ^|^ ^|^^|^00^|^^|0|0|^^|^ ^
^2026^|^01^|^527120^|^015^|^08^|^CD^|^6214^|^FAL^|^02^|^54^|^2^|^002^|^100^|^ A^|^521211^|^024^|^A^|^0^|^0^|^ ^|^0^|0|0|0|^ ^|^ ^|^ ^|^ ^|^^|^00^|^^|0|0|^^|^ ^
^2026^|^01^|^527120^|^015^|^08^|^CD^|^6214^|^FAL^|^02^|^54^|^2^|^002^|^100^|^ B^|^521211^|^024^|^A^|^0^|^0^|^ ^|^0^|0|0|0|^ ^|^ ^|^ ^|^ ^|^^|^00^|^^|0|0|^^|^ ^
^2026^|^01^|^527120^|^015^|^08^|^CD^|^6215^|^FAH^|^02^|^54^|^2^|^003^|^100^|^ A^|^521211^|^024^|^A^|^0^|^0^|^ ^|^0^|0|0|0|^ ^|^ ^|^ ^|^ ^|^^|^00^|^^|0|0|^^|^ ^
^2026^|^01^|^527120^|^015^|^08^|^CD^|^6215^|^FAH^|^02^|^54^|^2^|^003^|^100^|^ B^|^524111^|^024^|^A^|^0^|^0^|^ ^|^0^|0|0|0|^ ^|^ ^|^ ^|^ ^|^^|^00^|^^|0|0|^^|^ ^
^2026^|^01^|^527120^|^015^|^08^|^WA^|^4715^|^EBA^|^02^|^54^|^2^|^001^|^100^|^ A^|^521811^|^024^|^A^|^0^|^0^|^ ^|^0^|0|0|0|^ ^|^ ^|^ ^|^ ^|^^|^00^|^^|0|0|^^|^ ^
^2026^|^01^|^527120^|^015^|^08^|^WA^|^4715^|^EBA^|^02^|^54^|^2^|^001^|^100^|^ B^|^522151^|^024^|^A^|^0^|^0^|^ ^|^0^|0|0|0|^ ^|^ ^|^ ^|^ ^|^^|^00^|^^|0|0|^^|^ ^
^2026^|^01^|^527120^|^015^|^08^|^WA^|^4715^|^EBA^|^02^|^54^|^2^|^001^|^100^|^ B^|^524111^|^024^|^A^|^0^|^0^|^ ^|^0^|0|0|0|^ ^|^ ^|^ ^|^ ^|^^|^00^|^^|0|0|^^|^ ^
^2026^|^01^|^527120^|^015^|^08^|^WA^|^4715^|^EBA^|^02^|^54^|^2^|^994^|^002^|^ A^|^521111^|^024^|^A^|^0^|^0^|^ ^|^0^|0|0|0|^ ^|^ ^|^ ^|^ ^|^^|^00^|^^|0|0|^^|^ ^
^2026^|^01^|^527120^|^015^|^08^|^WA^|^4715^|^EBA^|^02^|^54^|^2^|^994^|^002^|^ A^|^521119^|^024^|^A^|^0^|^0^|^ ^|^0^|0|0|0|^ ^|^ ^|^ ^|^ ^|^^|^00^|^^|0|0|^^|^ ^
^2026^|^01^|^527120^|^015^|^08^|^WA^|^4715^|^EBA^|^02^|^54^|^2^|^994^|^002^|^ A^|^521811^|^024^|^A^|^0^|^0^|^ ^|^0^|0|0|0|^ ^|^ ^|^ ^|^ ^|^^|^00^|^^|0|0|^^|^ ^
^2026^|^01^|^527120^|^015^|^08^|^WA^|^4715^|^EBA^|^02^|^54^|^2^|^994^|^002^|^ B^|^521114^|^024^|^A^|^0^|^0^|^ ^|^0^|0|0|0|^ ^|^ ^|^ ^|^ ^|^^|^00^|^^|0|0|^^|^ ^
^2026^|^01^|^527120^|^015^|^08^|^WA^|^4715^|^EBA^|^02^|^54^|^2^|^994^|^002^|^ B^|^522113^|^024^|^A^|^0^|^0^|^ ^|^0^|0|0|0|^ ^|^ ^|^ ^|^ ^|^^|^00^|^^|0|0|^^|^ ^
^2026^|^01^|^527120^|^015^|^08^|^WA^|^4715^|^EBA^|^02^|^54^|^2^|^994^|^002^|^ C^|^521113^|^024^|^A^|^0^|^0^|^ ^|^0^|0|0|0|^ ^|^ ^|^ ^|^ ^|^^|^00^|^^|0|0|^^|^ ^
^2026^|^01^|^527120^|^015^|^08^|^WA^|^4715^|^EBA^|^02^|^54^|^2^|^994^|^002^|^ C^|^521115^|^024^|^A^|^0^|^0^|^ ^|^0^|0|0|0|^ ^|^ ^|^ ^|^ ^|^^|^00^|^^|0|0|^^|^ ^
^2026^|^01^|^527120^|^015^|^08^|^WA^|^4715^|^EBA^|^02^|^54^|^2^|^994^|^002^|^ C^|^521119^|^024^|^A^|^0^|^0^|^ ^|^0^|0|0|0|^ ^|^ ^|^ ^|^ ^|^^|^00^|^^|0|0|^^|^ ^
^2026^|^01^|^527120^|^015^|^08^|^WA^|^4715^|^EBA^|^02^|^54^|^2^|^994^|^002^|^ D^|^523121^|^024^|^A^|^0^|^0^|^ ^|^0^|0|0|0|^ ^|^ ^|^ ^|^ ^|^^|^00^|^^|0|0|^^|^ ^
^2026^|^01^|^527120^|^015^|^08^|^WA^|^4715^|^EBA^|^02^|^54^|^2^|^994^|^002^|^ G^|^523111^|^024^|^A^|^0^|^0^|^ ^|^0^|0|0|0|^ ^|^ ^|^ ^|^ ^|^^|^00^|^^|0|0|^^|^ ^
^2026^|^01^|^527120^|^015^|^08^|^WA^|^4715^|^EBA^|^02^|^54^|^2^|^994^|^002^|^ G^|^523119^|^024^|^A^|^0^|^0^|^ ^|^0^|0|0|0|^ ^|^ ^|^ ^|^ ^|^^|^00^|^^|0|0|^^|^ ^
^2026^|^01^|^527120^|^015^|^08^|^WA^|^4715^|^EBA^|^02^|^54^|^2^|^994^|^002^|^TJ^|^523121^|^024^|^A^|^0^|^0^|^ ^|^0^|0|0|0|^ ^|^ ^|^ ^|^ ^|^^|^00^|^^|0|0|^^|^ ^
^2026^|^01^|^527120^|^015^|^08^|^WA^|^4715^|^EBA^|^02^|^54^|^2^|^002^|^100^|^ A^|^524111^|^024^|^A^|^0^|^0^|^ ^|^0^|0|0|0|^ ^|^ ^|^ ^|^ ^|^^|^00^|^^|0|0|^^|^ ^
^2026^|^01^|^527120^|^015^|^08^|^WA^|^4715^|^EBA^|^02^|^54^|^2^|^002^|^100^|^ A^|^524113^|^024^|^A^|^0^|^0^|^ ^|^0^|0|0|0|^ ^|^ ^|^ ^|^ ^|^^|^00^|^^|0|0|^^|^ ^
^2026^|^01^|^527120^|^015^|^08^|^WA^|^4715^|^EBD^|^02^|^54^|^2^|^Z36^|^100^|^ B^|^524111^|^024^|^A^|^0^|^0^|^ ^|^0^|0|0|0|^ ^|^ ^|^ ^|^ ^|^^|^00^|^^|0|0|^^|^ ^
^2026^|^01^|^527120^|^015^|^08^|^WA^|^4718^|^BMB^|^02^|^54^|^2^|^002^|^100^|^ A^|^521219^|^024^|^A^|^0^|^0^|^ ^|^0^|0|0|0|^ ^|^ ^|^ ^|^ ^|^^|^00^|^^|0|0|^^|^ ^
^2026^|^01^|^527120^|^015^|^08^|^WA^|^4718^|^BMB^|^02^|^54^|^2^|^001^|^100^|^ A^|^521211^|^024^|^A^|^0^|^0^|^ ^|^0^|0|0|0|^ ^|^ ^|^ ^|^ ^|^^|^00^|^^|0|0|^^|^ ^
^2026^|^01^|^527120^|^015^|^08^|^WA^|^4719^|^EBA^|^02^|^54^|^2^|^994^|^001^|^ A^|^511129^|^024^|^A^|^0^|^0^|^ ^|^0^|0|0|0|^ ^|^ ^|^ ^|^ ^|^^|^00^|^^|0|0|^^|^ ^
^2026^|^01^|^527120^|^015^|^08^|^WA^|^4719^|^EBA^|^02^|^54^|^2^|^994^|^001^|^ A^|^512211^|^024^|^A^|^0^|^0^|^ ^|^0^|0|0|0|^ ^|^ ^|^ ^|^ ^|^^|^00^|^^|0|0|^^|^ ^
^2026^|^01^|^527120^|^015^|^08^|^WA^|^4719^|^EBA^|^02^|^54^|^2^|^004^|^100^|^ A^|^521211^|^024^|^A^|^0^|^0^|^ ^|^0^|0|0|0|^ ^|^ ^|^ ^|^ ^|^^|^00^|^^|0|0|^^|^ ^
^2026^|^01^|^527120^|^015^|^08^|^WA^|^4719^|^EBC^|^02^|^54^|^2^|^001^|^100^|^XC^|^521211^|^024^|^A^|^0^|^0^|^ ^|^0^|0|0|0|^ ^|^ ^|^ ^|^ ^|^^|^00^|^^|0|0|^^|^ ^
^2026^|^01^|^527120^|^015^|^08^|^WA^|^4719^|^EBC^|^02^|^54^|^2^|^001^|^100^|^XC^|^522151^|^024^|^A^|^0^|^0^|^ ^|^0^|0|0|0|^ ^|^ ^|^ ^|^ ^|^^|^00^|^^|0|0|^^|^ ^
^2026^|^01^|^527120^|^015^|^08^|^WA^|^4719^|^EBC^|^02^|^54^|^2^|^001^|^100^|^XC^|^524113^|^024^|^A^|^0^|^0^|^ ^|^0^|0|0|0|^ ^|^ ^|^ ^|^ ^|^^|^00^|^^|0|0|^^|^ ^
^2026^|^01^|^527141^|^015^|^08^|^CD^|^6212^|^BMB^|^02^|^60^|^2^|^001^|^100^|^ A^|^524111^|^025^|^A^|^0^|^0^|^ ^|^0^|0|0|0|^ ^|^ ^|^ ^|^ ^|^^|^00^|^^|0|0|^^|^ ^
^2026^|^01^|^527141^|^015^|^08^|^CD^|^6212^|^BMB^|^02^|^60^|^2^|^001^|^100^|^ A^|^524113^|^025^|^A^|^0^|^0^|^ ^|^0^|0|0|0|^ ^|^ ^|^ ^|^ ^|^^|^00^|^^|0|0|^^|^ ^
^2026^|^01^|^527141^|^015^|^08^|^CD^|^6212^|^FAC^|^02^|^60^|^2^|^001^|^100^|^ A^|^521211^|^025^|^A^|^0^|^0^|^ ^|^0^|0|0|0|^ ^|^ ^|^ ^|^ ^|^^|^00^|^^|0|0|^^|^ ^
^2026^|^01^|^527141^|^015^|^08^|^CD^|^6212^|^FAC^|^02^|^60^|^2^|^001^|^100^|^ B^|^521211^|^025^|^A^|^0^|^0^|^ ^|^0^|0|0|0|^ ^|^ ^|^ ^|^ ^|^^|^00^|^^|0|0|^^|^ ^
^2026^|^01^|^527141^|^015^|^08^|^CD^|^6212^|^FAH^|^02^|^60^|^2^|^001^|^100^|^ A^|^521211^|^025^|^A^|^0^|^0^|^ ^|^0^|0|0|0|^ ^|^ ^|^ ^|^ ^|^^|^00^|^^|0|0|^^|^ ^
^2026^|^01^|^527141^|^015^|^08^|^CD^|^6212^|^FAL^|^02^|^60^|^2^|^004^|^100^|^ A^|^521211^|^025^|^A^|^0^|^0^|^ ^|^0^|0|0|0|^ ^|^ ^|^ ^|^ ^|^^|^00^|^^|0|0|^^|^ ^
^2026^|^01^|^527141^|^015^|^08^|^CD^|^6212^|^FAL^|^02^|^60^|^2^|^004^|^100^|^ B^|^521211^|^025^|^A^|^0^|^0^|^ ^|^0^|0|0|0|^ ^|^ ^|^ ^|^ ^|^^|^00^|^^|0|0|^^|^ ^
^2026^|^01^|^527141^|^015^|^08^|^CD^|^6212^|^FAL^|^02^|^60^|^2^|^004^|^100^|^ D^|^524111^|^025^|^A^|^0^|^0^|^ ^|^0^|0|0|0|^ ^|^ ^|^ ^|^ ^|^^|^00^|^^|0|0|^^|^ ^
^2026^|^01^|^527141^|^015^|^08^|^CD^|^6212^|^FAL^|^02^|^60^|^2^|^004^|^100^|^ D^|^524113^|^025^|^A^|^0^|^0^|^ ^|^0^|0|0|0|^ ^|^ ^|^ ^|^ ^|^^|^00^|^^|0|0|^^|^ ^
^2026^|^01^|^527141^|^015^|^08^|^CD^|^6213^|^FAC^|^02^|^60^|^2^|^001^|^100^|^ A^|^521211^|^025^|^A^|^0^|^0^|^ ^|^0^|0|0|0|^ ^|^ ^|^ ^|^ ^|^^|^00^|^^|0|0|^^|^ ^
^2026^|^01^|^527141^|^015^|^08^|^CD^|^6213^|^FAE^|^02^|^60^|^2^|^009^|^100^|^ A^|^524111^|^025^|^A^|^0^|^0^|^ ^|^0^|0|0|0|^ ^|^ ^|^ ^|^ ^|^^|^00^|^^|0|0|^^|^ ^
^2026^|^01^|^527141^|^015^|^08^|^CD^|^6213^|^FAE^|^02^|^60^|^2^|^009^|^100^|^ A^|^524113^|^025^|^A^|^0^|^0^|^ ^|^0^|0|0|0|^ ^|^ ^|^ ^|^ ^|^^|^00^|^^|0|0|^^|^ ^
^2026^|^01^|^527141^|^015^|^08^|^CD^|^6213^|^FAL^|^02^|^60^|^2^|^003^|^100^|^ A^|^524111^|^025^|^A^|^0^|^0^|^ ^|^0^|0|0|0|^ ^|^ ^|^ ^|^ ^|^^|^00^|^^|0|0|^^|^ ^
^2026^|^01^|^527141^|^015^|^08^|^CD^|^6213^|^FAL^|^02^|^60^|^2^|^003^|^100^|^ A^|^524113^|^025^|^A^|^0^|^0^|^ ^|^0^|0|0|0|^ ^|^ ^|^ ^|^ ^|^^|^00^|^^|0|0|^^|^ ^
^2026^|^01^|^527141^|^015^|^08^|^CD^|^6214^|^FAL^|^02^|^60^|^2^|^002^|^100^|^ A^|^521211^|^025^|^A^|^0^|^0^|^ ^|^0^|0|0|0|^ ^|^ ^|^ ^|^ ^|^^|^00^|^^|0|0|^^|^ ^
^2026^|^01^|^527141^|^015^|^08^|^CD^|^6214^|^FAL^|^02^|^60^|^2^|^002^|^100^|^ B^|^521211^|^025^|^A^|^0^|^0^|^ ^|^0^|0|0|0|^ ^|^ ^|^ ^|^ ^|^^|^00^|^^|0|0|^^|^ ^
^2026^|^01^|^527141^|^015^|^08^|^CD^|^6215^|^FAH^|^02^|^60^|^2^|^003^|^100^|^ A^|^521211^|^025^|^A^|^0^|^0^|^ ^|^0^|0|0|0|^ ^|^ ^|^ ^|^ ^|^^|^00^|^^|0|0|^^|^ ^
^2026^|^01^|^527141^|^015^|^08^|^CD^|^6215^|^FAH^|^02^|^60^|^2^|^003^|^100^|^ B^|^524111^|^025^|^A^|^0^|^0^|^ ^|^0^|0|0|0|^ ^|^ ^|^ ^|^ ^|^^|^00^|^^|0|0|^^|^ ^
^2026^|^01^|^527141^|^015^|^08^|^WA^|^4715^|^EBA^|^02^|^60^|^2^|^001^|^100^|^ A^|^521811^|^025^|^A^|^0^|^0^|^ ^|^0^|0|0|0|^ ^|^ ^|^ ^|^ ^|^^|^00^|^^|0|0|^^|^ ^
^2026^|^01^|^527141^|^015^|^08^|^WA^|^4715^|^EBA^|^02^|^60^|^2^|^001^|^100^|^ B^|^522151^|^025^|^A^|^0^|^0^|^ ^|^0^|0|0|0|^ ^|^ ^|^ ^|^ ^|^^|^00^|^^|0|0|^^|^ ^
^2026^|^01^|^527141^|^015^|^08^|^WA^|^4715^|^EBA^|^02^|^60^|^2^|^001^|^100^|^ B^|^524111^|^025^|^A^|^0^|^0^|^ ^|^0^|0|0|0|^ ^|^ ^|^ ^|^ ^|^^|^00^|^^|0|0|^^|^ ^
^2026^|^01^|^527141^|^015^|^08^|^WA^|^4715^|^EBA^|^02^|^60^|^2^|^994^|^002^|^ A^|^521111^|^025^|^A^|^0^|^0^|^ ^|^0^|0|0|0|^ ^|^ ^|^ ^|^ ^|^^|^00^|^^|0|0|^^|^ ^
^2026^|^01^|^527141^|^015^|^08^|^WA^|^4715^|^EBA^|^02^|^60^|^2^|^994^|^002^|^ A^|^521119^|^025^|^A^|^0^|^0^|^ ^|^0^|0|0|0|^ ^|^ ^|^ ^|^ ^|^^|^00^|^^|0|0|^^|^ ^
^2026^|^01^|^527141^|^015^|^08^|^WA^|^4715^|^EBA^|^02^|^60^|^2^|^994^|^002^|^ A^|^521811^|^025^|^A^|^0^|^0^|^ ^|^0^|0|0|0|^ ^|^ ^|^ ^|^ ^|^^|^00^|^^|0|0|^^|^ ^
^2026^|^01^|^527141^|^015^|^08^|^WA^|^4715^|^EBA^|^02^|^60^|^2^|^994^|^002^|^ B^|^521114^|^025^|^A^|^0^|^0^|^ ^|^0^|0|0|0|^ ^|^ ^|^ ^|^ ^|^^|^00^|^^|0|0|^^|^ ^
^2026^|^01^|^527141^|^015^|^08^|^WA^|^4715^|^EBA^|^02^|^60^|^2^|^994^|^002^|^ B^|^522113^|^025^|^A^|^0^|^0^|^ ^|^0^|0|0|0|^ ^|^ ^|^ ^|^ ^|^^|^00^|^^|0|0|^^|^ ^
^2026^|^01^|^527141^|^015^|^08^|^WA^|^4715^|^EBA^|^02^|^60^|^2^|^994^|^002^|^ C^|^521113^|^025^|^A^|^0^|^0^|^ ^|^0^|0|0|0|^ ^|^ ^|^ ^|^ ^|^^|^00^|^^|0|0|^^|^ ^
^2026^|^01^|^527141^|^015^|^08^|^WA^|^4715^|^EBA^|^02^|^60^|^2^|^994^|^002^|^ C^|^521115^|^025^|^A^|^0^|^0^|^ ^|^0^|0|0|0|^ ^|^ ^|^ ^|^ ^|^^|^00^|^^|0|0|^^|^ ^
^2026^|^01^|^527141^|^015^|^08^|^WA^|^4715^|^EBA^|^02^|^60^|^2^|^994^|^002^|^ C^|^521119^|^025^|^A^|^0^|^0^|^ ^|^0^|0|0|0|^ ^|^ ^|^ ^|^ ^|^^|^00^|^^|0|0|^^|^ ^
^2026^|^01^|^527141^|^015^|^08^|^WA^|^4715^|^EBA^|^02^|^60^|^2^|^994^|^002^|^ D^|^523121^|^025^|^A^|^0^|^0^|^ ^|^0^|0|0|0|^ ^|^ ^|^ ^|^ ^|^^|^00^|^^|0|0|^^|^ ^
^2026^|^01^|^527141^|^015^|^08^|^WA^|^4715^|^EBA^|^02^|^60^|^2^|^994^|^002^|^ G^|^523111^|^025^|^A^|^0^|^0^|^ ^|^0^|0|0|0|^ ^|^ ^|^ ^|^ ^|^^|^00^|^^|0|0|^^|^ ^
^2026^|^01^|^527141^|^015^|^08^|^WA^|^4715^|^EBA^|^02^|^60^|^2^|^994^|^002^|^ G^|^523119^|^025^|^A^|^0^|^0^|^ ^|^0^|0|0|0|^ ^|^ ^|^ ^|^ ^|^^|^00^|^^|0|0|^^|^ ^
^2026^|^01^|^527141^|^015^|^08^|^WA^|^4715^|^EBA^|^02^|^60^|^2^|^994^|^002^|^TJ^|^523121^|^025^|^A^|^0^|^0^|^ ^|^0^|0|0|0|^ ^|^ ^|^ ^|^ ^|^^|^00^|^^|0|0|^^|^ ^
^2026^|^01^|^527141^|^015^|^08^|^WA^|^4715^|^EBA^|^02^|^60^|^2^|^002^|^100^|^ A^|^524111^|^025^|^A^|^0^|^0^|^ ^|^0^|0|0|0|^ ^|^ ^|^ ^|^ ^|^^|^00^|^^|0|0|^^|^ ^
^2026^|^01^|^527141^|^015^|^08^|^WA^|^4715^|^EBA^|^02^|^60^|^2^|^002^|^100^|^ A^|^524113^|^025^|^A^|^0^|^0^|^ ^|^0^|0|0|0|^ ^|^ ^|^ ^|^ ^|^^|^00^|^^|0|0|^^|^ ^
^2026^|^01^|^527141^|^015^|^08^|^WA^|^4715^|^EBB^|^02^|^60^|^2^|^002^|^100^|^ A^|^532111^|^025^|^A^|^0^|^0^|^ ^|^0^|0|0|0|^ ^|^ ^|^ ^|^ ^|^^|^00^|^^|0|0|^^|^ ^
^2026^|^01^|^527141^|^015^|^08^|^WA^|^4715^|^EBD^|^02^|^60^|^2^|^Z36^|^100^|^ A^|^524111^|^025^|^A^|^0^|^0^|^ ^|^0^|0|0|0|^ ^|^ ^|^ ^|^ ^|^^|^00^|^^|0|0|^^|^ ^
^2026^|^01^|^527141^|^015^|^08^|^WA^|^4718^|^BMB^|^02^|^60^|^2^|^002^|^100^|^ A^|^521219^|^025^|^A^|^0^|^0^|^ ^|^0^|0|0|0|^ ^|^ ^|^ ^|^ ^|^^|^00^|^^|0|0|^^|^ ^
^2026^|^01^|^527141^|^015^|^08^|^WA^|^4718^|^BMB^|^02^|^60^|^2^|^001^|^100^|^ A^|^521211^|^025^|^A^|^0^|^0^|^ ^|^0^|0|0|0|^ ^|^ ^|^ ^|^ ^|^^|^00^|^^|0|0|^^|^ ^
^2026^|^01^|^527141^|^015^|^08^|^WA^|^4719^|^EBA^|^02^|^60^|^2^|^994^|^001^|^ A^|^511129^|^025^|^A^|^0^|^0^|^ ^|^0^|0|0|0|^ ^|^ ^|^ ^|^ ^|^^|^00^|^^|0|0|^^|^ ^
^2026^|^01^|^527141^|^015^|^08^|^WA^|^4719^|^EBA^|^02^|^60^|^2^|^994^|^001^|^ A^|^512211^|^025^|^A^|^0^|^0^|^ ^|^0^|0|0|0|^ ^|^ ^|^ ^|^ ^|^^|^00^|^^|0|0|^^|^ ^
^2026^|^01^|^527141^|^015^|^08^|^WA^|^4719^|^EBA^|^02^|^60^|^2^|^004^|^100^|^ A^|^521211^|^025^|^A^|^0^|^0^|^ ^|^0^|0|0|0|^ ^|^ ^|^ ^|^ ^|^^|^00^|^^|0|0|^^|^ ^
^2026^|^01^|^527141^|^015^|^08^|^WA^|^4719^|^EBC^|^02^|^60^|^2^|^001^|^100^|^XC^|^521211^|^025^|^A^|^0^|^0^|^ ^|^0^|0|0|0|^ ^|^ ^|^ ^|^ ^|^^|^00^|^^|0|0|^^|^ ^
^2026^|^01^|^527141^|^015^|^08^|^WA^|^4719^|^EBC^|^02^|^60^|^2^|^001^|^100^|^XC^|^522151^|^025^|^A^|^0^|^0^|^ ^|^0^|0|0|0|^ ^|^ ^|^ ^|^ ^|^^|^00^|^^|0|0|^^|^ ^
^2026^|^01^|^527141^|^015^|^08^|^WA^|^4719^|^EBC^|^02^|^60^|^2^|^001^|^100^|^XC^|^524113^|^025^|^A^|^0^|^0^|^ ^|^0^|0|0|0|^ ^|^ ^|^ ^|^ ^|^^|^00^|^^|0|0|^^|^ ^
^2026^|^01^|^527094^|^015^|^08^|^CD^|^6212^|^BMB^|^02^|^51^|^2^|^001^|^100^|^ A^|^524113^|^022^|^A^|^0^|^0^|^ ^|^0^|0|0|0|^ ^|^ ^|^ ^|^ ^|^^|^00^|^^|0|0|^^|^ ^
^2026^|^01^|^527094^|^015^|^08^|^CD^|^6212^|^BMB^|^02^|^51^|^2^|^001^|^100^|^ B^|^521211^|^022^|^A^|^0^|^0^|^ ^|^0^|0|0|0|^ ^|^ ^|^ ^|^ ^|^^|^00^|^^|0|0|^^|^ ^
^2026^|^01^|^527094^|^015^|^08^|^CD^|^6212^|^BMB^|^02^|^51^|^2^|^001^|^100^|^ B^|^522151^|^022^|^A^|^0^|^0^|^ ^|^0^|0|0|0|^ ^|^ ^|^ ^|^ ^|^^|^00^|^^|0|0|^^|^ ^
^2026^|^01^|^527094^|^015^|^08^|^CD^|^6212^|^BMB^|^02^|^51^|^2^|^001^|^100^|^ B^|^524113^|^022^|^A^|^0^|^0^|^ ^|^0^|0|0|0|^ ^|^ ^|^ ^|^ ^|^^|^00^|^^|0|0|^^|^ ^
^2026^|^01^|^527094^|^015^|^08^|^CD^|^6212^|^BMB^|^02^|^51^|^2^|^001^|^100^|^ C^|^524113^|^022^|^A^|^0^|^0^|^ ^|^0^|0|0|0|^ ^|^ ^|^ ^|^ ^|^^|^00^|^^|0|0|^^|^ ^
^2026^|^01^|^527094^|^015^|^08^|^CD^|^6212^|^BMB^|^02^|^51^|^2^|^001^|^100^|^ D^|^521211^|^022^|^A^|^0^|^0^|^ ^|^0^|0|0|0|^ ^|^ ^|^ ^|^ ^|^^|^00^|^^|0|0|^^|^ ^
^2026^|^01^|^527094^|^015^|^08^|^CD^|^6212^|^BMB^|^02^|^51^|^2^|^001^|^100^|^ D^|^522141^|^022^|^A^|^0^|^0^|^ ^|^0^|0|0|0|^ ^|^ ^|^ ^|^ ^|^^|^00^|^^|0|0|^^|^ ^
^2026^|^01^|^527094^|^015^|^08^|^CD^|^6212^|^FAC^|^02^|^51^|^2^|^002^|^100^|^ A^|^524111^|^022^|^A^|^0^|^0^|^ ^|^0^|0|0|0|^ ^|^ ^|^ ^|^ ^|^^|^00^|^^|0|0|^^|^ ^
^2026^|^01^|^527094^|^015^|^08^|^CD^|^6212^|^FAC^|^02^|^51^|^2^|^002^|^100^|^ A^|^524113^|^022^|^A^|^0^|^0^|^ ^|^0^|0|0|0|^ ^|^ ^|^ ^|^ ^|^^|^00^|^^|0|0|^^|^ ^
^2026^|^01^|^527094^|^015^|^08^|^CD^|^6212^|^FAC^|^02^|^51^|^2^|^002^|^100^|^ B^|^524111^|^022^|^A^|^0^|^0^|^ ^|^0^|0|0|0|^ ^|^ ^|^ ^|^ ^|^^|^00^|^^|0|0|^^|^ ^
^2026^|^01^|^527094^|^015^|^08^|^CD^|^6212^|^FAC^|^02^|^51^|^2^|^002^|^100^|^ B^|^524113^|^022^|^A^|^0^|^0^|^ ^|^0^|0|0|0|^ ^|^ ^|^ ^|^ ^|^^|^00^|^^|0|0|^^|^ ^
^2026^|^01^|^527094^|^015^|^08^|^CD^|^6212^|^FAH^|^02^|^51^|^2^|^003^|^100^|^ A^|^524113^|^022^|^A^|^0^|^0^|^ ^|^0^|0|0|0|^ ^|^ ^|^ ^|^ ^|^^|^00^|^^|0|0|^^|^ ^
^2026^|^01^|^527094^|^015^|^08^|^CD^|^6212^|^FAH^|^02^|^51^|^2^|^003^|^100^|^ B^|^524111^|^022^|^A^|^0^|^0^|^ ^|^0^|0|0|0|^ ^|^ ^|^ ^|^ ^|^^|^00^|^^|0|0|^^|^ ^
^2026^|^01^|^527094^|^015^|^08^|^CD^|^6212^|^FAH^|^02^|^51^|^2^|^003^|^100^|^ B^|^524113^|^022^|^A^|^0^|^0^|^ ^|^0^|0|0|0|^ ^|^ ^|^ ^|^ ^|^^|^00^|^^|0|0|^^|^ ^
^2026^|^01^|^527094^|^015^|^08^|^CD^|^6212^|^FAH^|^02^|^51^|^2^|^002^|^100^|^ A^|^521211^|^022^|^A^|^0^|^0^|^ ^|^0^|0|0|0|^ ^|^ ^|^ ^|^ ^|^^|^00^|^^|0|0|^^|^ ^
^2026^|^01^|^527094^|^015^|^08^|^CD^|^6212^|^FAH^|^02^|^51^|^2^|^002^|^100^|^ B^|^524111^|^022^|^A^|^0^|^0^|^ ^|^0^|0|0|0|^ ^|^ ^|^ ^|^ ^|^^|^00^|^^|0|0|^^|^ ^
^2026^|^01^|^527094^|^015^|^08^|^CD^|^6212^|^FAH^|^02^|^51^|^2^|^002^|^100^|^ B^|^524113^|^022^|^A^|^0^|^0^|^ ^|^0^|0|0|0|^ ^|^ ^|^ ^|^ ^|^^|^00^|^^|0|0|^^|^ ^
^2026^|^01^|^527094^|^015^|^08^|^CD^|^6212^|^FAH^|^02^|^51^|^2^|^002^|^100^|^ C^|^522151^|^022^|^A^|^0^|^0^|^ ^|^0^|0|0|0|^ ^|^ ^|^ ^|^ ^|^^|^00^|^^|0|0|^^|^ ^
^2026^|^01^|^527094^|^015^|^08^|^CD^|^6212^|^FAH^|^02^|^51^|^2^|^002^|^100^|^ C^|^524113^|^022^|^A^|^0^|^0^|^ ^|^0^|0|0|0|^ ^|^ ^|^ ^|^ ^|^^|^00^|^^|0|0|^^|^ ^
^2026^|^01^|^527094^|^015^|^08^|^CD^|^6212^|^FAL^|^02^|^51^|^2^|^001^|^100^|^ A^|^524111^|^022^|^A^|^0^|^0^|^ ^|^0^|0|0|0|^ ^|^ ^|^ ^|^ ^|^^|^00^|^^|0|0|^^|^ ^
^2026^|^01^|^527094^|^015^|^08^|^CD^|^6212^|^FAL^|^02^|^51^|^2^|^001^|^100^|^ A^|^524113^|^022^|^A^|^0^|^0^|^ ^|^0^|0|0|0|^ ^|^ ^|^ ^|^ ^|^^|^00^|^^|0|0|^^|^ ^
^2026^|^01^|^527094^|^015^|^08^|^CD^|^6212^|^FAL^|^02^|^51^|^2^|^001^|^100^|^ B^|^521211^|^022^|^A^|^0^|^0^|^ ^|^0^|0|0|0|^ ^|^ ^|^ ^|^ ^|^^|^00^|^^|0|0|^^|^ ^
^2026^|^01^|^527094^|^015^|^08^|^CD^|^6212^|^FAL^|^02^|^51^|^2^|^001^|^100^|^ B^|^522151^|^022^|^A^|^0^|^0^|^ ^|^0^|0|0|0|^ ^|^ ^|^ ^|^ ^|^^|^00^|^^|0|0|^^|^ ^
^2026^|^01^|^527094^|^015^|^08^|^CD^|^6212^|^FAL^|^02^|^51^|^2^|^001^|^100^|^ C^|^524111^|^022^|^A^|^0^|^0^|^ ^|^0^|0|0|0|^ ^|^ ^|^ ^|^ ^|^^|^00^|^^|0|0|^^|^ ^
^2026^|^01^|^527094^|^015^|^08^|^CD^|^6212^|^FAL^|^02^|^51^|^2^|^001^|^100^|^ C^|^524113^|^022^|^A^|^0^|^0^|^ ^|^0^|0|0|0|^ ^|^ ^|^ ^|^ ^|^^|^00^|^^|0|0|^^|^ ^
^2026^|^01^|^527094^|^015^|^08^|^CD^|^6212^|^FAL^|^02^|^51^|^2^|^001^|^100^|^ D^|^521211^|^022^|^A^|^0^|^0^|^ ^|^0^|0|0|0|^ ^|^ ^|^ ^|^ ^|^^|^00^|^^|0|0|^^|^ ^
^2026^|^01^|^527094^|^015^|^08^|^CD^|^6212^|^FAL^|^02^|^51^|^2^|^001^|^100^|^ D^|^521213^|^022^|^A^|^0^|^0^|^ ^|^0^|0|0|0|^ ^|^ ^|^ ^|^ ^|^^|^00^|^^|0|0|^^|^ ^
^2026^|^01^|^527094^|^015^|^08^|^CD^|^6212^|^FAL^|^02^|^51^|^2^|^001^|^100^|^ D^|^522151^|^022^|^A^|^0^|^0^|^ ^|^0^|0|0|0|^ ^|^ ^|^ ^|^ ^|^^|^00^|^^|0|0|^^|^ ^
^2026^|^01^|^527094^|^015^|^08^|^CD^|^6212^|^FAL^|^02^|^51^|^2^|^001^|^100^|^ D^|^524113^|^022^|^A^|^0^|^0^|^ ^|^0^|0|0|0|^ ^|^ ^|^ ^|^ ^|^^|^00^|^^|0|0|^^|^ ^
^2026^|^01^|^527094^|^015^|^08^|^CD^|^6213^|^ABA^|^02^|^51^|^2^|^001^|^100^|^ A^|^522151^|^022^|^A^|^0^|^0^|^ ^|^0^|0|0|0|^ ^|^ ^|^ ^|^ ^|^^|^00^|^^|0|0|^^|^ ^
^2026^|^01^|^527094^|^015^|^08^|^CD^|^6213^|^ABA^|^02^|^51^|^2^|^001^|^100^|^ A^|^524111^|^022^|^A^|^0^|^0^|^ ^|^0^|0|0|0|^ ^|^ ^|^ ^|^ ^|^^|^00^|^^|0|0|^^|^ ^
^2026^|^01^|^527094^|^015^|^08^|^CD^|^6213^|^FAE^|^02^|^51^|^2^|^009^|^100^|^ B^|^521211^|^022^|^A^|^0^|^0^|^ ^|^0^|0|0|0|^ ^|^ ^|^ ^|^ ^|^^|^00^|^^|0|0|^^|^ ^
^2026^|^01^|^527094^|^015^|^08^|^CD^|^6213^|^FAE^|^02^|^51^|^2^|^009^|^100^|^ B^|^524111^|^022^|^A^|^0^|^0^|^ ^|^0^|0|0|0|^ ^|^ ^|^ ^|^ ^|^^|^00^|^^|0|0|^^|^ ^
^2026^|^01^|^527094^|^015^|^08^|^CD^|^6213^|^FAE^|^02^|^51^|^2^|^009^|^100^|^ B^|^524113^|^022^|^A^|^0^|^0^|^ ^|^0^|0|0|0|^ ^|^ ^|^ ^|^ ^|^^|^00^|^^|0|0|^^|^ ^
^2026^|^01^|^527094^|^015^|^08^|^CD^|^6213^|^FAE^|^02^|^51^|^2^|^008^|^100^|^ A^|^522151^|^022^|^A^|^0^|^0^|^ ^|^0^|0|0|0|^ ^|^ ^|^ ^|^ ^|^^|^00^|^^|0|0|^^|^ ^
^2026^|^01^|^527094^|^015^|^08^|^CD^|^6213^|^FAE^|^02^|^51^|^2^|^008^|^100^|^ A^|^524111^|^022^|^A^|^0^|^0^|^ ^|^0^|0|0|0|^ ^|^ ^|^ ^|^ ^|^^|^00^|^^|0|0|^^|^ ^
^2026^|^01^|^527094^|^015^|^08^|^CD^|^6213^|^FAL^|^02^|^51^|^2^|^003^|^100^|^ A^|^521211^|^022^|^A^|^0^|^0^|^ ^|^0^|0|0|0|^ ^|^ ^|^ ^|^ ^|^^|^00^|^^|0|0|^^|^ ^
^2026^|^01^|^527094^|^015^|^08^|^CD^|^6213^|^FAL^|^02^|^51^|^2^|^003^|^100^|^ C^|^521211^|^022^|^A^|^0^|^0^|^ ^|^0^|0|0|0|^ ^|^ ^|^ ^|^ ^|^^|^00^|^^|0|0|^^|^ ^
^2026^|^01^|^527094^|^015^|^08^|^CD^|^6213^|^FAL^|^02^|^51^|^2^|^003^|^100^|^ D^|^524111^|^022^|^A^|^0^|^0^|^ ^|^0^|0|0|0|^ ^|^ ^|^ ^|^ ^|^^|^00^|^^|0|0|^^|^ ^
^2026^|^01^|^527094^|^015^|^08^|^CD^|^6213^|^FAL^|^02^|^51^|^2^|^003^|^100^|^ D^|^524113^|^022^|^A^|^0^|^0^|^ ^|^0^|0|0|0|^ ^|^ ^|^ ^|^ ^|^^|^00^|^^|0|0|^^|^ ^
^2026^|^01^|^527094^|^015^|^08^|^CD^|^6213^|^FAL^|^02^|^51^|^2^|^003^|^100^|^ E^|^521211^|^022^|^A^|^0^|^0^|^ ^|^0^|0|0|0|^ ^|^ ^|^ ^|^ ^|^^|^00^|^^|0|0|^^|^ ^
^2026^|^01^|^527094^|^015^|^08^|^CD^|^6213^|^FAL^|^02^|^51^|^2^|^003^|^100^|^ E^|^522151^|^022^|^A^|^0^|^0^|^ ^|^0^|0|0|0|^ ^|^ ^|^ ^|^ ^|^^|^00^|^^|0|0|^^|^ ^
^2026^|^01^|^527094^|^015^|^08^|^CD^|^6213^|^FAL^|^02^|^51^|^2^|^003^|^100^|^ E^|^524113^|^022^|^A^|^0^|^0^|^ ^|^0^|0|0|0|^ ^|^ ^|^ ^|^ ^|^^|^00^|^^|0|0|^^|^ ^
^2026^|^01^|^527094^|^015^|^08^|^CD^|^6213^|^FAL^|^02^|^51^|^2^|^003^|^100^|^ F^|^521211^|^022^|^A^|^0^|^0^|^ ^|^0^|0|0|0|^ ^|^ ^|^ ^|^ ^|^^|^00^|^^|0|0|^^|^ ^
^2026^|^01^|^527094^|^015^|^08^|^CD^|^6213^|^FAL^|^02^|^51^|^2^|^003^|^100^|^ F^|^522151^|^022^|^A^|^0^|^0^|^ ^|^0^|0|0|0|^ ^|^ ^|^ ^|^ ^|^^|^00^|^^|0|0|^^|^ ^
^2026^|^01^|^527094^|^015^|^08^|^CD^|^6213^|^FAL^|^02^|^51^|^2^|^003^|^100^|^ F^|^524111^|^022^|^A^|^0^|^0^|^ ^|^0^|0|0|0|^ ^|^ ^|^ ^|^ ^|^^|^00^|^^|0|0|^^|^ ^
^2026^|^01^|^527094^|^015^|^08^|^CD^|^6213^|^FAL^|^02^|^51^|^2^|^003^|^100^|^ F^|^524113^|^022^|^A^|^0^|^0^|^ ^|^0^|0|0|0|^ ^|^ ^|^ ^|^ ^|^^|^00^|^^|0|0|^^|^ ^
^2026^|^01^|^527094^|^015^|^08^|^CD^|^6213^|^FAL^|^02^|^51^|^2^|^003^|^100^|^ G^|^521211^|^022^|^A^|^0^|^0^|^ ^|^0^|0|0|0|^ ^|^ ^|^ ^|^ ^|^^|^00^|^^|0|0|^^|^ ^
^2026^|^01^|^527094^|^015^|^08^|^CD^|^6213^|^FAL^|^02^|^51^|^2^|^003^|^100^|^ H^|^524111^|^022^|^A^|^0^|^0^|^ ^|^0^|0|0|0|^ ^|^ ^|^ ^|^ ^|^^|^00^|^^|0|0|^^|^ ^
^2026^|^01^|^527094^|^015^|^08^|^CD^|^6213^|^FAL^|^02^|^51^|^2^|^003^|^100^|^ H^|^524113^|^022^|^A^|^0^|^0^|^ ^|^0^|0|0|0|^ ^|^ ^|^ ^|^ ^|^^|^00^|^^|0|0|^^|^ ^
^2026^|^01^|^527094^|^015^|^08^|^CD^|^6215^|^FAH^|^02^|^51^|^2^|^003^|^100^|^ A^|^521211^|^022^|^A^|^0^|^0^|^ ^|^0^|0|0|0|^ ^|^ ^|^ ^|^ ^|^^|^00^|^^|0|0|^^|^ ^
^2026^|^01^|^527094^|^015^|^08^|^CD^|^6215^|^FAH^|^02^|^51^|^2^|^003^|^100^|^ A^|^524111^|^022^|^A^|^0^|^0^|^ ^|^0^|0|0|0|^ ^|^ ^|^ ^|^ ^|^^|^00^|^^|0|0|^^|^ ^
^2026^|^01^|^527094^|^015^|^08^|^CD^|^6215^|^FAH^|^02^|^51^|^2^|^003^|^100^|^ A^|^524113^|^022^|^A^|^0^|^0^|^ ^|^0^|0|0|0|^ ^|^ ^|^ ^|^ ^|^^|^00^|^^|0|0|^^|^ ^
^2026^|^01^|^527094^|^015^|^08^|^CD^|^6215^|^FAH^|^02^|^51^|^2^|^003^|^100^|^ B^|^521211^|^022^|^A^|^0^|^0^|^ ^|^0^|0|0|0|^ ^|^ ^|^ ^|^ ^|^^|^00^|^^|0|0|^^|^ ^
^2026^|^01^|^527094^|^015^|^08^|^CD^|^6215^|^FAH^|^02^|^51^|^2^|^001^|^100^|^ A^|^524111^|^022^|^A^|^0^|^0^|^ ^|^0^|0|0|0|^ ^|^ ^|^ ^|^ ^|^^|^00^|^^|0|0|^^|^ ^
^2026^|^01^|^527094^|^015^|^08^|^CD^|^6215^|^FAH^|^02^|^51^|^2^|^001^|^100^|^ A^|^524113^|^022^|^A^|^0^|^0^|^ ^|^0^|0|0|0|^ ^|^ ^|^ ^|^ ^|^^|^00^|^^|0|0|^^|^ ^
^2026^|^01^|^527094^|^015^|^08^|^CD^|^6215^|^FAH^|^02^|^51^|^2^|^001^|^100^|^ B^|^521211^|^022^|^A^|^0^|^0^|^ ^|^0^|0|0|0|^ ^|^ ^|^ ^|^ ^|^^|^00^|^^|0|0|^^|^ ^
^2026^|^01^|^527094^|^015^|^08^|^CD^|^6216^|^FAE^|^02^|^51^|^2^|^002^|^100^|^ A^|^524111^|^022^|^A^|^0^|^0^|^ ^|^0^|0|0|0|^ ^|^ ^|^ ^|^ ^|^^|^00^|^^|0|0|^^|^ ^
^2026^|^01^|^527094^|^015^|^08^|^CD^|^6216^|^FAE^|^02^|^51^|^2^|^002^|^100^|^ A^|^524113^|^022^|^A^|^0^|^0^|^ ^|^0^|0|0|0|^ ^|^ ^|^ ^|^ ^|^^|^00^|^^|0|0|^^|^ ^
^2026^|^01^|^527094^|^015^|^08^|^WA^|^4715^|^EBA^|^02^|^51^|^2^|^001^|^100^|^ A^|^521811^|^022^|^A^|^0^|^0^|^ ^|^0^|0|0|0|^ ^|^ ^|^ ^|^ ^|^^|^00^|^^|0|0|^^|^ ^
^2026^|^01^|^527094^|^015^|^08^|^WA^|^4715^|^EBA^|^02^|^51^|^2^|^001^|^100^|^ A^|^522151^|^022^|^A^|^0^|^0^|^ ^|^0^|0|0|0|^ ^|^ ^|^ ^|^ ^|^^|^00^|^^|0|0|^^|^ ^
^2026^|^01^|^527094^|^015^|^08^|^WA^|^4715^|^EBA^|^02^|^51^|^2^|^001^|^100^|^ B^|^522151^|^022^|^A^|^0^|^0^|^ ^|^0^|0|0|0|^ ^|^ ^|^ ^|^ ^|^^|^00^|^^|0|0|^^|^ ^
^2026^|^01^|^527094^|^015^|^08^|^WA^|^4715^|^EBA^|^02^|^51^|^2^|^001^|^100^|^ B^|^524113^|^022^|^A^|^0^|^0^|^ ^|^0^|0|0|0|^ ^|^ ^|^ ^|^ ^|^^|^00^|^^|0|0|^^|^ ^
^2026^|^01^|^527094^|^015^|^08^|^WA^|^4715^|^EBA^|^02^|^51^|^2^|^994^|^002^|^ A^|^521111^|^022^|^A^|^0^|^0^|^ ^|^0^|0|0|0|^ ^|^ ^|^ ^|^ ^|^^|^00^|^^|0|0|^^|^ ^
^2026^|^01^|^527094^|^015^|^08^|^WA^|^4715^|^EBA^|^02^|^51^|^2^|^994^|^002^|^ A^|^521119^|^022^|^A^|^0^|^0^|^ ^|^0^|0|0|0|^ ^|^ ^|^ ^|^ ^|^^|^00^|^^|0|0|^^|^ ^
^2026^|^01^|^527094^|^015^|^08^|^WA^|^4715^|^EBA^|^02^|^51^|^2^|^994^|^002^|^ A^|^521811^|^022^|^A^|^0^|^0^|^ ^|^0^|0|0|0|^ ^|^ ^|^ ^|^ ^|^^|^00^|^^|0|0|^^|^ ^
^2026^|^01^|^527094^|^015^|^08^|^WA^|^4715^|^EBA^|^02^|^51^|^2^|^994^|^002^|^ B^|^521114^|^022^|^A^|^0^|^0^|^ ^|^0^|0|0|0|^ ^|^ ^|^ ^|^ ^|^^|^00^|^^|0|0|^^|^ ^
^2026^|^01^|^527094^|^015^|^08^|^WA^|^4715^|^EBA^|^02^|^51^|^2^|^994^|^002^|^ B^|^522111^|^022^|^A^|^0^|^0^|^ ^|^0^|0|0|0|^ ^|^ ^|^ ^|^ ^|^^|^00^|^^|0|0|^^|^ ^
^2026^|^01^|^527094^|^015^|^08^|^WA^|^4715^|^EBA^|^02^|^51^|^2^|^994^|^002^|^ B^|^522113^|^022^|^A^|^0^|^0^|^ ^|^0^|0|0|0|^ ^|^ ^|^ ^|^ ^|^^|^00^|^^|0|0|^^|^ ^
^2026^|^01^|^527094^|^015^|^08^|^WA^|^4715^|^EBA^|^02^|^51^|^2^|^994^|^002^|^ C^|^521115^|^022^|^A^|^0^|^0^|^ ^|^0^|0|0|0|^ ^|^ ^|^ ^|^ ^|^^|^00^|^^|0|0|^^|^ ^
^2026^|^01^|^527094^|^015^|^08^|^WA^|^4715^|^EBA^|^02^|^51^|^2^|^994^|^002^|^ C^|^521119^|^022^|^A^|^0^|^0^|^ ^|^0^|0|0|0|^ ^|^ ^|^ ^|^ ^|^^|^00^|^^|0|0|^^|^ ^
^2026^|^01^|^527094^|^015^|^08^|^WA^|^4715^|^EBA^|^02^|^51^|^2^|^994^|^002^|^ D^|^523121^|^022^|^A^|^0^|^0^|^ ^|^0^|0|0|0|^ ^|^ ^|^ ^|^ ^|^^|^00^|^^|0|0|^^|^ ^
^2026^|^01^|^527094^|^015^|^08^|^WA^|^4715^|^EBA^|^02^|^51^|^2^|^994^|^002^|^ G^|^523111^|^022^|^A^|^0^|^0^|^ ^|^0^|0|0|0|^ ^|^ ^|^ ^|^ ^|^^|^00^|^^|0|0|^^|^ ^
^2026^|^01^|^527094^|^015^|^08^|^WA^|^4715^|^EBA^|^02^|^51^|^2^|^994^|^002^|^ G^|^523119^|^022^|^A^|^0^|^0^|^ ^|^0^|0|0|0|^ ^|^ ^|^ ^|^ ^|^^|^00^|^^|0|0|^^|^ ^
^2026^|^01^|^527094^|^015^|^08^|^WA^|^4715^|^EBA^|^02^|^51^|^2^|^994^|^002^|^TJ^|^523121^|^022^|^A^|^0^|^0^|^ ^|^0^|0|0|0|^ ^|^ ^|^ ^|^ ^|^^|^00^|^^|0|0|^^|^ ^
^2026^|^01^|^527094^|^015^|^08^|^WA^|^4715^|^EBA^|^02^|^51^|^2^|^002^|^100^|^ A^|^524111^|^022^|^A^|^0^|^0^|^ ^|^0^|0|0|0|^ ^|^ ^|^ ^|^ ^|^^|^00^|^^|0|0|^^|^ ^
^2026^|^01^|^527094^|^015^|^08^|^WA^|^4715^|^EBA^|^02^|^51^|^2^|^002^|^100^|^ A^|^524113^|^022^|^A^|^0^|^0^|^ ^|^0^|0|0|0|^ ^|^ ^|^ ^|^ ^|^^|^00^|^^|0|0|^^|^ ^
^2026^|^01^|^527094^|^015^|^08^|^WA^|^4715^|^EBD^|^02^|^51^|^2^|^Z36^|^100^|^ A^|^521211^|^022^|^A^|^0^|^0^|^ ^|^0^|0|0|0|^ ^|^ ^|^ ^|^ ^|^^|^00^|^^|0|0|^^|^ ^
^2026^|^01^|^527094^|^015^|^08^|^WA^|^4715^|^EBD^|^02^|^51^|^2^|^Z26^|^100^|^ A^|^521211^|^022^|^A^|^0^|^0^|^ ^|^0^|0|0|0|^ ^|^ ^|^ ^|^ ^|^^|^00^|^^|0|0|^^|^ ^
^2026^|^01^|^527094^|^015^|^08^|^WA^|^4715^|^EBD^|^02^|^51^|^2^|^Z26^|^100^|^ A^|^524111^|^022^|^A^|^0^|^0^|^ ^|^0^|0|0|0|^ ^|^ ^|^ ^|^ ^|^^|^00^|^^|0|0|^^|^ ^
^2026^|^01^|^527094^|^015^|^08^|^WA^|^4715^|^EBD^|^02^|^51^|^2^|^Z26^|^100^|^ A^|^524113^|^022^|^A^|^0^|^0^|^ ^|^0^|0|0|0|^ ^|^ ^|^ ^|^ ^|^^|^00^|^^|0|0|^^|^ ^
^2026^|^01^|^527094^|^015^|^08^|^WA^|^4718^|^BMB^|^02^|^51^|^2^|^001^|^100^|^ A^|^521211^|^022^|^A^|^0^|^0^|^ ^|^0^|0|0|0|^ ^|^ ^|^ ^|^ ^|^^|^00^|^^|0|0|^^|^ ^
^2026^|^01^|^527094^|^015^|^08^|^WA^|^4718^|^BMB^|^02^|^51^|^2^|^001^|^100^|^ A^|^521219^|^022^|^A^|^0^|^0^|^ ^|^0^|0|0|0|^ ^|^ ^|^ ^|^ ^|^^|^00^|^^|0|0|^^|^ ^
^2026^|^01^|^527094^|^015^|^08^|^WA^|^4718^|^BMB^|^02^|^51^|^2^|^002^|^100^|^ A^|^521211^|^022^|^A^|^0^|^0^|^ ^|^0^|0|0|0|^ ^|^ ^|^ ^|^ ^|^^|^00^|^^|0|0|^^|^ ^
^2026^|^01^|^527094^|^015^|^08^|^WA^|^4718^|^BMB^|^02^|^51^|^2^|^002^|^100^|^ A^|^521219^|^022^|^A^|^0^|^0^|^ ^|^0^|0|0|0|^ ^|^ ^|^ ^|^ ^|^^|^00^|^^|0|0|^^|^ ^
^2026^|^01^|^527094^|^015^|^08^|^WA^|^4719^|^EBA^|^02^|^51^|^2^|^003^|^100^|^ A^|^524111^|^022^|^A^|^0^|^0^|^ ^|^0^|0|0|0|^ ^|^ ^|^ ^|^ ^|^^|^00^|^^|0|0|^^|^ ^
^2026^|^01^|^527094^|^015^|^08^|^WA^|^4719^|^EBA^|^02^|^51^|^2^|^003^|^100^|^ A^|^524113^|^022^|^A^|^0^|^0^|^ ^|^0^|0|0|0|^ ^|^ ^|^ ^|^ ^|^^|^00^|^^|0|0|^^|^ ^
^2026^|^01^|^527094^|^015^|^08^|^WA^|^4719^|^EBA^|^02^|^51^|^2^|^003^|^100^|^ B^|^521211^|^022^|^A^|^0^|^0^|^ ^|^0^|0|0|0|^ ^|^ ^|^ ^|^ ^|^^|^00^|^^|0|0|^^|^ ^
^2026^|^01^|^527094^|^015^|^08^|^WA^|^4719^|^EBA^|^02^|^51^|^2^|^994^|^001^|^ A^|^511129^|^022^|^A^|^0^|^0^|^ ^|^0^|0|0|0|^ ^|^ ^|^ ^|^ ^|^^|^00^|^^|0|0|^^|^ ^
^2026^|^01^|^527094^|^015^|^08^|^WA^|^4719^|^EBA^|^02^|^51^|^2^|^994^|^001^|^ A^|^512211^|^022^|^A^|^0^|^0^|^ ^|^0^|0|0|0|^ ^|^ ^|^ ^|^ ^|^^|^00^|^^|0|0|^^|^ ^
^2026^|^01^|^527094^|^015^|^08^|^WA^|^4719^|^EBA^|^02^|^51^|^2^|^005^|^100^|^ A^|^524111^|^022^|^A^|^0^|^0^|^ ^|^0^|0|0|0|^ ^|^ ^|^ ^|^ ^|^^|^00^|^^|0|0|^^|^ ^
^2026^|^01^|^527094^|^015^|^08^|^WA^|^4719^|^EBA^|^02^|^51^|^2^|^005^|^100^|^ A^|^524113^|^022^|^A^|^0^|^0^|^ ^|^0^|0|0|0|^ ^|^ ^|^ ^|^ ^|^^|^00^|^^|0|0|^^|^ ^
^2026^|^01^|^527094^|^015^|^08^|^WA^|^4719^|^EBA^|^02^|^51^|^2^|^005^|^100^|^ B^|^524111^|^022^|^A^|^0^|^0^|^ ^|^0^|0|0|0|^ ^|^ ^|^ ^|^ ^|^^|^00^|^^|0|0|^^|^ ^
^2026^|^01^|^527094^|^015^|^08^|^WA^|^4719^|^EBA^|^02^|^51^|^2^|^005^|^100^|^ B^|^524113^|^022^|^A^|^0^|^0^|^ ^|^0^|0|0|0|^ ^|^ ^|^ ^|^ ^|^^|^00^|^^|0|0|^^|^ ^
^2026^|^01^|^527094^|^015^|^08^|^WA^|^4719^|^EBC^|^02^|^51^|^2^|^001^|^100^|^XC^|^521211^|^022^|^A^|^0^|^0^|^ ^|^0^|0|0|0|^ ^|^ ^|^ ^|^ ^|^^|^00^|^^|0|0|^^|^ ^
^2026^|^01^|^527094^|^015^|^08^|^WA^|^4719^|^EBC^|^02^|^51^|^2^|^001^|^100^|^XC^|^522151^|^022^|^A^|^0^|^0^|^ ^|^0^|0|0|0|^ ^|^ ^|^ ^|^ ^|^^|^00^|^^|0|0|^^|^ ^
^2026^|^01^|^527094^|^015^|^08^|^WA^|^4719^|^EBC^|^02^|^51^|^2^|^001^|^100^|^XC^|^524113^|^022^|^A^|^0^|^0^|^ ^|^0^|0|0|0|^ ^|^ ^|^ ^|^ ^|^^|^00^|^^|0|0|^^|^ ^
^2026^|^01^|^527094^|^015^|^08^|^WA^|^4722^|^EBD^|^02^|^51^|^2^|^001^|^100^|^ A^|^521211^|^022^|^A^|^0^|^0^|^ ^|^0^|0|0|0|^ ^|^ ^|^ ^|^ ^|^^|^00^|^^|0|0|^^|^ ^
^2026^|^01^|^527094^|^015^|^08^|^WA^|^4722^|^EBD^|^02^|^51^|^2^|^001^|^100^|^ B^|^524111^|^022^|^A^|^0^|^0^|^ ^|^0^|0|0|0|^ ^|^ ^|^ ^|^ ^|^^|^00^|^^|0|0|^^|^ ^
^2026^|^01^|^527094^|^015^|^08^|^WA^|^4722^|^EBD^|^02^|^51^|^2^|^001^|^100^|^ B^|^524113^|^022^|^A^|^0^|^0^|^ ^|^0^|0|0|0|^ ^|^ ^|^ ^|^ ^|^^|^00^|^^|0|0|^^|^ ^
^2026^|^01^|^527137^|^015^|^08^|^CD^|^6212^|^BMB^|^02^|^52^|^2^|^001^|^100^|^ A^|^524111^|^023^|^A^|^0^|^0^|^ ^|^0^|0|0|0|^ ^|^ ^|^ ^|^ ^|^^|^00^|^^|0|0|^^|^ ^
^2026^|^01^|^527137^|^015^|^08^|^CD^|^6212^|^BMB^|^02^|^52^|^2^|^001^|^100^|^ A^|^524113^|^023^|^A^|^0^|^0^|^ ^|^0^|0|0|0|^ ^|^ ^|^ ^|^ ^|^^|^00^|^^|0|0|^^|^ ^
^2026^|^01^|^527137^|^015^|^08^|^CD^|^6212^|^FAC^|^02^|^52^|^2^|^001^|^100^|^ A^|^521211^|^023^|^A^|^0^|^0^|^ ^|^0^|0|0|0|^ ^|^ ^|^ ^|^ ^|^^|^00^|^^|0|0|^^|^ ^
^2026^|^01^|^527137^|^015^|^08^|^CD^|^6212^|^FAC^|^02^|^52^|^2^|^001^|^100^|^ B^|^521211^|^023^|^A^|^0^|^0^|^ ^|^0^|0|0|0|^ ^|^ ^|^ ^|^ ^|^^|^00^|^^|0|0|^^|^ ^
^2026^|^01^|^527137^|^015^|^08^|^CD^|^6212^|^FAH^|^02^|^52^|^2^|^001^|^100^|^ A^|^521211^|^023^|^A^|^0^|^0^|^ ^|^0^|0|0|0|^ ^|^ ^|^ ^|^ ^|^^|^00^|^^|0|0|^^|^ ^
^2026^|^01^|^527137^|^015^|^08^|^CD^|^6212^|^FAL^|^02^|^52^|^2^|^004^|^100^|^ A^|^521211^|^023^|^A^|^0^|^0^|^ ^|^0^|0|0|0|^ ^|^ ^|^ ^|^ ^|^^|^00^|^^|0|0|^^|^ ^
^2026^|^01^|^527137^|^015^|^08^|^CD^|^6212^|^FAL^|^02^|^52^|^2^|^004^|^100^|^ B^|^521211^|^023^|^A^|^0^|^0^|^ ^|^0^|0|0|0|^ ^|^ ^|^ ^|^ ^|^^|^00^|^^|0|0|^^|^ ^
^2026^|^01^|^527137^|^015^|^08^|^CD^|^6212^|^FAL^|^02^|^52^|^2^|^004^|^100^|^ D^|^524111^|^023^|^A^|^0^|^0^|^ ^|^0^|0|0|0|^ ^|^ ^|^ ^|^ ^|^^|^00^|^^|0|0|^^|^ ^
^2026^|^01^|^527137^|^015^|^08^|^CD^|^6212^|^FAL^|^02^|^52^|^2^|^004^|^100^|^ D^|^524113^|^023^|^A^|^0^|^0^|^ ^|^0^|0|0|0|^ ^|^ ^|^ ^|^ ^|^^|^00^|^^|0|0|^^|^ ^
^2026^|^01^|^527137^|^015^|^08^|^CD^|^6213^|^FAC^|^02^|^52^|^2^|^001^|^100^|^ A^|^521211^|^023^|^A^|^0^|^0^|^ ^|^0^|0|0|0|^ ^|^ ^|^ ^|^ ^|^^|^00^|^^|0|0|^^|^ ^
^2026^|^01^|^527137^|^015^|^08^|^CD^|^6213^|^FAE^|^02^|^52^|^2^|^009^|^100^|^ A^|^524111^|^023^|^A^|^0^|^0^|^ ^|^0^|0|0|0|^ ^|^ ^|^ ^|^ ^|^^|^00^|^^|0|0|^^|^ ^
^2026^|^01^|^527137^|^015^|^08^|^CD^|^6213^|^FAE^|^02^|^52^|^2^|^009^|^100^|^ A^|^524113^|^023^|^A^|^0^|^0^|^ ^|^0^|0|0|0|^ ^|^ ^|^ ^|^ ^|^^|^00^|^^|0|0|^^|^ ^
^2026^|^01^|^527137^|^015^|^08^|^CD^|^6213^|^FAL^|^02^|^52^|^2^|^003^|^100^|^ A^|^524111^|^023^|^A^|^0^|^0^|^ ^|^0^|0|0|0|^ ^|^ ^|^ ^|^ ^|^^|^00^|^^|0|0|^^|^ ^
^2026^|^01^|^527137^|^015^|^08^|^CD^|^6213^|^FAL^|^02^|^52^|^2^|^003^|^100^|^ A^|^524113^|^023^|^A^|^0^|^0^|^ ^|^0^|0|0|0|^ ^|^ ^|^ ^|^ ^|^^|^00^|^^|0|0|^^|^ ^
^2026^|^01^|^527137^|^015^|^08^|^CD^|^6214^|^FAL^|^02^|^52^|^2^|^002^|^100^|^ A^|^521211^|^023^|^A^|^0^|^0^|^ ^|^0^|0|0|0|^ ^|^ ^|^ ^|^ ^|^^|^00^|^^|0|0|^^|^ ^
^2026^|^01^|^527137^|^015^|^08^|^CD^|^6214^|^FAL^|^02^|^52^|^2^|^002^|^100^|^ B^|^521211^|^023^|^A^|^0^|^0^|^ ^|^0^|0|0|0|^ ^|^ ^|^ ^|^ ^|^^|^00^|^^|0|0|^^|^ ^
^2026^|^01^|^527137^|^015^|^08^|^CD^|^6215^|^FAH^|^02^|^52^|^2^|^003^|^100^|^ A^|^521211^|^023^|^A^|^0^|^0^|^ ^|^0^|0|0|0|^ ^|^ ^|^ ^|^ ^|^^|^00^|^^|0|0|^^|^ ^
^2026^|^01^|^527137^|^015^|^08^|^CD^|^6215^|^FAH^|^02^|^52^|^2^|^003^|^100^|^ B^|^524111^|^023^|^A^|^0^|^0^|^ ^|^0^|0|0|0|^ ^|^ ^|^ ^|^ ^|^^|^00^|^^|0|0|^^|^ ^
^2026^|^01^|^527137^|^015^|^08^|^WA^|^4715^|^EBA^|^02^|^52^|^2^|^001^|^100^|^ A^|^521811^|^023^|^A^|^0^|^0^|^ ^|^0^|0|0|0|^ ^|^ ^|^ ^|^ ^|^^|^00^|^^|0|0|^^|^ ^
^2026^|^01^|^527137^|^015^|^08^|^WA^|^4715^|^EBA^|^02^|^52^|^2^|^001^|^100^|^ B^|^522151^|^023^|^A^|^0^|^0^|^ ^|^0^|0|0|0|^ ^|^ ^|^ ^|^ ^|^^|^00^|^^|0|0|^^|^ ^
^2026^|^01^|^527137^|^015^|^08^|^WA^|^4715^|^EBA^|^02^|^52^|^2^|^001^|^100^|^ B^|^524111^|^023^|^A^|^0^|^0^|^ ^|^0^|0|0|0|^ ^|^ ^|^ ^|^ ^|^^|^00^|^^|0|0|^^|^ ^
^2026^|^01^|^527137^|^015^|^08^|^WA^|^4715^|^EBA^|^02^|^52^|^2^|^994^|^002^|^ A^|^521111^|^023^|^A^|^0^|^0^|^ ^|^0^|0|0|0|^ ^|^ ^|^ ^|^ ^|^^|^00^|^^|0|0|^^|^ ^
^2026^|^01^|^527137^|^015^|^08^|^WA^|^4715^|^EBA^|^02^|^52^|^2^|^994^|^002^|^ A^|^521119^|^023^|^A^|^0^|^0^|^ ^|^0^|0|0|0|^ ^|^ ^|^ ^|^ ^|^^|^00^|^^|0|0|^^|^ ^
^2026^|^01^|^527137^|^015^|^08^|^WA^|^4715^|^EBA^|^02^|^52^|^2^|^994^|^002^|^ A^|^521811^|^023^|^A^|^0^|^0^|^ ^|^0^|0|0|0|^ ^|^ ^|^ ^|^ ^|^^|^00^|^^|0|0|^^|^ ^
^2026^|^01^|^527137^|^015^|^08^|^WA^|^4715^|^EBA^|^02^|^52^|^2^|^994^|^002^|^ B^|^521114^|^023^|^A^|^0^|^0^|^ ^|^0^|0|0|0|^ ^|^ ^|^ ^|^ ^|^^|^00^|^^|0|0|^^|^ ^
^2026^|^01^|^527137^|^015^|^08^|^WA^|^4715^|^EBA^|^02^|^52^|^2^|^994^|^002^|^ B^|^522113^|^023^|^A^|^0^|^0^|^ ^|^0^|0|0|0|^ ^|^ ^|^ ^|^ ^|^^|^00^|^^|0|0|^^|^ ^
^2026^|^01^|^527137^|^015^|^08^|^WA^|^4715^|^EBA^|^02^|^52^|^2^|^994^|^002^|^ C^|^521113^|^023^|^A^|^0^|^0^|^ ^|^0^|0|0|0|^ ^|^ ^|^ ^|^ ^|^^|^00^|^^|0|0|^^|^ ^
^2026^|^01^|^527137^|^015^|^08^|^WA^|^4715^|^EBA^|^02^|^52^|^2^|^994^|^002^|^ C^|^521115^|^023^|^A^|^0^|^0^|^ ^|^0^|0|0|0|^ ^|^ ^|^ ^|^ ^|^^|^00^|^^|0|0|^^|^ ^
^2026^|^01^|^527137^|^015^|^08^|^WA^|^4715^|^EBA^|^02^|^52^|^2^|^994^|^002^|^ C^|^521119^|^023^|^A^|^0^|^0^|^ ^|^0^|0|0|0|^ ^|^ ^|^ ^|^ ^|^^|^00^|^^|0|0|^^|^ ^
^2026^|^01^|^527137^|^015^|^08^|^WA^|^4715^|^EBA^|^02^|^52^|^2^|^994^|^002^|^ D^|^523121^|^023^|^A^|^0^|^0^|^ ^|^0^|0|0|0|^ ^|^ ^|^ ^|^ ^|^^|^00^|^^|0|0|^^|^ ^
^2026^|^01^|^527137^|^015^|^08^|^WA^|^4715^|^EBA^|^02^|^52^|^2^|^994^|^002^|^ G^|^523111^|^023^|^A^|^0^|^0^|^ ^|^0^|0|0|0|^ ^|^ ^|^ ^|^ ^|^^|^00^|^^|0|0|^^|^ ^
^2026^|^01^|^527137^|^015^|^08^|^WA^|^4715^|^EBA^|^02^|^52^|^2^|^994^|^002^|^ G^|^523119^|^023^|^A^|^0^|^0^|^ ^|^0^|0|0|0|^ ^|^ ^|^ ^|^ ^|^^|^00^|^^|0|0|^^|^ ^
^2026^|^01^|^527137^|^015^|^08^|^WA^|^4715^|^EBA^|^02^|^52^|^2^|^002^|^100^|^ A^|^524111^|^023^|^A^|^0^|^0^|^ ^|^0^|0|0|0|^ ^|^ ^|^ ^|^ ^|^^|^00^|^^|0|0|^^|^ ^
^2026^|^01^|^527137^|^015^|^08^|^WA^|^4715^|^EBA^|^02^|^52^|^2^|^002^|^100^|^ A^|^524113^|^023^|^A^|^0^|^0^|^ ^|^0^|0|0|0|^ ^|^ ^|^ ^|^ ^|^^|^00^|^^|0|0|^^|^ ^
^2026^|^01^|^527137^|^015^|^08^|^WA^|^4715^|^EBB^|^02^|^52^|^2^|^004^|^100^|^GB^|^533121^|^023^|^A^|^0^|^0^|^ ^|^0^|0|0|0|^ ^|^ ^|^ ^|^ ^|^^|^00^|^^|0|0|^^|^ ^
^2026^|^01^|^527137^|^015^|^08^|^WA^|^4715^|^EBD^|^02^|^52^|^2^|^Z36^|^100^|^ B^|^524111^|^023^|^A^|^0^|^0^|^ ^|^0^|0|0|0|^ ^|^ ^|^ ^|^ ^|^^|^00^|^^|0|0|^^|^ ^
^2026^|^01^|^527137^|^015^|^08^|^WA^|^4718^|^BMB^|^02^|^52^|^2^|^002^|^100^|^ A^|^521219^|^023^|^A^|^0^|^0^|^ ^|^0^|0|0|0|^ ^|^ ^|^ ^|^ ^|^^|^00^|^^|0|0|^^|^ ^
^2026^|^01^|^527137^|^015^|^08^|^WA^|^4718^|^BMB^|^02^|^52^|^2^|^001^|^100^|^ A^|^521211^|^023^|^A^|^0^|^0^|^ ^|^0^|0|0|0|^ ^|^ ^|^ ^|^ ^|^^|^00^|^^|0|0|^^|^ ^
^2026^|^01^|^527137^|^015^|^08^|^WA^|^4719^|^EBA^|^02^|^52^|^2^|^994^|^001^|^ A^|^511129^|^023^|^A^|^0^|^0^|^ ^|^0^|0|0|0|^ ^|^ ^|^ ^|^ ^|^^|^00^|^^|0|0|^^|^ ^
^2026^|^01^|^527137^|^015^|^08^|^WA^|^4719^|^EBA^|^02^|^52^|^2^|^994^|^001^|^ A^|^512211^|^023^|^A^|^0^|^0^|^ ^|^0^|0|0|0|^ ^|^ ^|^ ^|^ ^|^^|^00^|^^|0|0|^^|^ ^
^2026^|^01^|^527137^|^015^|^08^|^WA^|^4719^|^EBA^|^02^|^52^|^2^|^004^|^100^|^ A^|^521211^|^023^|^A^|^0^|^0^|^ ^|^0^|0|0|0|^ ^|^ ^|^ ^|^ ^|^^|^00^|^^|0|0|^^|^ ^
^2026^|^01^|^527137^|^015^|^08^|^WA^|^4719^|^EBC^|^02^|^52^|^2^|^001^|^100^|^XC^|^521211^|^023^|^A^|^0^|^0^|^ ^|^0^|0|0|0|^ ^|^ ^|^ ^|^ ^|^^|^00^|^^|0|0|^^|^ ^
^2026^|^01^|^527137^|^015^|^08^|^WA^|^4719^|^EBC^|^02^|^52^|^2^|^001^|^100^|^XC^|^522151^|^023^|^A^|^0^|^0^|^ ^|^0^|0|0|0|^ ^|^ ^|^ ^|^ ^|^^|^00^|^^|0|0|^^|^ ^
^2026^|^01^|^527137^|^015^|^08^|^WA^|^4719^|^EBC^|^02^|^52^|^2^|^001^|^100^|^XC^|^524113^|^023^|^A^|^0^|^0^|^ ^|^0^|0|0|0|^ ^|^ ^|^ ^|^ ^|^^|^00^|^^|0|0|^^|^ ^
^2026^|^01^|^527162^|^015^|^08^|^CD^|^6212^|^BMB^|^29^|^01^|^2^|^001^|^100^|^ A^|^524111^|^020^|^A^|^0^|^0^|^ ^|^0^|0|0|0|^ ^|^ ^|^ ^|^ ^|^^|^00^|^^|0|0|^^|^ ^
^2026^|^01^|^527162^|^015^|^08^|^CD^|^6212^|^BMB^|^29^|^01^|^2^|^001^|^100^|^ A^|^524113^|^020^|^A^|^0^|^0^|^ ^|^0^|0|0|0|^ ^|^ ^|^ ^|^ ^|^^|^00^|^^|0|0|^^|^ ^
^2026^|^01^|^527162^|^015^|^08^|^CD^|^6212^|^FAC^|^29^|^01^|^2^|^001^|^100^|^ A^|^521211^|^020^|^A^|^0^|^0^|^ ^|^0^|0|0|0|^ ^|^ ^|^ ^|^ ^|^^|^00^|^^|0|0|^^|^ ^
^2026^|^01^|^527162^|^015^|^08^|^CD^|^6212^|^FAC^|^29^|^01^|^2^|^001^|^100^|^ B^|^521211^|^020^|^A^|^0^|^0^|^ ^|^0^|0|0|0|^ ^|^ ^|^ ^|^ ^|^^|^00^|^^|0|0|^^|^ ^
^2026^|^01^|^527162^|^015^|^08^|^CD^|^6212^|^FAH^|^29^|^01^|^2^|^001^|^100^|^ A^|^521211^|^020^|^A^|^0^|^0^|^ ^|^0^|0|0|0|^ ^|^ ^|^ ^|^ ^|^^|^00^|^^|0|0|^^|^ ^
^2026^|^01^|^527162^|^015^|^08^|^CD^|^6212^|^FAL^|^29^|^01^|^2^|^004^|^100^|^ A^|^521211^|^020^|^A^|^0^|^0^|^ ^|^0^|0|0|0|^ ^|^ ^|^ ^|^ ^|^^|^00^|^^|0|0|^^|^ ^
^2026^|^01^|^527162^|^015^|^08^|^CD^|^6212^|^FAL^|^29^|^01^|^2^|^004^|^100^|^ B^|^521211^|^020^|^A^|^0^|^0^|^ ^|^0^|0|0|0|^ ^|^ ^|^ ^|^ ^|^^|^00^|^^|0|0|^^|^ ^
^2026^|^01^|^527162^|^015^|^08^|^CD^|^6212^|^FAL^|^29^|^01^|^2^|^004^|^100^|^ D^|^524111^|^020^|^A^|^0^|^0^|^ ^|^0^|0|0|0|^ ^|^ ^|^ ^|^ ^|^^|^00^|^^|0|0|^^|^ ^
^2026^|^01^|^527162^|^015^|^08^|^CD^|^6212^|^FAL^|^29^|^01^|^2^|^004^|^100^|^ D^|^524113^|^020^|^A^|^0^|^0^|^ ^|^0^|0|0|0|^ ^|^ ^|^ ^|^ ^|^^|^00^|^^|0|0|^^|^ ^
^2026^|^01^|^527162^|^015^|^08^|^CD^|^6213^|^FAC^|^29^|^01^|^2^|^001^|^100^|^ A^|^521211^|^020^|^A^|^0^|^0^|^ ^|^0^|0|0|0|^ ^|^ ^|^ ^|^ ^|^^|^00^|^^|0|0|^^|^ ^
^2026^|^01^|^527162^|^015^|^08^|^CD^|^6213^|^FAE^|^29^|^01^|^2^|^009^|^100^|^ A^|^524111^|^020^|^A^|^0^|^0^|^ ^|^0^|0|0|0|^ ^|^ ^|^ ^|^ ^|^^|^00^|^^|0|0|^^|^ ^
^2026^|^01^|^527162^|^015^|^08^|^CD^|^6213^|^FAE^|^29^|^01^|^2^|^009^|^100^|^ A^|^524113^|^020^|^A^|^0^|^0^|^ ^|^0^|0|0|0|^ ^|^ ^|^ ^|^ ^|^^|^00^|^^|0|0|^^|^ ^
^2026^|^01^|^527162^|^015^|^08^|^CD^|^6213^|^FAL^|^29^|^01^|^2^|^003^|^100^|^ A^|^524111^|^020^|^A^|^0^|^0^|^ ^|^0^|0|0|0|^ ^|^ ^|^ ^|^ ^|^^|^00^|^^|0|0|^^|^ ^
^2026^|^01^|^527162^|^015^|^08^|^CD^|^6213^|^FAL^|^29^|^01^|^2^|^003^|^100^|^ A^|^524113^|^020^|^A^|^0^|^0^|^ ^|^0^|0|0|0|^ ^|^ ^|^ ^|^ ^|^^|^00^|^^|0|0|^^|^ ^
^2026^|^01^|^527162^|^015^|^08^|^CD^|^6214^|^FAL^|^29^|^01^|^2^|^002^|^100^|^ A^|^521211^|^020^|^A^|^0^|^0^|^ ^|^0^|0|0|0|^ ^|^ ^|^ ^|^ ^|^^|^00^|^^|0|0|^^|^ ^
^2026^|^01^|^527162^|^015^|^08^|^CD^|^6214^|^FAL^|^29^|^01^|^2^|^002^|^100^|^ B^|^521211^|^020^|^A^|^0^|^0^|^ ^|^0^|0|0|0|^ ^|^ ^|^ ^|^ ^|^^|^00^|^^|0|0|^^|^ ^
^2026^|^01^|^527162^|^015^|^08^|^CD^|^6215^|^FAH^|^29^|^01^|^2^|^003^|^100^|^ A^|^521211^|^020^|^A^|^0^|^0^|^ ^|^0^|0|0|0|^ ^|^ ^|^ ^|^ ^|^^|^00^|^^|0|0|^^|^ ^
^2026^|^01^|^527162^|^015^|^08^|^CD^|^6215^|^FAH^|^29^|^01^|^2^|^003^|^100^|^ B^|^524113^|^020^|^A^|^0^|^0^|^ ^|^0^|0|0|0|^ ^|^ ^|^ ^|^ ^|^^|^00^|^^|0|0|^^|^ ^
^2026^|^01^|^527162^|^015^|^08^|^WA^|^4715^|^EBA^|^29^|^01^|^2^|^001^|^100^|^ A^|^521811^|^020^|^A^|^0^|^0^|^ ^|^0^|0|0|0|^ ^|^ ^|^ ^|^ ^|^^|^00^|^^|0|0|^^|^ ^
^2026^|^01^|^527162^|^015^|^08^|^WA^|^4715^|^EBA^|^29^|^01^|^2^|^001^|^100^|^ B^|^522151^|^020^|^A^|^0^|^0^|^ ^|^0^|0|0|0|^ ^|^ ^|^ ^|^ ^|^^|^00^|^^|0|0|^^|^ ^
^2026^|^01^|^527162^|^015^|^08^|^WA^|^4715^|^EBA^|^29^|^01^|^2^|^001^|^100^|^ B^|^524113^|^020^|^A^|^0^|^0^|^ ^|^0^|0|0|0|^ ^|^ ^|^ ^|^ ^|^^|^00^|^^|0|0|^^|^ ^
^2026^|^01^|^527162^|^015^|^08^|^WA^|^4715^|^EBA^|^29^|^01^|^2^|^994^|^002^|^ A^|^521111^|^020^|^A^|^0^|^0^|^ ^|^0^|0|0|0|^ ^|^ ^|^ ^|^ ^|^^|^00^|^^|0|0|^^|^ ^
^2026^|^01^|^527162^|^015^|^08^|^WA^|^4715^|^EBA^|^29^|^01^|^2^|^994^|^002^|^ A^|^521119^|^020^|^A^|^0^|^0^|^ ^|^0^|0|0|0|^ ^|^ ^|^ ^|^ ^|^^|^00^|^^|0|0|^^|^ ^
^2026^|^01^|^527162^|^015^|^08^|^WA^|^4715^|^EBA^|^29^|^01^|^2^|^994^|^002^|^ A^|^521811^|^020^|^A^|^0^|^0^|^ ^|^0^|0|0|0|^ ^|^ ^|^ ^|^ ^|^^|^00^|^^|0|0|^^|^ ^
^2026^|^01^|^527162^|^015^|^08^|^WA^|^4715^|^EBA^|^29^|^01^|^2^|^994^|^002^|^ B^|^521114^|^020^|^A^|^0^|^0^|^ ^|^0^|0|0|0|^ ^|^ ^|^ ^|^ ^|^^|^00^|^^|0|0|^^|^ ^
^2026^|^01^|^527162^|^015^|^08^|^WA^|^4715^|^EBA^|^29^|^01^|^2^|^994^|^002^|^ C^|^521113^|^020^|^A^|^0^|^0^|^ ^|^0^|0|0|0|^ ^|^ ^|^ ^|^ ^|^^|^00^|^^|0|0|^^|^ ^
^2026^|^01^|^527162^|^015^|^08^|^WA^|^4715^|^EBA^|^29^|^01^|^2^|^994^|^002^|^ C^|^521115^|^020^|^A^|^0^|^0^|^ ^|^0^|0|0|0|^ ^|^ ^|^ ^|^ ^|^^|^00^|^^|0|0|^^|^ ^
^2026^|^01^|^527162^|^015^|^08^|^WA^|^4715^|^EBA^|^29^|^01^|^2^|^994^|^002^|^ C^|^521119^|^020^|^A^|^0^|^0^|^ ^|^0^|0|0|0|^ ^|^ ^|^ ^|^ ^|^^|^00^|^^|0|0|^^|^ ^
^2026^|^01^|^527162^|^015^|^08^|^WA^|^4715^|^EBA^|^29^|^01^|^2^|^994^|^002^|^ D^|^523121^|^020^|^A^|^0^|^0^|^ ^|^0^|0|0|0|^ ^|^ ^|^ ^|^ ^|^^|^00^|^^|0|0|^^|^ ^
^2026^|^01^|^527162^|^015^|^08^|^WA^|^4715^|^EBA^|^29^|^01^|^2^|^994^|^002^|^ G^|^523111^|^020^|^A^|^0^|^0^|^ ^|^0^|0|0|0|^ ^|^ ^|^ ^|^ ^|^^|^00^|^^|0|0|^^|^ ^
^2026^|^01^|^527162^|^015^|^08^|^WA^|^4715^|^EBA^|^29^|^01^|^2^|^994^|^002^|^TJ^|^523121^|^020^|^A^|^0^|^0^|^ ^|^0^|0|0|0|^ ^|^ ^|^ ^|^ ^|^^|^00^|^^|0|0|^^|^ ^
^2026^|^01^|^527162^|^015^|^08^|^WA^|^4715^|^EBA^|^29^|^01^|^2^|^002^|^100^|^ A^|^524111^|^020^|^A^|^0^|^0^|^ ^|^0^|0|0|0|^ ^|^ ^|^ ^|^ ^|^^|^00^|^^|0|0|^^|^ ^
^2026^|^01^|^527162^|^015^|^08^|^WA^|^4715^|^EBA^|^29^|^01^|^2^|^002^|^100^|^ A^|^524113^|^020^|^A^|^0^|^0^|^ ^|^0^|0|0|0|^ ^|^ ^|^ ^|^ ^|^^|^00^|^^|0|0|^^|^ ^
^2026^|^01^|^527162^|^015^|^08^|^WA^|^4715^|^EBB^|^29^|^01^|^2^|^002^|^100^|^ A^|^532111^|^020^|^A^|^0^|^0^|^ ^|^0^|0|0|0|^ ^|^ ^|^ ^|^ ^|^^|^00^|^^|0|0|^^|^ ^
^2026^|^01^|^527162^|^015^|^08^|^WA^|^4715^|^EBD^|^29^|^01^|^2^|^Z36^|^100^|^ B^|^524113^|^020^|^A^|^0^|^0^|^ ^|^0^|0|0|0|^ ^|^ ^|^ ^|^ ^|^^|^00^|^^|0|0|^^|^ ^
^2026^|^01^|^527162^|^015^|^08^|^WA^|^4718^|^BMB^|^29^|^01^|^2^|^002^|^100^|^ A^|^521219^|^020^|^A^|^0^|^0^|^ ^|^0^|0|0|0|^ ^|^ ^|^ ^|^ ^|^^|^00^|^^|0|0|^^|^ ^
^2026^|^01^|^527162^|^015^|^08^|^WA^|^4718^|^BMB^|^29^|^01^|^2^|^001^|^100^|^ A^|^521211^|^020^|^A^|^0^|^0^|^ ^|^0^|0|0|0|^ ^|^ ^|^ ^|^ ^|^^|^00^|^^|0|0|^^|^ ^
^2026^|^01^|^527162^|^015^|^08^|^WA^|^4719^|^EBA^|^29^|^01^|^2^|^994^|^001^|^ A^|^511129^|^020^|^A^|^0^|^0^|^ ^|^0^|0|0|0|^ ^|^ ^|^ ^|^ ^|^^|^00^|^^|0|0|^^|^ ^
^2026^|^01^|^527162^|^015^|^08^|^WA^|^4719^|^EBA^|^29^|^01^|^2^|^994^|^001^|^ A^|^512211^|^020^|^A^|^0^|^0^|^ ^|^0^|0|0|0|^ ^|^ ^|^ ^|^ ^|^^|^00^|^^|0|0|^^|^ ^
^2026^|^01^|^527162^|^015^|^08^|^WA^|^4719^|^EBA^|^29^|^01^|^2^|^004^|^100^|^ A^|^521211^|^020^|^A^|^0^|^0^|^ ^|^0^|0|0|0|^ ^|^ ^|^ ^|^ ^|^^|^00^|^^|0|0|^^|^ ^
^2026^|^01^|^527162^|^015^|^08^|^WA^|^4719^|^EBC^|^29^|^01^|^2^|^001^|^100^|^XC^|^521211^|^020^|^A^|^0^|^0^|^ ^|^0^|0|0|0|^ ^|^ ^|^ ^|^ ^|^^|^00^|^^|0|0|^^|^ ^
^2026^|^01^|^527162^|^015^|^08^|^WA^|^4719^|^EBC^|^29^|^01^|^2^|^001^|^100^|^XC^|^522151^|^020^|^A^|^0^|^0^|^ ^|^0^|0|0|0|^ ^|^ ^|^ ^|^ ^|^^|^00^|^^|0|0|^^|^ ^
^2026^|^01^|^527162^|^015^|^08^|^WA^|^4719^|^EBC^|^29^|^01^|^2^|^001^|^100^|^XC^|^524113^|^020^|^A^|^0^|^0^|^ ^|^0^|0|0|0|^ ^|^ ^|^ ^|^ ^|^^|^00^|^^|0|0|^^|^ ^
^2026^|^01^|^527158^|^015^|^08^|^CD^|^6212^|^BMB^|^02^|^10^|^2^|^001^|^100^|^ A^|^524111^|^021^|^A^|^0^|^0^|^ ^|^0^|0|0|0|^ ^|^ ^|^ ^|^ ^|^^|^00^|^^|0|0|^^|^ ^
^2026^|^01^|^527158^|^015^|^08^|^CD^|^6212^|^BMB^|^02^|^10^|^2^|^001^|^100^|^ A^|^524113^|^021^|^A^|^0^|^0^|^ ^|^0^|0|0|0|^ ^|^ ^|^ ^|^ ^|^^|^00^|^^|0|0|^^|^ ^
^2026^|^01^|^527158^|^015^|^08^|^CD^|^6212^|^FAC^|^02^|^10^|^2^|^001^|^100^|^ A^|^521211^|^021^|^A^|^0^|^0^|^ ^|^0^|0|0|0|^ ^|^ ^|^ ^|^ ^|^^|^00^|^^|0|0|^^|^ ^
^2026^|^01^|^527158^|^015^|^08^|^CD^|^6212^|^FAC^|^02^|^10^|^2^|^001^|^100^|^ B^|^521211^|^021^|^A^|^0^|^0^|^ ^|^0^|0|0|0|^ ^|^ ^|^ ^|^ ^|^^|^00^|^^|0|0|^^|^ ^
^2026^|^01^|^527158^|^015^|^08^|^CD^|^6212^|^FAH^|^02^|^10^|^2^|^001^|^100^|^ A^|^521211^|^021^|^A^|^0^|^0^|^ ^|^0^|0|0|0|^ ^|^ ^|^ ^|^ ^|^^|^00^|^^|0|0|^^|^ ^
^2026^|^01^|^527158^|^015^|^08^|^CD^|^6212^|^FAL^|^02^|^10^|^2^|^004^|^100^|^ A^|^521211^|^021^|^A^|^0^|^0^|^ ^|^0^|0|0|0|^ ^|^ ^|^ ^|^ ^|^^|^00^|^^|0|0|^^|^ ^
^2026^|^01^|^527158^|^015^|^08^|^CD^|^6212^|^FAL^|^02^|^10^|^2^|^004^|^100^|^ B^|^521211^|^021^|^A^|^0^|^0^|^ ^|^0^|0|0|0|^ ^|^ ^|^ ^|^ ^|^^|^00^|^^|0|0|^^|^ ^
^2026^|^01^|^527158^|^015^|^08^|^CD^|^6212^|^FAL^|^02^|^10^|^2^|^004^|^100^|^ D^|^524111^|^021^|^A^|^0^|^0^|^ ^|^0^|0|0|0|^ ^|^ ^|^ ^|^ ^|^^|^00^|^^|0|0|^^|^ ^
^2026^|^01^|^527158^|^015^|^08^|^CD^|^6212^|^FAL^|^02^|^10^|^2^|^004^|^100^|^ D^|^524113^|^021^|^A^|^0^|^0^|^ ^|^0^|0|0|0|^ ^|^ ^|^ ^|^ ^|^^|^00^|^^|0|0|^^|^ ^
^2026^|^01^|^527158^|^015^|^08^|^CD^|^6213^|^FAC^|^02^|^10^|^2^|^001^|^100^|^ A^|^521211^|^021^|^A^|^0^|^0^|^ ^|^0^|0|0|0|^ ^|^ ^|^ ^|^ ^|^^|^00^|^^|0|0|^^|^ ^
^2026^|^01^|^527158^|^015^|^08^|^CD^|^6213^|^FAE^|^02^|^10^|^2^|^009^|^100^|^ A^|^524111^|^021^|^A^|^0^|^0^|^ ^|^0^|0|0|0|^ ^|^ ^|^ ^|^ ^|^^|^00^|^^|0|0|^^|^ ^
^2026^|^01^|^527158^|^015^|^08^|^CD^|^6213^|^FAE^|^02^|^10^|^2^|^009^|^100^|^ A^|^524113^|^021^|^A^|^0^|^0^|^ ^|^0^|0|0|0|^ ^|^ ^|^ ^|^ ^|^^|^00^|^^|0|0|^^|^ ^
^2026^|^01^|^527158^|^015^|^08^|^CD^|^6213^|^FAL^|^02^|^10^|^2^|^003^|^100^|^ A^|^524111^|^021^|^A^|^0^|^0^|^ ^|^0^|0|0|0|^ ^|^ ^|^ ^|^ ^|^^|^00^|^^|0|0|^^|^ ^
^2026^|^01^|^527158^|^015^|^08^|^CD^|^6213^|^FAL^|^02^|^10^|^2^|^003^|^100^|^ A^|^524113^|^021^|^A^|^0^|^0^|^ ^|^0^|0|0|0|^ ^|^ ^|^ ^|^ ^|^^|^00^|^^|0|0|^^|^ ^
^2026^|^01^|^527158^|^015^|^08^|^CD^|^6214^|^FAL^|^02^|^10^|^2^|^002^|^100^|^ A^|^521211^|^021^|^A^|^0^|^0^|^ ^|^0^|0|0|0|^ ^|^ ^|^ ^|^ ^|^^|^00^|^^|0|0|^^|^ ^
^2026^|^01^|^527158^|^015^|^08^|^CD^|^6214^|^FAL^|^02^|^10^|^2^|^002^|^100^|^ B^|^521211^|^021^|^A^|^0^|^0^|^ ^|^0^|0|0|0|^ ^|^ ^|^ ^|^ ^|^^|^00^|^^|0|0|^^|^ ^
^2026^|^01^|^527158^|^015^|^08^|^CD^|^6215^|^FAH^|^02^|^10^|^2^|^003^|^100^|^ A^|^521211^|^021^|^A^|^0^|^0^|^ ^|^0^|0|0|0|^ ^|^ ^|^ ^|^ ^|^^|^00^|^^|0|0|^^|^ ^
^2026^|^01^|^527158^|^015^|^08^|^CD^|^6215^|^FAH^|^02^|^10^|^2^|^003^|^100^|^ B^|^524111^|^021^|^A^|^0^|^0^|^ ^|^0^|0|0|0|^ ^|^ ^|^ ^|^ ^|^^|^00^|^^|0|0|^^|^ ^
^2026^|^01^|^527158^|^015^|^08^|^WA^|^4715^|^EBA^|^02^|^10^|^2^|^001^|^100^|^ A^|^521811^|^021^|^A^|^0^|^0^|^ ^|^0^|0|0|0|^ ^|^ ^|^ ^|^ ^|^^|^00^|^^|0|0|^^|^ ^
^2026^|^01^|^527158^|^015^|^08^|^WA^|^4715^|^EBA^|^02^|^10^|^2^|^001^|^100^|^ B^|^522151^|^021^|^A^|^0^|^0^|^ ^|^0^|0|0|0|^ ^|^ ^|^ ^|^ ^|^^|^00^|^^|0|0|^^|^ ^
^2026^|^01^|^527158^|^015^|^08^|^WA^|^4715^|^EBA^|^02^|^10^|^2^|^001^|^100^|^ B^|^524111^|^021^|^A^|^0^|^0^|^ ^|^0^|0|0|0|^ ^|^ ^|^ ^|^ ^|^^|^00^|^^|0|0|^^|^ ^
^2026^|^01^|^527158^|^015^|^08^|^WA^|^4715^|^EBA^|^02^|^10^|^2^|^994^|^002^|^ A^|^521111^|^021^|^A^|^0^|^0^|^ ^|^0^|0|0|0|^ ^|^ ^|^ ^|^ ^|^^|^00^|^^|0|0|^^|^ ^
^2026^|^01^|^527158^|^015^|^08^|^WA^|^4715^|^EBA^|^02^|^10^|^2^|^994^|^002^|^ A^|^521119^|^021^|^A^|^0^|^0^|^ ^|^0^|0|0|0|^ ^|^ ^|^ ^|^ ^|^^|^00^|^^|0|0|^^|^ ^
^2026^|^01^|^527158^|^015^|^08^|^WA^|^4715^|^EBA^|^02^|^10^|^2^|^994^|^002^|^ B^|^521114^|^021^|^A^|^0^|^0^|^ ^|^0^|0|0|0|^ ^|^ ^|^ ^|^ ^|^^|^00^|^^|0|0|^^|^ ^
^2026^|^01^|^527158^|^015^|^08^|^WA^|^4715^|^EBA^|^02^|^10^|^2^|^994^|^002^|^ B^|^522113^|^021^|^A^|^0^|^0^|^ ^|^0^|0|0|0|^ ^|^ ^|^ ^|^ ^|^^|^00^|^^|0|0|^^|^ ^
^2026^|^01^|^527158^|^015^|^08^|^WA^|^4715^|^EBA^|^02^|^10^|^2^|^994^|^002^|^ B^|^522119^|^021^|^A^|^0^|^0^|^ ^|^0^|0|0|0|^ ^|^ ^|^ ^|^ ^|^^|^00^|^^|0|0|^^|^ ^
^2026^|^01^|^527158^|^015^|^08^|^WA^|^4715^|^EBA^|^02^|^10^|^2^|^994^|^002^|^ C^|^521113^|^021^|^A^|^0^|^0^|^ ^|^0^|0|0|0|^ ^|^ ^|^ ^|^ ^|^^|^00^|^^|0|0|^^|^ ^
^2026^|^01^|^527158^|^015^|^08^|^WA^|^4715^|^EBA^|^02^|^10^|^2^|^994^|^002^|^ C^|^521115^|^021^|^A^|^0^|^0^|^ ^|^0^|0|0|0|^ ^|^ ^|^ ^|^ ^|^^|^00^|^^|0|0|^^|^ ^
^2026^|^01^|^527158^|^015^|^08^|^WA^|^4715^|^EBA^|^02^|^10^|^2^|^994^|^002^|^ C^|^521119^|^021^|^A^|^0^|^0^|^ ^|^0^|0|0|0|^ ^|^ ^|^ ^|^ ^|^^|^00^|^^|0|0|^^|^ ^
^2026^|^01^|^527158^|^015^|^08^|^WA^|^4715^|^EBA^|^02^|^10^|^2^|^994^|^002^|^ D^|^523121^|^021^|^A^|^0^|^0^|^ ^|^0^|0|0|0|^ ^|^ ^|^ ^|^ ^|^^|^00^|^^|0|0|^^|^ ^
^2026^|^01^|^527158^|^015^|^08^|^WA^|^4715^|^EBA^|^02^|^10^|^2^|^994^|^002^|^ G^|^523111^|^021^|^A^|^0^|^0^|^ ^|^0^|0|0|0|^ ^|^ ^|^ ^|^ ^|^^|^00^|^^|0|0|^^|^ ^
^2026^|^01^|^527158^|^015^|^08^|^WA^|^4715^|^EBA^|^02^|^10^|^2^|^994^|^002^|^ G^|^523119^|^021^|^A^|^0^|^0^|^ ^|^0^|0|0|0|^ ^|^ ^|^ ^|^ ^|^^|^00^|^^|0|0|^^|^ ^
^2026^|^01^|^527158^|^015^|^08^|^WA^|^4715^|^EBA^|^02^|^10^|^2^|^994^|^002^|^TJ^|^523121^|^021^|^A^|^0^|^0^|^ ^|^0^|0|0|0|^ ^|^ ^|^ ^|^ ^|^^|^00^|^^|0|0|^^|^ ^
^2026^|^01^|^527158^|^015^|^08^|^WA^|^4715^|^EBA^|^02^|^10^|^2^|^002^|^100^|^ A^|^524111^|^021^|^A^|^0^|^0^|^ ^|^0^|0|0|0|^ ^|^ ^|^ ^|^ ^|^^|^00^|^^|0|0|^^|^ ^
^2026^|^01^|^527158^|^015^|^08^|^WA^|^4715^|^EBA^|^02^|^10^|^2^|^002^|^100^|^ A^|^524113^|^021^|^A^|^0^|^0^|^ ^|^0^|0|0|0|^ ^|^ ^|^ ^|^ ^|^^|^00^|^^|0|0|^^|^ ^
^2026^|^01^|^527158^|^015^|^08^|^WA^|^4715^|^EBD^|^02^|^10^|^2^|^Z36^|^100^|^ B^|^524111^|^021^|^A^|^0^|^0^|^ ^|^0^|0|0|0|^ ^|^ ^|^ ^|^ ^|^^|^00^|^^|0|0|^^|^ ^
^2026^|^01^|^527158^|^015^|^08^|^WA^|^4718^|^BMB^|^02^|^10^|^2^|^002^|^100^|^ A^|^521219^|^021^|^A^|^0^|^0^|^ ^|^0^|0|0|0|^ ^|^ ^|^ ^|^ ^|^^|^00^|^^|0|0|^^|^ ^
^2026^|^01^|^527158^|^015^|^08^|^WA^|^4718^|^BMB^|^02^|^10^|^2^|^001^|^100^|^ A^|^521211^|^021^|^A^|^0^|^0^|^ ^|^0^|0|0|0|^ ^|^ ^|^ ^|^ ^|^^|^00^|^^|0|0|^^|^ ^
^2026^|^01^|^527158^|^015^|^08^|^WA^|^4719^|^EBA^|^02^|^10^|^2^|^994^|^001^|^ A^|^511129^|^021^|^A^|^0^|^0^|^ ^|^0^|0|0|0|^ ^|^ ^|^ ^|^ ^|^^|^00^|^^|0|0|^^|^ ^
^2026^|^01^|^527158^|^015^|^08^|^WA^|^4719^|^EBA^|^02^|^10^|^2^|^994^|^001^|^ A^|^512211^|^021^|^A^|^0^|^0^|^ ^|^0^|0|0|0|^ ^|^ ^|^ ^|^ ^|^^|^00^|^^|0|0|^^|^ ^
^2026^|^01^|^527158^|^015^|^08^|^WA^|^4719^|^EBA^|^02^|^10^|^2^|^004^|^100^|^ A^|^521211^|^021^|^A^|^0^|^0^|^ ^|^0^|0|0|0|^ ^|^ ^|^ ^|^ ^|^^|^00^|^^|0|0|^^|^ ^
^2026^|^01^|^527158^|^015^|^08^|^WA^|^4719^|^EBC^|^02^|^10^|^2^|^001^|^100^|^XC^|^521211^|^021^|^A^|^0^|^0^|^ ^|^0^|0|0|0|^ ^|^ ^|^ ^|^ ^|^^|^00^|^^|0|0|^^|^ ^
^2026^|^01^|^527158^|^015^|^08^|^WA^|^4719^|^EBC^|^02^|^10^|^2^|^001^|^100^|^XC^|^522151^|^021^|^A^|^0^|^0^|^ ^|^0^|0|0|0|^ ^|^ ^|^ ^|^ ^|^^|^00^|^^|0|0|^^|^ ^
^2026^|^01^|^527158^|^015^|^08^|^WA^|^4719^|^EBC^|^02^|^10^|^2^|^001^|^100^|^XC^|^524113^|^021^|^A^|^0^|^0^|^ ^|^0^|0|0|0|^ ^|^ ^|^ ^|^ ^|^^|^00^|^^|0|0|^^|^ ^
^2026^|^01^|^527230^|^015^|^08^|^CD^|^6212^|^BMB^|^02^|^53^|^2^|^001^|^100^|^ A^|^524111^|^128^|^A^|^0^|^0^|^ ^|^0^|0|0|0|^ ^|^ ^|^ ^|^ ^|^^|^00^|^^|0|0|^^|^ ^
^2026^|^01^|^527230^|^015^|^08^|^CD^|^6212^|^BMB^|^02^|^53^|^2^|^001^|^100^|^ A^|^524113^|^128^|^A^|^0^|^0^|^ ^|^0^|0|0|0|^ ^|^ ^|^ ^|^ ^|^^|^00^|^^|0|0|^^|^ ^
^2026^|^01^|^527230^|^015^|^08^|^CD^|^6212^|^FAC^|^02^|^53^|^2^|^001^|^100^|^ A^|^521211^|^128^|^A^|^0^|^0^|^ ^|^0^|0|0|0|^ ^|^ ^|^ ^|^ ^|^^|^00^|^^|0|0|^^|^ ^
^2026^|^01^|^527230^|^015^|^08^|^CD^|^6212^|^FAC^|^02^|^53^|^2^|^001^|^100^|^ B^|^521211^|^128^|^A^|^0^|^0^|^ ^|^0^|0|0|0|^ ^|^ ^|^ ^|^ ^|^^|^00^|^^|0|0|^^|^ ^
^2026^|^01^|^527230^|^015^|^08^|^CD^|^6212^|^FAH^|^02^|^53^|^2^|^001^|^100^|^ A^|^521211^|^128^|^A^|^0^|^0^|^ ^|^0^|0|0|0|^ ^|^ ^|^ ^|^ ^|^^|^00^|^^|0|0|^^|^ ^
^2026^|^01^|^527230^|^015^|^08^|^CD^|^6212^|^FAL^|^02^|^53^|^2^|^004^|^100^|^ A^|^521211^|^128^|^A^|^0^|^0^|^ ^|^0^|0|0|0|^ ^|^ ^|^ ^|^ ^|^^|^00^|^^|0|0|^^|^ ^
^2026^|^01^|^527230^|^015^|^08^|^CD^|^6212^|^FAL^|^02^|^53^|^2^|^004^|^100^|^ B^|^521211^|^128^|^A^|^0^|^0^|^ ^|^0^|0|0|0|^ ^|^ ^|^ ^|^ ^|^^|^00^|^^|0|0|^^|^ ^
^2026^|^01^|^527230^|^015^|^08^|^CD^|^6212^|^FAL^|^02^|^53^|^2^|^004^|^100^|^ D^|^524111^|^128^|^A^|^0^|^0^|^ ^|^0^|0|0|0|^ ^|^ ^|^ ^|^ ^|^^|^00^|^^|0|0|^^|^ ^
^2026^|^01^|^527230^|^015^|^08^|^CD^|^6212^|^FAL^|^02^|^53^|^2^|^004^|^100^|^ D^|^524113^|^128^|^A^|^0^|^0^|^ ^|^0^|0|0|0|^ ^|^ ^|^ ^|^ ^|^^|^00^|^^|0|0|^^|^ ^
^2026^|^01^|^527230^|^015^|^08^|^CD^|^6213^|^FAC^|^02^|^53^|^2^|^001^|^100^|^ A^|^521211^|^128^|^A^|^0^|^0^|^ ^|^0^|0|0|0|^ ^|^ ^|^ ^|^ ^|^^|^00^|^^|0|0|^^|^ ^
^2026^|^01^|^527230^|^015^|^08^|^CD^|^6213^|^FAE^|^02^|^53^|^2^|^009^|^100^|^ A^|^524111^|^128^|^A^|^0^|^0^|^ ^|^0^|0|0|0|^ ^|^ ^|^ ^|^ ^|^^|^00^|^^|0|0|^^|^ ^
^2026^|^01^|^527230^|^015^|^08^|^CD^|^6213^|^FAE^|^02^|^53^|^2^|^009^|^100^|^ A^|^524113^|^128^|^A^|^0^|^0^|^ ^|^0^|0|0|0|^ ^|^ ^|^ ^|^ ^|^^|^00^|^^|0|0|^^|^ ^
^2026^|^01^|^527230^|^015^|^08^|^CD^|^6213^|^FAL^|^02^|^53^|^2^|^003^|^100^|^ A^|^524111^|^128^|^A^|^0^|^0^|^ ^|^0^|0|0|0|^ ^|^ ^|^ ^|^ ^|^^|^00^|^^|0|0|^^|^ ^
^2026^|^01^|^527230^|^015^|^08^|^CD^|^6213^|^FAL^|^02^|^53^|^2^|^003^|^100^|^ A^|^524113^|^128^|^A^|^0^|^0^|^ ^|^0^|0|0|0|^ ^|^ ^|^ ^|^ ^|^^|^00^|^^|0|0|^^|^ ^
^2026^|^01^|^527230^|^015^|^08^|^CD^|^6214^|^FAL^|^02^|^53^|^2^|^002^|^100^|^ A^|^521211^|^128^|^A^|^0^|^0^|^ ^|^0^|0|0|0|^ ^|^ ^|^ ^|^ ^|^^|^00^|^^|0|0|^^|^ ^
^2026^|^01^|^527230^|^015^|^08^|^CD^|^6214^|^FAL^|^02^|^53^|^2^|^002^|^100^|^ B^|^521211^|^128^|^A^|^0^|^0^|^ ^|^0^|0|0|0|^ ^|^ ^|^ ^|^ ^|^^|^00^|^^|0|0|^^|^ ^
^2026^|^01^|^527230^|^015^|^08^|^CD^|^6215^|^FAH^|^02^|^53^|^2^|^003^|^100^|^ A^|^521211^|^128^|^A^|^0^|^0^|^ ^|^0^|0|0|0|^ ^|^ ^|^ ^|^ ^|^^|^00^|^^|0|0|^^|^ ^
^2026^|^01^|^527230^|^015^|^08^|^CD^|^6215^|^FAH^|^02^|^53^|^2^|^003^|^100^|^ B^|^524111^|^128^|^A^|^0^|^0^|^ ^|^0^|0|0|0|^ ^|^ ^|^ ^|^ ^|^^|^00^|^^|0|0|^^|^ ^
^2026^|^01^|^527230^|^015^|^08^|^WA^|^4715^|^EBA^|^02^|^53^|^2^|^002^|^100^|^ A^|^524111^|^128^|^A^|^0^|^0^|^ ^|^0^|0|0|0|^ ^|^ ^|^ ^|^ ^|^^|^00^|^^|0|0|^^|^ ^
^2026^|^01^|^527230^|^015^|^08^|^WA^|^4715^|^EBA^|^02^|^53^|^2^|^002^|^100^|^ A^|^524113^|^128^|^A^|^0^|^0^|^ ^|^0^|0|0|0|^ ^|^ ^|^ ^|^ ^|^^|^00^|^^|0|0|^^|^ ^
^2026^|^01^|^527230^|^015^|^08^|^WA^|^4715^|^EBA^|^02^|^53^|^2^|^001^|^100^|^ A^|^521811^|^128^|^A^|^0^|^0^|^ ^|^0^|0|0|0|^ ^|^ ^|^ ^|^ ^|^^|^00^|^^|0|0|^^|^ ^
^2026^|^01^|^527230^|^015^|^08^|^WA^|^4715^|^EBA^|^02^|^53^|^2^|^001^|^100^|^ B^|^522151^|^128^|^A^|^0^|^0^|^ ^|^0^|0|0|0|^ ^|^ ^|^ ^|^ ^|^^|^00^|^^|0|0|^^|^ ^
^2026^|^01^|^527230^|^015^|^08^|^WA^|^4715^|^EBA^|^02^|^53^|^2^|^001^|^100^|^ B^|^524111^|^128^|^A^|^0^|^0^|^ ^|^0^|0|0|0|^ ^|^ ^|^ ^|^ ^|^^|^00^|^^|0|0|^^|^ ^
^2026^|^01^|^527230^|^015^|^08^|^WA^|^4715^|^EBA^|^02^|^53^|^2^|^994^|^002^|^ A^|^521111^|^128^|^A^|^0^|^0^|^ ^|^0^|0|0|0|^ ^|^ ^|^ ^|^ ^|^^|^00^|^^|0|0|^^|^ ^
^2026^|^01^|^527230^|^015^|^08^|^WA^|^4715^|^EBA^|^02^|^53^|^2^|^994^|^002^|^ A^|^521119^|^128^|^A^|^0^|^0^|^ ^|^0^|0|0|0|^ ^|^ ^|^ ^|^ ^|^^|^00^|^^|0|0|^^|^ ^
^2026^|^01^|^527230^|^015^|^08^|^WA^|^4715^|^EBA^|^02^|^53^|^2^|^994^|^002^|^ A^|^521811^|^128^|^A^|^0^|^0^|^ ^|^0^|0|0|0|^ ^|^ ^|^ ^|^ ^|^^|^00^|^^|0|0|^^|^ ^
^2026^|^01^|^527230^|^015^|^08^|^WA^|^4715^|^EBA^|^02^|^53^|^2^|^994^|^002^|^ B^|^521114^|^128^|^A^|^0^|^0^|^ ^|^0^|0|0|0|^ ^|^ ^|^ ^|^ ^|^^|^00^|^^|0|0|^^|^ ^
^2026^|^01^|^527230^|^015^|^08^|^WA^|^4715^|^EBA^|^02^|^53^|^2^|^994^|^002^|^ B^|^522113^|^128^|^A^|^0^|^0^|^ ^|^0^|0|0|0|^ ^|^ ^|^ ^|^ ^|^^|^00^|^^|0|0|^^|^ ^
^2026^|^01^|^527230^|^015^|^08^|^WA^|^4715^|^EBA^|^02^|^53^|^2^|^994^|^002^|^ C^|^521113^|^128^|^A^|^0^|^0^|^ ^|^0^|0|0|0|^ ^|^ ^|^ ^|^ ^|^^|^00^|^^|0|0|^^|^ ^
^2026^|^01^|^527230^|^015^|^08^|^WA^|^4715^|^EBA^|^02^|^53^|^2^|^994^|^002^|^ C^|^521115^|^128^|^A^|^0^|^0^|^ ^|^0^|0|0|0|^ ^|^ ^|^ ^|^ ^|^^|^00^|^^|0|0|^^|^ ^
^2026^|^01^|^527230^|^015^|^08^|^WA^|^4715^|^EBA^|^02^|^53^|^2^|^994^|^002^|^ C^|^521119^|^128^|^A^|^0^|^0^|^ ^|^0^|0|0|0|^ ^|^ ^|^ ^|^ ^|^^|^00^|^^|0|0|^^|^ ^
^2026^|^01^|^527230^|^015^|^08^|^WA^|^4715^|^EBA^|^02^|^53^|^2^|^994^|^002^|^ D^|^523121^|^128^|^A^|^0^|^0^|^ ^|^0^|0|0|0|^ ^|^ ^|^ ^|^ ^|^^|^00^|^^|0|0|^^|^ ^
^2026^|^01^|^527230^|^015^|^08^|^WA^|^4715^|^EBA^|^02^|^53^|^2^|^994^|^002^|^ G^|^523111^|^128^|^A^|^0^|^0^|^ ^|^0^|0|0|0|^ ^|^ ^|^ ^|^ ^|^^|^00^|^^|0|0|^^|^ ^
^2026^|^01^|^527230^|^015^|^08^|^WA^|^4715^|^EBA^|^02^|^53^|^2^|^994^|^002^|^ G^|^523119^|^128^|^A^|^0^|^0^|^ ^|^0^|0|0|0|^ ^|^ ^|^ ^|^ ^|^^|^00^|^^|0|0|^^|^ ^
^2026^|^01^|^527230^|^015^|^08^|^WA^|^4715^|^EBA^|^02^|^53^|^2^|^994^|^002^|^TJ^|^523121^|^128^|^A^|^0^|^0^|^ ^|^0^|0|0|0|^ ^|^ ^|^ ^|^ ^|^^|^00^|^^|0|0|^^|^ ^
^2026^|^01^|^527230^|^015^|^08^|^WA^|^4715^|^EBD^|^02^|^53^|^2^|^Z36^|^100^|^ B^|^524111^|^128^|^A^|^0^|^0^|^ ^|^0^|0|0|0|^ ^|^ ^|^ ^|^ ^|^^|^00^|^^|0|0|^^|^ ^
^2026^|^01^|^527230^|^015^|^08^|^WA^|^4718^|^BMB^|^02^|^53^|^2^|^002^|^100^|^ A^|^521219^|^128^|^A^|^0^|^0^|^ ^|^0^|0|0|0|^ ^|^ ^|^ ^|^ ^|^^|^00^|^^|0|0|^^|^ ^
^2026^|^01^|^527230^|^015^|^08^|^WA^|^4718^|^BMB^|^02^|^53^|^2^|^001^|^100^|^ A^|^521211^|^128^|^A^|^0^|^0^|^ ^|^0^|0|0|0|^ ^|^ ^|^ ^|^ ^|^^|^00^|^^|0|0|^^|^ ^
^2026^|^01^|^527230^|^015^|^08^|^WA^|^4719^|^EBA^|^02^|^53^|^2^|^994^|^001^|^ A^|^511129^|^128^|^A^|^0^|^0^|^ ^|^0^|0|0|0|^ ^|^ ^|^ ^|^ ^|^^|^00^|^^|0|0|^^|^ ^
^2026^|^01^|^527230^|^015^|^08^|^WA^|^4719^|^EBA^|^02^|^53^|^2^|^994^|^001^|^ A^|^512211^|^128^|^A^|^0^|^0^|^ ^|^0^|0|0|0|^ ^|^ ^|^ ^|^ ^|^^|^00^|^^|0|0|^^|^ ^
^2026^|^01^|^527230^|^015^|^08^|^WA^|^4719^|^EBA^|^02^|^53^|^2^|^004^|^100^|^ A^|^521211^|^128^|^A^|^0^|^0^|^ ^|^0^|0|0|0|^ ^|^ ^|^ ^|^ ^|^^|^00^|^^|0|0|^^|^ ^
^2026^|^01^|^527230^|^015^|^08^|^WA^|^4719^|^EBC^|^02^|^53^|^2^|^001^|^100^|^XC^|^521211^|^128^|^A^|^0^|^0^|^ ^|^0^|0|0|0|^ ^|^ ^|^ ^|^ ^|^^|^00^|^^|0|0|^^|^ ^
^2026^|^01^|^527230^|^015^|^08^|^WA^|^4719^|^EBC^|^02^|^53^|^2^|^001^|^100^|^XC^|^522151^|^128^|^A^|^0^|^0^|^ ^|^0^|0|0|0|^ ^|^ ^|^ ^|^ ^|^^|^00^|^^|0|0|^^|^ ^
^2026^|^01^|^527230^|^015^|^08^|^WA^|^4719^|^EBC^|^02^|^53^|^2^|^001^|^100^|^XC^|^524113^|^128^|^A^|^0^|^0^|^ ^|^0^|0|0|0|^ ^|^ ^|^ ^|^ ^|^^|^00^|^^|0|0|^^|^ ^
^2026^|^01^|^527205^|^015^|^08^|^CD^|^6212^|^BMB^|^02^|^14^|^2^|^001^|^100^|^ A^|^524113^|^096^|^A^|^0^|^0^|^ ^|^0^|0|0|0|^ ^|^ ^|^ ^|^ ^|^^|^00^|^^|0|0|^^|^ ^
^2026^|^01^|^527205^|^015^|^08^|^CD^|^6212^|^FAC^|^02^|^14^|^2^|^001^|^100^|^ A^|^521211^|^096^|^A^|^0^|^0^|^ ^|^0^|0|0|0|^ ^|^ ^|^ ^|^ ^|^^|^00^|^^|0|0|^^|^ ^
^2026^|^01^|^527205^|^015^|^08^|^CD^|^6212^|^FAC^|^02^|^14^|^2^|^001^|^100^|^ B^|^521211^|^096^|^A^|^0^|^0^|^ ^|^0^|0|0|0|^ ^|^ ^|^ ^|^ ^|^^|^00^|^^|0|0|^^|^ ^
^2026^|^01^|^527205^|^015^|^08^|^CD^|^6212^|^FAH^|^02^|^14^|^2^|^001^|^100^|^ A^|^521211^|^096^|^A^|^0^|^0^|^ ^|^0^|0|0|0|^ ^|^ ^|^ ^|^ ^|^^|^00^|^^|0|0|^^|^ ^
^2026^|^01^|^527205^|^015^|^08^|^CD^|^6212^|^FAL^|^02^|^14^|^2^|^004^|^100^|^ A^|^521211^|^096^|^A^|^0^|^0^|^ ^|^0^|0|0|0|^ ^|^ ^|^ ^|^ ^|^^|^00^|^^|0|0|^^|^ ^
^2026^|^01^|^527205^|^015^|^08^|^CD^|^6212^|^FAL^|^02^|^14^|^2^|^004^|^100^|^ B^|^521211^|^096^|^A^|^0^|^0^|^ ^|^0^|0|0|0|^ ^|^ ^|^ ^|^ ^|^^|^00^|^^|0|0|^^|^ ^
^2026^|^01^|^527205^|^015^|^08^|^CD^|^6212^|^FAL^|^02^|^14^|^2^|^004^|^100^|^ D^|^524113^|^096^|^A^|^0^|^0^|^ ^|^0^|0|0|0|^ ^|^ ^|^ ^|^ ^|^^|^00^|^^|0|0|^^|^ ^
^2026^|^01^|^527205^|^015^|^08^|^CD^|^6213^|^FAC^|^02^|^14^|^2^|^001^|^100^|^ A^|^521211^|^096^|^A^|^0^|^0^|^ ^|^0^|0|0|0|^ ^|^ ^|^ ^|^ ^|^^|^00^|^^|0|0|^^|^ ^
^2026^|^01^|^527205^|^015^|^08^|^CD^|^6213^|^FAE^|^02^|^14^|^2^|^009^|^100^|^ A^|^524113^|^096^|^A^|^0^|^0^|^ ^|^0^|0|0|0|^ ^|^ ^|^ ^|^ ^|^^|^00^|^^|0|0|^^|^ ^
^2026^|^01^|^527205^|^015^|^08^|^CD^|^6213^|^FAL^|^02^|^14^|^2^|^003^|^100^|^ A^|^524113^|^096^|^A^|^0^|^0^|^ ^|^0^|0|0|0|^ ^|^ ^|^ ^|^ ^|^^|^00^|^^|0|0|^^|^ ^
^2026^|^01^|^527205^|^015^|^08^|^CD^|^6214^|^FAL^|^02^|^14^|^2^|^002^|^100^|^ A^|^521211^|^096^|^A^|^0^|^0^|^ ^|^0^|0|0|0|^ ^|^ ^|^ ^|^ ^|^^|^00^|^^|0|0|^^|^ ^
^2026^|^01^|^527205^|^015^|^08^|^CD^|^6214^|^FAL^|^02^|^14^|^2^|^002^|^100^|^ B^|^521211^|^096^|^A^|^0^|^0^|^ ^|^0^|0|0|0|^ ^|^ ^|^ ^|^ ^|^^|^00^|^^|0|0|^^|^ ^
^2026^|^01^|^527205^|^015^|^08^|^CD^|^6215^|^FAH^|^02^|^14^|^2^|^003^|^100^|^ A^|^521211^|^096^|^A^|^0^|^0^|^ ^|^0^|0|0|0|^ ^|^ ^|^ ^|^ ^|^^|^00^|^^|0|0|^^|^ ^
^2026^|^01^|^527205^|^015^|^08^|^CD^|^6215^|^FAH^|^02^|^14^|^2^|^003^|^100^|^ B^|^524111^|^096^|^A^|^0^|^0^|^ ^|^0^|0|0|0|^ ^|^ ^|^ ^|^ ^|^^|^00^|^^|0|0|^^|^ ^
^2026^|^01^|^527205^|^015^|^08^|^WA^|^4715^|^EBA^|^02^|^14^|^2^|^001^|^100^|^ A^|^521811^|^096^|^A^|^0^|^0^|^ ^|^0^|0|0|0|^ ^|^ ^|^ ^|^ ^|^^|^00^|^^|0|0|^^|^ ^
^2026^|^01^|^527205^|^015^|^08^|^WA^|^4715^|^EBA^|^02^|^14^|^2^|^001^|^100^|^ B^|^522151^|^096^|^A^|^0^|^0^|^ ^|^0^|0|0|0|^ ^|^ ^|^ ^|^ ^|^^|^00^|^^|0|0|^^|^ ^
^2026^|^01^|^527205^|^015^|^08^|^WA^|^4715^|^EBA^|^02^|^14^|^2^|^001^|^100^|^ B^|^524111^|^096^|^A^|^0^|^0^|^ ^|^0^|0|0|0|^ ^|^ ^|^ ^|^ ^|^^|^00^|^^|0|0|^^|^ ^
^2026^|^01^|^527205^|^015^|^08^|^WA^|^4715^|^EBA^|^02^|^14^|^2^|^994^|^002^|^ A^|^521111^|^096^|^A^|^0^|^0^|^ ^|^0^|0|0|0|^ ^|^ ^|^ ^|^ ^|^^|^00^|^^|0|0|^^|^ ^
^2026^|^01^|^527205^|^015^|^08^|^WA^|^4715^|^EBA^|^02^|^14^|^2^|^994^|^002^|^ A^|^521119^|^096^|^A^|^0^|^0^|^ ^|^0^|0|0|0|^ ^|^ ^|^ ^|^ ^|^^|^00^|^^|0|0|^^|^ ^
^2026^|^01^|^527205^|^015^|^08^|^WA^|^4715^|^EBA^|^02^|^14^|^2^|^994^|^002^|^ A^|^521811^|^096^|^A^|^0^|^0^|^ ^|^0^|0|0|0|^ ^|^ ^|^ ^|^ ^|^^|^00^|^^|0|0|^^|^ ^
^2026^|^01^|^527205^|^015^|^08^|^WA^|^4715^|^EBA^|^02^|^14^|^2^|^994^|^002^|^ B^|^521114^|^096^|^A^|^0^|^0^|^ ^|^0^|0|0|0|^ ^|^ ^|^ ^|^ ^|^^|^00^|^^|0|0|^^|^ ^
^2026^|^01^|^527205^|^015^|^08^|^WA^|^4715^|^EBA^|^02^|^14^|^2^|^994^|^002^|^ B^|^522113^|^096^|^A^|^0^|^0^|^ ^|^0^|0|0|0|^ ^|^ ^|^ ^|^ ^|^^|^00^|^^|0|0|^^|^ ^
^2026^|^01^|^527205^|^015^|^08^|^WA^|^4715^|^EBA^|^02^|^14^|^2^|^994^|^002^|^ C^|^521113^|^096^|^A^|^0^|^0^|^ ^|^0^|0|0|0|^ ^|^ ^|^ ^|^ ^|^^|^00^|^^|0|0|^^|^ ^
^2026^|^01^|^527205^|^015^|^08^|^WA^|^4715^|^EBA^|^02^|^14^|^2^|^994^|^002^|^ C^|^521115^|^096^|^A^|^0^|^0^|^ ^|^0^|0|0|0|^ ^|^ ^|^ ^|^ ^|^^|^00^|^^|0|0|^^|^ ^
^2026^|^01^|^527205^|^015^|^08^|^WA^|^4715^|^EBA^|^02^|^14^|^2^|^994^|^002^|^ C^|^521119^|^096^|^A^|^0^|^0^|^ ^|^0^|0|0|0|^ ^|^ ^|^ ^|^ ^|^^|^00^|^^|0|0|^^|^ ^
^2026^|^01^|^527205^|^015^|^08^|^WA^|^4715^|^EBA^|^02^|^14^|^2^|^994^|^002^|^ D^|^523121^|^096^|^A^|^0^|^0^|^ ^|^0^|0|0|0|^ ^|^ ^|^ ^|^ ^|^^|^00^|^^|0|0|^^|^ ^
^2026^|^01^|^527205^|^015^|^08^|^WA^|^4715^|^EBA^|^02^|^14^|^2^|^994^|^002^|^ G^|^523111^|^096^|^A^|^0^|^0^|^ ^|^0^|0|0|0|^ ^|^ ^|^ ^|^ ^|^^|^00^|^^|0|0|^^|^ ^
^2026^|^01^|^527205^|^015^|^08^|^WA^|^4715^|^EBA^|^02^|^14^|^2^|^994^|^002^|^ G^|^523119^|^096^|^A^|^0^|^0^|^ ^|^0^|0|0|0|^ ^|^ ^|^ ^|^ ^|^^|^00^|^^|0|0|^^|^ ^
^2026^|^01^|^527205^|^015^|^08^|^WA^|^4715^|^EBA^|^02^|^14^|^2^|^994^|^002^|^TJ^|^523121^|^096^|^A^|^0^|^0^|^ ^|^0^|0|0|0|^ ^|^ ^|^ ^|^ ^|^^|^00^|^^|0|0|^^|^ ^
^2026^|^01^|^527205^|^015^|^08^|^WA^|^4715^|^EBA^|^02^|^14^|^2^|^002^|^100^|^ A^|^524111^|^096^|^A^|^0^|^0^|^ ^|^0^|0|0|0|^ ^|^ ^|^ ^|^ ^|^^|^00^|^^|0|0|^^|^ ^
^2026^|^01^|^527205^|^015^|^08^|^WA^|^4715^|^EBA^|^02^|^14^|^2^|^002^|^100^|^ A^|^524113^|^096^|^A^|^0^|^0^|^ ^|^0^|0|0|0|^ ^|^ ^|^ ^|^ ^|^^|^00^|^^|0|0|^^|^ ^
^2026^|^01^|^527205^|^015^|^08^|^WA^|^4715^|^EBD^|^02^|^14^|^2^|^Z36^|^100^|^ B^|^524111^|^096^|^A^|^0^|^0^|^ ^|^0^|0|0|0|^ ^|^ ^|^ ^|^ ^|^^|^00^|^^|0|0|^^|^ ^
^2026^|^01^|^527205^|^015^|^08^|^WA^|^4718^|^BMB^|^02^|^14^|^2^|^002^|^100^|^ A^|^521219^|^096^|^A^|^0^|^0^|^ ^|^0^|0|0|0|^ ^|^ ^|^ ^|^ ^|^^|^00^|^^|0|0|^^|^ ^
^2026^|^01^|^527205^|^015^|^08^|^WA^|^4718^|^BMB^|^02^|^14^|^2^|^001^|^100^|^ A^|^521211^|^096^|^A^|^0^|^0^|^ ^|^0^|0|0|0|^ ^|^ ^|^ ^|^ ^|^^|^00^|^^|0|0|^^|^ ^
^2026^|^01^|^527205^|^015^|^08^|^WA^|^4719^|^EBA^|^02^|^14^|^2^|^994^|^001^|^ A^|^511129^|^096^|^A^|^0^|^0^|^ ^|^0^|0|0|0|^ ^|^ ^|^ ^|^ ^|^^|^00^|^^|0|0|^^|^ ^
^2026^|^01^|^527205^|^015^|^08^|^WA^|^4719^|^EBA^|^02^|^14^|^2^|^994^|^001^|^ A^|^512211^|^096^|^A^|^0^|^0^|^ ^|^0^|0|0|0|^ ^|^ ^|^ ^|^ ^|^^|^00^|^^|0|0|^^|^ ^
^2026^|^01^|^527205^|^015^|^08^|^WA^|^4719^|^EBA^|^02^|^14^|^2^|^004^|^100^|^ A^|^521211^|^096^|^A^|^0^|^0^|^ ^|^0^|0|0|0|^ ^|^ ^|^ ^|^ ^|^^|^00^|^^|0|0|^^|^ ^
^2026^|^01^|^527205^|^015^|^08^|^WA^|^4719^|^EBC^|^02^|^14^|^2^|^001^|^100^|^XC^|^521211^|^096^|^A^|^0^|^0^|^ ^|^0^|0|0|0|^ ^|^ ^|^ ^|^ ^|^^|^00^|^^|0|0|^^|^ ^
^2026^|^01^|^527205^|^015^|^08^|^WA^|^4719^|^EBC^|^02^|^14^|^2^|^001^|^100^|^XC^|^522151^|^096^|^A^|^0^|^0^|^ ^|^0^|0|0|0|^ ^|^ ^|^ ^|^ ^|^^|^00^|^^|0|0|^^|^ ^
^2026^|^01^|^527205^|^015^|^08^|^WA^|^4719^|^EBC^|^02^|^14^|^2^|^001^|^100^|^XC^|^524113^|^096^|^A^|^0^|^0^|^ ^|^0^|0|0|0|^ ^|^ ^|^ ^|^ ^|^^|^00^|^^|0|0|^^|^ ^
^2026^|^01^|^527183^|^015^|^08^|^CD^|^6212^|^BMB^|^02^|^09^|^2^|^001^|^100^|^ A^|^524113^|^086^|^A^|^0^|^0^|^ ^|^0^|0|0|0|^ ^|^ ^|^ ^|^ ^|^^|^00^|^^|0|0|^^|^ ^
^2026^|^01^|^527183^|^015^|^08^|^CD^|^6212^|^FAC^|^02^|^09^|^2^|^001^|^100^|^ A^|^521211^|^086^|^A^|^0^|^0^|^ ^|^0^|0|0|0|^ ^|^ ^|^ ^|^ ^|^^|^00^|^^|0|0|^^|^ ^
^2026^|^01^|^527183^|^015^|^08^|^CD^|^6212^|^FAC^|^02^|^09^|^2^|^001^|^100^|^ B^|^521211^|^086^|^A^|^0^|^0^|^ ^|^0^|0|0|0|^ ^|^ ^|^ ^|^ ^|^^|^00^|^^|0|0|^^|^ ^
^2026^|^01^|^527183^|^015^|^08^|^CD^|^6212^|^FAH^|^02^|^09^|^2^|^001^|^100^|^ A^|^521211^|^086^|^A^|^0^|^0^|^ ^|^0^|0|0|0|^ ^|^ ^|^ ^|^ ^|^^|^00^|^^|0|0|^^|^ ^
^2026^|^01^|^527183^|^015^|^08^|^CD^|^6212^|^FAL^|^02^|^09^|^2^|^004^|^100^|^ A^|^521211^|^086^|^A^|^0^|^0^|^ ^|^0^|0|0|0|^ ^|^ ^|^ ^|^ ^|^^|^00^|^^|0|0|^^|^ ^
^2026^|^01^|^527183^|^015^|^08^|^CD^|^6212^|^FAL^|^02^|^09^|^2^|^004^|^100^|^ B^|^521211^|^086^|^A^|^0^|^0^|^ ^|^0^|0|0|0|^ ^|^ ^|^ ^|^ ^|^^|^00^|^^|0|0|^^|^ ^
^2026^|^01^|^527183^|^015^|^08^|^CD^|^6212^|^FAL^|^02^|^09^|^2^|^004^|^100^|^ D^|^524113^|^086^|^A^|^0^|^0^|^ ^|^0^|0|0|0|^ ^|^ ^|^ ^|^ ^|^^|^00^|^^|0|0|^^|^ ^
^2026^|^01^|^527183^|^015^|^08^|^CD^|^6213^|^FAC^|^02^|^09^|^2^|^001^|^100^|^ A^|^521211^|^086^|^A^|^0^|^0^|^ ^|^0^|0|0|0|^ ^|^ ^|^ ^|^ ^|^^|^00^|^^|0|0|^^|^ ^
^2026^|^01^|^527183^|^015^|^08^|^CD^|^6213^|^FAE^|^02^|^09^|^2^|^009^|^100^|^ A^|^524113^|^086^|^A^|^0^|^0^|^ ^|^0^|0|0|0|^ ^|^ ^|^ ^|^ ^|^^|^00^|^^|0|0|^^|^ ^
^2026^|^01^|^527183^|^015^|^08^|^CD^|^6213^|^FAL^|^02^|^09^|^2^|^003^|^100^|^ A^|^524113^|^086^|^A^|^0^|^0^|^ ^|^0^|0|0|0|^ ^|^ ^|^ ^|^ ^|^^|^00^|^^|0|0|^^|^ ^
^2026^|^01^|^527183^|^015^|^08^|^CD^|^6214^|^FAL^|^02^|^09^|^2^|^002^|^100^|^ A^|^521211^|^086^|^A^|^0^|^0^|^ ^|^0^|0|0|0|^ ^|^ ^|^ ^|^ ^|^^|^00^|^^|0|0|^^|^ ^
^2026^|^01^|^527183^|^015^|^08^|^CD^|^6214^|^FAL^|^02^|^09^|^2^|^002^|^100^|^ B^|^521211^|^086^|^A^|^0^|^0^|^ ^|^0^|0|0|0|^ ^|^ ^|^ ^|^ ^|^^|^00^|^^|0|0|^^|^ ^
^2026^|^01^|^527183^|^015^|^08^|^CD^|^6215^|^FAH^|^02^|^09^|^2^|^003^|^100^|^ A^|^521211^|^086^|^A^|^0^|^0^|^ ^|^0^|0|0|0|^ ^|^ ^|^ ^|^ ^|^^|^00^|^^|0|0|^^|^ ^
^2026^|^01^|^527183^|^015^|^08^|^CD^|^6215^|^FAH^|^02^|^09^|^2^|^003^|^100^|^ B^|^524111^|^086^|^A^|^0^|^0^|^ ^|^0^|0|0|0|^ ^|^ ^|^ ^|^ ^|^^|^00^|^^|0|0|^^|^ ^
^2026^|^01^|^527183^|^015^|^08^|^WA^|^4715^|^EBA^|^02^|^09^|^2^|^001^|^100^|^ A^|^521811^|^086^|^A^|^0^|^0^|^ ^|^0^|0|0|0|^ ^|^ ^|^ ^|^ ^|^^|^00^|^^|0|0|^^|^ ^
^2026^|^01^|^527183^|^015^|^08^|^WA^|^4715^|^EBA^|^02^|^09^|^2^|^001^|^100^|^ B^|^522151^|^086^|^A^|^0^|^0^|^ ^|^0^|0|0|0|^ ^|^ ^|^ ^|^ ^|^^|^00^|^^|0|0|^^|^ ^
^2026^|^01^|^527183^|^015^|^08^|^WA^|^4715^|^EBA^|^02^|^09^|^2^|^001^|^100^|^ B^|^524111^|^086^|^A^|^0^|^0^|^ ^|^0^|0|0|0|^ ^|^ ^|^ ^|^ ^|^^|^00^|^^|0|0|^^|^ ^
^2026^|^01^|^527183^|^015^|^08^|^WA^|^4715^|^EBA^|^02^|^09^|^2^|^994^|^002^|^ A^|^521111^|^086^|^A^|^0^|^0^|^ ^|^0^|0|0|0|^ ^|^ ^|^ ^|^ ^|^^|^00^|^^|0|0|^^|^ ^
^2026^|^01^|^527183^|^015^|^08^|^WA^|^4715^|^EBA^|^02^|^09^|^2^|^994^|^002^|^ A^|^521119^|^086^|^A^|^0^|^0^|^ ^|^0^|0|0|0|^ ^|^ ^|^ ^|^ ^|^^|^00^|^^|0|0|^^|^ ^
^2026^|^01^|^527183^|^015^|^08^|^WA^|^4715^|^EBA^|^02^|^09^|^2^|^994^|^002^|^ A^|^521811^|^086^|^A^|^0^|^0^|^ ^|^0^|0|0|0|^ ^|^ ^|^ ^|^ ^|^^|^00^|^^|0|0|^^|^ ^
^2026^|^01^|^527183^|^015^|^08^|^WA^|^4715^|^EBA^|^02^|^09^|^2^|^994^|^002^|^ B^|^521114^|^086^|^A^|^0^|^0^|^ ^|^0^|0|0|0|^ ^|^ ^|^ ^|^ ^|^^|^00^|^^|0|0|^^|^ ^
^2026^|^01^|^527183^|^015^|^08^|^WA^|^4715^|^EBA^|^02^|^09^|^2^|^994^|^002^|^ B^|^522113^|^086^|^A^|^0^|^0^|^ ^|^0^|0|0|0|^ ^|^ ^|^ ^|^ ^|^^|^00^|^^|0|0|^^|^ ^
^2026^|^01^|^527183^|^015^|^08^|^WA^|^4715^|^EBA^|^02^|^09^|^2^|^994^|^002^|^ C^|^521113^|^086^|^A^|^0^|^0^|^ ^|^0^|0|0|0|^ ^|^ ^|^ ^|^ ^|^^|^00^|^^|0|0|^^|^ ^
^2026^|^01^|^527183^|^015^|^08^|^WA^|^4715^|^EBA^|^02^|^09^|^2^|^994^|^002^|^ C^|^521115^|^086^|^A^|^0^|^0^|^ ^|^0^|0|0|0|^ ^|^ ^|^ ^|^ ^|^^|^00^|^^|0|0|^^|^ ^
^2026^|^01^|^527183^|^015^|^08^|^WA^|^4715^|^EBA^|^02^|^09^|^2^|^994^|^002^|^ C^|^521119^|^086^|^A^|^0^|^0^|^ ^|^0^|0|0|0|^ ^|^ ^|^ ^|^ ^|^^|^00^|^^|0|0|^^|^ ^
^2026^|^01^|^527183^|^015^|^08^|^WA^|^4715^|^EBA^|^02^|^09^|^2^|^994^|^002^|^ D^|^523121^|^086^|^A^|^0^|^0^|^ ^|^0^|0|0|0|^ ^|^ ^|^ ^|^ ^|^^|^00^|^^|0|0|^^|^ ^
^2026^|^01^|^527183^|^015^|^08^|^WA^|^4715^|^EBA^|^02^|^09^|^2^|^994^|^002^|^ G^|^523111^|^086^|^A^|^0^|^0^|^ ^|^0^|0|0|0|^ ^|^ ^|^ ^|^ ^|^^|^00^|^^|0|0|^^|^ ^
^2026^|^01^|^527183^|^015^|^08^|^WA^|^4715^|^EBA^|^02^|^09^|^2^|^994^|^002^|^ G^|^523119^|^086^|^A^|^0^|^0^|^ ^|^0^|0|0|0|^ ^|^ ^|^ ^|^ ^|^^|^00^|^^|0|0|^^|^ ^
^2026^|^01^|^527183^|^015^|^08^|^WA^|^4715^|^EBA^|^02^|^09^|^2^|^994^|^002^|^TJ^|^523121^|^086^|^A^|^0^|^0^|^ ^|^0^|0|0|0|^ ^|^ ^|^ ^|^ ^|^^|^00^|^^|0|0|^^|^ ^
^2026^|^01^|^527183^|^015^|^08^|^WA^|^4715^|^EBA^|^02^|^09^|^2^|^002^|^100^|^ A^|^524111^|^086^|^A^|^0^|^0^|^ ^|^0^|0|0|0|^ ^|^ ^|^ ^|^ ^|^^|^00^|^^|0|0|^^|^ ^
^2026^|^01^|^527183^|^015^|^08^|^WA^|^4715^|^EBA^|^02^|^09^|^2^|^002^|^100^|^ A^|^524113^|^086^|^A^|^0^|^0^|^ ^|^0^|0|0|0|^ ^|^ ^|^ ^|^ ^|^^|^00^|^^|0|0|^^|^ ^
^2026^|^01^|^527183^|^015^|^08^|^WA^|^4715^|^EBB^|^02^|^09^|^2^|^004^|^100^|^RB^|^533121^|^086^|^A^|^0^|^0^|^ ^|^0^|0|0|0|^ ^|^ ^|^ ^|^ ^|^^|^00^|^^|0|0|^^|^ ^
^2026^|^01^|^527183^|^015^|^08^|^WA^|^4715^|^EBD^|^02^|^09^|^2^|^Z36^|^100^|^ B^|^524111^|^086^|^A^|^0^|^0^|^ ^|^0^|0|0|0|^ ^|^ ^|^ ^|^ ^|^^|^00^|^^|0|0|^^|^ ^
^2026^|^01^|^527183^|^015^|^08^|^WA^|^4718^|^BMB^|^02^|^09^|^2^|^002^|^100^|^ A^|^521219^|^086^|^A^|^0^|^0^|^ ^|^0^|0|0|0|^ ^|^ ^|^ ^|^ ^|^^|^00^|^^|0|0|^^|^ ^
^2026^|^01^|^527183^|^015^|^08^|^WA^|^4718^|^BMB^|^02^|^09^|^2^|^001^|^100^|^ A^|^521211^|^086^|^A^|^0^|^0^|^ ^|^0^|0|0|0|^ ^|^ ^|^ ^|^ ^|^^|^00^|^^|0|0|^^|^ ^
^2026^|^01^|^527183^|^015^|^08^|^WA^|^4719^|^EBA^|^02^|^09^|^2^|^994^|^001^|^ A^|^511129^|^086^|^A^|^0^|^0^|^ ^|^0^|0|0|0|^ ^|^ ^|^ ^|^ ^|^^|^00^|^^|0|0|^^|^ ^
^2026^|^01^|^527183^|^015^|^08^|^WA^|^4719^|^EBA^|^02^|^09^|^2^|^994^|^001^|^ A^|^512211^|^086^|^A^|^0^|^0^|^ ^|^0^|0|0|0|^ ^|^ ^|^ ^|^ ^|^^|^00^|^^|0|0|^^|^ ^
^2026^|^01^|^527183^|^015^|^08^|^WA^|^4719^|^EBA^|^02^|^09^|^2^|^004^|^100^|^ A^|^521211^|^086^|^A^|^0^|^0^|^ ^|^0^|0|0|0|^ ^|^ ^|^ ^|^ ^|^^|^00^|^^|0|0|^^|^ ^
^2026^|^01^|^527183^|^015^|^08^|^WA^|^4719^|^EBC^|^02^|^09^|^2^|^001^|^100^|^XC^|^521211^|^086^|^A^|^0^|^0^|^ ^|^0^|0|0|0|^ ^|^ ^|^ ^|^ ^|^^|^00^|^^|0|0|^^|^ ^
^2026^|^01^|^527183^|^015^|^08^|^WA^|^4719^|^EBC^|^02^|^09^|^2^|^001^|^100^|^XC^|^522151^|^086^|^A^|^0^|^0^|^ ^|^0^|0|0|0|^ ^|^ ^|^ ^|^ ^|^^|^00^|^^|0|0|^^|^ ^
^2026^|^01^|^527183^|^015^|^08^|^WA^|^4719^|^EBC^|^02^|^09^|^2^|^001^|^100^|^XC^|^524113^|^086^|^A^|^0^|^0^|^ ^|^0^|0|0|0|^ ^|^ ^|^ ^|^ ^|^^|^00^|^^|0|0|^^|^ ^
^2026^|^01^|^527272^|^015^|^08^|^CD^|^6212^|^BMB^|^03^|^51^|^2^|^001^|^100^|^ A^|^524111^|^026^|^A^|^0^|^0^|^ ^|^0^|0|0|0|^ ^|^ ^|^ ^|^ ^|^^|^00^|^^|0|0|^^|^ ^
^2026^|^01^|^527272^|^015^|^08^|^CD^|^6212^|^BMB^|^03^|^51^|^2^|^001^|^100^|^ A^|^524113^|^026^|^A^|^0^|^0^|^ ^|^0^|0|0|0|^ ^|^ ^|^ ^|^ ^|^^|^00^|^^|0|0|^^|^ ^
^2026^|^01^|^527272^|^015^|^08^|^CD^|^6212^|^FAC^|^03^|^51^|^2^|^001^|^100^|^ A^|^521211^|^026^|^A^|^0^|^0^|^ ^|^0^|0|0|0|^ ^|^ ^|^ ^|^ ^|^^|^00^|^^|0|0|^^|^ ^
^2026^|^01^|^527272^|^015^|^08^|^CD^|^6212^|^FAC^|^03^|^51^|^2^|^001^|^100^|^ B^|^521211^|^026^|^A^|^0^|^0^|^ ^|^0^|0|0|0|^ ^|^ ^|^ ^|^ ^|^^|^00^|^^|0|0|^^|^ ^
^2026^|^01^|^527272^|^015^|^08^|^CD^|^6212^|^FAH^|^03^|^51^|^2^|^001^|^100^|^ A^|^521211^|^026^|^A^|^0^|^0^|^ ^|^0^|0|0|0|^ ^|^ ^|^ ^|^ ^|^^|^00^|^^|0|0|^^|^ ^
^2026^|^01^|^527272^|^015^|^08^|^CD^|^6212^|^FAL^|^03^|^51^|^2^|^004^|^100^|^ A^|^521211^|^026^|^A^|^0^|^0^|^ ^|^0^|0|0|0|^ ^|^ ^|^ ^|^ ^|^^|^00^|^^|0|0|^^|^ ^
^2026^|^01^|^527272^|^015^|^08^|^CD^|^6212^|^FAL^|^03^|^51^|^2^|^004^|^100^|^ B^|^521211^|^026^|^A^|^0^|^0^|^ ^|^0^|0|0|0|^ ^|^ ^|^ ^|^ ^|^^|^00^|^^|0|0|^^|^ ^
^2026^|^01^|^527272^|^015^|^08^|^CD^|^6212^|^FAL^|^03^|^51^|^2^|^004^|^100^|^ D^|^524111^|^026^|^A^|^0^|^0^|^ ^|^0^|0|0|0|^ ^|^ ^|^ ^|^ ^|^^|^00^|^^|0|0|^^|^ ^
^2026^|^01^|^527272^|^015^|^08^|^CD^|^6212^|^FAL^|^03^|^51^|^2^|^004^|^100^|^ D^|^524113^|^026^|^A^|^0^|^0^|^ ^|^0^|0|0|0|^ ^|^ ^|^ ^|^ ^|^^|^00^|^^|0|0|^^|^ ^
^2026^|^01^|^527272^|^015^|^08^|^CD^|^6213^|^FAC^|^03^|^51^|^2^|^001^|^100^|^ A^|^521211^|^026^|^A^|^0^|^0^|^ ^|^0^|0|0|0|^ ^|^ ^|^ ^|^ ^|^^|^00^|^^|0|0|^^|^ ^
^2026^|^01^|^527272^|^015^|^08^|^CD^|^6213^|^FAE^|^03^|^51^|^2^|^009^|^100^|^ A^|^524111^|^026^|^A^|^0^|^0^|^ ^|^0^|0|0|0|^ ^|^ ^|^ ^|^ ^|^^|^00^|^^|0|0|^^|^ ^
^2026^|^01^|^527272^|^015^|^08^|^CD^|^6213^|^FAE^|^03^|^51^|^2^|^009^|^100^|^ A^|^524113^|^026^|^A^|^0^|^0^|^ ^|^0^|0|0|0|^ ^|^ ^|^ ^|^ ^|^^|^00^|^^|0|0|^^|^ ^
^2026^|^01^|^527272^|^015^|^08^|^CD^|^6213^|^FAL^|^03^|^51^|^2^|^003^|^100^|^ A^|^524111^|^026^|^A^|^0^|^0^|^ ^|^0^|0|0|0|^ ^|^ ^|^ ^|^ ^|^^|^00^|^^|0|0|^^|^ ^
^2026^|^01^|^527272^|^015^|^08^|^CD^|^6213^|^FAL^|^03^|^51^|^2^|^003^|^100^|^ A^|^524113^|^026^|^A^|^0^|^0^|^ ^|^0^|0|0|0|^ ^|^ ^|^ ^|^ ^|^^|^00^|^^|0|0|^^|^ ^
^2026^|^01^|^527272^|^015^|^08^|^CD^|^6214^|^FAL^|^03^|^51^|^2^|^002^|^100^|^ A^|^521211^|^026^|^A^|^0^|^0^|^ ^|^0^|0|0|0|^ ^|^ ^|^ ^|^ ^|^^|^00^|^^|0|0|^^|^ ^
^2026^|^01^|^527272^|^015^|^08^|^CD^|^6214^|^FAL^|^03^|^51^|^2^|^002^|^100^|^ B^|^521211^|^026^|^A^|^0^|^0^|^ ^|^0^|0|0|0|^ ^|^ ^|^ ^|^ ^|^^|^00^|^^|0|0|^^|^ ^
^2026^|^01^|^527272^|^015^|^08^|^CD^|^6215^|^FAH^|^03^|^51^|^2^|^003^|^100^|^ A^|^521211^|^026^|^A^|^0^|^0^|^ ^|^0^|0|0|0|^ ^|^ ^|^ ^|^ ^|^^|^00^|^^|0|0|^^|^ ^
^2026^|^01^|^527272^|^015^|^08^|^CD^|^6215^|^FAH^|^03^|^51^|^2^|^003^|^100^|^ B^|^524113^|^026^|^A^|^0^|^0^|^ ^|^0^|0|0|0|^ ^|^ ^|^ ^|^ ^|^^|^00^|^^|0|0|^^|^ ^
^2026^|^01^|^527272^|^015^|^08^|^WA^|^4715^|^EBA^|^03^|^51^|^2^|^001^|^100^|^ A^|^521811^|^026^|^A^|^0^|^0^|^ ^|^0^|0|0|0|^ ^|^ ^|^ ^|^ ^|^^|^00^|^^|0|0|^^|^ ^
^2026^|^01^|^527272^|^015^|^08^|^WA^|^4715^|^EBA^|^03^|^51^|^2^|^001^|^100^|^ B^|^522151^|^026^|^A^|^0^|^0^|^ ^|^0^|0|0|0|^ ^|^ ^|^ ^|^ ^|^^|^00^|^^|0|0|^^|^ ^
^2026^|^01^|^527272^|^015^|^08^|^WA^|^4715^|^EBA^|^03^|^51^|^2^|^001^|^100^|^ B^|^524113^|^026^|^A^|^0^|^0^|^ ^|^0^|0|0|0|^ ^|^ ^|^ ^|^ ^|^^|^00^|^^|0|0|^^|^ ^
^2026^|^01^|^527272^|^015^|^08^|^WA^|^4715^|^EBA^|^03^|^51^|^2^|^994^|^002^|^ A^|^521111^|^026^|^A^|^0^|^0^|^ ^|^0^|0|0|0|^ ^|^ ^|^ ^|^ ^|^^|^00^|^^|0|0|^^|^ ^
^2026^|^01^|^527272^|^015^|^08^|^WA^|^4715^|^EBA^|^03^|^51^|^2^|^994^|^002^|^ A^|^521119^|^026^|^A^|^0^|^0^|^ ^|^0^|0|0|0|^ ^|^ ^|^ ^|^ ^|^^|^00^|^^|0|0|^^|^ ^
^2026^|^01^|^527272^|^015^|^08^|^WA^|^4715^|^EBA^|^03^|^51^|^2^|^994^|^002^|^ A^|^521811^|^026^|^A^|^0^|^0^|^ ^|^0^|0|0|0|^ ^|^ ^|^ ^|^ ^|^^|^00^|^^|0|0|^^|^ ^
^2026^|^01^|^527272^|^015^|^08^|^WA^|^4715^|^EBA^|^03^|^51^|^2^|^994^|^002^|^ B^|^521114^|^026^|^A^|^0^|^0^|^ ^|^0^|0|0|0|^ ^|^ ^|^ ^|^ ^|^^|^00^|^^|0|0|^^|^ ^
^2026^|^01^|^527272^|^015^|^08^|^WA^|^4715^|^EBA^|^03^|^51^|^2^|^994^|^002^|^ B^|^522113^|^026^|^A^|^0^|^0^|^ ^|^0^|0|0|0|^ ^|^ ^|^ ^|^ ^|^^|^00^|^^|0|0|^^|^ ^
^2026^|^01^|^527272^|^015^|^08^|^WA^|^4715^|^EBA^|^03^|^51^|^2^|^994^|^002^|^ C^|^521113^|^026^|^A^|^0^|^0^|^ ^|^0^|0|0|0|^ ^|^ ^|^ ^|^ ^|^^|^00^|^^|0|0|^^|^ ^
^2026^|^01^|^527272^|^015^|^08^|^WA^|^4715^|^EBA^|^03^|^51^|^2^|^994^|^002^|^ C^|^521115^|^026^|^A^|^0^|^0^|^ ^|^0^|0|0|0|^ ^|^ ^|^ ^|^ ^|^^|^00^|^^|0|0|^^|^ ^
^2026^|^01^|^527272^|^015^|^08^|^WA^|^4715^|^EBA^|^03^|^51^|^2^|^994^|^002^|^ C^|^521119^|^026^|^A^|^0^|^0^|^ ^|^0^|0|0|0|^ ^|^ ^|^ ^|^ ^|^^|^00^|^^|0|0|^^|^ ^
^2026^|^01^|^527272^|^015^|^08^|^WA^|^4715^|^EBA^|^03^|^51^|^2^|^994^|^002^|^ D^|^523121^|^026^|^A^|^0^|^0^|^ ^|^0^|0|0|0|^ ^|^ ^|^ ^|^ ^|^^|^00^|^^|0|0|^^|^ ^
^2026^|^01^|^527272^|^015^|^08^|^WA^|^4715^|^EBA^|^03^|^51^|^2^|^994^|^002^|^ G^|^523111^|^026^|^A^|^0^|^0^|^ ^|^0^|0|0|0|^ ^|^ ^|^ ^|^ ^|^^|^00^|^^|0|0|^^|^ ^
^2026^|^01^|^527272^|^015^|^08^|^WA^|^4715^|^EBA^|^03^|^51^|^2^|^994^|^002^|^ G^|^523119^|^026^|^A^|^0^|^0^|^ ^|^0^|0|0|0|^ ^|^ ^|^ ^|^ ^|^^|^00^|^^|0|0|^^|^ ^
^2026^|^01^|^527272^|^015^|^08^|^WA^|^4715^|^EBA^|^03^|^51^|^2^|^994^|^002^|^TJ^|^523121^|^026^|^A^|^0^|^0^|^ ^|^0^|0|0|0|^ ^|^ ^|^ ^|^ ^|^^|^00^|^^|0|0|^^|^ ^
^2026^|^01^|^527272^|^015^|^08^|^WA^|^4715^|^EBA^|^03^|^51^|^2^|^002^|^100^|^ A^|^524111^|^026^|^A^|^0^|^0^|^ ^|^0^|0|0|0|^ ^|^ ^|^ ^|^ ^|^^|^00^|^^|0|0|^^|^ ^
^2026^|^01^|^527272^|^015^|^08^|^WA^|^4715^|^EBA^|^03^|^51^|^2^|^002^|^100^|^ A^|^524113^|^026^|^A^|^0^|^0^|^ ^|^0^|0|0|0|^ ^|^ ^|^ ^|^ ^|^^|^00^|^^|0|0|^^|^ ^
^2026^|^01^|^527272^|^015^|^08^|^WA^|^4715^|^EBB^|^03^|^51^|^2^|^002^|^100^|^ A^|^532111^|^026^|^A^|^0^|^0^|^ ^|^0^|0|0|0|^ ^|^ ^|^ ^|^ ^|^^|^00^|^^|0|0|^^|^ ^
^2026^|^01^|^527272^|^015^|^08^|^WA^|^4715^|^EBD^|^03^|^51^|^2^|^Z36^|^100^|^ B^|^524113^|^026^|^A^|^0^|^0^|^ ^|^0^|0|0|0|^ ^|^ ^|^ ^|^ ^|^^|^00^|^^|0|0|^^|^ ^
^2026^|^01^|^527272^|^015^|^08^|^WA^|^4718^|^BMB^|^03^|^51^|^2^|^002^|^100^|^ A^|^521219^|^026^|^A^|^0^|^0^|^ ^|^0^|0|0|0|^ ^|^ ^|^ ^|^ ^|^^|^00^|^^|0|0|^^|^ ^
^2026^|^01^|^527272^|^015^|^08^|^WA^|^4718^|^BMB^|^03^|^51^|^2^|^001^|^100^|^ A^|^521211^|^026^|^A^|^0^|^0^|^ ^|^0^|0|0|0|^ ^|^ ^|^ ^|^ ^|^^|^00^|^^|0|0|^^|^ ^
^2026^|^01^|^527272^|^015^|^08^|^WA^|^4719^|^EBA^|^03^|^51^|^2^|^994^|^001^|^ A^|^511129^|^026^|^A^|^0^|^0^|^ ^|^0^|0|0|0|^ ^|^ ^|^ ^|^ ^|^^|^00^|^^|0|0|^^|^ ^
^2026^|^01^|^527272^|^015^|^08^|^WA^|^4719^|^EBA^|^03^|^51^|^2^|^994^|^001^|^ A^|^512211^|^026^|^A^|^0^|^0^|^ ^|^0^|0|0|0|^ ^|^ ^|^ ^|^ ^|^^|^00^|^^|0|0|^^|^ ^
^2026^|^01^|^527272^|^015^|^08^|^WA^|^4719^|^EBA^|^03^|^51^|^2^|^004^|^100^|^ A^|^521211^|^026^|^A^|^0^|^0^|^ ^|^0^|0|0|0|^ ^|^ ^|^ ^|^ ^|^^|^00^|^^|0|0|^^|^ ^
^2026^|^01^|^527272^|^015^|^08^|^WA^|^4719^|^EBC^|^03^|^51^|^2^|^001^|^100^|^XC^|^521211^|^026^|^A^|^0^|^0^|^ ^|^0^|0|0|0|^ ^|^ ^|^ ^|^ ^|^^|^00^|^^|0|0|^^|^ ^
^2026^|^01^|^527272^|^015^|^08^|^WA^|^4719^|^EBC^|^03^|^51^|^2^|^001^|^100^|^XC^|^522151^|^026^|^A^|^0^|^0^|^ ^|^0^|0|0|0|^ ^|^ ^|^ ^|^ ^|^^|^00^|^^|0|0|^^|^ ^
^2026^|^01^|^527272^|^015^|^08^|^WA^|^4719^|^EBC^|^03^|^51^|^2^|^001^|^100^|^XC^|^524113^|^026^|^A^|^0^|^0^|^ ^|^0^|0|0|0|^ ^|^ ^|^ ^|^ ^|^^|^00^|^^|0|0|^^|^ ^
^2026^|^01^|^527268^|^015^|^08^|^CD^|^6212^|^BMB^|^03^|^51^|^2^|^001^|^100^|^ A^|^524113^|^026^|^A^|^0^|^0^|^ ^|^0^|0|0|0|^ ^|^ ^|^ ^|^ ^|^^|^00^|^^|0|0|^^|^ ^
^2026^|^01^|^527268^|^015^|^08^|^CD^|^6212^|^BMB^|^03^|^51^|^2^|^001^|^100^|^ B^|^521211^|^026^|^A^|^0^|^0^|^ ^|^0^|0|0|0|^ ^|^ ^|^ ^|^ ^|^^|^00^|^^|0|0|^^|^ ^
^2026^|^01^|^527268^|^015^|^08^|^CD^|^6212^|^BMB^|^03^|^51^|^2^|^001^|^100^|^ B^|^522151^|^026^|^A^|^0^|^0^|^ ^|^0^|0|0|0|^ ^|^ ^|^ ^|^ ^|^^|^00^|^^|0|0|^^|^ ^
^2026^|^01^|^527268^|^015^|^08^|^CD^|^6212^|^BMB^|^03^|^51^|^2^|^001^|^100^|^ B^|^524113^|^026^|^A^|^0^|^0^|^ ^|^0^|0|0|0|^ ^|^ ^|^ ^|^ ^|^^|^00^|^^|0|0|^^|^ ^
^2026^|^01^|^527268^|^015^|^08^|^CD^|^6212^|^BMB^|^03^|^51^|^2^|^001^|^100^|^ C^|^524113^|^026^|^A^|^0^|^0^|^ ^|^0^|0|0|0|^ ^|^ ^|^ ^|^ ^|^^|^00^|^^|0|0|^^|^ ^
^2026^|^01^|^527268^|^015^|^08^|^CD^|^6212^|^BMB^|^03^|^51^|^2^|^001^|^100^|^ D^|^521211^|^026^|^A^|^0^|^0^|^ ^|^0^|0|0|0|^ ^|^ ^|^ ^|^ ^|^^|^00^|^^|0|0|^^|^ ^
^2026^|^01^|^527268^|^015^|^08^|^CD^|^6212^|^BMB^|^03^|^51^|^2^|^001^|^100^|^ D^|^522141^|^026^|^A^|^0^|^0^|^ ^|^0^|0|0|0|^ ^|^ ^|^ ^|^ ^|^^|^00^|^^|0|0|^^|^ ^
^2026^|^01^|^527268^|^015^|^08^|^CD^|^6212^|^FAC^|^03^|^51^|^2^|^002^|^100^|^ A^|^524111^|^026^|^A^|^0^|^0^|^ ^|^0^|0|0|0|^ ^|^ ^|^ ^|^ ^|^^|^00^|^^|0|0|^^|^ ^
^2026^|^01^|^527268^|^015^|^08^|^CD^|^6212^|^FAC^|^03^|^51^|^2^|^002^|^100^|^ A^|^524113^|^026^|^A^|^0^|^0^|^ ^|^0^|0|0|0|^ ^|^ ^|^ ^|^ ^|^^|^00^|^^|0|0|^^|^ ^
^2026^|^01^|^527268^|^015^|^08^|^CD^|^6212^|^FAC^|^03^|^51^|^2^|^002^|^100^|^ B^|^524111^|^026^|^A^|^0^|^0^|^ ^|^0^|0|0|0|^ ^|^ ^|^ ^|^ ^|^^|^00^|^^|0|0|^^|^ ^
^2026^|^01^|^527268^|^015^|^08^|^CD^|^6212^|^FAC^|^03^|^51^|^2^|^002^|^100^|^ B^|^524113^|^026^|^A^|^0^|^0^|^ ^|^0^|0|0|0|^ ^|^ ^|^ ^|^ ^|^^|^00^|^^|0|0|^^|^ ^
^2026^|^01^|^527268^|^015^|^08^|^CD^|^6212^|^FAH^|^03^|^51^|^2^|^003^|^100^|^ A^|^524113^|^026^|^A^|^0^|^0^|^ ^|^0^|0|0|0|^ ^|^ ^|^ ^|^ ^|^^|^00^|^^|0|0|^^|^ ^
^2026^|^01^|^527268^|^015^|^08^|^CD^|^6212^|^FAH^|^03^|^51^|^2^|^003^|^100^|^ B^|^524111^|^026^|^A^|^0^|^0^|^ ^|^0^|0|0|0|^ ^|^ ^|^ ^|^ ^|^^|^00^|^^|0|0|^^|^ ^
^2026^|^01^|^527268^|^015^|^08^|^CD^|^6212^|^FAH^|^03^|^51^|^2^|^003^|^100^|^ B^|^524113^|^026^|^A^|^0^|^0^|^ ^|^0^|0|0|0|^ ^|^ ^|^ ^|^ ^|^^|^00^|^^|0|0|^^|^ ^
^2026^|^01^|^527268^|^015^|^08^|^CD^|^6212^|^FAH^|^03^|^51^|^2^|^002^|^100^|^ A^|^521211^|^026^|^A^|^0^|^0^|^ ^|^0^|0|0|0|^ ^|^ ^|^ ^|^ ^|^^|^00^|^^|0|0|^^|^ ^
^2026^|^01^|^527268^|^015^|^08^|^CD^|^6212^|^FAH^|^03^|^51^|^2^|^002^|^100^|^ B^|^524111^|^026^|^A^|^0^|^0^|^ ^|^0^|0|0|0|^ ^|^ ^|^ ^|^ ^|^^|^00^|^^|0|0|^^|^ ^
^2026^|^01^|^527268^|^015^|^08^|^CD^|^6212^|^FAH^|^03^|^51^|^2^|^002^|^100^|^ B^|^524113^|^026^|^A^|^0^|^0^|^ ^|^0^|0|0|0|^ ^|^ ^|^ ^|^ ^|^^|^00^|^^|0|0|^^|^ ^
^2026^|^01^|^527268^|^015^|^08^|^CD^|^6212^|^FAH^|^03^|^51^|^2^|^002^|^100^|^ C^|^522151^|^026^|^A^|^0^|^0^|^ ^|^0^|0|0|0|^ ^|^ ^|^ ^|^ ^|^^|^00^|^^|0|0|^^|^ ^
^2026^|^01^|^527268^|^015^|^08^|^CD^|^6212^|^FAH^|^03^|^51^|^2^|^002^|^100^|^ C^|^524113^|^026^|^A^|^0^|^0^|^ ^|^0^|0|0|0|^ ^|^ ^|^ ^|^ ^|^^|^00^|^^|0|0|^^|^ ^
^2026^|^01^|^527268^|^015^|^08^|^CD^|^6212^|^FAL^|^03^|^51^|^2^|^001^|^100^|^ A^|^524111^|^026^|^A^|^0^|^0^|^ ^|^0^|0|0|0|^ ^|^ ^|^ ^|^ ^|^^|^00^|^^|0|0|^^|^ ^
^2026^|^01^|^527268^|^015^|^08^|^CD^|^6212^|^FAL^|^03^|^51^|^2^|^001^|^100^|^ A^|^524113^|^026^|^A^|^0^|^0^|^ ^|^0^|0|0|0|^ ^|^ ^|^ ^|^ ^|^^|^00^|^^|0|0|^^|^ ^
^2026^|^01^|^527268^|^015^|^08^|^CD^|^6212^|^FAL^|^03^|^51^|^2^|^001^|^100^|^ B^|^521211^|^026^|^A^|^0^|^0^|^ ^|^0^|0|0|0|^ ^|^ ^|^ ^|^ ^|^^|^00^|^^|0|0|^^|^ ^
^2026^|^01^|^527268^|^015^|^08^|^CD^|^6212^|^FAL^|^03^|^51^|^2^|^001^|^100^|^ B^|^522151^|^026^|^A^|^0^|^0^|^ ^|^0^|0|0|0|^ ^|^ ^|^ ^|^ ^|^^|^00^|^^|0|0|^^|^ ^
^2026^|^01^|^527268^|^015^|^08^|^CD^|^6212^|^FAL^|^03^|^51^|^2^|^001^|^100^|^ C^|^524111^|^026^|^A^|^0^|^0^|^ ^|^0^|0|0|0|^ ^|^ ^|^ ^|^ ^|^^|^00^|^^|0|0|^^|^ ^
^2026^|^01^|^527268^|^015^|^08^|^CD^|^6212^|^FAL^|^03^|^51^|^2^|^001^|^100^|^ C^|^524113^|^026^|^A^|^0^|^0^|^ ^|^0^|0|0|0|^ ^|^ ^|^ ^|^ ^|^^|^00^|^^|0|0|^^|^ ^
^2026^|^01^|^527268^|^015^|^08^|^CD^|^6212^|^FAL^|^03^|^51^|^2^|^001^|^100^|^ D^|^521211^|^026^|^A^|^0^|^0^|^ ^|^0^|0|0|0|^ ^|^ ^|^ ^|^ ^|^^|^00^|^^|0|0|^^|^ ^
^2026^|^01^|^527268^|^015^|^08^|^CD^|^6212^|^FAL^|^03^|^51^|^2^|^001^|^100^|^ D^|^521213^|^026^|^A^|^0^|^0^|^ ^|^0^|0|0|0|^ ^|^ ^|^ ^|^ ^|^^|^00^|^^|0|0|^^|^ ^
^2026^|^01^|^527268^|^015^|^08^|^CD^|^6212^|^FAL^|^03^|^51^|^2^|^001^|^100^|^ D^|^522151^|^026^|^A^|^0^|^0^|^ ^|^0^|0|0|0|^ ^|^ ^|^ ^|^ ^|^^|^00^|^^|0|0|^^|^ ^
^2026^|^01^|^527268^|^015^|^08^|^CD^|^6212^|^FAL^|^03^|^51^|^2^|^001^|^100^|^ D^|^524113^|^026^|^A^|^0^|^0^|^ ^|^0^|0|0|0|^ ^|^ ^|^ ^|^ ^|^^|^00^|^^|0|0|^^|^ ^
^2026^|^01^|^527268^|^015^|^08^|^CD^|^6213^|^ABA^|^03^|^51^|^2^|^001^|^100^|^ A^|^522151^|^026^|^A^|^0^|^0^|^ ^|^0^|0|0|0|^ ^|^ ^|^ ^|^ ^|^^|^00^|^^|0|0|^^|^ ^
^2026^|^01^|^527268^|^015^|^08^|^CD^|^6213^|^ABA^|^03^|^51^|^2^|^001^|^100^|^ A^|^524111^|^026^|^A^|^0^|^0^|^ ^|^0^|0|0|0|^ ^|^ ^|^ ^|^ ^|^^|^00^|^^|0|0|^^|^ ^
^2026^|^01^|^527268^|^015^|^08^|^CD^|^6213^|^FAE^|^03^|^51^|^2^|^009^|^100^|^ B^|^524111^|^026^|^A^|^0^|^0^|^ ^|^0^|0|0|0|^ ^|^ ^|^ ^|^ ^|^^|^00^|^^|0|0|^^|^ ^
^2026^|^01^|^527268^|^015^|^08^|^CD^|^6213^|^FAE^|^03^|^51^|^2^|^009^|^100^|^ B^|^524113^|^026^|^A^|^0^|^0^|^ ^|^0^|0|0|0|^ ^|^ ^|^ ^|^ ^|^^|^00^|^^|0|0|^^|^ ^
^2026^|^01^|^527268^|^015^|^08^|^CD^|^6213^|^FAE^|^03^|^51^|^2^|^009^|^100^|^ C^|^524111^|^026^|^A^|^0^|^0^|^ ^|^0^|0|0|0|^ ^|^ ^|^ ^|^ ^|^^|^00^|^^|0|0|^^|^ ^
^2026^|^01^|^527268^|^015^|^08^|^CD^|^6213^|^FAE^|^03^|^51^|^2^|^009^|^100^|^ C^|^524113^|^026^|^A^|^0^|^0^|^ ^|^0^|0|0|0|^ ^|^ ^|^ ^|^ ^|^^|^00^|^^|0|0|^^|^ ^
^2026^|^01^|^527268^|^015^|^08^|^CD^|^6213^|^FAE^|^03^|^51^|^2^|^009^|^100^|^ D^|^521211^|^026^|^A^|^0^|^0^|^ ^|^0^|0|0|0|^ ^|^ ^|^ ^|^ ^|^^|^00^|^^|0|0|^^|^ ^
^2026^|^01^|^527268^|^015^|^08^|^CD^|^6213^|^FAE^|^03^|^51^|^2^|^009^|^100^|^ D^|^522151^|^026^|^A^|^0^|^0^|^ ^|^0^|0|0|0|^ ^|^ ^|^ ^|^ ^|^^|^00^|^^|0|0|^^|^ ^
^2026^|^01^|^527268^|^015^|^08^|^CD^|^6213^|^FAE^|^03^|^51^|^2^|^009^|^100^|^ D^|^524113^|^026^|^A^|^0^|^0^|^ ^|^0^|0|0|0|^ ^|^ ^|^ ^|^ ^|^^|^00^|^^|0|0|^^|^ ^
^2026^|^01^|^527268^|^015^|^08^|^CD^|^6213^|^FAE^|^03^|^51^|^2^|^008^|^100^|^ A^|^522151^|^026^|^A^|^0^|^0^|^ ^|^0^|0|0|0|^ ^|^ ^|^ ^|^ ^|^^|^00^|^^|0|0|^^|^ ^
^2026^|^01^|^527268^|^015^|^08^|^CD^|^6213^|^FAE^|^03^|^51^|^2^|^008^|^100^|^ A^|^524111^|^026^|^A^|^0^|^0^|^ ^|^0^|0|0|0|^ ^|^ ^|^ ^|^ ^|^^|^00^|^^|0|0|^^|^ ^
^2026^|^01^|^527268^|^015^|^08^|^CD^|^6213^|^FAL^|^03^|^51^|^2^|^003^|^100^|^ A^|^521211^|^026^|^A^|^0^|^0^|^ ^|^0^|0|0|0|^ ^|^ ^|^ ^|^ ^|^^|^00^|^^|0|0|^^|^ ^
^2026^|^01^|^527268^|^015^|^08^|^CD^|^6213^|^FAL^|^03^|^51^|^2^|^003^|^100^|^ C^|^521211^|^026^|^A^|^0^|^0^|^ ^|^0^|0|0|0|^ ^|^ ^|^ ^|^ ^|^^|^00^|^^|0|0|^^|^ ^
^2026^|^01^|^527268^|^015^|^08^|^CD^|^6213^|^FAL^|^03^|^51^|^2^|^003^|^100^|^ D^|^524111^|^026^|^A^|^0^|^0^|^ ^|^0^|0|0|0|^ ^|^ ^|^ ^|^ ^|^^|^00^|^^|0|0|^^|^ ^
^2026^|^01^|^527268^|^015^|^08^|^CD^|^6213^|^FAL^|^03^|^51^|^2^|^003^|^100^|^ E^|^521211^|^026^|^A^|^0^|^0^|^ ^|^0^|0|0|0|^ ^|^ ^|^ ^|^ ^|^^|^00^|^^|0|0|^^|^ ^
^2026^|^01^|^527268^|^015^|^08^|^CD^|^6213^|^FAL^|^03^|^51^|^2^|^003^|^100^|^ E^|^522151^|^026^|^A^|^0^|^0^|^ ^|^0^|0|0|0|^ ^|^ ^|^ ^|^ ^|^^|^00^|^^|0|0|^^|^ ^
^2026^|^01^|^527268^|^015^|^08^|^CD^|^6213^|^FAL^|^03^|^51^|^2^|^003^|^100^|^ E^|^524113^|^026^|^A^|^0^|^0^|^ ^|^0^|0|0|0|^ ^|^ ^|^ ^|^ ^|^^|^00^|^^|0|0|^^|^ ^
^2026^|^01^|^527268^|^015^|^08^|^CD^|^6213^|^FAL^|^03^|^51^|^2^|^003^|^100^|^ F^|^521211^|^026^|^A^|^0^|^0^|^ ^|^0^|0|0|0|^ ^|^ ^|^ ^|^ ^|^^|^00^|^^|0|0|^^|^ ^
^2026^|^01^|^527268^|^015^|^08^|^CD^|^6213^|^FAL^|^03^|^51^|^2^|^003^|^100^|^ F^|^522151^|^026^|^A^|^0^|^0^|^ ^|^0^|0|0|0|^ ^|^ ^|^ ^|^ ^|^^|^00^|^^|0|0|^^|^ ^
^2026^|^01^|^527268^|^015^|^08^|^CD^|^6213^|^FAL^|^03^|^51^|^2^|^003^|^100^|^ F^|^524111^|^026^|^A^|^0^|^0^|^ ^|^0^|0|0|0|^ ^|^ ^|^ ^|^ ^|^^|^00^|^^|0|0|^^|^ ^
^2026^|^01^|^527268^|^015^|^08^|^CD^|^6213^|^FAL^|^03^|^51^|^2^|^003^|^100^|^ F^|^524113^|^026^|^A^|^0^|^0^|^ ^|^0^|0|0|0|^ ^|^ ^|^ ^|^ ^|^^|^00^|^^|0|0|^^|^ ^
^2026^|^01^|^527268^|^015^|^08^|^CD^|^6213^|^FAL^|^03^|^51^|^2^|^003^|^100^|^ G^|^521211^|^026^|^A^|^0^|^0^|^ ^|^0^|0|0|0|^ ^|^ ^|^ ^|^ ^|^^|^00^|^^|0|0|^^|^ ^
^2026^|^01^|^527268^|^015^|^08^|^CD^|^6213^|^FAL^|^03^|^51^|^2^|^003^|^100^|^ H^|^524111^|^026^|^A^|^0^|^0^|^ ^|^0^|0|0|0|^ ^|^ ^|^ ^|^ ^|^^|^00^|^^|0|0|^^|^ ^
^2026^|^01^|^527268^|^015^|^08^|^CD^|^6213^|^FAL^|^03^|^51^|^2^|^003^|^100^|^ H^|^524113^|^026^|^A^|^0^|^0^|^ ^|^0^|0|0|0|^ ^|^ ^|^ ^|^ ^|^^|^00^|^^|0|0|^^|^ ^
^2026^|^01^|^527268^|^015^|^08^|^CD^|^6215^|^FAH^|^03^|^51^|^2^|^001^|^100^|^ A^|^524111^|^026^|^A^|^0^|^0^|^ ^|^0^|0|0|0|^ ^|^ ^|^ ^|^ ^|^^|^00^|^^|0|0|^^|^ ^
^2026^|^01^|^527268^|^015^|^08^|^CD^|^6215^|^FAH^|^03^|^51^|^2^|^001^|^100^|^ A^|^524113^|^026^|^A^|^0^|^0^|^ ^|^0^|0|0|0|^ ^|^ ^|^ ^|^ ^|^^|^00^|^^|0|0|^^|^ ^
^2026^|^01^|^527268^|^015^|^08^|^CD^|^6215^|^FAH^|^03^|^51^|^2^|^001^|^100^|^ B^|^521211^|^026^|^A^|^0^|^0^|^ ^|^0^|0|0|0|^ ^|^ ^|^ ^|^ ^|^^|^00^|^^|0|0|^^|^ ^
^2026^|^01^|^527268^|^015^|^08^|^CD^|^6215^|^FAH^|^03^|^51^|^2^|^003^|^100^|^ A^|^524111^|^026^|^A^|^0^|^0^|^ ^|^0^|0|0|0|^ ^|^ ^|^ ^|^ ^|^^|^00^|^^|0|0|^^|^ ^
^2026^|^01^|^527268^|^015^|^08^|^CD^|^6215^|^FAH^|^03^|^51^|^2^|^003^|^100^|^ A^|^524113^|^026^|^A^|^0^|^0^|^ ^|^0^|0|0|0|^ ^|^ ^|^ ^|^ ^|^^|^00^|^^|0|0|^^|^ ^
^2026^|^01^|^527268^|^015^|^08^|^CD^|^6215^|^FAH^|^03^|^51^|^2^|^003^|^100^|^ B^|^521211^|^026^|^A^|^0^|^0^|^ ^|^0^|0|0|0|^ ^|^ ^|^ ^|^ ^|^^|^00^|^^|0|0|^^|^ ^
^2026^|^01^|^527268^|^015^|^08^|^CD^|^6216^|^FAE^|^03^|^51^|^2^|^002^|^100^|^ A^|^524111^|^026^|^A^|^0^|^0^|^ ^|^0^|0|0|0|^ ^|^ ^|^ ^|^ ^|^^|^00^|^^|0|0|^^|^ ^
^2026^|^01^|^527268^|^015^|^08^|^CD^|^6216^|^FAE^|^03^|^51^|^2^|^002^|^100^|^ A^|^524113^|^026^|^A^|^0^|^0^|^ ^|^0^|0|0|0|^ ^|^ ^|^ ^|^ ^|^^|^00^|^^|0|0|^^|^ ^
^2026^|^01^|^527268^|^015^|^08^|^WA^|^4715^|^EBA^|^03^|^51^|^2^|^002^|^100^|^ A^|^524111^|^026^|^A^|^0^|^0^|^ ^|^0^|0|0|0|^ ^|^ ^|^ ^|^ ^|^^|^00^|^^|0|0|^^|^ ^
^2026^|^01^|^527268^|^015^|^08^|^WA^|^4715^|^EBA^|^03^|^51^|^2^|^002^|^100^|^ A^|^524113^|^026^|^A^|^0^|^0^|^ ^|^0^|0|0|0|^ ^|^ ^|^ ^|^ ^|^^|^00^|^^|0|0|^^|^ ^
^2026^|^01^|^527268^|^015^|^08^|^WA^|^4715^|^EBA^|^03^|^51^|^2^|^001^|^100^|^ A^|^521811^|^026^|^A^|^0^|^0^|^ ^|^0^|0|0|0|^ ^|^ ^|^ ^|^ ^|^^|^00^|^^|0|0|^^|^ ^
^2026^|^01^|^527268^|^015^|^08^|^WA^|^4715^|^EBA^|^03^|^51^|^2^|^001^|^100^|^ A^|^522151^|^026^|^A^|^0^|^0^|^ ^|^0^|0|0|0|^ ^|^ ^|^ ^|^ ^|^^|^00^|^^|0|0|^^|^ ^
^2026^|^01^|^527268^|^015^|^08^|^WA^|^4715^|^EBA^|^03^|^51^|^2^|^001^|^100^|^ B^|^522151^|^026^|^A^|^0^|^0^|^ ^|^0^|0|0|0|^ ^|^ ^|^ ^|^ ^|^^|^00^|^^|0|0|^^|^ ^
^2026^|^01^|^527268^|^015^|^08^|^WA^|^4715^|^EBA^|^03^|^51^|^2^|^994^|^002^|^ A^|^521111^|^026^|^A^|^0^|^0^|^ ^|^0^|0|0|0|^ ^|^ ^|^ ^|^ ^|^^|^00^|^^|0|0|^^|^ ^
^2026^|^01^|^527268^|^015^|^08^|^WA^|^4715^|^EBA^|^03^|^51^|^2^|^994^|^002^|^ A^|^521119^|^026^|^A^|^0^|^0^|^ ^|^0^|0|0|0|^ ^|^ ^|^ ^|^ ^|^^|^00^|^^|0|0|^^|^ ^
^2026^|^01^|^527268^|^015^|^08^|^WA^|^4715^|^EBA^|^03^|^51^|^2^|^994^|^002^|^ A^|^521811^|^026^|^A^|^0^|^0^|^ ^|^0^|0|0|0|^ ^|^ ^|^ ^|^ ^|^^|^00^|^^|0|0|^^|^ ^
^2026^|^01^|^527268^|^015^|^08^|^WA^|^4715^|^EBA^|^03^|^51^|^2^|^994^|^002^|^ B^|^521114^|^026^|^A^|^0^|^0^|^ ^|^0^|0|0|0|^ ^|^ ^|^ ^|^ ^|^^|^00^|^^|0|0|^^|^ ^
^2026^|^01^|^527268^|^015^|^08^|^WA^|^4715^|^EBA^|^03^|^51^|^2^|^994^|^002^|^ B^|^522111^|^026^|^A^|^0^|^0^|^ ^|^0^|0|0|0|^ ^|^ ^|^ ^|^ ^|^^|^00^|^^|0|0|^^|^ ^
^2026^|^01^|^527268^|^015^|^08^|^WA^|^4715^|^EBA^|^03^|^51^|^2^|^994^|^002^|^ B^|^522112^|^026^|^A^|^0^|^0^|^ ^|^0^|0|0|0|^ ^|^ ^|^ ^|^ ^|^^|^00^|^^|0|0|^^|^ ^
^2026^|^01^|^527268^|^015^|^08^|^WA^|^4715^|^EBA^|^03^|^51^|^2^|^994^|^002^|^ B^|^522113^|^026^|^A^|^0^|^0^|^ ^|^0^|0|0|0|^ ^|^ ^|^ ^|^ ^|^^|^00^|^^|0|0|^^|^ ^
^2026^|^01^|^527268^|^015^|^08^|^WA^|^4715^|^EBA^|^03^|^51^|^2^|^994^|^002^|^ C^|^521115^|^026^|^A^|^0^|^0^|^ ^|^0^|0|0|0|^ ^|^ ^|^ ^|^ ^|^^|^00^|^^|0|0|^^|^ ^
^2026^|^01^|^527268^|^015^|^08^|^WA^|^4715^|^EBA^|^03^|^51^|^2^|^994^|^002^|^ C^|^521119^|^026^|^A^|^0^|^0^|^ ^|^0^|0|0|0|^ ^|^ ^|^ ^|^ ^|^^|^00^|^^|0|0|^^|^ ^
^2026^|^01^|^527268^|^015^|^08^|^WA^|^4715^|^EBA^|^03^|^51^|^2^|^994^|^002^|^ D^|^523121^|^026^|^A^|^0^|^0^|^ ^|^0^|0|0|0|^ ^|^ ^|^ ^|^ ^|^^|^00^|^^|0|0|^^|^ ^
^2026^|^01^|^527268^|^015^|^08^|^WA^|^4715^|^EBA^|^03^|^51^|^2^|^994^|^002^|^ E^|^523119^|^026^|^A^|^0^|^0^|^ ^|^0^|0|0|0|^ ^|^ ^|^ ^|^ ^|^^|^00^|^^|0|0|^^|^ ^
^2026^|^01^|^527268^|^015^|^08^|^WA^|^4715^|^EBA^|^03^|^51^|^2^|^994^|^002^|^TJ^|^523121^|^026^|^A^|^0^|^0^|^ ^|^0^|0|0|0|^ ^|^ ^|^ ^|^ ^|^^|^00^|^^|0|0|^^|^ ^
^2026^|^01^|^527268^|^015^|^08^|^WA^|^4715^|^EBB^|^03^|^51^|^2^|^004^|^100^|^RA^|^533111^|^026^|^A^|^0^|^0^|^ ^|^0^|0|0|0|^ ^|^ ^|^ ^|^ ^|^^|^00^|^^|0|0|^^|^ ^
^2026^|^01^|^527268^|^015^|^08^|^WA^|^4715^|^EBD^|^03^|^51^|^2^|^Z36^|^100^|^ A^|^521211^|^026^|^A^|^0^|^0^|^ ^|^0^|0|0|0|^ ^|^ ^|^ ^|^ ^|^^|^00^|^^|0|0|^^|^ ^
^2026^|^01^|^527268^|^015^|^08^|^WA^|^4715^|^EBD^|^03^|^51^|^2^|^Z26^|^100^|^ A^|^521211^|^026^|^A^|^0^|^0^|^ ^|^0^|0|0|0|^ ^|^ ^|^ ^|^ ^|^^|^00^|^^|0|0|^^|^ ^
^2026^|^01^|^527268^|^015^|^08^|^WA^|^4715^|^EBD^|^03^|^51^|^2^|^Z26^|^100^|^ A^|^524111^|^026^|^A^|^0^|^0^|^ ^|^0^|0|0|0|^ ^|^ ^|^ ^|^ ^|^^|^00^|^^|0|0|^^|^ ^
^2026^|^01^|^527268^|^015^|^08^|^WA^|^4715^|^EBD^|^03^|^51^|^2^|^Z26^|^100^|^ A^|^524113^|^026^|^A^|^0^|^0^|^ ^|^0^|0|0|0|^ ^|^ ^|^ ^|^ ^|^^|^00^|^^|0|0|^^|^ ^
^2026^|^01^|^527268^|^015^|^08^|^WA^|^4718^|^BMB^|^03^|^51^|^2^|^002^|^100^|^ A^|^521211^|^026^|^A^|^0^|^0^|^ ^|^0^|0|0|0|^ ^|^ ^|^ ^|^ ^|^^|^00^|^^|0|0|^^|^ ^
^2026^|^01^|^527268^|^015^|^08^|^WA^|^4718^|^BMB^|^03^|^51^|^2^|^002^|^100^|^ A^|^521219^|^026^|^A^|^0^|^0^|^ ^|^0^|0|0|0|^ ^|^ ^|^ ^|^ ^|^^|^00^|^^|0|0|^^|^ ^
^2026^|^01^|^527268^|^015^|^08^|^WA^|^4718^|^BMB^|^03^|^51^|^2^|^001^|^100^|^ A^|^521211^|^026^|^A^|^0^|^0^|^ ^|^0^|0|0|0|^ ^|^ ^|^ ^|^ ^|^^|^00^|^^|0|0|^^|^ ^
^2026^|^01^|^527268^|^015^|^08^|^WA^|^4719^|^EBA^|^03^|^51^|^2^|^005^|^100^|^ A^|^524111^|^026^|^A^|^0^|^0^|^ ^|^0^|0|0|0|^ ^|^ ^|^ ^|^ ^|^^|^00^|^^|0|0|^^|^ ^
^2026^|^01^|^527268^|^015^|^08^|^WA^|^4719^|^EBA^|^03^|^51^|^2^|^005^|^100^|^ A^|^524113^|^026^|^A^|^0^|^0^|^ ^|^0^|0|0|0|^ ^|^ ^|^ ^|^ ^|^^|^00^|^^|0|0|^^|^ ^
^2026^|^01^|^527268^|^015^|^08^|^WA^|^4719^|^EBA^|^03^|^51^|^2^|^005^|^100^|^ B^|^524111^|^026^|^A^|^0^|^0^|^ ^|^0^|0|0|0|^ ^|^ ^|^ ^|^ ^|^^|^00^|^^|0|0|^^|^ ^
^2026^|^01^|^527268^|^015^|^08^|^WA^|^4719^|^EBA^|^03^|^51^|^2^|^005^|^100^|^ B^|^524113^|^026^|^A^|^0^|^0^|^ ^|^0^|0|0|0|^ ^|^ ^|^ ^|^ ^|^^|^00^|^^|0|0|^^|^ ^
^2026^|^01^|^527268^|^015^|^08^|^WA^|^4719^|^EBA^|^03^|^51^|^2^|^003^|^100^|^ A^|^524111^|^026^|^A^|^0^|^0^|^ ^|^0^|0|0|0|^ ^|^ ^|^ ^|^ ^|^^|^00^|^^|0|0|^^|^ ^
^2026^|^01^|^527268^|^015^|^08^|^WA^|^4719^|^EBA^|^03^|^51^|^2^|^003^|^100^|^ A^|^524113^|^026^|^A^|^0^|^0^|^ ^|^0^|0|0|0|^ ^|^ ^|^ ^|^ ^|^^|^00^|^^|0|0|^^|^ ^
^2026^|^01^|^527268^|^015^|^08^|^WA^|^4719^|^EBA^|^03^|^51^|^2^|^003^|^100^|^ B^|^521211^|^026^|^A^|^0^|^0^|^ ^|^0^|0|0|0|^ ^|^ ^|^ ^|^ ^|^^|^00^|^^|0|0|^^|^ ^
^2026^|^01^|^527268^|^015^|^08^|^WA^|^4719^|^EBA^|^03^|^51^|^2^|^994^|^001^|^ A^|^511129^|^026^|^A^|^0^|^0^|^ ^|^0^|0|0|0|^ ^|^ ^|^ ^|^ ^|^^|^00^|^^|0|0|^^|^ ^
^2026^|^01^|^527268^|^015^|^08^|^WA^|^4719^|^EBA^|^03^|^51^|^2^|^994^|^001^|^ A^|^512211^|^026^|^A^|^0^|^0^|^ ^|^0^|0|0|0|^ ^|^ ^|^ ^|^ ^|^^|^00^|^^|0|0|^^|^ ^
^2026^|^01^|^527268^|^015^|^08^|^WA^|^4719^|^EBC^|^03^|^51^|^2^|^001^|^100^|^XC^|^521211^|^026^|^A^|^0^|^0^|^ ^|^0^|0|0|0|^ ^|^ ^|^ ^|^ ^|^^|^00^|^^|0|0|^^|^ ^
^2026^|^01^|^527268^|^015^|^08^|^WA^|^4719^|^EBC^|^03^|^51^|^2^|^001^|^100^|^XC^|^522151^|^026^|^A^|^0^|^0^|^ ^|^0^|0|0|0|^ ^|^ ^|^ ^|^ ^|^^|^00^|^^|0|0|^^|^ ^
^2026^|^01^|^527268^|^015^|^08^|^WA^|^4719^|^EBC^|^03^|^51^|^2^|^001^|^100^|^XC^|^524113^|^026^|^A^|^0^|^0^|^ ^|^0^|0|0|0|^ ^|^ ^|^ ^|^ ^|^^|^00^|^^|0|0|^^|^ ^
^2026^|^01^|^527268^|^015^|^08^|^WA^|^4722^|^EBD^|^03^|^51^|^2^|^001^|^100^|^ A^|^521211^|^026^|^A^|^0^|^0^|^ ^|^0^|0|0|0|^ ^|^ ^|^ ^|^ ^|^^|^00^|^^|0|0|^^|^ ^
^2026^|^01^|^527268^|^015^|^08^|^WA^|^4722^|^EBD^|^03^|^51^|^2^|^001^|^100^|^ B^|^524111^|^026^|^A^|^0^|^0^|^ ^|^0^|0|0|0|^ ^|^ ^|^ ^|^ ^|^^|^00^|^^|0|0|^^|^ ^
^2026^|^01^|^527268^|^015^|^08^|^WA^|^4722^|^EBD^|^03^|^51^|^2^|^001^|^100^|^ B^|^524113^|^026^|^A^|^0^|^0^|^ ^|^0^|0|0|0|^ ^|^ ^|^ ^|^ ^|^^|^00^|^^|0|0|^^|^ ^
^2026^|^01^|^527293^|^015^|^08^|^CD^|^6212^|^BMB^|^03^|^22^|^2^|^001^|^100^|^ A^|^524111^|^027^|^A^|^0^|^0^|^ ^|^0^|0|0|0|^ ^|^ ^|^ ^|^ ^|^^|^00^|^^|0|0|^^|^ ^
^2026^|^01^|^527293^|^015^|^08^|^CD^|^6212^|^BMB^|^03^|^22^|^2^|^001^|^100^|^ A^|^524113^|^027^|^A^|^0^|^0^|^ ^|^0^|0|0|0|^ ^|^ ^|^ ^|^ ^|^^|^00^|^^|0|0|^^|^ ^
^2026^|^01^|^527293^|^015^|^08^|^CD^|^6212^|^FAC^|^03^|^22^|^2^|^001^|^100^|^ A^|^521211^|^027^|^A^|^0^|^0^|^ ^|^0^|0|0|0|^ ^|^ ^|^ ^|^ ^|^^|^00^|^^|0|0|^^|^ ^
^2026^|^01^|^527293^|^015^|^08^|^CD^|^6212^|^FAC^|^03^|^22^|^2^|^001^|^100^|^ B^|^521211^|^027^|^A^|^0^|^0^|^ ^|^0^|0|0|0|^ ^|^ ^|^ ^|^ ^|^^|^00^|^^|0|0|^^|^ ^
^2026^|^01^|^527293^|^015^|^08^|^CD^|^6212^|^FAH^|^03^|^22^|^2^|^001^|^100^|^ A^|^521211^|^027^|^A^|^0^|^0^|^ ^|^0^|0|0|0|^ ^|^ ^|^ ^|^ ^|^^|^00^|^^|0|0|^^|^ ^
^2026^|^01^|^527293^|^015^|^08^|^CD^|^6212^|^FAL^|^03^|^22^|^2^|^004^|^100^|^ A^|^521211^|^027^|^A^|^0^|^0^|^ ^|^0^|0|0|0|^ ^|^ ^|^ ^|^ ^|^^|^00^|^^|0|0|^^|^ ^
^2026^|^01^|^527293^|^015^|^08^|^CD^|^6212^|^FAL^|^03^|^22^|^2^|^004^|^100^|^ B^|^521211^|^027^|^A^|^0^|^0^|^ ^|^0^|0|0|0|^ ^|^ ^|^ ^|^ ^|^^|^00^|^^|0|0|^^|^ ^
^2026^|^01^|^527293^|^015^|^08^|^CD^|^6212^|^FAL^|^03^|^22^|^2^|^004^|^100^|^ D^|^524111^|^027^|^A^|^0^|^0^|^ ^|^0^|0|0|0|^ ^|^ ^|^ ^|^ ^|^^|^00^|^^|0|0|^^|^ ^
^2026^|^01^|^527293^|^015^|^08^|^CD^|^6212^|^FAL^|^03^|^22^|^2^|^004^|^100^|^ D^|^524113^|^027^|^A^|^0^|^0^|^ ^|^0^|0|0|0|^ ^|^ ^|^ ^|^ ^|^^|^00^|^^|0|0|^^|^ ^
^2026^|^01^|^527293^|^015^|^08^|^CD^|^6213^|^FAC^|^03^|^22^|^2^|^001^|^100^|^ A^|^521211^|^027^|^A^|^0^|^0^|^ ^|^0^|0|0|0|^ ^|^ ^|^ ^|^ ^|^^|^00^|^^|0|0|^^|^ ^
^2026^|^01^|^527293^|^015^|^08^|^CD^|^6213^|^FAE^|^03^|^22^|^2^|^009^|^100^|^ A^|^524111^|^027^|^A^|^0^|^0^|^ ^|^0^|0|0|0|^ ^|^ ^|^ ^|^ ^|^^|^00^|^^|0|0|^^|^ ^
^2026^|^01^|^527293^|^015^|^08^|^CD^|^6213^|^FAE^|^03^|^22^|^2^|^009^|^100^|^ A^|^524113^|^027^|^A^|^0^|^0^|^ ^|^0^|0|0|0|^ ^|^ ^|^ ^|^ ^|^^|^00^|^^|0|0|^^|^ ^
^2026^|^01^|^527293^|^015^|^08^|^CD^|^6213^|^FAL^|^03^|^22^|^2^|^003^|^100^|^ A^|^524111^|^027^|^A^|^0^|^0^|^ ^|^0^|0|0|0|^ ^|^ ^|^ ^|^ ^|^^|^00^|^^|0|0|^^|^ ^
^2026^|^01^|^527293^|^015^|^08^|^CD^|^6213^|^FAL^|^03^|^22^|^2^|^003^|^100^|^ A^|^524113^|^027^|^A^|^0^|^0^|^ ^|^0^|0|0|0|^ ^|^ ^|^ ^|^ ^|^^|^00^|^^|0|0|^^|^ ^
^2026^|^01^|^527293^|^015^|^08^|^CD^|^6214^|^FAL^|^03^|^22^|^2^|^002^|^100^|^ A^|^521211^|^027^|^A^|^0^|^0^|^ ^|^0^|0|0|0|^ ^|^ ^|^ ^|^ ^|^^|^00^|^^|0|0|^^|^ ^
^2026^|^01^|^527293^|^015^|^08^|^CD^|^6214^|^FAL^|^03^|^22^|^2^|^002^|^100^|^ B^|^521211^|^027^|^A^|^0^|^0^|^ ^|^0^|0|0|0|^ ^|^ ^|^ ^|^ ^|^^|^00^|^^|0|0|^^|^ ^
^2026^|^01^|^527293^|^015^|^08^|^CD^|^6215^|^FAH^|^03^|^22^|^2^|^003^|^100^|^ A^|^521211^|^027^|^A^|^0^|^0^|^ ^|^0^|0|0|0|^ ^|^ ^|^ ^|^ ^|^^|^00^|^^|0|0|^^|^ ^
^2026^|^01^|^527293^|^015^|^08^|^CD^|^6215^|^FAH^|^03^|^22^|^2^|^003^|^100^|^ B^|^524111^|^027^|^A^|^0^|^0^|^ ^|^0^|0|0|0|^ ^|^ ^|^ ^|^ ^|^^|^00^|^^|0|0|^^|^ ^
^2026^|^01^|^527293^|^015^|^08^|^WA^|^4715^|^EBA^|^03^|^22^|^2^|^001^|^100^|^ A^|^521811^|^027^|^A^|^0^|^0^|^ ^|^0^|0|0|0|^ ^|^ ^|^ ^|^ ^|^^|^00^|^^|0|0|^^|^ ^
^2026^|^01^|^527293^|^015^|^08^|^WA^|^4715^|^EBA^|^03^|^22^|^2^|^001^|^100^|^ B^|^522151^|^027^|^A^|^0^|^0^|^ ^|^0^|0|0|0|^ ^|^ ^|^ ^|^ ^|^^|^00^|^^|0|0|^^|^ ^
^2026^|^01^|^527293^|^015^|^08^|^WA^|^4715^|^EBA^|^03^|^22^|^2^|^001^|^100^|^ B^|^524111^|^027^|^A^|^0^|^0^|^ ^|^0^|0|0|0|^ ^|^ ^|^ ^|^ ^|^^|^00^|^^|0|0|^^|^ ^
^2026^|^01^|^527293^|^015^|^08^|^WA^|^4715^|^EBA^|^03^|^22^|^2^|^994^|^002^|^ A^|^521111^|^027^|^A^|^0^|^0^|^ ^|^0^|0|0|0|^ ^|^ ^|^ ^|^ ^|^^|^00^|^^|0|0|^^|^ ^
^2026^|^01^|^527293^|^015^|^08^|^WA^|^4715^|^EBA^|^03^|^22^|^2^|^994^|^002^|^ A^|^521119^|^027^|^A^|^0^|^0^|^ ^|^0^|0|0|0|^ ^|^ ^|^ ^|^ ^|^^|^00^|^^|0|0|^^|^ ^
^2026^|^01^|^527293^|^015^|^08^|^WA^|^4715^|^EBA^|^03^|^22^|^2^|^994^|^002^|^ A^|^521811^|^027^|^A^|^0^|^0^|^ ^|^0^|0|0|0|^ ^|^ ^|^ ^|^ ^|^^|^00^|^^|0|0|^^|^ ^
^2026^|^01^|^527293^|^015^|^08^|^WA^|^4715^|^EBA^|^03^|^22^|^2^|^994^|^002^|^ B^|^521114^|^027^|^A^|^0^|^0^|^ ^|^0^|0|0|0|^ ^|^ ^|^ ^|^ ^|^^|^00^|^^|0|0|^^|^ ^
^2026^|^01^|^527293^|^015^|^08^|^WA^|^4715^|^EBA^|^03^|^22^|^2^|^994^|^002^|^ B^|^522113^|^027^|^A^|^0^|^0^|^ ^|^0^|0|0|0|^ ^|^ ^|^ ^|^ ^|^^|^00^|^^|0|0|^^|^ ^
^2026^|^01^|^527293^|^015^|^08^|^WA^|^4715^|^EBA^|^03^|^22^|^2^|^994^|^002^|^ C^|^521113^|^027^|^A^|^0^|^0^|^ ^|^0^|0|0|0|^ ^|^ ^|^ ^|^ ^|^^|^00^|^^|0|0|^^|^ ^
^2026^|^01^|^527293^|^015^|^08^|^WA^|^4715^|^EBA^|^03^|^22^|^2^|^994^|^002^|^ C^|^521115^|^027^|^A^|^0^|^0^|^ ^|^0^|0|0|0|^ ^|^ ^|^ ^|^ ^|^^|^00^|^^|0|0|^^|^ ^
^2026^|^01^|^527293^|^015^|^08^|^WA^|^4715^|^EBA^|^03^|^22^|^2^|^994^|^002^|^ C^|^521119^|^027^|^A^|^0^|^0^|^ ^|^0^|0|0|0|^ ^|^ ^|^ ^|^ ^|^^|^00^|^^|0|0|^^|^ ^
^2026^|^01^|^527293^|^015^|^08^|^WA^|^4715^|^EBA^|^03^|^22^|^2^|^994^|^002^|^ D^|^523121^|^027^|^A^|^0^|^0^|^ ^|^0^|0|0|0|^ ^|^ ^|^ ^|^ ^|^^|^00^|^^|0|0|^^|^ ^
^2026^|^01^|^527293^|^015^|^08^|^WA^|^4715^|^EBA^|^03^|^22^|^2^|^994^|^002^|^ G^|^523111^|^027^|^A^|^0^|^0^|^ ^|^0^|0|0|0|^ ^|^ ^|^ ^|^ ^|^^|^00^|^^|0|0|^^|^ ^
^2026^|^01^|^527293^|^015^|^08^|^WA^|^4715^|^EBA^|^03^|^22^|^2^|^994^|^002^|^ G^|^523119^|^027^|^A^|^0^|^0^|^ ^|^0^|0|0|0|^ ^|^ ^|^ ^|^ ^|^^|^00^|^^|0|0|^^|^ ^
^2026^|^01^|^527293^|^015^|^08^|^WA^|^4715^|^EBA^|^03^|^22^|^2^|^994^|^002^|^TJ^|^523121^|^027^|^A^|^0^|^0^|^ ^|^0^|0|0|0|^ ^|^ ^|^ ^|^ ^|^^|^00^|^^|0|0|^^|^ ^
^2026^|^01^|^527293^|^015^|^08^|^WA^|^4715^|^EBA^|^03^|^22^|^2^|^002^|^100^|^ A^|^524111^|^027^|^A^|^0^|^0^|^ ^|^0^|0|0|0|^ ^|^ ^|^ ^|^ ^|^^|^00^|^^|0|0|^^|^ ^
^2026^|^01^|^527293^|^015^|^08^|^WA^|^4715^|^EBA^|^03^|^22^|^2^|^002^|^100^|^ A^|^524113^|^027^|^A^|^0^|^0^|^ ^|^0^|0|0|0|^ ^|^ ^|^ ^|^ ^|^^|^00^|^^|0|0|^^|^ ^
^2026^|^01^|^527293^|^015^|^08^|^WA^|^4715^|^EBD^|^03^|^22^|^2^|^Z36^|^100^|^ B^|^524111^|^027^|^A^|^0^|^0^|^ ^|^0^|0|0|0|^ ^|^ ^|^ ^|^ ^|^^|^00^|^^|0|0|^^|^ ^
^2026^|^01^|^527293^|^015^|^08^|^WA^|^4718^|^BMB^|^03^|^22^|^2^|^002^|^100^|^ A^|^521219^|^027^|^A^|^0^|^0^|^ ^|^0^|0|0|0|^ ^|^ ^|^ ^|^ ^|^^|^00^|^^|0|0|^^|^ ^
^2026^|^01^|^527293^|^015^|^08^|^WA^|^4718^|^BMB^|^03^|^22^|^2^|^001^|^100^|^ A^|^521211^|^027^|^A^|^0^|^0^|^ ^|^0^|0|0|0|^ ^|^ ^|^ ^|^ ^|^^|^00^|^^|0|0|^^|^ ^
^2026^|^01^|^527293^|^015^|^08^|^WA^|^4719^|^EBA^|^03^|^22^|^2^|^994^|^001^|^ A^|^511129^|^027^|^A^|^0^|^0^|^ ^|^0^|0|0|0|^ ^|^ ^|^ ^|^ ^|^^|^00^|^^|0|0|^^|^ ^
^2026^|^01^|^527293^|^015^|^08^|^WA^|^4719^|^EBA^|^03^|^22^|^2^|^994^|^001^|^ A^|^512211^|^027^|^A^|^0^|^0^|^ ^|^0^|0|0|0|^ ^|^ ^|^ ^|^ ^|^^|^00^|^^|0|0|^^|^ ^
^2026^|^01^|^527293^|^015^|^08^|^WA^|^4719^|^EBA^|^03^|^22^|^2^|^004^|^100^|^ A^|^521211^|^027^|^A^|^0^|^0^|^ ^|^0^|0|0|0|^ ^|^ ^|^ ^|^ ^|^^|^00^|^^|0|0|^^|^ ^
^2026^|^01^|^527293^|^015^|^08^|^WA^|^4719^|^EBC^|^03^|^22^|^2^|^001^|^100^|^XC^|^521211^|^027^|^A^|^0^|^0^|^ ^|^0^|0|0|0|^ ^|^ ^|^ ^|^ ^|^^|^00^|^^|0|0|^^|^ ^
^2026^|^01^|^527293^|^015^|^08^|^WA^|^4719^|^EBC^|^03^|^22^|^2^|^001^|^100^|^XC^|^522151^|^027^|^A^|^0^|^0^|^ ^|^0^|0|0|0|^ ^|^ ^|^ ^|^ ^|^^|^00^|^^|0|0|^^|^ ^
^2026^|^01^|^527293^|^015^|^08^|^WA^|^4719^|^EBC^|^03^|^22^|^2^|^001^|^100^|^XC^|^524113^|^027^|^A^|^0^|^0^|^ ^|^0^|0|0|0|^ ^|^ ^|^ ^|^ ^|^^|^00^|^^|0|0|^^|^ ^
^2026^|^01^|^527301^|^015^|^08^|^CD^|^6212^|^BMB^|^03^|^15^|^2^|^001^|^100^|^ A^|^524111^|^029^|^A^|^0^|^0^|^ ^|^0^|0|0|0|^ ^|^ ^|^ ^|^ ^|^^|^21^|^^|0|0|^^|^ ^
^2026^|^01^|^527301^|^015^|^08^|^CD^|^6212^|^FAC^|^03^|^15^|^2^|^001^|^100^|^ A^|^521211^|^029^|^A^|^0^|^0^|^ ^|^0^|0|0|0|^ ^|^ ^|^ ^|^ ^|^^|^00^|^^|0|0|^^|^ ^
^2026^|^01^|^527301^|^015^|^08^|^CD^|^6212^|^FAC^|^03^|^15^|^2^|^001^|^100^|^ B^|^521211^|^029^|^A^|^0^|^0^|^ ^|^0^|0|0|0|^ ^|^ ^|^ ^|^ ^|^^|^00^|^^|0|0|^^|^ ^
^2026^|^01^|^527301^|^015^|^08^|^CD^|^6212^|^FAH^|^03^|^15^|^2^|^001^|^100^|^ A^|^521211^|^029^|^A^|^0^|^0^|^ ^|^0^|0|0|0|^ ^|^ ^|^ ^|^ ^|^^|^00^|^^|0|0|^^|^ ^
^2026^|^01^|^527301^|^015^|^08^|^CD^|^6212^|^FAL^|^03^|^15^|^2^|^004^|^100^|^ A^|^521211^|^029^|^A^|^0^|^0^|^ ^|^0^|0|0|0|^ ^|^ ^|^ ^|^ ^|^^|^00^|^^|0|0|^^|^ ^
^2026^|^01^|^527301^|^015^|^08^|^CD^|^6212^|^FAL^|^03^|^15^|^2^|^004^|^100^|^ B^|^521211^|^029^|^A^|^0^|^0^|^ ^|^0^|0|0|0|^ ^|^ ^|^ ^|^ ^|^^|^00^|^^|0|0|^^|^ ^
^2026^|^01^|^527301^|^015^|^08^|^CD^|^6212^|^FAL^|^03^|^15^|^2^|^004^|^100^|^ D^|^524111^|^029^|^A^|^0^|^0^|^ ^|^0^|0|0|0|^ ^|^ ^|^ ^|^ ^|^^|^00^|^^|0|0|^^|^ ^
^2026^|^01^|^527301^|^015^|^08^|^CD^|^6213^|^FAC^|^03^|^15^|^2^|^001^|^100^|^ A^|^521211^|^029^|^A^|^0^|^0^|^ ^|^0^|0|0|0|^ ^|^ ^|^ ^|^ ^|^^|^00^|^^|0|0|^^|^ ^
^2026^|^01^|^527301^|^015^|^08^|^CD^|^6213^|^FAE^|^03^|^15^|^2^|^009^|^100^|^ A^|^524111^|^029^|^A^|^0^|^0^|^ ^|^0^|0|0|0|^ ^|^ ^|^ ^|^ ^|^^|^21^|^^|0|0|^^|^ ^
^2026^|^01^|^527301^|^015^|^08^|^CD^|^6213^|^FAL^|^03^|^15^|^2^|^003^|^100^|^ A^|^524111^|^029^|^A^|^0^|^0^|^ ^|^0^|0|0|0|^ ^|^ ^|^ ^|^ ^|^^|^00^|^^|0|0|^^|^ ^
^2026^|^01^|^527301^|^015^|^08^|^CD^|^6214^|^FAL^|^03^|^15^|^2^|^002^|^100^|^ A^|^521211^|^029^|^A^|^0^|^0^|^ ^|^0^|0|0|0|^ ^|^ ^|^ ^|^ ^|^^|^00^|^^|0|0|^^|^ ^
^2026^|^01^|^527301^|^015^|^08^|^CD^|^6214^|^FAL^|^03^|^15^|^2^|^002^|^100^|^ B^|^521211^|^029^|^A^|^0^|^0^|^ ^|^0^|0|0|0|^ ^|^ ^|^ ^|^ ^|^^|^00^|^^|0|0|^^|^ ^
^2026^|^01^|^527301^|^015^|^08^|^CD^|^6215^|^FAH^|^03^|^15^|^2^|^003^|^100^|^ A^|^521211^|^029^|^A^|^0^|^0^|^ ^|^0^|0|0|0|^ ^|^ ^|^ ^|^ ^|^^|^00^|^^|0|0|^^|^ ^
^2026^|^01^|^527301^|^015^|^08^|^CD^|^6215^|^FAH^|^03^|^15^|^2^|^003^|^100^|^ B^|^524111^|^029^|^A^|^0^|^0^|^ ^|^0^|0|0|0|^ ^|^ ^|^ ^|^ ^|^^|^00^|^^|0|0|^^|^ ^
^2026^|^01^|^527301^|^015^|^08^|^WA^|^4715^|^EBA^|^03^|^15^|^2^|^001^|^100^|^ A^|^521811^|^029^|^A^|^0^|^0^|^ ^|^0^|0|0|0|^ ^|^ ^|^ ^|^ ^|^^|^00^|^^|0|0|^^|^ ^
^2026^|^01^|^527301^|^015^|^08^|^WA^|^4715^|^EBA^|^03^|^15^|^2^|^001^|^100^|^ B^|^522151^|^029^|^A^|^0^|^0^|^ ^|^0^|0|0|0|^ ^|^ ^|^ ^|^ ^|^^|^00^|^^|0|0|^^|^ ^
^2026^|^01^|^527301^|^015^|^08^|^WA^|^4715^|^EBA^|^03^|^15^|^2^|^001^|^100^|^ B^|^524111^|^029^|^A^|^0^|^0^|^ ^|^0^|0|0|0|^ ^|^ ^|^ ^|^ ^|^^|^00^|^^|0|0|^^|^ ^
^2026^|^01^|^527301^|^015^|^08^|^WA^|^4715^|^EBA^|^03^|^15^|^2^|^994^|^002^|^ A^|^521111^|^029^|^A^|^0^|^0^|^ ^|^0^|0|0|0|^ ^|^ ^|^ ^|^ ^|^^|^00^|^^|0|0|^^|^ ^
^2026^|^01^|^527301^|^015^|^08^|^WA^|^4715^|^EBA^|^03^|^15^|^2^|^994^|^002^|^ A^|^521119^|^029^|^A^|^0^|^0^|^ ^|^0^|0|0|0|^ ^|^ ^|^ ^|^ ^|^^|^00^|^^|0|0|^^|^ ^
^2026^|^01^|^527301^|^015^|^08^|^WA^|^4715^|^EBA^|^03^|^15^|^2^|^994^|^002^|^ A^|^521811^|^029^|^A^|^0^|^0^|^ ^|^0^|0|0|0|^ ^|^ ^|^ ^|^ ^|^^|^00^|^^|0|0|^^|^ ^
^2026^|^01^|^527301^|^015^|^08^|^WA^|^4715^|^EBA^|^03^|^15^|^2^|^994^|^002^|^ B^|^521114^|^029^|^A^|^0^|^0^|^ ^|^0^|0|0|0|^ ^|^ ^|^ ^|^ ^|^^|^00^|^^|0|0|^^|^ ^
^2026^|^01^|^527301^|^015^|^08^|^WA^|^4715^|^EBA^|^03^|^15^|^2^|^994^|^002^|^ B^|^522112^|^029^|^A^|^0^|^0^|^ ^|^0^|0|0|0|^ ^|^ ^|^ ^|^ ^|^^|^00^|^^|0|0|^^|^ ^
^2026^|^01^|^527301^|^015^|^08^|^WA^|^4715^|^EBA^|^03^|^15^|^2^|^994^|^002^|^ B^|^522113^|^029^|^A^|^0^|^0^|^ ^|^0^|0|0|0|^ ^|^ ^|^ ^|^ ^|^^|^00^|^^|0|0|^^|^ ^
^2026^|^01^|^527301^|^015^|^08^|^WA^|^4715^|^EBA^|^03^|^15^|^2^|^994^|^002^|^ C^|^521113^|^029^|^A^|^0^|^0^|^ ^|^0^|0|0|0|^ ^|^ ^|^ ^|^ ^|^^|^00^|^^|0|0|^^|^ ^
^2026^|^01^|^527301^|^015^|^08^|^WA^|^4715^|^EBA^|^03^|^15^|^2^|^994^|^002^|^ C^|^521115^|^029^|^A^|^0^|^0^|^ ^|^0^|0|0|0|^ ^|^ ^|^ ^|^ ^|^^|^00^|^^|0|0|^^|^ ^
^2026^|^01^|^527301^|^015^|^08^|^WA^|^4715^|^EBA^|^03^|^15^|^2^|^994^|^002^|^ C^|^521119^|^029^|^A^|^0^|^0^|^ ^|^0^|0|0|0|^ ^|^ ^|^ ^|^ ^|^^|^00^|^^|0|0|^^|^ ^
^2026^|^01^|^527301^|^015^|^08^|^WA^|^4715^|^EBA^|^03^|^15^|^2^|^994^|^002^|^ D^|^523121^|^029^|^A^|^0^|^0^|^ ^|^0^|0|0|0|^ ^|^ ^|^ ^|^ ^|^^|^00^|^^|0|0|^^|^ ^
^2026^|^01^|^527301^|^015^|^08^|^WA^|^4715^|^EBA^|^03^|^15^|^2^|^994^|^002^|^ E^|^523111^|^029^|^A^|^0^|^0^|^ ^|^0^|0|0|0|^ ^|^ ^|^ ^|^ ^|^^|^00^|^^|0|0|^^|^ ^
^2026^|^01^|^527301^|^015^|^08^|^WA^|^4715^|^EBA^|^03^|^15^|^2^|^994^|^002^|^ E^|^523119^|^029^|^A^|^0^|^0^|^ ^|^0^|0|0|0|^ ^|^ ^|^ ^|^ ^|^^|^00^|^^|0|0|^^|^ ^
^2026^|^01^|^527301^|^015^|^08^|^WA^|^4715^|^EBA^|^03^|^15^|^2^|^994^|^002^|^TJ^|^523121^|^029^|^A^|^0^|^0^|^ ^|^0^|0|0|0|^ ^|^ ^|^ ^|^ ^|^^|^00^|^^|0|0|^^|^ ^
^2026^|^01^|^527301^|^015^|^08^|^WA^|^4715^|^EBA^|^03^|^15^|^2^|^002^|^100^|^ A^|^524111^|^029^|^A^|^0^|^0^|^ ^|^0^|0|0|0|^ ^|^ ^|^ ^|^ ^|^^|^00^|^^|0|0|^^|^ ^
^2026^|^01^|^527301^|^015^|^08^|^WA^|^4715^|^EBD^|^03^|^15^|^2^|^Z36^|^100^|^ B^|^524111^|^029^|^A^|^0^|^0^|^ ^|^0^|0|0|0|^ ^|^ ^|^ ^|^ ^|^^|^00^|^^|0|0|^^|^ ^
^2026^|^01^|^527301^|^015^|^08^|^WA^|^4718^|^BMB^|^03^|^15^|^2^|^002^|^100^|^ A^|^521219^|^029^|^A^|^0^|^0^|^ ^|^0^|0|0|0|^ ^|^ ^|^ ^|^ ^|^^|^00^|^^|0|0|^^|^ ^
^2026^|^01^|^527301^|^015^|^08^|^WA^|^4718^|^BMB^|^03^|^15^|^2^|^001^|^100^|^ A^|^521211^|^029^|^A^|^0^|^0^|^ ^|^0^|0|0|0|^ ^|^ ^|^ ^|^ ^|^^|^00^|^^|0|0|^^|^ ^
^2026^|^01^|^527301^|^015^|^08^|^WA^|^4719^|^EBA^|^03^|^15^|^2^|^994^|^001^|^ A^|^511129^|^029^|^A^|^0^|^0^|^ ^|^0^|0|0|0|^ ^|^ ^|^ ^|^ ^|^^|^00^|^^|0|0|^^|^ ^
^2026^|^01^|^527301^|^015^|^08^|^WA^|^4719^|^EBA^|^03^|^15^|^2^|^994^|^001^|^ A^|^512211^|^029^|^A^|^0^|^0^|^ ^|^0^|0|0|0|^ ^|^ ^|^ ^|^ ^|^^|^00^|^^|0|0|^^|^ ^
^2026^|^01^|^527301^|^015^|^08^|^WA^|^4719^|^EBA^|^03^|^15^|^2^|^004^|^100^|^ A^|^521211^|^029^|^A^|^0^|^0^|^ ^|^0^|0|0|0|^ ^|^ ^|^ ^|^ ^|^^|^00^|^^|0|0|^^|^ ^
^2026^|^01^|^527301^|^015^|^08^|^WA^|^4719^|^EBC^|^03^|^15^|^2^|^001^|^100^|^XC^|^521211^|^029^|^A^|^0^|^0^|^ ^|^0^|0|0|0|^ ^|^ ^|^ ^|^ ^|^^|^00^|^^|0|0|^^|^ ^
^2026^|^01^|^527301^|^015^|^08^|^WA^|^4719^|^EBC^|^03^|^15^|^2^|^001^|^100^|^XC^|^522151^|^029^|^A^|^0^|^0^|^ ^|^0^|0|0|0|^ ^|^ ^|^ ^|^ ^|^^|^00^|^^|0|0|^^|^ ^
^2026^|^01^|^527301^|^015^|^08^|^WA^|^4719^|^EBC^|^03^|^15^|^2^|^001^|^100^|^XC^|^524113^|^029^|^A^|^0^|^0^|^ ^|^0^|0|0|0|^ ^|^ ^|^ ^|^ ^|^^|^00^|^^|0|0|^^|^ ^
^2026^|^01^|^527315^|^015^|^08^|^CD^|^6212^|^BMB^|^03^|^53^|^2^|^001^|^100^|^ A^|^524111^|^072^|^A^|^0^|^0^|^ ^|^0^|0|0|0|^ ^|^ ^|^ ^|^ ^|^^|^00^|^^|0|0|^^|^ ^
^2026^|^01^|^527315^|^015^|^08^|^CD^|^6212^|^BMB^|^03^|^53^|^2^|^001^|^100^|^ A^|^524113^|^072^|^A^|^0^|^0^|^ ^|^0^|0|0|0|^ ^|^ ^|^ ^|^ ^|^^|^00^|^^|0|0|^^|^ ^
^2026^|^01^|^527315^|^015^|^08^|^CD^|^6212^|^FAC^|^03^|^53^|^2^|^001^|^100^|^ A^|^521211^|^072^|^A^|^0^|^0^|^ ^|^0^|0|0|0|^ ^|^ ^|^ ^|^ ^|^^|^00^|^^|0|0|^^|^ ^
^2026^|^01^|^527315^|^015^|^08^|^CD^|^6212^|^FAC^|^03^|^53^|^2^|^001^|^100^|^ B^|^521211^|^072^|^A^|^0^|^0^|^ ^|^0^|0|0|0|^ ^|^ ^|^ ^|^ ^|^^|^00^|^^|0|0|^^|^ ^
^2026^|^01^|^527315^|^015^|^08^|^CD^|^6212^|^FAH^|^03^|^53^|^2^|^001^|^100^|^ A^|^521211^|^072^|^A^|^0^|^0^|^ ^|^0^|0|0|0|^ ^|^ ^|^ ^|^ ^|^^|^00^|^^|0|0|^^|^ ^
^2026^|^01^|^527315^|^015^|^08^|^CD^|^6212^|^FAL^|^03^|^53^|^2^|^004^|^100^|^ A^|^521211^|^072^|^A^|^0^|^0^|^ ^|^0^|0|0|0|^ ^|^ ^|^ ^|^ ^|^^|^00^|^^|0|0|^^|^ ^
^2026^|^01^|^527315^|^015^|^08^|^CD^|^6212^|^FAL^|^03^|^53^|^2^|^004^|^100^|^ B^|^521211^|^072^|^A^|^0^|^0^|^ ^|^0^|0|0|0|^ ^|^ ^|^ ^|^ ^|^^|^00^|^^|0|0|^^|^ ^
^2026^|^01^|^527315^|^015^|^08^|^CD^|^6212^|^FAL^|^03^|^53^|^2^|^004^|^100^|^ D^|^524111^|^072^|^A^|^0^|^0^|^ ^|^0^|0|0|0|^ ^|^ ^|^ ^|^ ^|^^|^00^|^^|0|0|^^|^ ^
^2026^|^01^|^527315^|^015^|^08^|^CD^|^6212^|^FAL^|^03^|^53^|^2^|^004^|^100^|^ D^|^524113^|^072^|^A^|^0^|^0^|^ ^|^0^|0|0|0|^ ^|^ ^|^ ^|^ ^|^^|^00^|^^|0|0|^^|^ ^
^2026^|^01^|^527315^|^015^|^08^|^CD^|^6213^|^FAC^|^03^|^53^|^2^|^001^|^100^|^ A^|^521211^|^072^|^A^|^0^|^0^|^ ^|^0^|0|0|0|^ ^|^ ^|^ ^|^ ^|^^|^00^|^^|0|0|^^|^ ^
^2026^|^01^|^527315^|^015^|^08^|^CD^|^6213^|^FAE^|^03^|^53^|^2^|^009^|^100^|^ A^|^524111^|^072^|^A^|^0^|^0^|^ ^|^0^|0|0|0|^ ^|^ ^|^ ^|^ ^|^^|^00^|^^|0|0|^^|^ ^
^2026^|^01^|^527315^|^015^|^08^|^CD^|^6213^|^FAE^|^03^|^53^|^2^|^009^|^100^|^ A^|^524113^|^072^|^A^|^0^|^0^|^ ^|^0^|0|0|0|^ ^|^ ^|^ ^|^ ^|^^|^00^|^^|0|0|^^|^ ^
^2026^|^01^|^527315^|^015^|^08^|^CD^|^6213^|^FAL^|^03^|^53^|^2^|^003^|^100^|^ A^|^524111^|^072^|^A^|^0^|^0^|^ ^|^0^|0|0|0|^ ^|^ ^|^ ^|^ ^|^^|^00^|^^|0|0|^^|^ ^
^2026^|^01^|^527315^|^015^|^08^|^CD^|^6213^|^FAL^|^03^|^53^|^2^|^003^|^100^|^ A^|^524113^|^072^|^A^|^0^|^0^|^ ^|^0^|0|0|0|^ ^|^ ^|^ ^|^ ^|^^|^00^|^^|0|0|^^|^ ^
^2026^|^01^|^527315^|^015^|^08^|^CD^|^6214^|^FAL^|^03^|^53^|^2^|^002^|^100^|^ A^|^521211^|^072^|^A^|^0^|^0^|^ ^|^0^|0|0|0|^ ^|^ ^|^ ^|^ ^|^^|^00^|^^|0|0|^^|^ ^
^2026^|^01^|^527315^|^015^|^08^|^CD^|^6214^|^FAL^|^03^|^53^|^2^|^002^|^100^|^ B^|^521211^|^072^|^A^|^0^|^0^|^ ^|^0^|0|0|0|^ ^|^ ^|^ ^|^ ^|^^|^00^|^^|0|0|^^|^ ^
^2026^|^01^|^527315^|^015^|^08^|^CD^|^6215^|^FAH^|^03^|^53^|^2^|^003^|^100^|^ A^|^521211^|^072^|^A^|^0^|^0^|^ ^|^0^|0|0|0|^ ^|^ ^|^ ^|^ ^|^^|^00^|^^|0|0|^^|^ ^
^2026^|^01^|^527315^|^015^|^08^|^CD^|^6215^|^FAH^|^03^|^53^|^2^|^003^|^100^|^ B^|^524111^|^072^|^A^|^0^|^0^|^ ^|^0^|0|0|0|^ ^|^ ^|^ ^|^ ^|^^|^00^|^^|0|0|^^|^ ^
^2026^|^01^|^527315^|^015^|^08^|^WA^|^4715^|^EBA^|^03^|^53^|^2^|^001^|^100^|^ A^|^521811^|^072^|^A^|^0^|^0^|^ ^|^0^|0|0|0|^ ^|^ ^|^ ^|^ ^|^^|^00^|^^|0|0|^^|^ ^
^2026^|^01^|^527315^|^015^|^08^|^WA^|^4715^|^EBA^|^03^|^53^|^2^|^001^|^100^|^ B^|^522151^|^072^|^A^|^0^|^0^|^ ^|^0^|0|0|0|^ ^|^ ^|^ ^|^ ^|^^|^00^|^^|0|0|^^|^ ^
^2026^|^01^|^527315^|^015^|^08^|^WA^|^4715^|^EBA^|^03^|^53^|^2^|^001^|^100^|^ B^|^524111^|^072^|^A^|^0^|^0^|^ ^|^0^|0|0|0|^ ^|^ ^|^ ^|^ ^|^^|^00^|^^|0|0|^^|^ ^
^2026^|^01^|^527315^|^015^|^08^|^WA^|^4715^|^EBA^|^03^|^53^|^2^|^994^|^002^|^ A^|^521111^|^072^|^A^|^0^|^0^|^ ^|^0^|0|0|0|^ ^|^ ^|^ ^|^ ^|^^|^00^|^^|0|0|^^|^ ^
^2026^|^01^|^527315^|^015^|^08^|^WA^|^4715^|^EBA^|^03^|^53^|^2^|^994^|^002^|^ A^|^521119^|^072^|^A^|^0^|^0^|^ ^|^0^|0|0|0|^ ^|^ ^|^ ^|^ ^|^^|^00^|^^|0|0|^^|^ ^
^2026^|^01^|^527315^|^015^|^08^|^WA^|^4715^|^EBA^|^03^|^53^|^2^|^994^|^002^|^ A^|^521811^|^072^|^A^|^0^|^0^|^ ^|^0^|0|0|0|^ ^|^ ^|^ ^|^ ^|^^|^00^|^^|0|0|^^|^ ^
^2026^|^01^|^527315^|^015^|^08^|^WA^|^4715^|^EBA^|^03^|^53^|^2^|^994^|^002^|^ B^|^521114^|^072^|^A^|^0^|^0^|^ ^|^0^|0|0|0|^ ^|^ ^|^ ^|^ ^|^^|^00^|^^|0|0|^^|^ ^
^2026^|^01^|^527315^|^015^|^08^|^WA^|^4715^|^EBA^|^03^|^53^|^2^|^994^|^002^|^ B^|^522111^|^072^|^A^|^0^|^0^|^ ^|^0^|0|0|0|^ ^|^ ^|^ ^|^ ^|^^|^00^|^^|0|0|^^|^ ^
^2026^|^01^|^527315^|^015^|^08^|^WA^|^4715^|^EBA^|^03^|^53^|^2^|^994^|^002^|^ B^|^522112^|^072^|^A^|^0^|^0^|^ ^|^0^|0|0|0|^ ^|^ ^|^ ^|^ ^|^^|^00^|^^|0|0|^^|^ ^
^2026^|^01^|^527315^|^015^|^08^|^WA^|^4715^|^EBA^|^03^|^53^|^2^|^994^|^002^|^ B^|^522113^|^072^|^A^|^0^|^0^|^ ^|^0^|0|0|0|^ ^|^ ^|^ ^|^ ^|^^|^00^|^^|0|0|^^|^ ^
^2026^|^01^|^527315^|^015^|^08^|^WA^|^4715^|^EBA^|^03^|^53^|^2^|^994^|^002^|^ C^|^521113^|^072^|^A^|^0^|^0^|^ ^|^0^|0|0|0|^ ^|^ ^|^ ^|^ ^|^^|^00^|^^|0|0|^^|^ ^
^2026^|^01^|^527315^|^015^|^08^|^WA^|^4715^|^EBA^|^03^|^53^|^2^|^994^|^002^|^ C^|^521115^|^072^|^A^|^0^|^0^|^ ^|^0^|0|0|0|^ ^|^ ^|^ ^|^ ^|^^|^00^|^^|0|0|^^|^ ^
^2026^|^01^|^527315^|^015^|^08^|^WA^|^4715^|^EBA^|^03^|^53^|^2^|^994^|^002^|^ C^|^521119^|^072^|^A^|^0^|^0^|^ ^|^0^|0|0|0|^ ^|^ ^|^ ^|^ ^|^^|^00^|^^|0|0|^^|^ ^
^2026^|^01^|^527315^|^015^|^08^|^WA^|^4715^|^EBA^|^03^|^53^|^2^|^994^|^002^|^ D^|^523121^|^072^|^A^|^0^|^0^|^ ^|^0^|0|0|0|^ ^|^ ^|^ ^|^ ^|^^|^00^|^^|0|0|^^|^ ^
^2026^|^01^|^527315^|^015^|^08^|^WA^|^4715^|^EBA^|^03^|^53^|^2^|^994^|^002^|^ G^|^523111^|^072^|^A^|^0^|^0^|^ ^|^0^|0|0|0|^ ^|^ ^|^ ^|^ ^|^^|^00^|^^|0|0|^^|^ ^
^2026^|^01^|^527315^|^015^|^08^|^WA^|^4715^|^EBA^|^03^|^53^|^2^|^994^|^002^|^ G^|^523119^|^072^|^A^|^0^|^0^|^ ^|^0^|0|0|0|^ ^|^ ^|^ ^|^ ^|^^|^00^|^^|0|0|^^|^ ^
^2026^|^01^|^527315^|^015^|^08^|^WA^|^4715^|^EBA^|^03^|^53^|^2^|^994^|^002^|^TJ^|^523121^|^072^|^A^|^0^|^0^|^ ^|^0^|0|0|0|^ ^|^ ^|^ ^|^ ^|^^|^00^|^^|0|0|^^|^ ^
^2026^|^01^|^527315^|^015^|^08^|^WA^|^4715^|^EBA^|^03^|^53^|^2^|^002^|^100^|^ A^|^524111^|^072^|^A^|^0^|^0^|^ ^|^0^|0|0|0|^ ^|^ ^|^ ^|^ ^|^^|^00^|^^|0|0|^^|^ ^
^2026^|^01^|^527315^|^015^|^08^|^WA^|^4715^|^EBA^|^03^|^53^|^2^|^002^|^100^|^ A^|^524113^|^072^|^A^|^0^|^0^|^ ^|^0^|0|0|0|^ ^|^ ^|^ ^|^ ^|^^|^00^|^^|0|0|^^|^ ^
^2026^|^01^|^527315^|^015^|^08^|^WA^|^4715^|^EBD^|^03^|^53^|^2^|^Z36^|^100^|^ B^|^524111^|^072^|^A^|^0^|^0^|^ ^|^0^|0|0|0|^ ^|^ ^|^ ^|^ ^|^^|^00^|^^|0|0|^^|^ ^
^2026^|^01^|^527315^|^015^|^08^|^WA^|^4718^|^BMB^|^03^|^53^|^2^|^002^|^100^|^ A^|^521219^|^072^|^A^|^0^|^0^|^ ^|^0^|0|0|0|^ ^|^ ^|^ ^|^ ^|^^|^00^|^^|0|0|^^|^ ^
^2026^|^01^|^527315^|^015^|^08^|^WA^|^4718^|^BMB^|^03^|^53^|^2^|^001^|^100^|^ A^|^521211^|^072^|^A^|^0^|^0^|^ ^|^0^|0|0|0|^ ^|^ ^|^ ^|^ ^|^^|^00^|^^|0|0|^^|^ ^
^2026^|^01^|^527315^|^015^|^08^|^WA^|^4719^|^EBA^|^03^|^53^|^2^|^994^|^001^|^ A^|^511129^|^072^|^A^|^0^|^0^|^ ^|^0^|0|0|0|^ ^|^ ^|^ ^|^ ^|^^|^00^|^^|0|0|^^|^ ^
^2026^|^01^|^527315^|^015^|^08^|^WA^|^4719^|^EBA^|^03^|^53^|^2^|^994^|^001^|^ A^|^512211^|^072^|^A^|^0^|^0^|^ ^|^0^|0|0|0|^ ^|^ ^|^ ^|^ ^|^^|^00^|^^|0|0|^^|^ ^
^2026^|^01^|^527315^|^015^|^08^|^WA^|^4719^|^EBA^|^03^|^53^|^2^|^004^|^100^|^ A^|^521211^|^072^|^A^|^0^|^0^|^ ^|^0^|0|0|0|^ ^|^ ^|^ ^|^ ^|^^|^00^|^^|0|0|^^|^ ^
^2026^|^01^|^527315^|^015^|^08^|^WA^|^4719^|^EBC^|^03^|^53^|^2^|^001^|^100^|^XC^|^521211^|^072^|^A^|^0^|^0^|^ ^|^0^|0|0|0|^ ^|^ ^|^ ^|^ ^|^^|^00^|^^|0|0|^^|^ ^
^2026^|^01^|^527315^|^015^|^08^|^WA^|^4719^|^EBC^|^03^|^53^|^2^|^001^|^100^|^XC^|^522151^|^072^|^A^|^0^|^0^|^ ^|^0^|0|0|0|^ ^|^ ^|^ ^|^ ^|^^|^00^|^^|0|0|^^|^ ^
^2026^|^01^|^527315^|^015^|^08^|^WA^|^4719^|^EBC^|^03^|^53^|^2^|^001^|^100^|^XC^|^524113^|^072^|^A^|^0^|^0^|^ ^|^0^|0|0|0|^ ^|^ ^|^ ^|^ ^|^^|^00^|^^|0|0|^^|^ ^
^2026^|^01^|^527289^|^015^|^08^|^CD^|^6212^|^BMB^|^03^|^56^|^2^|^001^|^100^|^ A^|^524111^|^028^|^A^|^0^|^0^|^ ^|^0^|0|0|0|^ ^|^ ^|^ ^|^ ^|^^|^00^|^^|0|0|^^|^ ^
^2026^|^01^|^527289^|^015^|^08^|^CD^|^6212^|^BMB^|^03^|^56^|^2^|^001^|^100^|^ A^|^524113^|^028^|^A^|^0^|^0^|^ ^|^0^|0|0|0|^ ^|^ ^|^ ^|^ ^|^^|^00^|^^|0|0|^^|^ ^
^2026^|^01^|^527289^|^015^|^08^|^CD^|^6212^|^FAC^|^03^|^56^|^2^|^001^|^100^|^ A^|^521211^|^028^|^A^|^0^|^0^|^ ^|^0^|0|0|0|^ ^|^ ^|^ ^|^ ^|^^|^00^|^^|0|0|^^|^ ^
^2026^|^01^|^527289^|^015^|^08^|^CD^|^6212^|^FAC^|^03^|^56^|^2^|^001^|^100^|^ B^|^521211^|^028^|^A^|^0^|^0^|^ ^|^0^|0|0|0|^ ^|^ ^|^ ^|^ ^|^^|^00^|^^|0|0|^^|^ ^
^2026^|^01^|^527289^|^015^|^08^|^CD^|^6212^|^FAH^|^03^|^56^|^2^|^001^|^100^|^ A^|^521211^|^028^|^A^|^0^|^0^|^ ^|^0^|0|0|0|^ ^|^ ^|^ ^|^ ^|^^|^00^|^^|0|0|^^|^ ^
^2026^|^01^|^527289^|^015^|^08^|^CD^|^6212^|^FAL^|^03^|^56^|^2^|^004^|^100^|^ A^|^521211^|^028^|^A^|^0^|^0^|^ ^|^0^|0|0|0|^ ^|^ ^|^ ^|^ ^|^^|^00^|^^|0|0|^^|^ ^
^2026^|^01^|^527289^|^015^|^08^|^CD^|^6212^|^FAL^|^03^|^56^|^2^|^004^|^100^|^ B^|^521211^|^028^|^A^|^0^|^0^|^ ^|^0^|0|0|0|^ ^|^ ^|^ ^|^ ^|^^|^00^|^^|0|0|^^|^ ^
^2026^|^01^|^527289^|^015^|^08^|^CD^|^6212^|^FAL^|^03^|^56^|^2^|^004^|^100^|^ D^|^524111^|^028^|^A^|^0^|^0^|^ ^|^0^|0|0|0|^ ^|^ ^|^ ^|^ ^|^^|^00^|^^|0|0|^^|^ ^
^2026^|^01^|^527289^|^015^|^08^|^CD^|^6212^|^FAL^|^03^|^56^|^2^|^004^|^100^|^ D^|^524113^|^028^|^A^|^0^|^0^|^ ^|^0^|0|0|0|^ ^|^ ^|^ ^|^ ^|^^|^00^|^^|0|0|^^|^ ^
^2026^|^01^|^527289^|^015^|^08^|^CD^|^6213^|^FAC^|^03^|^56^|^2^|^001^|^100^|^ A^|^521211^|^028^|^A^|^0^|^0^|^ ^|^0^|0|0|0|^ ^|^ ^|^ ^|^ ^|^^|^00^|^^|0|0|^^|^ ^
^2026^|^01^|^527289^|^015^|^08^|^CD^|^6213^|^FAE^|^03^|^56^|^2^|^009^|^100^|^ A^|^524111^|^028^|^A^|^0^|^0^|^ ^|^0^|0|0|0|^ ^|^ ^|^ ^|^ ^|^^|^00^|^^|0|0|^^|^ ^
^2026^|^01^|^527289^|^015^|^08^|^CD^|^6213^|^FAE^|^03^|^56^|^2^|^009^|^100^|^ A^|^524113^|^028^|^A^|^0^|^0^|^ ^|^0^|0|0|0|^ ^|^ ^|^ ^|^ ^|^^|^00^|^^|0|0|^^|^ ^
^2026^|^01^|^527289^|^015^|^08^|^CD^|^6213^|^FAL^|^03^|^56^|^2^|^003^|^100^|^ A^|^524111^|^028^|^A^|^0^|^0^|^ ^|^0^|0|0|0|^ ^|^ ^|^ ^|^ ^|^^|^00^|^^|0|0|^^|^ ^
^2026^|^01^|^527289^|^015^|^08^|^CD^|^6213^|^FAL^|^03^|^56^|^2^|^003^|^100^|^ A^|^524113^|^028^|^A^|^0^|^0^|^ ^|^0^|0|0|0|^ ^|^ ^|^ ^|^ ^|^^|^00^|^^|0|0|^^|^ ^
^2026^|^01^|^527289^|^015^|^08^|^CD^|^6214^|^FAL^|^03^|^56^|^2^|^002^|^100^|^ A^|^521211^|^028^|^A^|^0^|^0^|^ ^|^0^|0|0|0|^ ^|^ ^|^ ^|^ ^|^^|^00^|^^|0|0|^^|^ ^
^2026^|^01^|^527289^|^015^|^08^|^CD^|^6214^|^FAL^|^03^|^56^|^2^|^002^|^100^|^ B^|^521211^|^028^|^A^|^0^|^0^|^ ^|^0^|0|0|0|^ ^|^ ^|^ ^|^ ^|^^|^00^|^^|0|0|^^|^ ^
^2026^|^01^|^527289^|^015^|^08^|^CD^|^6215^|^FAH^|^03^|^56^|^2^|^003^|^100^|^ A^|^521211^|^028^|^A^|^0^|^0^|^ ^|^0^|0|0|0|^ ^|^ ^|^ ^|^ ^|^^|^00^|^^|0|0|^^|^ ^
^2026^|^01^|^527289^|^015^|^08^|^CD^|^6215^|^FAH^|^03^|^56^|^2^|^003^|^100^|^ B^|^524111^|^028^|^A^|^0^|^0^|^ ^|^0^|0|0|0|^ ^|^ ^|^ ^|^ ^|^^|^00^|^^|0|0|^^|^ ^
^2026^|^01^|^527289^|^015^|^08^|^WA^|^4715^|^EBA^|^03^|^56^|^2^|^001^|^100^|^ A^|^521811^|^028^|^A^|^0^|^0^|^ ^|^0^|0|0|0|^ ^|^ ^|^ ^|^ ^|^^|^00^|^^|0|0|^^|^ ^
^2026^|^01^|^527289^|^015^|^08^|^WA^|^4715^|^EBA^|^03^|^56^|^2^|^001^|^100^|^ B^|^522151^|^028^|^A^|^0^|^0^|^ ^|^0^|0|0|0|^ ^|^ ^|^ ^|^ ^|^^|^00^|^^|0|0|^^|^ ^
^2026^|^01^|^527289^|^015^|^08^|^WA^|^4715^|^EBA^|^03^|^56^|^2^|^001^|^100^|^ B^|^524111^|^028^|^A^|^0^|^0^|^ ^|^0^|0|0|0|^ ^|^ ^|^ ^|^ ^|^^|^00^|^^|0|0|^^|^ ^
^2026^|^01^|^527289^|^015^|^08^|^WA^|^4715^|^EBA^|^03^|^56^|^2^|^994^|^002^|^ A^|^521111^|^028^|^A^|^0^|^0^|^ ^|^0^|0|0|0|^ ^|^ ^|^ ^|^ ^|^^|^00^|^^|0|0|^^|^ ^
^2026^|^01^|^527289^|^015^|^08^|^WA^|^4715^|^EBA^|^03^|^56^|^2^|^994^|^002^|^ A^|^521119^|^028^|^A^|^0^|^0^|^ ^|^0^|0|0|0|^ ^|^ ^|^ ^|^ ^|^^|^00^|^^|0|0|^^|^ ^
^2026^|^01^|^527289^|^015^|^08^|^WA^|^4715^|^EBA^|^03^|^56^|^2^|^994^|^002^|^ A^|^521811^|^028^|^A^|^0^|^0^|^ ^|^0^|0|0|0|^ ^|^ ^|^ ^|^ ^|^^|^00^|^^|0|0|^^|^ ^
^2026^|^01^|^527289^|^015^|^08^|^WA^|^4715^|^EBA^|^03^|^56^|^2^|^994^|^002^|^ B^|^521114^|^028^|^A^|^0^|^0^|^ ^|^0^|0|0|0|^ ^|^ ^|^ ^|^ ^|^^|^00^|^^|0|0|^^|^ ^
^2026^|^01^|^527289^|^015^|^08^|^WA^|^4715^|^EBA^|^03^|^56^|^2^|^994^|^002^|^ B^|^522113^|^028^|^A^|^0^|^0^|^ ^|^0^|0|0|0|^ ^|^ ^|^ ^|^ ^|^^|^00^|^^|0|0|^^|^ ^
^2026^|^01^|^527289^|^015^|^08^|^WA^|^4715^|^EBA^|^03^|^56^|^2^|^994^|^002^|^ C^|^521113^|^028^|^A^|^0^|^0^|^ ^|^0^|0|0|0|^ ^|^ ^|^ ^|^ ^|^^|^00^|^^|0|0|^^|^ ^
^2026^|^01^|^527289^|^015^|^08^|^WA^|^4715^|^EBA^|^03^|^56^|^2^|^994^|^002^|^ C^|^521115^|^028^|^A^|^0^|^0^|^ ^|^0^|0|0|0|^ ^|^ ^|^ ^|^ ^|^^|^00^|^^|0|0|^^|^ ^
^2026^|^01^|^527289^|^015^|^08^|^WA^|^4715^|^EBA^|^03^|^56^|^2^|^994^|^002^|^ C^|^521119^|^028^|^A^|^0^|^0^|^ ^|^0^|0|0|0|^ ^|^ ^|^ ^|^ ^|^^|^00^|^^|0|0|^^|^ ^
^2026^|^01^|^527289^|^015^|^08^|^WA^|^4715^|^EBA^|^03^|^56^|^2^|^994^|^002^|^ D^|^523121^|^028^|^A^|^0^|^0^|^ ^|^0^|0|0|0|^ ^|^ ^|^ ^|^ ^|^^|^00^|^^|0|0|^^|^ ^
^2026^|^01^|^527289^|^015^|^08^|^WA^|^4715^|^EBA^|^03^|^56^|^2^|^994^|^002^|^ G^|^523111^|^028^|^A^|^0^|^0^|^ ^|^0^|0|0|0|^ ^|^ ^|^ ^|^ ^|^^|^00^|^^|0|0|^^|^ ^
^2026^|^01^|^527289^|^015^|^08^|^WA^|^4715^|^EBA^|^03^|^56^|^2^|^994^|^002^|^ G^|^523119^|^028^|^A^|^0^|^0^|^ ^|^0^|0|0|0|^ ^|^ ^|^ ^|^ ^|^^|^00^|^^|0|0|^^|^ ^
^2026^|^01^|^527289^|^015^|^08^|^WA^|^4715^|^EBA^|^03^|^56^|^2^|^994^|^002^|^TJ^|^523121^|^028^|^A^|^0^|^0^|^ ^|^0^|0|0|0|^ ^|^ ^|^ ^|^ ^|^^|^00^|^^|0|0|^^|^ ^
^2026^|^01^|^527289^|^015^|^08^|^WA^|^4715^|^EBA^|^03^|^56^|^2^|^002^|^100^|^ A^|^524111^|^028^|^A^|^0^|^0^|^ ^|^0^|0|0|0|^ ^|^ ^|^ ^|^ ^|^^|^00^|^^|0|0|^^|^ ^
^2026^|^01^|^527289^|^015^|^08^|^WA^|^4715^|^EBA^|^03^|^56^|^2^|^002^|^100^|^ A^|^524113^|^028^|^A^|^0^|^0^|^ ^|^0^|0|0|0|^ ^|^ ^|^ ^|^ ^|^^|^00^|^^|0|0|^^|^ ^
^2026^|^01^|^527289^|^015^|^08^|^WA^|^4715^|^EBB^|^03^|^56^|^2^|^002^|^100^|^ A^|^521252^|^028^|^A^|^0^|^0^|^ ^|^0^|0|0|0|^ ^|^ ^|^ ^|^ ^|^^|^00^|^^|0|0|^^|^ ^
^2026^|^01^|^527289^|^015^|^08^|^WA^|^4715^|^EBB^|^03^|^56^|^2^|^002^|^100^|^ A^|^532111^|^028^|^A^|^0^|^0^|^ ^|^0^|0|0|0|^ ^|^ ^|^ ^|^ ^|^^|^00^|^^|0|0|^^|^ ^
^2026^|^01^|^527289^|^015^|^08^|^WA^|^4715^|^EBD^|^03^|^56^|^2^|^Z36^|^100^|^ B^|^524111^|^028^|^A^|^0^|^0^|^ ^|^0^|0|0|0|^ ^|^ ^|^ ^|^ ^|^^|^00^|^^|0|0|^^|^ ^
^2026^|^01^|^527289^|^015^|^08^|^WA^|^4718^|^BMB^|^03^|^56^|^2^|^002^|^100^|^ A^|^521219^|^028^|^A^|^0^|^0^|^ ^|^0^|0|0|0|^ ^|^ ^|^ ^|^ ^|^^|^00^|^^|0|0|^^|^ ^
^2026^|^01^|^527289^|^015^|^08^|^WA^|^4718^|^BMB^|^03^|^56^|^2^|^001^|^100^|^ A^|^521211^|^028^|^A^|^0^|^0^|^ ^|^0^|0|0|0|^ ^|^ ^|^ ^|^ ^|^^|^00^|^^|0|0|^^|^ ^
^2026^|^01^|^527289^|^015^|^08^|^WA^|^4719^|^EBA^|^03^|^56^|^2^|^994^|^001^|^ A^|^511129^|^028^|^A^|^0^|^0^|^ ^|^0^|0|0|0|^ ^|^ ^|^ ^|^ ^|^^|^00^|^^|0|0|^^|^ ^
^2026^|^01^|^527289^|^015^|^08^|^WA^|^4719^|^EBA^|^03^|^56^|^2^|^994^|^001^|^ A^|^512211^|^028^|^A^|^0^|^0^|^ ^|^0^|0|0|0|^ ^|^ ^|^ ^|^ ^|^^|^00^|^^|0|0|^^|^ ^
^2026^|^01^|^527289^|^015^|^08^|^WA^|^4719^|^EBA^|^03^|^56^|^2^|^004^|^100^|^ A^|^521211^|^028^|^A^|^0^|^0^|^ ^|^0^|0|0|0|^ ^|^ ^|^ ^|^ ^|^^|^00^|^^|0|0|^^|^ ^
^2026^|^01^|^527289^|^015^|^08^|^WA^|^4719^|^EBC^|^03^|^56^|^2^|^001^|^100^|^XC^|^521211^|^028^|^A^|^0^|^0^|^ ^|^0^|0|0|0|^ ^|^ ^|^ ^|^ ^|^^|^00^|^^|0|0|^^|^ ^
^2026^|^01^|^527289^|^015^|^08^|^WA^|^4719^|^EBC^|^03^|^56^|^2^|^001^|^100^|^XC^|^522151^|^028^|^A^|^0^|^0^|^ ^|^0^|0|0|0|^ ^|^ ^|^ ^|^ ^|^^|^00^|^^|0|0|^^|^ ^
^2026^|^01^|^527289^|^015^|^08^|^WA^|^4719^|^EBC^|^03^|^56^|^2^|^001^|^100^|^XC^|^524113^|^028^|^A^|^0^|^0^|^ ^|^0^|0|0|0|^ ^|^ ^|^ ^|^ ^|^^|^00^|^^|0|0|^^|^ ^
