^2026^|^01^|^527336^|^015^|^08^|^CD^|^6212^|^BMB^|^03^|^10^|^2^|^001^|^100^|^1^|^1^|^Tidak Ada Komponen^|^ ^|0|0|0|0|^2024^|^^|^0^|^00^|^1^|^1^|^1^|^1^|^1^|0|0|0|0|^^|0|0
^2026^|^01^|^527336^|^015^|^08^|^CD^|^6212^|^FAC^|^03^|^10^|^2^|^001^|^100^|^1^|^1^|^Tidak Ada Komponen^|^ ^|0|0|0|0|^2024^|^^|^0^|^00^|^1^|^1^|^1^|^1^|^1^|0|0|0|0|^^|0|0
^2026^|^01^|^527336^|^015^|^08^|^CD^|^6212^|^FAH^|^03^|^10^|^2^|^001^|^100^|^1^|^1^|^Tidak ada komponen^|^ ^|0|0|0|0|^2023^|^^|^0^|^00^|^1^|^1^|^1^|^1^|^1^|0|0|0|0|^^|0|0
^2026^|^01^|^527336^|^015^|^08^|^CD^|^6212^|^FAL^|^03^|^10^|^2^|^004^|^100^|^1^|^1^|^Tidak ada komponen^|^ ^|0|0|0|0|^2023^|^^|^0^|^00^|^1^|^1^|^1^|^1^|^1^|0|0|0|0|^^|0|0
^2026^|^01^|^527336^|^015^|^08^|^CD^|^6213^|^FAC^|^03^|^10^|^2^|^001^|^100^|^1^|^1^|^Tidak ada komponen^|^ ^|0|0|0|0|^2023^|^^|^0^|^00^|^1^|^1^|^1^|^1^|^1^|0|0|0|0|^^|0|0
^2026^|^01^|^527336^|^015^|^08^|^CD^|^6213^|^FAL^|^03^|^10^|^2^|^003^|^100^|^1^|^1^|^Tidak ada komponen^|^ ^|0|0|0|0|^2024^|^^|^0^|^11^|^1^|^1^|^1^|^1^|^1^|0|0|0|0|^^|0|0
^2026^|^01^|^527336^|^015^|^08^|^CD^|^6214^|^FAL^|^03^|^10^|^2^|^002^|^100^|^1^|^1^|^Tidak ada komponen^|^ ^|0|0|0|0|^2024^|^^|^0^|^11^|^1^|^1^|^1^|^1^|^1^|0|0|0|0|^^|0|0
^2026^|^01^|^527336^|^015^|^08^|^CD^|^6215^|^FAH^|^03^|^10^|^2^|^003^|^100^|^1^|^1^|^Tidak ada komponen^|^ ^|0|0|0|0|^2024^|^^|^0^|^11^|^1^|^1^|^1^|^1^|^1^|0|0|0|0|^^|0|0
^2026^|^01^|^527336^|^015^|^08^|^WA^|^4715^|^EBA^|^03^|^10^|^2^|^001^|^100^|^1^|^1^|^Tidak Ada Komponen^|^ ^|0|0|0|0|^2023^|^^|^0^|^00^|^1^|^1^|^1^|^1^|^1^|0|0|0|0|^^|0|0
^2026^|^01^|^527336^|^015^|^08^|^WA^|^4715^|^EBA^|^03^|^10^|^2^|^002^|^100^|^1^|^1^|^Tidak Ada Komponen^|^ ^|0|0|0|0|^2023^|^^|^0^|^00^|^1^|^1^|^1^|^1^|^1^|0|0|0|0|^^|0|0
^2026^|^01^|^527336^|^015^|^08^|^WA^|^4715^|^EBA^|^03^|^10^|^2^|^994^|^002^|^1^|^1^|^Operasional dan Pemeliharaan Kantor^|^ ^|0|0|0|0|^2023^|^^|^0^|^00^|^1^|^1^|^1^|^1^|^1^|0|0|0|0|^^|0|0
^2026^|^01^|^527336^|^015^|^08^|^WA^|^4715^|^EBD^|^03^|^10^|^2^|^Z36^|^100^|^1^|^1^|^Tidak Ada Komponen^|^ ^|0|0|0|0|^2023^|^^|^0^|^00^|^1^|^1^|^1^|^1^|^1^|0|0|0|0|^^|0|0
^2026^|^01^|^527336^|^015^|^08^|^WA^|^4718^|^BMB^|^03^|^10^|^2^|^002^|^100^|^1^|^1^|^Tidak Ada Komponen^|^ ^|0|0|0|0|^2023^|^^|^0^|^00^|^1^|^1^|^1^|^1^|^1^|0|0|0|0|^^|0|0
^2026^|^01^|^527336^|^015^|^08^|^WA^|^4718^|^BMB^|^03^|^10^|^2^|^001^|^100^|^1^|^1^|^Tidak ada komponen^|^ ^|0|0|0|0|^2023^|^^|^0^|^00^|^1^|^1^|^1^|^1^|^1^|0|0|0|0|^^|0|0
^2026^|^01^|^527336^|^015^|^08^|^WA^|^4719^|^EBA^|^03^|^10^|^2^|^994^|^001^|^1^|^1^|^Gaji dan Tunjangan^|^ ^|0|0|0|0|^2023^|^^|^0^|^00^|^1^|^1^|^1^|^1^|^1^|0|0|0|0|^^|0|0
^2026^|^01^|^527336^|^015^|^08^|^WA^|^4719^|^EBA^|^03^|^10^|^2^|^004^|^100^|^1^|^1^|^Tidak Ada Komponen^|^ ^|0|0|0|0|^2023^|^^|^0^|^00^|^1^|^1^|^1^|^1^|^1^|0|0|0|0|^^|0|0
^2026^|^01^|^527336^|^015^|^08^|^WA^|^4719^|^EBC^|^03^|^10^|^2^|^001^|^100^|^1^|^1^|^Tidak Ada Komponen^|^ ^|0|0|0|0|^2023^|^^|^0^|^00^|^1^|^1^|^1^|^1^|^1^|0|0|0|0|^^|0|0
^2026^|^01^|^527322^|^015^|^08^|^CD^|^6212^|^BMB^|^03^|^09^|^2^|^001^|^100^|^1^|^1^|^Tidak Ada Komponen^|^ ^|0|0|0|0|^2024^|^^|^0^|^00^|^1^|^1^|^1^|^1^|^1^|0|0|0|0|^^|0|0
^2026^|^01^|^527322^|^015^|^08^|^CD^|^6212^|^FAC^|^03^|^09^|^2^|^001^|^100^|^1^|^1^|^Tidak Ada Komponen^|^ ^|0|0|0|0|^2023^|^^|^0^|^00^|^1^|^1^|^1^|^1^|^1^|0|0|0|0|^^|0|0
^2026^|^01^|^527322^|^015^|^08^|^CD^|^6212^|^FAH^|^03^|^09^|^2^|^001^|^100^|^1^|^1^|^Tidak ada komponen^|^ ^|0|0|0|0|^2023^|^^|^0^|^00^|^1^|^1^|^1^|^1^|^1^|0|0|0|0|^^|0|0
^2026^|^01^|^527322^|^015^|^08^|^CD^|^6212^|^FAL^|^03^|^09^|^2^|^004^|^100^|^1^|^1^|^Tidak ada komponen^|^ ^|0|0|0|0|^2023^|^^|^0^|^00^|^1^|^1^|^1^|^1^|^1^|0|0|0|0|^^|0|0
^2026^|^01^|^527322^|^015^|^08^|^CD^|^6213^|^FAC^|^03^|^09^|^2^|^001^|^100^|^1^|^1^|^Tidak ada komponen^|^ ^|0|0|0|0|^2023^|^^|^0^|^00^|^1^|^1^|^1^|^1^|^1^|0|0|0|0|^^|0|0
^2026^|^01^|^527322^|^015^|^08^|^CD^|^6213^|^FAL^|^03^|^09^|^2^|^003^|^100^|^1^|^1^|^Tidak ada komponen^|^ ^|0|0|0|0|^2023^|^^|^0^|^00^|^1^|^1^|^1^|^1^|^1^|0|0|0|0|^^|0|0
^2026^|^01^|^527322^|^015^|^08^|^CD^|^6214^|^FAL^|^03^|^09^|^2^|^002^|^100^|^1^|^1^|^Tidak ada komponen^|^ ^|0|0|0|0|^2023^|^^|^0^|^00^|^1^|^1^|^1^|^1^|^1^|0|0|0|0|^^|0|0
^2026^|^01^|^527322^|^015^|^08^|^CD^|^6215^|^FAH^|^03^|^09^|^2^|^003^|^100^|^1^|^1^|^Tidak ada komponen^|^ ^|0|0|0|0|^2023^|^^|^0^|^00^|^1^|^1^|^1^|^1^|^1^|0|0|0|0|^^|0|0
^2026^|^01^|^527322^|^015^|^08^|^WA^|^4715^|^EBA^|^03^|^09^|^2^|^001^|^100^|^1^|^1^|^Tidak Ada Komponen^|^ ^|0|0|0|0|^2023^|^^|^0^|^00^|^1^|^1^|^1^|^1^|^1^|0|0|0|0|^^|0|0
^2026^|^01^|^527322^|^015^|^08^|^WA^|^4715^|^EBA^|^03^|^09^|^2^|^002^|^100^|^1^|^1^|^Tidak Ada Komponen^|^ ^|0|0|0|0|^2023^|^^|^0^|^00^|^1^|^1^|^1^|^1^|^1^|0|0|0|0|^^|0|0
^2026^|^01^|^527322^|^015^|^08^|^WA^|^4715^|^EBA^|^03^|^09^|^2^|^994^|^002^|^1^|^1^|^Operasional dan Pemeliharaan Kantor^|^ ^|0|0|0|0|^2023^|^^|^0^|^00^|^1^|^1^|^1^|^1^|^1^|0|0|0|0|^^|0|0
^2026^|^01^|^527322^|^015^|^08^|^WA^|^4715^|^EBB^|^03^|^09^|^2^|^004^|^100^|^1^|^1^|^Tidak Ada Komponen^|^ ^|0|0|0|0|^2025^|^^|^0^|^00^|^1^|^1^|^1^|^1^|^1^|0|0|0|0|^^|0|0
^2026^|^01^|^527322^|^015^|^08^|^WA^|^4715^|^EBD^|^03^|^09^|^2^|^Z36^|^100^|^1^|^1^|^Tidak Ada Komponen^|^ ^|0|0|0|0|^2023^|^^|^0^|^00^|^1^|^1^|^1^|^1^|^1^|0|0|0|0|^^|0|0
^2026^|^01^|^527322^|^015^|^08^|^WA^|^4718^|^BMB^|^03^|^09^|^2^|^001^|^100^|^1^|^1^|^Tidak ada komponen^|^ ^|0|0|0|0|^2023^|^^|^0^|^00^|^1^|^1^|^1^|^1^|^1^|0|0|0|0|^^|0|0
^2026^|^01^|^527322^|^015^|^08^|^WA^|^4718^|^BMB^|^03^|^09^|^2^|^002^|^100^|^1^|^1^|^Tidak Ada Komponen^|^ ^|0|0|0|0|^2023^|^^|^0^|^00^|^1^|^1^|^1^|^1^|^1^|0|0|0|0|^^|0|0
^2026^|^01^|^527322^|^015^|^08^|^WA^|^4719^|^EBA^|^03^|^09^|^2^|^004^|^100^|^1^|^1^|^Tidak Ada Komponen^|^ ^|0|0|0|0|^2023^|^^|^0^|^00^|^1^|^1^|^1^|^1^|^1^|0|0|0|0|^^|0|0
^2026^|^01^|^527322^|^015^|^08^|^WA^|^4719^|^EBA^|^03^|^09^|^2^|^994^|^001^|^1^|^1^|^Gaji dan Tunjangan^|^ ^|0|0|0|0|^2023^|^^|^0^|^00^|^1^|^1^|^1^|^1^|^1^|0|0|0|0|^^|0|0
^2026^|^01^|^527322^|^015^|^08^|^WA^|^4719^|^EBC^|^03^|^09^|^2^|^001^|^100^|^1^|^1^|^Tidak Ada Komponen^|^ ^|0|0|0|0|^2023^|^^|^0^|^00^|^1^|^1^|^1^|^1^|^1^|0|0|0|0|^^|0|0
^2026^|^01^|^527340^|^015^|^08^|^CD^|^6212^|^BMB^|^03^|^55^|^2^|^001^|^100^|^1^|^1^|^Tidak Ada Komponen^|^ ^|0|0|0|0|^2024^|^^|^0^|^00^|^1^|^1^|^1^|^1^|^1^|0|0|0|0|^^|0|0
^2026^|^01^|^527340^|^015^|^08^|^CD^|^6212^|^FAC^|^03^|^55^|^2^|^001^|^100^|^1^|^1^|^Tidak Ada Komponen^|^ ^|0|0|0|0|^2023^|^^|^0^|^00^|^1^|^1^|^1^|^1^|^1^|0|0|0|0|^^|0|0
^2026^|^01^|^527340^|^015^|^08^|^CD^|^6212^|^FAH^|^03^|^55^|^2^|^001^|^100^|^1^|^1^|^Tidak ada komponen^|^ ^|0|0|0|0|^2023^|^^|^0^|^00^|^1^|^1^|^1^|^1^|^1^|0|0|0|0|^^|0|0
^2026^|^01^|^527340^|^015^|^08^|^CD^|^6212^|^FAL^|^03^|^55^|^2^|^004^|^100^|^1^|^1^|^Tidak ada komponen^|^ ^|0|0|0|0|^2023^|^^|^0^|^00^|^1^|^1^|^1^|^1^|^1^|0|0|0|0|^^|0|0
^2026^|^01^|^527340^|^015^|^08^|^CD^|^6213^|^FAC^|^03^|^55^|^2^|^001^|^100^|^1^|^1^|^Tidak ada komponen^|^ ^|0|0|0|0|^2023^|^^|^0^|^00^|^1^|^1^|^1^|^1^|^1^|0|0|0|0|^^|0|0
^2026^|^01^|^527340^|^015^|^08^|^CD^|^6213^|^FAE^|^03^|^55^|^2^|^009^|^100^|^1^|^1^|^Tidak Ada Komponen^|^ ^|0|0|0|0|^2024^|^^|^0^|^00^|^1^|^1^|^1^|^1^|^1^|0|0|0|0|^^|0|0
^2026^|^01^|^527340^|^015^|^08^|^CD^|^6213^|^FAL^|^03^|^55^|^2^|^003^|^100^|^1^|^1^|^Tidak ada komponen^|^ ^|0|0|0|0|^2023^|^^|^0^|^00^|^1^|^1^|^1^|^1^|^1^|0|0|0|0|^^|0|0
^2026^|^01^|^527340^|^015^|^08^|^CD^|^6214^|^FAL^|^03^|^55^|^2^|^002^|^100^|^1^|^1^|^Tidak ada komponen^|^ ^|0|0|0|0|^2023^|^^|^0^|^00^|^1^|^1^|^1^|^1^|^1^|0|0|0|0|^^|0|0
^2026^|^01^|^527340^|^015^|^08^|^CD^|^6215^|^FAH^|^03^|^55^|^2^|^003^|^100^|^1^|^1^|^Tidak ada komponen^|^ ^|0|0|0|0|^2023^|^^|^0^|^00^|^1^|^1^|^1^|^1^|^1^|0|0|0|0|^^|0|0
^2026^|^01^|^527340^|^015^|^08^|^WA^|^4715^|^EBA^|^03^|^55^|^2^|^001^|^100^|^1^|^2^|^Tidak Ada Komponen^|^ ^|0|0|0|0|^2023^|^^|^0^|^00^|^1^|^1^|^1^|^1^|^1^|0|0|0|0|^^|0|0
^2026^|^01^|^527340^|^015^|^08^|^WA^|^4715^|^EBA^|^03^|^55^|^2^|^002^|^100^|^1^|^2^|^Tidak Ada Komponen^|^ ^|0|0|0|0|^2023^|^^|^0^|^00^|^1^|^1^|^1^|^1^|^1^|0|0|0|0|^^|0|0
^2026^|^01^|^527340^|^015^|^08^|^WA^|^4715^|^EBA^|^03^|^55^|^2^|^994^|^002^|^1^|^1^|^Operasional dan Pemeliharaan Kantor^|^ ^|0|0|0|0|^2023^|^^|^0^|^00^|^1^|^1^|^1^|^1^|^1^|0|0|0|0|^^|0|0
^2026^|^01^|^527340^|^015^|^08^|^WA^|^4715^|^EBB^|^03^|^55^|^2^|^002^|^100^|^1^|^1^|^Tidak Ada Komponen^|^10  UNIT^|0|0|0|0|^2025^|^^|^0^|^00^|^1^|^1^|^1^|^1^|^1^|0|0|0|0|^^|0|0
^2026^|^01^|^527340^|^015^|^08^|^WA^|^4715^|^EBD^|^03^|^55^|^2^|^Z36^|^100^|^1^|^1^|^Tidak Ada Komponen^|^ ^|0|0|0|0|^2023^|^^|^0^|^00^|^1^|^1^|^1^|^1^|^1^|0|0|0|0|^^|0|0
^2026^|^01^|^527340^|^015^|^08^|^WA^|^4718^|^BMB^|^03^|^55^|^2^|^002^|^100^|^1^|^1^|^Tidak Ada Komponen^|^ ^|0|0|0|0|^2023^|^^|^0^|^00^|^1^|^1^|^1^|^1^|^1^|0|0|0|0|^^|0|0
^2026^|^01^|^527340^|^015^|^08^|^WA^|^4718^|^BMB^|^03^|^55^|^2^|^001^|^100^|^1^|^1^|^Tidak ada komponen^|^ ^|0|0|0|0|^2023^|^^|^0^|^00^|^1^|^1^|^1^|^1^|^1^|0|0|0|0|^^|0|0
^2026^|^01^|^527340^|^015^|^08^|^WA^|^4719^|^EBA^|^03^|^55^|^2^|^994^|^001^|^1^|^1^|^Gaji dan Tunjangan^|^ ^|0|0|0|0|^2023^|^^|^0^|^00^|^1^|^1^|^1^|^1^|^1^|0|0|0|0|^^|0|0
^2026^|^01^|^527340^|^015^|^08^|^WA^|^4719^|^EBA^|^03^|^55^|^2^|^004^|^100^|^1^|^1^|^Tidak Ada Komponen^|^ ^|0|0|0|0|^2023^|^^|^0^|^00^|^1^|^1^|^1^|^1^|^1^|0|0|0|0|^^|0|0
^2026^|^01^|^527340^|^015^|^08^|^WA^|^4719^|^EBC^|^03^|^55^|^2^|^001^|^100^|^1^|^1^|^Tidak Ada Komponen^|^ ^|0|0|0|0|^2023^|^^|^0^|^00^|^1^|^1^|^1^|^1^|^1^|0|0|0|0|^^|0|0
^2026^|^01^|^527357^|^015^|^08^|^CD^|^6212^|^BMB^|^03^|^54^|^2^|^001^|^100^|^1^|^1^|^Tidak Ada Komponen^|^ ^|0|0|0|0|^2024^|^^|^0^|^00^|^1^|^1^|^1^|^1^|^1^|0|0|0|0|^^|0|0
^2026^|^01^|^527357^|^015^|^08^|^CD^|^6212^|^FAC^|^03^|^54^|^2^|^001^|^100^|^1^|^1^|^Tidak Ada Komponen^|^ ^|0|0|0|0|^2023^|^^|^0^|^00^|^1^|^1^|^1^|^1^|^1^|0|0|0|0|^^|0|0
^2026^|^01^|^527357^|^015^|^08^|^CD^|^6212^|^FAH^|^03^|^54^|^2^|^001^|^100^|^1^|^1^|^Tidak ada komponen^|^ ^|0|0|0|0|^2023^|^^|^0^|^00^|^1^|^1^|^1^|^1^|^1^|0|0|0|0|^^|0|0
^2026^|^01^|^527357^|^015^|^08^|^CD^|^6212^|^FAL^|^03^|^54^|^2^|^004^|^100^|^1^|^1^|^Tidak ada komponen^|^ ^|0|0|0|0|^2023^|^^|^0^|^00^|^1^|^1^|^1^|^1^|^1^|0|0|0|0|^^|0|0
^2026^|^01^|^527357^|^015^|^08^|^CD^|^6213^|^FAC^|^03^|^54^|^2^|^001^|^100^|^1^|^1^|^Tidak ada komponen^|^ ^|0|0|0|0|^2023^|^^|^0^|^00^|^1^|^1^|^1^|^1^|^1^|0|0|0|0|^^|0|0
^2026^|^01^|^527357^|^015^|^08^|^CD^|^6213^|^FAL^|^03^|^54^|^2^|^003^|^100^|^1^|^1^|^Tidak ada komponen^|^ ^|0|0|0|0|^2023^|^^|^0^|^00^|^1^|^1^|^1^|^1^|^1^|0|0|0|0|^^|0|0
^2026^|^01^|^527357^|^015^|^08^|^CD^|^6214^|^FAL^|^03^|^54^|^2^|^002^|^100^|^1^|^1^|^Tidak ada komponen^|^ ^|0|0|0|0|^2023^|^^|^0^|^00^|^1^|^1^|^1^|^1^|^1^|0|0|0|0|^^|0|0
^2026^|^01^|^527357^|^015^|^08^|^CD^|^6215^|^FAH^|^03^|^54^|^2^|^003^|^100^|^1^|^1^|^Tidak ada komponen^|^ ^|0|0|0|0|^2023^|^^|^0^|^00^|^1^|^1^|^1^|^1^|^1^|0|0|0|0|^^|0|0
^2026^|^01^|^527357^|^015^|^08^|^WA^|^4715^|^EBA^|^03^|^54^|^2^|^001^|^100^|^1^|^1^|^Tidak Ada Komponen^|^ ^|0|0|0|0|^2023^|^^|^0^|^00^|^1^|^1^|^1^|^1^|^1^|0|0|0|0|^^|0|0
^2026^|^01^|^527357^|^015^|^08^|^WA^|^4715^|^EBA^|^03^|^54^|^2^|^002^|^100^|^1^|^1^|^Tidak Ada Komponen^|^ ^|0|0|0|0|^2023^|^^|^0^|^00^|^1^|^1^|^1^|^1^|^1^|0|0|0|0|^^|0|0
^2026^|^01^|^527357^|^015^|^08^|^WA^|^4715^|^EBA^|^03^|^54^|^2^|^994^|^002^|^1^|^1^|^Operasional dan Pemeliharaan Kantor^|^ ^|0|0|0|0|^2023^|^^|^0^|^00^|^1^|^1^|^1^|^1^|^1^|0|0|0|0|^^|0|0
^2026^|^01^|^527357^|^015^|^08^|^WA^|^4715^|^EBD^|^03^|^54^|^2^|^Z36^|^100^|^1^|^1^|^Tidak Ada Komponen^|^ ^|0|0|0|0|^2023^|^^|^0^|^00^|^1^|^1^|^1^|^1^|^1^|0|0|0|0|^^|0|0
^2026^|^01^|^527357^|^015^|^08^|^WA^|^4718^|^BMB^|^03^|^54^|^2^|^001^|^100^|^1^|^1^|^Tidak ada komponen^|^ ^|0|0|0|0|^2023^|^^|^0^|^00^|^1^|^1^|^1^|^1^|^1^|0|0|0|0|^^|0|0
^2026^|^01^|^527357^|^015^|^08^|^WA^|^4718^|^BMB^|^03^|^54^|^2^|^002^|^100^|^1^|^1^|^Tidak Ada Komponen^|^ ^|0|0|0|0|^2023^|^^|^0^|^00^|^1^|^1^|^1^|^1^|^1^|0|0|0|0|^^|0|0
^2026^|^01^|^527357^|^015^|^08^|^WA^|^4719^|^EBA^|^03^|^54^|^2^|^004^|^100^|^1^|^1^|^Tidak Ada Komponen^|^ ^|0|0|0|0|^2023^|^^|^0^|^00^|^1^|^1^|^1^|^1^|^1^|0|0|0|0|^^|0|0
^2026^|^01^|^527357^|^015^|^08^|^WA^|^4719^|^EBA^|^03^|^54^|^2^|^994^|^001^|^1^|^1^|^Gaji dan Tunjangan^|^ ^|0|0|0|0|^2023^|^^|^0^|^00^|^1^|^1^|^1^|^1^|^1^|0|0|0|0|^^|0|0
^2026^|^01^|^527357^|^015^|^08^|^WA^|^4719^|^EBC^|^03^|^54^|^2^|^001^|^100^|^1^|^1^|^Tidak Ada Komponen^|^ ^|0|0|0|0|^2023^|^^|^0^|^00^|^1^|^1^|^1^|^1^|^1^|0|0|0|0|^^|0|0
^2026^|^01^|^527361^|^015^|^08^|^CD^|^6212^|^FAC^|^03^|^16^|^2^|^001^|^100^|^2^|^1^|^Tidak Ada Komponen^|^ ^|0|0|0|0|^2023^|^^|^0^|^00^|^1^|^1^|^1^|^1^|^1^|0|0|0|0|^^|0|0
^2026^|^01^|^527361^|^015^|^08^|^CD^|^6212^|^FAH^|^03^|^16^|^2^|^001^|^100^|^2^|^1^|^Tidak ada komponen^|^ ^|0|0|0|0|^2023^|^^|^0^|^00^|^1^|^1^|^1^|^1^|^1^|0|0|0|0|^^|0|0
^2026^|^01^|^527361^|^015^|^08^|^CD^|^6212^|^FAL^|^03^|^16^|^2^|^004^|^100^|^2^|^1^|^Tidak ada komponen^|^ ^|0|0|0|0|^2023^|^^|^0^|^00^|^1^|^1^|^1^|^1^|^1^|0|0|0|0|^^|0|0
^2026^|^01^|^527361^|^015^|^08^|^CD^|^6213^|^FAC^|^03^|^16^|^2^|^001^|^100^|^2^|^1^|^Tidak ada komponen^|^ ^|0|0|0|0|^2023^|^^|^0^|^00^|^1^|^1^|^1^|^1^|^1^|0|0|0|0|^^|0|0
^2026^|^01^|^527361^|^015^|^08^|^CD^|^6213^|^FAL^|^03^|^16^|^2^|^003^|^100^|^2^|^1^|^Tidak ada komponen^|^ ^|0|0|0|0|^2023^|^^|^0^|^00^|^1^|^1^|^1^|^1^|^1^|0|0|0|0|^^|0|0
^2026^|^01^|^527361^|^015^|^08^|^CD^|^6214^|^FAL^|^03^|^16^|^2^|^002^|^100^|^2^|^1^|^Tidak ada komponen^|^ ^|0|0|0|0|^2023^|^^|^0^|^00^|^1^|^1^|^1^|^1^|^1^|0|0|0|0|^^|0|0
^2026^|^01^|^527361^|^015^|^08^|^CD^|^6215^|^FAH^|^03^|^16^|^2^|^003^|^100^|^2^|^1^|^Tidak ada komponen^|^ ^|0|0|0|0|^2023^|^^|^0^|^00^|^1^|^1^|^1^|^1^|^1^|0|0|0|0|^^|0|0
^2026^|^01^|^527361^|^015^|^08^|^WA^|^4715^|^EBA^|^03^|^16^|^2^|^001^|^100^|^1^|^1^|^Tidak Ada Komponen^|^ ^|0|0|0|0|^2023^|^^|^0^|^00^|^1^|^1^|^1^|^1^|^1^|0|0|0|0|^^|0|0
^2026^|^01^|^527361^|^015^|^08^|^WA^|^4715^|^EBA^|^03^|^16^|^2^|^002^|^100^|^2^|^1^|^Tidak Ada Komponen^|^ ^|0|0|0|0|^2023^|^^|^0^|^00^|^1^|^1^|^1^|^1^|^1^|0|0|0|0|^^|0|0
^2026^|^01^|^527361^|^015^|^08^|^WA^|^4715^|^EBA^|^03^|^16^|^2^|^994^|^002^|^1^|^1^|^Operasional dan Pemeliharaan Kantor^|^ ^|0|0|0|0|^2023^|^^|^0^|^00^|^1^|^1^|^1^|^1^|^1^|0|0|0|0|^^|0|0
^2026^|^01^|^527361^|^015^|^08^|^WA^|^4715^|^EBB^|^03^|^16^|^2^|^002^|^100^|^1^|^1^|^Tidak Ada Komponen^|^ ^|0|0|0|0|^2025^|^^|^0^|^00^|^1^|^1^|^1^|^1^|^1^|0|0|0|0|^^|0|0
^2026^|^01^|^527361^|^015^|^08^|^WA^|^4718^|^BMB^|^03^|^16^|^2^|^001^|^100^|^2^|^1^|^Tidak ada komponen^|^ ^|0|0|0|0|^2023^|^^|^0^|^00^|^1^|^1^|^1^|^1^|^1^|0|0|0|0|^^|0|0
^2026^|^01^|^527361^|^015^|^08^|^WA^|^4718^|^BMB^|^03^|^16^|^2^|^002^|^100^|^2^|^1^|^Tidak Ada Komponen^|^ ^|0|0|0|0|^2023^|^^|^0^|^00^|^1^|^1^|^1^|^1^|^1^|0|0|0|0|^^|0|0
^2026^|^01^|^527361^|^015^|^08^|^WA^|^4719^|^EBA^|^03^|^16^|^2^|^004^|^100^|^2^|^1^|^Tidak Ada Komponen^|^ ^|0|0|0|0|^2023^|^^|^0^|^00^|^1^|^1^|^1^|^1^|^1^|0|0|0|0|^^|0|0
^2026^|^01^|^527361^|^015^|^08^|^WA^|^4719^|^EBA^|^03^|^16^|^2^|^994^|^001^|^1^|^1^|^Gaji dan Tunjangan^|^ ^|0|0|0|0|^2023^|^^|^0^|^00^|^1^|^1^|^1^|^1^|^1^|0|0|0|0|^^|0|0
^2026^|^01^|^527361^|^015^|^08^|^WA^|^4719^|^EBC^|^03^|^16^|^2^|^001^|^100^|^2^|^1^|^Tidak Ada Komponen^|^ ^|0|0|0|0|^2023^|^^|^0^|^00^|^1^|^1^|^1^|^1^|^1^|0|0|0|0|^^|0|0
^2026^|^01^|^527399^|^015^|^08^|^CD^|^6212^|^FAC^|^04^|^51^|^2^|^001^|^100^|^1^|^1^|^Tidak Ada Komponen^|^ ^|0|0|0|0|^2023^|^^|^0^|^00^|^1^|^1^|^1^|^1^|^1^|0|0|0|0|^^|0|0
^2026^|^01^|^527399^|^015^|^08^|^CD^|^6212^|^FAH^|^04^|^51^|^2^|^001^|^100^|^1^|^1^|^Tidak ada komponen^|^ ^|0|0|0|0|^2023^|^^|^0^|^00^|^1^|^1^|^1^|^1^|^1^|0|0|0|0|^^|0|0
^2026^|^01^|^527399^|^015^|^08^|^CD^|^6212^|^FAL^|^04^|^51^|^2^|^004^|^100^|^1^|^1^|^Tidak ada komponen^|^ ^|0|0|0|0|^2023^|^^|^0^|^00^|^1^|^1^|^1^|^1^|^1^|0|0|0|0|^^|0|0
^2026^|^01^|^527399^|^015^|^08^|^CD^|^6213^|^FAC^|^04^|^51^|^2^|^001^|^100^|^1^|^1^|^Tidak ada komponen^|^ ^|0|0|0|0|^2023^|^^|^0^|^00^|^1^|^1^|^1^|^1^|^1^|0|0|0|0|^^|0|0
^2026^|^01^|^527399^|^015^|^08^|^CD^|^6213^|^FAE^|^04^|^51^|^2^|^009^|^100^|^1^|^1^|^Tidak Ada Komponen^|^ ^|0|0|0|0|^2024^|^^|^0^|^00^|^1^|^1^|^1^|^1^|^1^|0|0|0|0|^^|0|0
^2026^|^01^|^527399^|^015^|^08^|^CD^|^6214^|^FAL^|^04^|^51^|^2^|^002^|^100^|^1^|^1^|^Tidak ada komponen^|^ ^|0|0|0|0|^2023^|^^|^0^|^00^|^1^|^1^|^1^|^1^|^1^|0|0|0|0|^^|0|0
^2026^|^01^|^527399^|^015^|^08^|^CD^|^6215^|^FAH^|^04^|^51^|^2^|^003^|^100^|^1^|^1^|^Tidak ada komponen^|^ ^|0|0|0|0|^2023^|^^|^0^|^00^|^1^|^1^|^1^|^1^|^1^|0|0|0|0|^^|0|0
^2026^|^01^|^527399^|^015^|^08^|^WA^|^4715^|^EBA^|^04^|^51^|^2^|^001^|^100^|^1^|^1^|^Tidak Ada Komponen^|^ ^|0|0|0|0|^2023^|^^|^0^|^00^|^1^|^1^|^1^|^1^|^1^|0|0|0|0|^^|0|0
^2026^|^01^|^527399^|^015^|^08^|^WA^|^4715^|^EBA^|^04^|^51^|^2^|^002^|^100^|^1^|^1^|^Tidak Ada Komponen^|^ ^|0|0|0|0|^2023^|^^|^0^|^00^|^1^|^1^|^1^|^1^|^1^|0|0|0|0|^^|0|0
^2026^|^01^|^527399^|^015^|^08^|^WA^|^4715^|^EBA^|^04^|^51^|^2^|^994^|^002^|^1^|^1^|^Operasional dan Pemeliharaan Kantor^|^ ^|0|0|0|0|^2023^|^^|^0^|^00^|^1^|^1^|^1^|^1^|^1^|0|0|0|0|^^|0|0
^2026^|^01^|^527399^|^015^|^08^|^WA^|^4715^|^EBD^|^04^|^51^|^2^|^Z36^|^100^|^1^|^1^|^Tidak Ada Komponen^|^ ^|0|0|0|0|^2023^|^^|^0^|^00^|^1^|^1^|^1^|^1^|^1^|0|0|0|0|^^|0|0
^2026^|^01^|^527399^|^015^|^08^|^WA^|^4718^|^BMB^|^04^|^51^|^2^|^001^|^100^|^1^|^1^|^Tidak ada komponen^|^ ^|0|0|0|0|^2023^|^^|^0^|^00^|^1^|^1^|^1^|^1^|^1^|0|0|0|0|^^|0|0
^2026^|^01^|^527399^|^015^|^08^|^WA^|^4718^|^BMB^|^04^|^51^|^2^|^002^|^100^|^1^|^1^|^Tidak Ada Komponen^|^ ^|0|0|0|0|^2023^|^^|^0^|^00^|^1^|^1^|^1^|^1^|^1^|0|0|0|0|^^|0|0
^2026^|^01^|^527399^|^015^|^08^|^WA^|^4719^|^EBA^|^04^|^51^|^2^|^004^|^100^|^1^|^1^|^Tidak Ada Komponen^|^ ^|0|0|0|0|^2023^|^^|^0^|^00^|^1^|^1^|^1^|^1^|^1^|0|0|0|0|^^|0|0
^2026^|^01^|^527399^|^015^|^08^|^WA^|^4719^|^EBA^|^04^|^51^|^2^|^994^|^001^|^1^|^1^|^Gaji dan Tunjangan^|^ ^|0|0|0|0|^2023^|^^|^0^|^00^|^1^|^1^|^1^|^1^|^1^|0|0|0|0|^^|0|0
^2026^|^01^|^527399^|^015^|^08^|^WA^|^4719^|^EBC^|^04^|^51^|^2^|^001^|^100^|^1^|^1^|^Tidak Ada Komponen^|^ ^|0|0|0|0|^2023^|^^|^0^|^00^|^1^|^1^|^1^|^1^|^1^|0|0|0|0|^^|0|0
^2026^|^01^|^527425^|^015^|^08^|^CD^|^6212^|^BMB^|^05^|^51^|^2^|^001^|^100^|^1^|^1^|^Tidak Ada Komponen^|^ ^|0|0|0|0|^2024^|^^|^0^|^00^|^1^|^1^|^1^|^1^|^1^|0|0|0|0|^^|0|0
^2026^|^01^|^527425^|^015^|^08^|^CD^|^6212^|^FAC^|^05^|^51^|^2^|^001^|^100^|^1^|^1^|^Tidak Ada Komponen^|^ ^|0|0|0|0|^2023^|^^|^0^|^00^|^1^|^1^|^1^|^1^|^1^|0|0|0|0|^^|0|0
^2026^|^01^|^527425^|^015^|^08^|^CD^|^6212^|^FAH^|^05^|^51^|^2^|^001^|^100^|^1^|^1^|^Tidak ada komponen^|^ ^|0|0|0|0|^2023^|^^|^0^|^00^|^1^|^1^|^1^|^1^|^1^|0|0|0|0|^^|0|0
^2026^|^01^|^527425^|^015^|^08^|^CD^|^6212^|^FAL^|^05^|^51^|^2^|^004^|^100^|^1^|^1^|^Tidak ada komponen^|^ ^|0|0|0|0|^2023^|^^|^0^|^00^|^1^|^1^|^1^|^1^|^1^|0|0|0|0|^^|0|0
^2026^|^01^|^527425^|^015^|^08^|^CD^|^6213^|^FAC^|^05^|^51^|^2^|^001^|^100^|^1^|^1^|^Tidak ada komponen^|^ ^|0|0|0|0|^2023^|^^|^0^|^00^|^1^|^1^|^1^|^1^|^1^|0|0|0|0|^^|0|0
^2026^|^01^|^527425^|^015^|^08^|^CD^|^6213^|^FAE^|^05^|^51^|^2^|^009^|^100^|^1^|^1^|^Tidak Ada Komponen^|^ ^|0|0|0|0|^2024^|^^|^0^|^00^|^1^|^1^|^1^|^1^|^1^|0|0|0|0|^^|0|0
^2026^|^01^|^527425^|^015^|^08^|^CD^|^6213^|^FAL^|^05^|^51^|^2^|^003^|^100^|^1^|^1^|^Tidak ada komponen^|^ ^|0|0|0|0|^2023^|^^|^0^|^00^|^1^|^1^|^1^|^1^|^1^|0|0|0|0|^^|0|0
^2026^|^01^|^527425^|^015^|^08^|^CD^|^6214^|^FAL^|^05^|^51^|^2^|^002^|^100^|^1^|^1^|^Tidak ada komponen^|^ ^|0|0|0|0|^2023^|^^|^0^|^00^|^1^|^1^|^1^|^1^|^1^|0|0|0|0|^^|0|0
^2026^|^01^|^527425^|^015^|^08^|^CD^|^6215^|^FAH^|^05^|^51^|^2^|^003^|^100^|^1^|^1^|^Tidak ada komponen^|^ ^|0|0|0|0|^2023^|^^|^0^|^00^|^1^|^1^|^1^|^1^|^1^|0|0|0|0|^^|0|0
^2026^|^01^|^527425^|^015^|^08^|^WA^|^4715^|^EBA^|^05^|^51^|^2^|^001^|^100^|^1^|^1^|^Tidak Ada Komponen^|^ ^|0|0|0|0|^2023^|^^|^0^|^00^|^1^|^1^|^1^|^1^|^1^|0|0|0|0|^^|0|0
^2026^|^01^|^527425^|^015^|^08^|^WA^|^4715^|^EBA^|^05^|^51^|^2^|^002^|^100^|^1^|^1^|^Tidak Ada Komponen^|^ ^|0|0|0|0|^2023^|^^|^0^|^00^|^1^|^1^|^1^|^1^|^1^|0|0|0|0|^^|0|0
^2026^|^01^|^527425^|^015^|^08^|^WA^|^4715^|^EBA^|^05^|^51^|^2^|^994^|^002^|^1^|^1^|^Operasional dan Pemeliharaan Kantor^|^ ^|0|0|0|0|^2023^|^^|^0^|^00^|^1^|^1^|^1^|^1^|^1^|0|0|0|0|^^|0|0
^2026^|^01^|^527425^|^015^|^08^|^WA^|^4718^|^BMB^|^05^|^51^|^2^|^001^|^100^|^1^|^1^|^Tidak ada komponen^|^ ^|0|0|0|0|^2023^|^^|^0^|^00^|^1^|^1^|^1^|^1^|^1^|0|0|0|0|^^|0|0
^2026^|^01^|^527425^|^015^|^08^|^WA^|^4718^|^BMB^|^05^|^51^|^2^|^002^|^100^|^1^|^1^|^Tidak Ada Komponen^|^ ^|0|0|0|0|^2023^|^^|^0^|^00^|^1^|^1^|^1^|^1^|^1^|0|0|0|0|^^|0|0
^2026^|^01^|^527425^|^015^|^08^|^WA^|^4719^|^EBA^|^05^|^51^|^2^|^004^|^100^|^1^|^1^|^Tidak Ada Komponen^|^ ^|0|0|0|0|^2023^|^^|^0^|^00^|^1^|^1^|^1^|^1^|^1^|0|0|0|0|^^|0|0
^2026^|^01^|^527425^|^015^|^08^|^WA^|^4719^|^EBA^|^05^|^51^|^2^|^994^|^001^|^1^|^1^|^Gaji dan Tunjangan^|^ ^|0|0|0|0|^2023^|^^|^0^|^00^|^1^|^1^|^1^|^1^|^1^|0|0|0|0|^^|0|0
^2026^|^01^|^527425^|^015^|^08^|^WA^|^4719^|^EBC^|^05^|^51^|^2^|^001^|^100^|^1^|^1^|^Tidak Ada Komponen^|^ ^|0|0|0|0|^2023^|^^|^0^|^00^|^1^|^1^|^1^|^1^|^1^|0|0|0|0|^^|0|0
^2026^|^01^|^527446^|^015^|^08^|^CD^|^6212^|^FAC^|^05^|^57^|^2^|^001^|^100^|^2^|^1^|^Tidak Ada Komponen^|^ ^|0|0|0|0|^2023^|^^|^0^|^00^|^1^|^1^|^1^|^1^|^1^|0|0|0|0|^^|0|0
^2026^|^01^|^527446^|^015^|^08^|^CD^|^6212^|^FAH^|^05^|^57^|^2^|^001^|^100^|^2^|^1^|^Tidak ada komponen^|^ ^|0|0|0|0|^2023^|^^|^0^|^00^|^1^|^1^|^1^|^1^|^1^|0|0|0|0|^^|0|0
^2026^|^01^|^527446^|^015^|^08^|^CD^|^6212^|^FAL^|^05^|^57^|^2^|^004^|^100^|^2^|^1^|^Tidak ada komponen^|^ ^|0|0|0|0|^2023^|^^|^0^|^00^|^1^|^1^|^1^|^1^|^1^|0|0|0|0|^^|0|0
^2026^|^01^|^527446^|^015^|^08^|^CD^|^6213^|^FAC^|^05^|^57^|^2^|^001^|^100^|^2^|^1^|^Tidak ada komponen^|^ ^|0|0|0|0|^2023^|^^|^0^|^00^|^1^|^1^|^1^|^1^|^1^|0|0|0|0|^^|0|0
^2026^|^01^|^527446^|^015^|^08^|^CD^|^6214^|^FAL^|^05^|^57^|^2^|^002^|^100^|^2^|^1^|^Tidak ada komponen^|^ ^|0|0|0|0|^2023^|^^|^0^|^00^|^1^|^1^|^1^|^1^|^1^|0|0|0|0|^^|0|0
^2026^|^01^|^527446^|^015^|^08^|^CD^|^6215^|^FAH^|^05^|^57^|^2^|^003^|^100^|^2^|^1^|^Tidak ada komponen^|^ ^|0|0|0|0|^2023^|^^|^0^|^00^|^1^|^1^|^1^|^1^|^1^|0|0|0|0|^^|0|0
^2026^|^01^|^527446^|^015^|^08^|^WA^|^4715^|^EBA^|^05^|^57^|^2^|^001^|^100^|^1^|^2^|^Tidak Ada Komponen^|^ ^|0|0|0|0|^2023^|^^|^0^|^00^|^1^|^1^|^1^|^1^|^1^|0|0|0|0|^^|0|0
^2026^|^01^|^527446^|^015^|^08^|^WA^|^4715^|^EBA^|^05^|^57^|^2^|^002^|^100^|^1^|^2^|^Tidak Ada Komponen^|^ ^|0|0|0|0|^2023^|^^|^0^|^00^|^1^|^1^|^1^|^1^|^1^|0|0|0|0|^^|0|0
^2026^|^01^|^527446^|^015^|^08^|^WA^|^4715^|^EBA^|^05^|^57^|^2^|^994^|^002^|^1^|^1^|^Operasional dan Pemeliharaan Kantor^|^ ^|0|0|0|0|^2023^|^^|^0^|^00^|^1^|^1^|^1^|^1^|^1^|0|0|0|0|^^|0|0
^2026^|^01^|^527446^|^015^|^08^|^WA^|^4715^|^EBD^|^05^|^57^|^2^|^Z36^|^100^|^2^|^1^|^Tidak Ada Komponen^|^ ^|0|0|0|0|^2025^|^^|^0^|^00^|^1^|^1^|^1^|^1^|^1^|0|0|0|0|^^|0|0
^2026^|^01^|^527446^|^015^|^08^|^WA^|^4718^|^BMB^|^05^|^57^|^2^|^001^|^100^|^1^|^2^|^Tidak ada komponen^|^ ^|0|0|0|0|^2023^|^^|^0^|^00^|^1^|^1^|^1^|^1^|^1^|0|0|0|0|^^|0|0
^2026^|^01^|^527446^|^015^|^08^|^WA^|^4718^|^BMB^|^05^|^57^|^2^|^002^|^100^|^1^|^2^|^Tidak Ada Komponen^|^ ^|0|0|0|0|^2023^|^^|^0^|^00^|^1^|^1^|^1^|^1^|^1^|0|0|0|0|^^|0|0
^2026^|^01^|^527446^|^015^|^08^|^WA^|^4719^|^EBA^|^05^|^57^|^2^|^004^|^100^|^2^|^2^|^Tidak Ada Komponen^|^ ^|0|0|0|0|^2023^|^^|^0^|^00^|^1^|^1^|^1^|^1^|^1^|0|0|0|0|^^|0|0
^2026^|^01^|^527446^|^015^|^08^|^WA^|^4719^|^EBA^|^05^|^57^|^2^|^994^|^001^|^1^|^1^|^Gaji dan Tunjangan^|^ ^|0|0|0|0|^2023^|^^|^0^|^00^|^1^|^1^|^1^|^1^|^1^|0|0|0|0|^^|0|0
^2026^|^01^|^527446^|^015^|^08^|^WA^|^4719^|^EBC^|^05^|^57^|^2^|^001^|^100^|^1^|^2^|^Tidak Ada Komponen^|^ ^|0|0|0|0|^2023^|^^|^0^|^00^|^1^|^1^|^1^|^1^|^1^|0|0|0|0|^^|0|0
^2026^|^01^|^527411^|^015^|^08^|^CD^|^6212^|^BMB^|^05^|^51^|^2^|^001^|^100^|^1^|^1^|^Tidak Ada Komponen^|^ ^|0|0|0|0|^2024^|^^|^0^|^00^|^1^|^1^|^1^|^1^|^1^|0|0|0|0|^^|0|0
^2026^|^01^|^527411^|^015^|^08^|^CD^|^6212^|^FAC^|^05^|^51^|^2^|^002^|^100^|^2^|^1^|^Tidak ada komponen^|^ ^|0|0|0|0|^2023^|^^|^0^|^00^|^1^|^1^|^1^|^1^|^1^|0|0|0|0|^^|0|0
^2026^|^01^|^527411^|^015^|^08^|^CD^|^6212^|^FAH^|^05^|^51^|^2^|^002^|^100^|^2^|^1^|^Tidak ada komponen^|^ ^|0|0|0|0|^2023^|^^|^0^|^00^|^1^|^1^|^1^|^1^|^1^|0|0|0|0|^^|0|0
^2026^|^01^|^527411^|^015^|^08^|^CD^|^6212^|^FAH^|^05^|^51^|^2^|^003^|^100^|^2^|^1^|^Tidak ada komponen^|^ ^|0|0|0|0|^2023^|^^|^0^|^00^|^1^|^1^|^1^|^1^|^1^|0|0|0|0|^^|0|0
^2026^|^01^|^527411^|^015^|^08^|^CD^|^6212^|^FAL^|^05^|^51^|^2^|^001^|^100^|^2^|^1^|^Tidak ada komponen^|^ ^|0|0|0|0|^2023^|^^|^0^|^00^|^1^|^1^|^1^|^1^|^1^|0|0|0|0|^^|0|0
^2026^|^01^|^527411^|^015^|^08^|^CD^|^6213^|^ABA^|^05^|^51^|^2^|^001^|^100^|^1^|^1^|^Tidak Ada Komponen^|^ ^|0|0|0|0|^2024^|^^|^0^|^00^|^1^|^1^|^1^|^1^|^1^|0|0|0|0|^^|0|0
^2026^|^01^|^527411^|^015^|^08^|^CD^|^6213^|^FAE^|^05^|^51^|^2^|^008^|^100^|^2^|^1^|^Tidak Ada Komponen^|^ ^|0|0|0|0|^2023^|^^|^0^|^00^|^1^|^1^|^1^|^1^|^1^|0|0|0|0|^^|0|0
^2026^|^01^|^527411^|^015^|^08^|^CD^|^6213^|^FAE^|^05^|^51^|^2^|^009^|^100^|^1^|^1^|^Tidak Ada Komponen^|^ ^|0|0|0|0|^2024^|^^|^0^|^00^|^1^|^1^|^1^|^1^|^1^|0|0|0|0|^^|0|0
^2026^|^01^|^527411^|^015^|^08^|^CD^|^6213^|^FAL^|^05^|^51^|^2^|^003^|^100^|^2^|^1^|^Tidak ada komponen^|^ ^|0|0|0|0|^2023^|^^|^0^|^00^|^1^|^1^|^1^|^1^|^1^|0|0|0|0|^^|0|0
^2026^|^01^|^527411^|^015^|^08^|^CD^|^6215^|^FAH^|^05^|^51^|^2^|^001^|^100^|^2^|^1^|^Tidak ada komponen^|^ ^|0|0|0|0|^2023^|^^|^0^|^00^|^1^|^1^|^1^|^1^|^1^|0|0|0|0|^^|0|0
^2026^|^01^|^527411^|^015^|^08^|^CD^|^6215^|^FAH^|^05^|^51^|^2^|^003^|^100^|^2^|^1^|^Tidak ada komponen^|^ ^|0|0|0|0|^2023^|^^|^0^|^00^|^1^|^1^|^1^|^1^|^1^|0|0|0|0|^^|0|0
^2026^|^01^|^527411^|^015^|^08^|^CD^|^6216^|^FAE^|^05^|^51^|^2^|^002^|^100^|^2^|^1^|^Tidak ada komponen^|^ ^|0|0|0|0|^2023^|^^|^0^|^00^|^1^|^1^|^1^|^1^|^1^|0|0|0|0|^^|0|0
^2026^|^01^|^527411^|^015^|^08^|^WA^|^4715^|^EBA^|^05^|^51^|^2^|^001^|^100^|^2^|^1^|^Tidak Ada Komponen^|^ ^|0|0|0|0|^2023^|^^|^0^|^00^|^1^|^1^|^1^|^1^|^1^|0|0|0|0|^^|0|0
^2026^|^01^|^527411^|^015^|^08^|^WA^|^4715^|^EBA^|^05^|^51^|^2^|^002^|^100^|^1^|^1^|^Tidak Ada Komponen^|^ ^|0|0|0|0|^2023^|^^|^0^|^00^|^1^|^1^|^1^|^1^|^1^|0|0|0|0|^^|0|0
^2026^|^01^|^527411^|^015^|^08^|^WA^|^4715^|^EBA^|^05^|^51^|^2^|^994^|^002^|^1^|^1^|^Operasional dan Pemeliharaan Kantor^|^ ^|0|0|0|0|^2023^|^^|^0^|^00^|^1^|^1^|^1^|^1^|^1^|0|0|0|0|^^|0|0
^2026^|^01^|^527411^|^015^|^08^|^WA^|^4715^|^EBB^|^05^|^51^|^2^|^002^|^100^|^1^|^1^|^Tidak Ada Komponen^|^2 Unit^|0|0|0|0|^2025^|^^|^0^|^00^|^1^|^1^|^1^|^1^|^1^|0|0|0|0|^^|0|0
^2026^|^01^|^527411^|^015^|^08^|^WA^|^4715^|^EBB^|^05^|^51^|^2^|^004^|^100^|^1^|^1^|^Tidak Ada Komponen^|^ ^|0|0|0|0|^2025^|^^|^0^|^00^|^1^|^1^|^1^|^1^|^1^|0|0|0|0|^^|0|0
^2026^|^01^|^527411^|^015^|^08^|^WA^|^4715^|^EBD^|^05^|^51^|^2^|^Z26^|^100^|^2^|^1^|^Tidak Ada Komponen^|^ ^|0|0|0|0|^2023^|^^|^0^|^00^|^1^|^1^|^1^|^1^|^1^|0|0|0|0|^^|0|0
^2026^|^01^|^527411^|^015^|^08^|^WA^|^4715^|^EBD^|^05^|^51^|^2^|^Z36^|^100^|^2^|^1^|^Tidak Ada Komponen^|^ ^|0|0|0|0|^2023^|^^|^0^|^00^|^1^|^1^|^1^|^1^|^1^|0|0|0|0|^^|0|0
^2026^|^01^|^527411^|^015^|^08^|^WA^|^4718^|^BMB^|^05^|^51^|^2^|^002^|^100^|^1^|^1^|^Tidak Ada Komponen^|^ ^|0|0|0|0|^2023^|^^|^0^|^00^|^1^|^1^|^1^|^1^|^1^|0|0|0|0|^^|0|0
^2026^|^01^|^527411^|^015^|^08^|^WA^|^4718^|^BMB^|^05^|^51^|^2^|^001^|^100^|^2^|^1^|^Tidak ada komponen^|^ ^|0|0|0|0|^2023^|^^|^0^|^00^|^1^|^1^|^1^|^1^|^1^|0|0|0|0|^^|0|0
^2026^|^01^|^527411^|^015^|^08^|^WA^|^4719^|^EBA^|^05^|^51^|^2^|^003^|^100^|^1^|^1^|^Tidak Ada Komponen^|^ ^|0|0|0|0|^2023^|^^|^0^|^00^|^1^|^1^|^1^|^1^|^1^|0|0|0|0|^^|0|0
^2026^|^01^|^527411^|^015^|^08^|^WA^|^4719^|^EBA^|^05^|^51^|^2^|^005^|^100^|^1^|^1^|^Tidak Ada Komponen^|^ ^|0|0|0|0|^2023^|^^|^0^|^00^|^1^|^1^|^1^|^1^|^1^|0|0|0|0|^^|0|0
^2026^|^01^|^527411^|^015^|^08^|^WA^|^4719^|^EBA^|^05^|^51^|^2^|^994^|^001^|^1^|^1^|^Gaji dan Tunjangan^|^ ^|0|0|0|0|^2023^|^^|^0^|^00^|^1^|^1^|^1^|^1^|^1^|0|0|0|0|^^|0|0
^2026^|^01^|^527411^|^015^|^08^|^WA^|^4719^|^EBC^|^05^|^51^|^2^|^001^|^100^|^2^|^1^|^Tidak Ada Komponen^|^ ^|0|0|0|0|^2023^|^^|^0^|^00^|^1^|^1^|^1^|^1^|^1^|0|0|0|0|^^|0|0
^2026^|^01^|^527411^|^015^|^08^|^WA^|^4722^|^EBD^|^05^|^51^|^2^|^001^|^100^|^2^|^1^|^Tidak Ada Komponen^|^ ^|0|0|0|0|^2023^|^^|^0^|^00^|^1^|^1^|^1^|^1^|^1^|0|0|0|0|^^|0|0
^2026^|^01^|^527432^|^015^|^08^|^CD^|^6212^|^FAC^|^05^|^53^|^2^|^001^|^100^|^1^|^1^|^Tidak Ada Komponen^|^ ^|0|0|0|0|^2023^|^^|^0^|^00^|^1^|^1^|^1^|^1^|^1^|0|0|0|0|^^|0|0
^2026^|^01^|^527432^|^015^|^08^|^CD^|^6212^|^FAH^|^05^|^53^|^2^|^001^|^100^|^1^|^1^|^Tidak ada komponen^|^ ^|0|0|0|0|^2023^|^^|^0^|^00^|^1^|^1^|^1^|^1^|^1^|0|0|0|0|^^|0|0
^2026^|^01^|^527432^|^015^|^08^|^CD^|^6212^|^FAL^|^05^|^53^|^2^|^004^|^100^|^1^|^1^|^Tidak ada komponen^|^ ^|0|0|0|0|^2023^|^^|^0^|^00^|^1^|^1^|^1^|^1^|^1^|0|0|0|0|^^|0|0
^2026^|^01^|^527432^|^015^|^08^|^CD^|^6213^|^FAC^|^05^|^53^|^2^|^001^|^100^|^1^|^1^|^Tidak ada komponen^|^ ^|0|0|0|0|^2023^|^^|^0^|^00^|^1^|^1^|^1^|^1^|^1^|0|0|0|0|^^|0|0
^2026^|^01^|^527432^|^015^|^08^|^CD^|^6214^|^FAL^|^05^|^53^|^2^|^002^|^100^|^1^|^1^|^Tidak ada komponen^|^ ^|0|0|0|0|^2023^|^^|^0^|^00^|^1^|^1^|^1^|^1^|^1^|0|0|0|0|^^|0|0
^2026^|^01^|^527432^|^015^|^08^|^CD^|^6215^|^FAH^|^05^|^53^|^2^|^003^|^100^|^2^|^1^|^Tidak ada komponen^|^ ^|0|0|0|0|^2023^|^^|^0^|^00^|^1^|^1^|^1^|^1^|^1^|0|0|0|0|^^|0|0
^2026^|^01^|^527432^|^015^|^08^|^WA^|^4715^|^EBA^|^05^|^53^|^2^|^001^|^100^|^1^|^2^|^Tidak Ada Komponen^|^ ^|0|0|0|0|^2023^|^^|^0^|^00^|^1^|^1^|^1^|^1^|^1^|0|0|0|0|^^|0|0
^2026^|^01^|^527432^|^015^|^08^|^WA^|^4715^|^EBA^|^05^|^53^|^2^|^002^|^100^|^1^|^1^|^Tidak Ada Komponen^|^ ^|0|0|0|0|^2023^|^^|^0^|^00^|^1^|^1^|^1^|^1^|^1^|0|0|0|0|^^|0|0
^2026^|^01^|^527432^|^015^|^08^|^WA^|^4715^|^EBA^|^05^|^53^|^2^|^994^|^002^|^1^|^1^|^Operasional dan Pemeliharaan Kantor^|^ ^|0|0|0|0|^2023^|^^|^0^|^00^|^1^|^1^|^1^|^1^|^1^|0|0|0|0|^^|0|0
^2026^|^01^|^527432^|^015^|^08^|^WA^|^4715^|^EBD^|^05^|^53^|^2^|^Z36^|^100^|^1^|^1^|^Tidak Ada Komponen^|^ ^|0|0|0|0|^2023^|^^|^0^|^00^|^1^|^1^|^1^|^1^|^1^|0|0|0|0|^^|0|0
^2026^|^01^|^527432^|^015^|^08^|^WA^|^4718^|^BMB^|^05^|^53^|^2^|^001^|^100^|^1^|^1^|^Tidak ada komponen^|^ ^|0|0|0|0|^2023^|^^|^0^|^00^|^1^|^1^|^1^|^1^|^1^|0|0|0|0|^^|0|0
^2026^|^01^|^527432^|^015^|^08^|^WA^|^4718^|^BMB^|^05^|^53^|^2^|^002^|^100^|^1^|^1^|^Tidak Ada Komponen^|^ ^|0|0|0|0|^2023^|^^|^0^|^00^|^1^|^1^|^1^|^1^|^1^|0|0|0|0|^^|0|0
^2026^|^01^|^527432^|^015^|^08^|^WA^|^4719^|^EBA^|^05^|^53^|^2^|^004^|^100^|^1^|^1^|^Tidak Ada Komponen^|^ ^|0|0|0|0|^2023^|^^|^0^|^00^|^1^|^1^|^1^|^1^|^1^|0|0|0|0|^^|0|0
^2026^|^01^|^527432^|^015^|^08^|^WA^|^4719^|^EBA^|^05^|^53^|^2^|^994^|^001^|^1^|^1^|^Gaji dan Tunjangan^|^ ^|0|0|0|0|^2023^|^^|^0^|^00^|^1^|^1^|^1^|^1^|^1^|0|0|0|0|^^|0|0
^2026^|^01^|^527432^|^015^|^08^|^WA^|^4719^|^EBC^|^05^|^53^|^2^|^001^|^100^|^1^|^1^|^Tidak Ada Komponen^|^ ^|0|0|0|0|^2023^|^^|^0^|^00^|^1^|^1^|^1^|^1^|^1^|0|0|0|0|^^|0|0
^2026^|^01^|^527500^|^015^|^08^|^CD^|^6212^|^FAC^|^05^|^52^|^2^|^001^|^100^|^1^|^1^|^Tidak Ada Komponen^|^ ^|0|0|0|0|^2023^|^^|^0^|^00^|^1^|^1^|^1^|^1^|^1^|0|0|0|0|^^|0|0
^2026^|^01^|^527500^|^015^|^08^|^CD^|^6212^|^FAH^|^05^|^52^|^2^|^001^|^100^|^1^|^1^|^Tidak ada komponen^|^ ^|0|0|0|0|^2023^|^^|^0^|^00^|^1^|^1^|^1^|^1^|^1^|0|0|0|0|^^|0|0
^2026^|^01^|^527500^|^015^|^08^|^CD^|^6212^|^FAL^|^05^|^52^|^2^|^004^|^100^|^1^|^1^|^Tidak ada komponen^|^ ^|0|0|0|0|^2023^|^^|^0^|^00^|^1^|^1^|^1^|^1^|^1^|0|0|0|0|^^|0|0
^2026^|^01^|^527500^|^015^|^08^|^CD^|^6213^|^FAC^|^05^|^52^|^2^|^001^|^100^|^1^|^1^|^Tidak ada komponen^|^ ^|0|0|0|0|^2023^|^^|^0^|^00^|^1^|^1^|^1^|^1^|^1^|0|0|0|0|^^|0|0
^2026^|^01^|^527500^|^015^|^08^|^CD^|^6214^|^FAL^|^05^|^52^|^2^|^002^|^100^|^1^|^1^|^Tidak ada komponen^|^ ^|0|0|0|0|^2023^|^^|^0^|^00^|^1^|^1^|^1^|^1^|^1^|0|0|0|0|^^|0|0
^2026^|^01^|^527500^|^015^|^08^|^CD^|^6215^|^FAH^|^05^|^52^|^2^|^003^|^100^|^1^|^1^|^Tidak ada komponen^|^ ^|0|0|0|0|^2023^|^^|^0^|^00^|^1^|^1^|^1^|^1^|^1^|0|0|0|0|^^|0|0
^2026^|^01^|^527500^|^015^|^08^|^WA^|^4715^|^EBA^|^05^|^52^|^2^|^001^|^100^|^2^|^1^|^Tidak Ada Komponen^|^ ^|0|0|0|0|^2023^|^^|^0^|^00^|^1^|^1^|^1^|^1^|^1^|0|0|0|0|^^|0|0
^2026^|^01^|^527500^|^015^|^08^|^WA^|^4715^|^EBA^|^05^|^52^|^2^|^002^|^100^|^1^|^1^|^Tidak Ada Komponen^|^ ^|0|0|0|0|^2023^|^^|^0^|^00^|^1^|^1^|^1^|^1^|^1^|0|0|0|0|^^|0|0
^2026^|^01^|^527500^|^015^|^08^|^WA^|^4715^|^EBA^|^05^|^52^|^2^|^994^|^002^|^1^|^1^|^Operasional dan Pemeliharaan Kantor^|^ ^|0|0|0|0|^2023^|^^|^0^|^00^|^1^|^1^|^1^|^1^|^1^|0|0|0|0|^^|0|0
^2026^|^01^|^527500^|^015^|^08^|^WA^|^4718^|^BMB^|^05^|^52^|^2^|^001^|^100^|^2^|^1^|^Tidak ada komponen^|^ ^|0|0|0|0|^2023^|^^|^0^|^00^|^1^|^1^|^1^|^1^|^1^|0|0|0|0|^^|0|0
^2026^|^01^|^527500^|^015^|^08^|^WA^|^4718^|^BMB^|^05^|^52^|^2^|^002^|^100^|^1^|^2^|^Tidak Ada Komponen^|^ ^|0|0|0|0|^2023^|^^|^0^|^00^|^1^|^1^|^1^|^1^|^1^|0|0|0|0|^^|0|0
^2026^|^01^|^527500^|^015^|^08^|^WA^|^4719^|^EBA^|^05^|^52^|^2^|^004^|^100^|^1^|^2^|^Tidak Ada Komponen^|^ ^|0|0|0|0|^2023^|^^|^0^|^00^|^1^|^1^|^1^|^1^|^1^|0|0|0|0|^^|0|0
^2026^|^01^|^527500^|^015^|^08^|^WA^|^4719^|^EBA^|^05^|^52^|^2^|^994^|^001^|^1^|^1^|^Gaji dan Tunjangan^|^ ^|0|0|0|0|^2023^|^^|^0^|^00^|^1^|^1^|^1^|^1^|^1^|0|0|0|0|^^|0|0
^2026^|^01^|^527500^|^015^|^08^|^WA^|^4719^|^EBC^|^05^|^52^|^2^|^001^|^100^|^1^|^2^|^Tidak Ada Komponen^|^ ^|0|0|0|0|^2023^|^^|^0^|^00^|^1^|^1^|^1^|^1^|^1^|0|0|0|0|^^|0|0
^2026^|^01^|^527450^|^015^|^08^|^CD^|^6212^|^FAC^|^05^|^58^|^2^|^001^|^100^|^1^|^1^|^Tidak Ada Komponen^|^ ^|0|0|0|0|^2023^|^^|^0^|^00^|^1^|^1^|^1^|^1^|^1^|0|0|0|0|^^|0|0
^2026^|^01^|^527450^|^015^|^08^|^CD^|^6212^|^FAH^|^05^|^58^|^2^|^001^|^100^|^1^|^1^|^Tidak ada komponen^|^ ^|0|0|0|0|^2023^|^^|^0^|^00^|^1^|^1^|^1^|^1^|^1^|0|0|0|0|^^|0|0
^2026^|^01^|^527450^|^015^|^08^|^CD^|^6212^|^FAL^|^05^|^58^|^2^|^004^|^100^|^1^|^1^|^Tidak ada komponen^|^ ^|0|0|0|0|^2023^|^^|^0^|^00^|^1^|^1^|^1^|^1^|^1^|0|0|0|0|^^|0|0
^2026^|^01^|^527450^|^015^|^08^|^CD^|^6213^|^FAC^|^05^|^58^|^2^|^001^|^100^|^1^|^1^|^Tidak ada komponen^|^ ^|0|0|0|0|^2023^|^^|^0^|^00^|^1^|^1^|^1^|^1^|^1^|0|0|0|0|^^|0|0
^2026^|^01^|^527450^|^015^|^08^|^CD^|^6213^|^FAE^|^05^|^58^|^2^|^009^|^100^|^1^|^1^|^Tidak Ada Komponen^|^ ^|0|0|0|0|^2024^|^^|^0^|^00^|^1^|^1^|^1^|^1^|^1^|0|0|0|0|^^|0|0
^2026^|^01^|^527450^|^015^|^08^|^CD^|^6214^|^FAL^|^05^|^58^|^2^|^002^|^100^|^1^|^1^|^Tidak ada komponen^|^ ^|0|0|0|0|^2023^|^^|^0^|^00^|^1^|^1^|^1^|^1^|^1^|0|0|0|0|^^|0|0
^2026^|^01^|^527450^|^015^|^08^|^CD^|^6215^|^FAH^|^05^|^58^|^2^|^003^|^100^|^1^|^1^|^Tidak ada komponen^|^ ^|0|0|0|0|^2023^|^^|^0^|^00^|^1^|^1^|^1^|^1^|^1^|0|0|0|0|^^|0|0
^2026^|^01^|^527450^|^015^|^08^|^WA^|^4715^|^EBA^|^05^|^58^|^2^|^001^|^100^|^1^|^2^|^Tidak Ada Komponen^|^ ^|0|0|0|0|^2023^|^^|^0^|^00^|^1^|^1^|^1^|^1^|^1^|0|0|0|0|^^|0|0
^2026^|^01^|^527450^|^015^|^08^|^WA^|^4715^|^EBA^|^05^|^58^|^2^|^002^|^100^|^1^|^2^|^Tidak Ada Komponen^|^ ^|0|0|0|0|^2023^|^^|^0^|^00^|^1^|^1^|^1^|^1^|^1^|0|0|0|0|^^|0|0
^2026^|^01^|^527450^|^015^|^08^|^WA^|^4715^|^EBA^|^05^|^58^|^2^|^994^|^002^|^1^|^1^|^Operasional dan Pemeliharaan Kantor^|^ ^|0|0|0|0|^2023^|^^|^0^|^00^|^1^|^1^|^1^|^1^|^1^|0|0|0|0|^^|0|0
^2026^|^01^|^527450^|^015^|^08^|^WA^|^4715^|^EBD^|^05^|^58^|^2^|^Z36^|^100^|^2^|^1^|^Tidak Ada Komponen^|^ ^|0|0|0|0|^2025^|^^|^0^|^00^|^1^|^1^|^1^|^1^|^1^|0|0|0|0|^^|0|0
^2026^|^01^|^527450^|^015^|^08^|^WA^|^4718^|^BMB^|^05^|^58^|^2^|^001^|^100^|^1^|^1^|^Tidak ada komponen^|^ ^|0|0|0|0|^2023^|^^|^0^|^00^|^1^|^1^|^1^|^1^|^1^|0|0|0|0|^^|0|0
^2026^|^01^|^527450^|^015^|^08^|^WA^|^4718^|^BMB^|^05^|^58^|^2^|^002^|^100^|^1^|^2^|^Tidak Ada Komponen^|^ ^|0|0|0|0|^2023^|^^|^0^|^00^|^1^|^1^|^1^|^1^|^1^|0|0|0|0|^^|0|0
^2026^|^01^|^527450^|^015^|^08^|^WA^|^4719^|^EBA^|^05^|^58^|^2^|^004^|^100^|^1^|^2^|^Tidak Ada Komponen^|^ ^|0|0|0|0|^2023^|^^|^0^|^00^|^1^|^1^|^1^|^1^|^1^|0|0|0|0|^^|0|0
^2026^|^01^|^527450^|^015^|^08^|^WA^|^4719^|^EBA^|^05^|^58^|^2^|^994^|^001^|^1^|^1^|^Gaji dan Tunjangan^|^ ^|0|0|0|0|^2023^|^^|^0^|^00^|^1^|^1^|^1^|^1^|^1^|0|0|0|0|^^|0|0
^2026^|^01^|^527450^|^015^|^08^|^WA^|^4719^|^EBC^|^05^|^58^|^2^|^001^|^100^|^1^|^2^|^Tidak Ada Komponen^|^ ^|0|0|0|0|^2023^|^^|^0^|^00^|^1^|^1^|^1^|^1^|^1^|0|0|0|0|^^|0|0
^2026^|^01^|^527488^|^015^|^08^|^CD^|^6212^|^BMB^|^05^|^27^|^2^|^001^|^100^|^1^|^1^|^Tidak Ada Komponen^|^ ^|0|0|0|0|^2024^|^^|^0^|^00^|^1^|^1^|^1^|^1^|^1^|0|0|0|0|^^|0|0
^2026^|^01^|^527488^|^015^|^08^|^CD^|^6212^|^FAC^|^05^|^27^|^2^|^001^|^100^|^1^|^1^|^Tidak Ada Komponen^|^ ^|0|0|0|0|^2023^|^^|^0^|^00^|^1^|^1^|^1^|^1^|^1^|0|0|0|0|^^|0|0
^2026^|^01^|^527488^|^015^|^08^|^CD^|^6212^|^FAH^|^05^|^27^|^2^|^001^|^100^|^1^|^1^|^Tidak ada komponen^|^ ^|0|0|0|0|^2023^|^^|^0^|^00^|^1^|^1^|^1^|^1^|^1^|0|0|0|0|^^|0|0
^2026^|^01^|^527488^|^015^|^08^|^CD^|^6212^|^FAL^|^05^|^27^|^2^|^004^|^100^|^1^|^1^|^Tidak ada komponen^|^ ^|0|0|0|0|^2023^|^^|^0^|^00^|^1^|^1^|^1^|^1^|^1^|0|0|0|0|^^|0|0
^2026^|^01^|^527488^|^015^|^08^|^CD^|^6213^|^FAC^|^05^|^27^|^2^|^001^|^100^|^1^|^1^|^Tidak ada komponen^|^ ^|0|0|0|0|^2023^|^^|^0^|^00^|^1^|^1^|^1^|^1^|^1^|0|0|0|0|^^|0|0
^2026^|^01^|^527488^|^015^|^08^|^CD^|^6213^|^FAE^|^05^|^27^|^2^|^009^|^100^|^1^|^1^|^Tidak Ada Komponen^|^ ^|0|0|0|0|^2024^|^^|^0^|^00^|^1^|^1^|^1^|^1^|^1^|0|0|0|0|^^|0|0
^2026^|^01^|^527488^|^015^|^08^|^CD^|^6213^|^FAL^|^05^|^27^|^2^|^003^|^100^|^1^|^1^|^Tidak ada komponen^|^ ^|0|0|0|0|^2023^|^^|^0^|^00^|^1^|^1^|^1^|^1^|^1^|0|0|0|0|^^|0|0
^2026^|^01^|^527488^|^015^|^08^|^CD^|^6214^|^FAL^|^05^|^27^|^2^|^002^|^100^|^1^|^1^|^Tidak ada komponen^|^ ^|0|0|0|0|^2023^|^^|^0^|^00^|^1^|^1^|^1^|^1^|^1^|0|0|0|0|^^|0|0
^2026^|^01^|^527488^|^015^|^08^|^CD^|^6215^|^FAH^|^05^|^27^|^2^|^003^|^100^|^1^|^1^|^Tidak ada komponen^|^ ^|0|0|0|0|^2023^|^^|^0^|^00^|^1^|^1^|^1^|^1^|^1^|0|0|0|0|^^|0|0
^2026^|^01^|^527488^|^015^|^08^|^WA^|^4715^|^EBA^|^05^|^27^|^2^|^001^|^100^|^1^|^1^|^Tidak Ada Komponen^|^ ^|0|0|0|0|^2023^|^^|^0^|^00^|^1^|^1^|^1^|^1^|^1^|0|0|0|0|^^|0|0
^2026^|^01^|^527488^|^015^|^08^|^WA^|^4715^|^EBA^|^05^|^27^|^2^|^002^|^100^|^1^|^1^|^Tidak Ada Komponen^|^ ^|0|0|0|0|^2023^|^^|^0^|^00^|^1^|^1^|^1^|^1^|^1^|0|0|0|0|^^|0|0
^2026^|^01^|^527488^|^015^|^08^|^WA^|^4715^|^EBA^|^05^|^27^|^2^|^994^|^002^|^1^|^1^|^Operasional dan Pemeliharaan Kantor^|^ ^|0|0|0|0|^2023^|^^|^0^|^00^|^1^|^1^|^1^|^1^|^1^|0|0|0|0|^^|0|0
^2026^|^01^|^527488^|^015^|^08^|^WA^|^4715^|^EBB^|^05^|^27^|^2^|^004^|^100^|^1^|^1^|^Tidak Ada Komponen^|^ ^|0|0|0|0|^2025^|^^|^0^|^00^|^1^|^1^|^1^|^1^|^1^|0|0|0|0|^^|0|0
^2026^|^01^|^527488^|^015^|^08^|^WA^|^4718^|^BMB^|^05^|^27^|^2^|^001^|^100^|^1^|^1^|^Tidak ada komponen^|^ ^|0|0|0|0|^2023^|^^|^0^|^00^|^1^|^1^|^1^|^1^|^1^|0|0|0|0|^^|0|0
^2026^|^01^|^527488^|^015^|^08^|^WA^|^4718^|^BMB^|^05^|^27^|^2^|^002^|^100^|^1^|^1^|^Tidak Ada Komponen^|^ ^|0|0|0|0|^2023^|^^|^0^|^00^|^1^|^1^|^1^|^1^|^1^|0|0|0|0|^^|0|0
^2026^|^01^|^527488^|^015^|^08^|^WA^|^4719^|^EBA^|^05^|^27^|^2^|^004^|^100^|^1^|^1^|^Tidak Ada Komponen^|^ ^|0|0|0|0|^2023^|^^|^0^|^00^|^1^|^1^|^1^|^1^|^1^|0|0|0|0|^^|0|0
^2026^|^01^|^527488^|^015^|^08^|^WA^|^4719^|^EBA^|^05^|^27^|^2^|^994^|^001^|^1^|^1^|^Gaji dan Tunjangan^|^ ^|0|0|0|0|^2023^|^^|^0^|^00^|^1^|^1^|^1^|^1^|^1^|0|0|0|0|^^|0|0
^2026^|^01^|^527488^|^015^|^08^|^WA^|^4719^|^EBC^|^05^|^27^|^2^|^001^|^100^|^1^|^1^|^Tidak Ada Komponen^|^ ^|0|0|0|0|^2023^|^^|^0^|^00^|^1^|^1^|^1^|^1^|^1^|0|0|0|0|^^|0|0
^2026^|^01^|^527467^|^015^|^08^|^CD^|^6212^|^BMB^|^05^|^09^|^2^|^001^|^100^|^1^|^1^|^Tidak Ada Komponen^|^ ^|0|0|0|0|^2024^|^^|^0^|^00^|^1^|^1^|^1^|^1^|^1^|0|0|0|0|^^|0|0
^2026^|^01^|^527467^|^015^|^08^|^CD^|^6212^|^FAC^|^05^|^09^|^2^|^001^|^100^|^1^|^1^|^Tidak Ada Komponen^|^ ^|0|0|0|0|^2023^|^^|^0^|^00^|^1^|^1^|^1^|^1^|^1^|0|0|0|0|^^|0|0
^2026^|^01^|^527467^|^015^|^08^|^CD^|^6212^|^FAH^|^05^|^09^|^2^|^001^|^100^|^1^|^1^|^Tidak ada komponen^|^ ^|0|0|0|0|^2023^|^^|^0^|^00^|^1^|^1^|^1^|^1^|^1^|0|0|0|0|^^|0|0
^2026^|^01^|^527467^|^015^|^08^|^CD^|^6212^|^FAL^|^05^|^09^|^2^|^004^|^100^|^1^|^1^|^Tidak ada komponen^|^ ^|0|0|0|0|^2023^|^^|^0^|^00^|^1^|^1^|^1^|^1^|^1^|0|0|0|0|^^|0|0
^2026^|^01^|^527467^|^015^|^08^|^CD^|^6213^|^FAC^|^05^|^09^|^2^|^001^|^100^|^1^|^1^|^Tidak ada komponen^|^ ^|0|0|0|0|^2023^|^^|^0^|^00^|^1^|^1^|^1^|^1^|^1^|0|0|0|0|^^|0|0
^2026^|^01^|^527467^|^015^|^08^|^CD^|^6213^|^FAE^|^05^|^09^|^2^|^009^|^100^|^1^|^1^|^Tidak Ada Komponen^|^ ^|0|0|0|0|^2024^|^^|^0^|^00^|^1^|^1^|^1^|^1^|^1^|0|0|0|0|^^|0|0
^2026^|^01^|^527467^|^015^|^08^|^CD^|^6213^|^FAL^|^05^|^09^|^2^|^003^|^100^|^1^|^1^|^Tidak ada komponen^|^ ^|0|0|0|0|^2023^|^^|^0^|^00^|^1^|^1^|^1^|^1^|^1^|0|0|0|0|^^|0|0
^2026^|^01^|^527467^|^015^|^08^|^CD^|^6214^|^FAL^|^05^|^09^|^2^|^002^|^100^|^1^|^1^|^Tidak ada komponen^|^ ^|0|0|0|0|^2023^|^^|^0^|^00^|^1^|^1^|^1^|^1^|^1^|0|0|0|0|^^|0|0
^2026^|^01^|^527467^|^015^|^08^|^CD^|^6215^|^FAH^|^05^|^09^|^2^|^003^|^100^|^1^|^1^|^Tidak ada komponen^|^ ^|0|0|0|0|^2023^|^^|^0^|^00^|^1^|^1^|^1^|^1^|^1^|0|0|0|0|^^|0|0
^2026^|^01^|^527467^|^015^|^08^|^WA^|^4715^|^EBA^|^05^|^09^|^2^|^001^|^100^|^1^|^2^|^Tidak Ada Komponen^|^ ^|0|0|0|0|^2023^|^^|^0^|^00^|^1^|^1^|^1^|^1^|^1^|0|0|0|0|^^|0|0
^2026^|^01^|^527467^|^015^|^08^|^WA^|^4715^|^EBA^|^05^|^09^|^2^|^002^|^100^|^1^|^2^|^Tidak Ada Komponen^|^ ^|0|0|0|0|^2023^|^^|^0^|^00^|^1^|^1^|^1^|^1^|^1^|0|0|0|0|^^|0|0
^2026^|^01^|^527467^|^015^|^08^|^WA^|^4715^|^EBA^|^05^|^09^|^2^|^994^|^002^|^1^|^1^|^Operasional dan Pemeliharaan Kantor^|^ ^|0|0|0|0|^2023^|^^|^0^|^00^|^1^|^1^|^1^|^1^|^1^|0|0|0|0|^^|0|0
^2026^|^01^|^527467^|^015^|^08^|^WA^|^4715^|^EBD^|^05^|^09^|^2^|^Z36^|^100^|^2^|^1^|^Tidak Ada Komponen^|^ ^|0|0|0|0|^2025^|^^|^0^|^00^|^1^|^1^|^1^|^1^|^1^|0|0|0|0|^^|0|0
^2026^|^01^|^527467^|^015^|^08^|^WA^|^4718^|^BMB^|^05^|^09^|^2^|^001^|^100^|^1^|^2^|^Tidak ada komponen^|^ ^|0|0|0|0|^2023^|^^|^0^|^00^|^1^|^1^|^1^|^1^|^1^|0|0|0|0|^^|0|0
^2026^|^01^|^527467^|^015^|^08^|^WA^|^4718^|^BMB^|^05^|^09^|^2^|^002^|^100^|^1^|^2^|^Tidak Ada Komponen^|^ ^|0|0|0|0|^2023^|^^|^0^|^00^|^1^|^1^|^1^|^1^|^1^|0|0|0|0|^^|0|0
^2026^|^01^|^527467^|^015^|^08^|^WA^|^4719^|^EBA^|^05^|^09^|^2^|^004^|^100^|^1^|^2^|^Tidak Ada Komponen^|^ ^|0|0|0|0|^2023^|^^|^0^|^00^|^1^|^1^|^1^|^1^|^1^|0|0|0|0|^^|0|0
^2026^|^01^|^527467^|^015^|^08^|^WA^|^4719^|^EBA^|^05^|^09^|^2^|^994^|^001^|^1^|^1^|^Gaji dan Tunjangan^|^ ^|0|0|0|0|^2023^|^^|^0^|^00^|^1^|^1^|^1^|^1^|^1^|0|0|0|0|^^|0|0
^2026^|^01^|^527467^|^015^|^08^|^WA^|^4719^|^EBC^|^05^|^09^|^2^|^001^|^100^|^1^|^2^|^Tidak Ada Komponen^|^ ^|0|0|0|0|^2023^|^^|^0^|^00^|^1^|^1^|^1^|^1^|^1^|0|0|0|0|^^|0|0
^2026^|^01^|^527471^|^015^|^08^|^WA^|^4719^|^EBC^|^05^|^06^|^2^|^001^|^100^|^2^|^1^|^Tidak Ada Komponen^|^ ^|0|0|0|0|^2023^|^^|^0^|^00^|^1^|^1^|^1^|^1^|^1^|0|0|0|0|^^|0|0
^2026^|^01^|^527471^|^015^|^08^|^CD^|^6212^|^BMB^|^05^|^06^|^2^|^001^|^100^|^1^|^1^|^Tidak Ada Komponen^|^ ^|0|0|0|0|^2024^|^^|^0^|^00^|^1^|^1^|^1^|^1^|^1^|0|0|0|0|^^|0|0
^2026^|^01^|^527471^|^015^|^08^|^CD^|^6212^|^FAC^|^05^|^06^|^2^|^001^|^100^|^2^|^1^|^Tidak Ada Komponen^|^ ^|0|0|0|0|^2023^|^^|^0^|^00^|^1^|^1^|^1^|^1^|^1^|0|0|0|0|^^|0|0
^2026^|^01^|^527471^|^015^|^08^|^CD^|^6212^|^FAH^|^05^|^06^|^2^|^001^|^100^|^2^|^1^|^Tidak ada komponen^|^ ^|0|0|0|0|^2023^|^^|^0^|^00^|^1^|^1^|^1^|^1^|^1^|0|0|0|0|^^|0|0
^2026^|^01^|^527471^|^015^|^08^|^CD^|^6212^|^FAL^|^05^|^06^|^2^|^004^|^100^|^2^|^1^|^Tidak ada komponen^|^ ^|0|0|0|0|^2023^|^^|^0^|^00^|^1^|^1^|^1^|^1^|^1^|0|0|0|0|^^|0|0
^2026^|^01^|^527471^|^015^|^08^|^CD^|^6213^|^FAC^|^05^|^06^|^2^|^001^|^100^|^2^|^1^|^Tidak ada komponen^|^ ^|0|0|0|0|^2023^|^^|^0^|^00^|^1^|^1^|^1^|^1^|^1^|0|0|0|0|^^|0|0
^2026^|^01^|^527471^|^015^|^08^|^CD^|^6213^|^FAE^|^05^|^06^|^2^|^009^|^100^|^1^|^1^|^Tidak Ada Komponen^|^ ^|0|0|0|0|^2024^|^^|^0^|^00^|^1^|^1^|^1^|^1^|^1^|0|0|0|0|^^|0|0
^2026^|^01^|^527471^|^015^|^08^|^CD^|^6213^|^FAL^|^05^|^06^|^2^|^003^|^100^|^2^|^1^|^Tidak ada komponen^|^ ^|0|0|0|0|^2023^|^^|^0^|^00^|^1^|^1^|^1^|^1^|^1^|0|0|0|0|^^|0|0
^2026^|^01^|^527471^|^015^|^08^|^CD^|^6214^|^FAL^|^05^|^06^|^2^|^002^|^100^|^2^|^1^|^Tidak ada komponen^|^ ^|0|0|0|0|^2023^|^^|^0^|^00^|^1^|^1^|^1^|^1^|^1^|0|0|0|0|^^|0|0
^2026^|^01^|^527471^|^015^|^08^|^CD^|^6215^|^FAH^|^05^|^06^|^2^|^003^|^100^|^2^|^1^|^Tidak ada komponen^|^ ^|0|0|0|0|^2023^|^^|^0^|^00^|^1^|^1^|^1^|^1^|^1^|0|0|0|0|^^|0|0
^2026^|^01^|^527471^|^015^|^08^|^WA^|^4715^|^EBA^|^05^|^06^|^2^|^001^|^100^|^1^|^1^|^Tidak Ada Komponen^|^ ^|0|0|0|0|^2023^|^^|^0^|^00^|^1^|^1^|^1^|^1^|^1^|0|0|0|0|^^|0|0
^2026^|^01^|^527471^|^015^|^08^|^WA^|^4715^|^EBA^|^05^|^06^|^2^|^002^|^100^|^1^|^1^|^Tidak Ada Komponen^|^ ^|0|0|0|0|^2023^|^^|^0^|^00^|^1^|^1^|^1^|^1^|^1^|0|0|0|0|^^|0|0
^2026^|^01^|^527471^|^015^|^08^|^WA^|^4715^|^EBA^|^05^|^06^|^2^|^994^|^002^|^1^|^1^|^Operasional dan Pemeliharaan Kantor^|^ ^|0|0|0|0|^2023^|^^|^0^|^00^|^1^|^1^|^1^|^1^|^1^|0|0|0|0|^^|0|0
^2026^|^01^|^527471^|^015^|^08^|^WA^|^4715^|^EBD^|^05^|^06^|^2^|^Z36^|^100^|^1^|^1^|^Tidak Ada Komponen^|^ ^|0|0|0|0|^2023^|^^|^0^|^00^|^1^|^1^|^1^|^1^|^1^|0|0|0|0|^^|0|0
^2026^|^01^|^527471^|^015^|^08^|^WA^|^4718^|^BMB^|^05^|^06^|^2^|^001^|^100^|^2^|^1^|^Tidak ada komponen^|^ ^|0|0|0|0|^2023^|^^|^0^|^00^|^1^|^1^|^1^|^1^|^1^|0|0|0|0|^^|0|0
^2026^|^01^|^527471^|^015^|^08^|^WA^|^4718^|^BMB^|^05^|^06^|^2^|^002^|^100^|^2^|^1^|^Tidak Ada Komponen^|^ ^|0|0|0|0|^2023^|^^|^0^|^00^|^1^|^1^|^1^|^1^|^1^|0|0|0|0|^^|0|0
^2026^|^01^|^527471^|^015^|^08^|^WA^|^4719^|^EBA^|^05^|^06^|^2^|^004^|^100^|^2^|^1^|^Tidak Ada Komponen^|^ ^|0|0|0|0|^2023^|^^|^0^|^00^|^1^|^1^|^1^|^1^|^1^|0|0|0|0|^^|0|0
^2026^|^01^|^527471^|^015^|^08^|^WA^|^4719^|^EBA^|^05^|^06^|^2^|^994^|^001^|^1^|^1^|^Gaji dan Tunjangan^|^ ^|0|0|0|0|^2023^|^^|^0^|^00^|^1^|^1^|^1^|^1^|^1^|0|0|0|0|^^|0|0
^2026^|^01^|^527514^|^015^|^08^|^CD^|^6212^|^BMB^|^05^|^26^|^2^|^001^|^100^|^1^|^1^|^Tidak Ada Komponen^|^ ^|0|0|0|0|^2024^|^^|^0^|^00^|^1^|^1^|^1^|^1^|^1^|0|0|0|0|^^|0|0
^2026^|^01^|^527514^|^015^|^08^|^CD^|^6212^|^FAC^|^05^|^26^|^2^|^001^|^100^|^1^|^1^|^Tidak Ada Komponen^|^ ^|0|0|0|0|^2023^|^^|^0^|^00^|^1^|^1^|^1^|^1^|^1^|0|0|0|0|^^|0|0
^2026^|^01^|^527514^|^015^|^08^|^CD^|^6212^|^FAH^|^05^|^26^|^2^|^001^|^100^|^1^|^1^|^Tidak ada komponen^|^ ^|0|0|0|0|^2023^|^^|^0^|^00^|^1^|^1^|^1^|^1^|^1^|0|0|0|0|^^|0|0
^2026^|^01^|^527514^|^015^|^08^|^CD^|^6212^|^FAL^|^05^|^26^|^2^|^004^|^100^|^1^|^1^|^Tidak ada komponen^|^ ^|0|0|0|0|^2023^|^^|^0^|^00^|^1^|^1^|^1^|^1^|^1^|0|0|0|0|^^|0|0
^2026^|^01^|^527514^|^015^|^08^|^CD^|^6213^|^FAC^|^05^|^26^|^2^|^001^|^100^|^1^|^1^|^Tidak ada komponen^|^ ^|0|0|0|0|^2023^|^^|^0^|^00^|^1^|^1^|^1^|^1^|^1^|0|0|0|0|^^|0|0
^2026^|^01^|^527514^|^015^|^08^|^CD^|^6214^|^FAL^|^05^|^26^|^2^|^002^|^100^|^1^|^1^|^Tidak ada komponen^|^ ^|0|0|0|0|^2025^|^^|^0^|^00^|^1^|^1^|^1^|^1^|^1^|0|0|0|0|^^|0|0
^2026^|^01^|^527514^|^015^|^08^|^CD^|^6215^|^FAH^|^05^|^26^|^2^|^003^|^100^|^1^|^1^|^Tidak ada komponen^|^ ^|0|0|0|0|^2023^|^^|^0^|^00^|^1^|^1^|^1^|^1^|^1^|0|0|0|0|^^|0|0
^2026^|^01^|^527514^|^015^|^08^|^WA^|^4715^|^EBA^|^05^|^26^|^2^|^001^|^100^|^1^|^1^|^Tidak Ada Komponen^|^ ^|0|0|0|0|^2023^|^^|^0^|^00^|^1^|^1^|^1^|^1^|^1^|0|0|0|0|^^|0|0
^2026^|^01^|^527514^|^015^|^08^|^WA^|^4715^|^EBA^|^05^|^26^|^2^|^002^|^100^|^1^|^1^|^Tidak Ada Komponen^|^ ^|0|0|0|0|^2023^|^^|^0^|^00^|^1^|^1^|^1^|^1^|^1^|0|0|0|0|^^|0|0
^2026^|^01^|^527514^|^015^|^08^|^WA^|^4715^|^EBA^|^05^|^26^|^2^|^994^|^002^|^1^|^1^|^Operasional dan Pemeliharaan Kantor^|^ ^|0|0|0|0|^2023^|^^|^0^|^00^|^1^|^1^|^1^|^1^|^1^|0|0|0|0|^^|0|0
^2026^|^01^|^527514^|^015^|^08^|^WA^|^4718^|^BMB^|^05^|^26^|^2^|^001^|^100^|^1^|^1^|^Tidak ada komponen^|^ ^|0|0|0|0|^2023^|^^|^0^|^00^|^1^|^1^|^1^|^1^|^1^|0|0|0|0|^^|0|0
^2026^|^01^|^527514^|^015^|^08^|^WA^|^4718^|^BMB^|^05^|^26^|^2^|^002^|^100^|^1^|^1^|^Tidak Ada Komponen^|^ ^|0|0|0|0|^2023^|^^|^0^|^00^|^1^|^1^|^1^|^1^|^1^|0|0|0|0|^^|0|0
^2026^|^01^|^527514^|^015^|^08^|^WA^|^4719^|^EBA^|^05^|^26^|^2^|^004^|^100^|^1^|^1^|^Tidak Ada Komponen^|^ ^|0|0|0|0|^2023^|^^|^0^|^00^|^1^|^1^|^1^|^1^|^1^|0|0|0|0|^^|0|0
^2026^|^01^|^527514^|^015^|^08^|^WA^|^4719^|^EBA^|^05^|^26^|^2^|^994^|^001^|^1^|^1^|^Gaji dan Tunjangan^|^ ^|0|0|0|0|^2023^|^^|^0^|^00^|^1^|^1^|^1^|^1^|^1^|0|0|0|0|^^|0|0
^2026^|^01^|^527514^|^015^|^08^|^WA^|^4719^|^EBC^|^05^|^26^|^2^|^001^|^100^|^1^|^1^|^Tidak Ada Komponen^|^ ^|0|0|0|0|^2023^|^^|^0^|^00^|^1^|^1^|^1^|^1^|^1^|0|0|0|0|^^|0|0
^2026^|^01^|^527521^|^015^|^08^|^CD^|^6212^|^BMB^|^05^|^12^|^2^|^001^|^100^|^1^|^1^|^Tidak Ada Komponen^|^ ^|0|0|0|0|^2024^|^^|^0^|^00^|^1^|^1^|^1^|^1^|^1^|0|0|0|0|^^|0|0
^2026^|^01^|^527521^|^015^|^08^|^CD^|^6212^|^FAC^|^05^|^12^|^2^|^001^|^100^|^2^|^1^|^Tidak Ada Komponen^|^ ^|0|0|0|0|^2023^|^^|^0^|^00^|^1^|^1^|^1^|^1^|^1^|0|0|0|0|^^|0|0
^2026^|^01^|^527521^|^015^|^08^|^CD^|^6212^|^FAH^|^05^|^12^|^2^|^001^|^100^|^2^|^1^|^Tidak ada komponen^|^ ^|0|0|0|0|^2023^|^^|^0^|^00^|^1^|^1^|^1^|^1^|^1^|0|0|0|0|^^|0|0
^2026^|^01^|^527521^|^015^|^08^|^CD^|^6212^|^FAL^|^05^|^12^|^2^|^004^|^100^|^2^|^1^|^Tidak ada komponen^|^ ^|0|0|0|0|^2023^|^^|^0^|^00^|^1^|^1^|^1^|^1^|^1^|0|0|0|0|^^|0|0
^2026^|^01^|^527521^|^015^|^08^|^CD^|^6213^|^FAC^|^05^|^12^|^2^|^001^|^100^|^2^|^1^|^Tidak ada komponen^|^ ^|0|0|0|0|^2023^|^^|^0^|^00^|^1^|^1^|^1^|^1^|^1^|0|0|0|0|^^|0|0
^2026^|^01^|^527521^|^015^|^08^|^CD^|^6213^|^FAE^|^05^|^12^|^2^|^009^|^100^|^1^|^1^|^Tidak Ada Komponen^|^ ^|0|0|0|0|^2024^|^^|^0^|^00^|^1^|^1^|^1^|^1^|^1^|0|0|0|0|^^|0|0
^2026^|^01^|^527521^|^015^|^08^|^CD^|^6213^|^FAL^|^05^|^12^|^2^|^003^|^100^|^2^|^1^|^Tidak ada komponen^|^ ^|0|0|0|0|^2023^|^^|^0^|^00^|^1^|^1^|^1^|^1^|^1^|0|0|0|0|^^|0|0
^2026^|^01^|^527521^|^015^|^08^|^CD^|^6214^|^FAL^|^05^|^12^|^2^|^002^|^100^|^2^|^1^|^Tidak ada komponen^|^ ^|0|0|0|0|^2023^|^^|^0^|^00^|^1^|^1^|^1^|^1^|^1^|0|0|0|0|^^|0|0
^2026^|^01^|^527521^|^015^|^08^|^CD^|^6215^|^FAH^|^05^|^12^|^2^|^003^|^100^|^2^|^1^|^Tidak ada komponen^|^ ^|0|0|0|0|^2023^|^^|^0^|^00^|^1^|^1^|^1^|^1^|^1^|0|0|0|0|^^|0|0
^2026^|^01^|^527521^|^015^|^08^|^WA^|^4715^|^EBA^|^05^|^12^|^2^|^001^|^100^|^1^|^1^|^Tidak Ada Komponen^|^ ^|0|0|0|0|^2023^|^^|^0^|^00^|^1^|^1^|^1^|^1^|^1^|0|0|0|0|^^|0|0
^2026^|^01^|^527521^|^015^|^08^|^WA^|^4715^|^EBA^|^05^|^12^|^2^|^002^|^100^|^1^|^1^|^Tidak Ada Komponen^|^ ^|0|0|0|0|^2023^|^^|^0^|^00^|^1^|^1^|^1^|^1^|^1^|0|0|0|0|^^|0|0
^2026^|^01^|^527521^|^015^|^08^|^WA^|^4715^|^EBA^|^05^|^12^|^2^|^994^|^002^|^1^|^1^|^Operasional dan Pemeliharaan Kantor^|^ ^|0|0|0|0|^2023^|^^|^0^|^00^|^1^|^1^|^1^|^1^|^1^|0|0|0|0|^^|0|0
^2026^|^01^|^527521^|^015^|^08^|^WA^|^4715^|^EBB^|^05^|^12^|^2^|^004^|^100^|^1^|^1^|^Tidak Ada Komponen^|^335 5 5 5 5 m2^|0|0|0|0|^2025^|^^|^0^|^00^|^1^|^1^|^1^|^1^|^1^|0|0|0|0|^^|0|0
^2026^|^01^|^527521^|^015^|^08^|^WA^|^4715^|^EBD^|^05^|^12^|^2^|^Z36^|^100^|^1^|^1^|^Tidak Ada Komponen^|^ ^|0|0|0|0|^2023^|^^|^0^|^00^|^1^|^1^|^1^|^1^|^1^|0|0|0|0|^^|0|0
^2026^|^01^|^527521^|^015^|^08^|^WA^|^4718^|^BMB^|^05^|^12^|^2^|^001^|^100^|^1^|^1^|^Tidak ada komponen^|^ ^|0|0|0|0|^2023^|^^|^0^|^00^|^1^|^1^|^1^|^1^|^1^|0|0|0|0|^^|0|0
^2026^|^01^|^527521^|^015^|^08^|^WA^|^4718^|^BMB^|^05^|^12^|^2^|^002^|^100^|^1^|^1^|^Tidak Ada Komponen^|^ ^|0|0|0|0|^2023^|^^|^0^|^00^|^1^|^1^|^1^|^1^|^1^|0|0|0|0|^^|0|0
^2026^|^01^|^527521^|^015^|^08^|^WA^|^4719^|^EBA^|^05^|^12^|^2^|^004^|^100^|^1^|^1^|^Tidak Ada Komponen^|^ ^|0|0|0|0|^2023^|^^|^0^|^00^|^1^|^1^|^1^|^1^|^1^|0|0|0|0|^^|0|0
^2026^|^01^|^527521^|^015^|^08^|^WA^|^4719^|^EBA^|^05^|^12^|^2^|^994^|^001^|^1^|^1^|^Gaji dan Tunjangan^|^ ^|0|0|0|0|^2023^|^^|^0^|^00^|^1^|^1^|^1^|^1^|^1^|0|0|0|0|^^|0|0
^2026^|^01^|^527521^|^015^|^08^|^WA^|^4719^|^EBC^|^05^|^12^|^2^|^001^|^100^|^1^|^1^|^Tidak Ada Komponen^|^ ^|0|0|0|0|^2023^|^^|^0^|^00^|^1^|^1^|^1^|^1^|^1^|0|0|0|0|^^|0|0
^2026^|^01^|^527556^|^015^|^08^|^CD^|^6212^|^BMB^|^06^|^51^|^2^|^001^|^100^|^1^|^1^|^Tidak Ada Komponen^|^ ^|0|0|0|0|^2024^|^^|^0^|^00^|^1^|^1^|^1^|^1^|^1^|0|0|0|0|^^|0|0
^2026^|^01^|^527556^|^015^|^08^|^CD^|^6212^|^FAC^|^06^|^51^|^2^|^002^|^100^|^1^|^1^|^Tidak ada komponen^|^ ^|0|0|0|0|^2020^|^^|^0^|^00^|^1^|^1^|^1^|^1^|^1^|0|0|0|0|^^|0|0
^2026^|^01^|^527556^|^015^|^08^|^CD^|^6212^|^FAH^|^06^|^51^|^2^|^002^|^100^|^1^|^1^|^Tidak ada komponen^|^ ^|0|0|0|0|^2020^|^^|^0^|^00^|^1^|^1^|^1^|^1^|^1^|0|0|0|0|^^|0|0
^2026^|^01^|^527556^|^015^|^08^|^CD^|^6212^|^FAH^|^06^|^51^|^2^|^003^|^100^|^1^|^1^|^Tidak ada komponen^|^ ^|0|0|0|0|^2020^|^^|^0^|^00^|^1^|^1^|^1^|^1^|^1^|0|0|0|0|^^|0|0
^2026^|^01^|^527556^|^015^|^08^|^CD^|^6212^|^FAL^|^06^|^51^|^2^|^001^|^100^|^1^|^1^|^Tidak ada komponen^|^ ^|0|0|0|0|^2020^|^^|^0^|^00^|^1^|^1^|^1^|^1^|^1^|0|0|0|0|^^|0|0
^2026^|^01^|^527556^|^015^|^08^|^CD^|^6213^|^ABA^|^06^|^51^|^2^|^001^|^100^|^1^|^1^|^Tidak Ada Komponen^|^ ^|0|0|0|0|^2024^|^^|^0^|^00^|^1^|^1^|^1^|^1^|^1^|0|0|0|0|^^|0|0
^2026^|^01^|^527556^|^015^|^08^|^CD^|^6213^|^FAE^|^06^|^51^|^2^|^008^|^100^|^1^|^1^|^Tidak Ada Komponen^|^ ^|0|0|0|0|^2023^|^^|^0^|^00^|^1^|^1^|^1^|^1^|^1^|0|0|0|0|^^|0|0
^2026^|^01^|^527556^|^015^|^08^|^CD^|^6213^|^FAE^|^06^|^51^|^2^|^009^|^100^|^1^|^1^|^Tidak Ada Komponen^|^ ^|0|0|0|0|^2024^|^^|^0^|^00^|^1^|^1^|^1^|^1^|^1^|0|0|0|0|^^|0|0
^2026^|^01^|^527556^|^015^|^08^|^CD^|^6213^|^FAL^|^06^|^51^|^2^|^003^|^100^|^1^|^1^|^Tidak ada komponen^|^ ^|0|0|0|0|^2020^|^^|^0^|^00^|^1^|^1^|^1^|^1^|^1^|0|0|0|0|^^|0|0
^2026^|^01^|^527556^|^015^|^08^|^CD^|^6215^|^FAH^|^06^|^51^|^2^|^001^|^100^|^2^|^1^|^Tidak ada komponen^|^ ^|0|0|0|0|^2020^|^^|^0^|^00^|^1^|^1^|^1^|^1^|^1^|0|0|0|0|^^|0|0
^2026^|^01^|^527556^|^015^|^08^|^CD^|^6215^|^FAH^|^06^|^51^|^2^|^003^|^100^|^2^|^1^|^Tidak ada komponen^|^ ^|0|0|0|0|^2020^|^^|^0^|^00^|^1^|^1^|^1^|^1^|^1^|0|0|0|0|^^|0|0
^2026^|^01^|^527556^|^015^|^08^|^CD^|^6216^|^FAE^|^06^|^51^|^2^|^002^|^100^|^1^|^1^|^Tidak ada komponen^|^ ^|0|0|0|0|^2020^|^^|^0^|^00^|^1^|^1^|^1^|^1^|^1^|0|0|0|0|^^|0|0
^2026^|^01^|^527556^|^015^|^08^|^WA^|^4715^|^EBA^|^06^|^51^|^2^|^001^|^100^|^2^|^1^|^Tidak Ada Komponen^|^ ^|0|0|0|0|^2021^|^^|^0^|^00^|^1^|^1^|^1^|^1^|^1^|0|0|0|0|^^|0|0
^2026^|^01^|^527556^|^015^|^08^|^WA^|^4715^|^EBA^|^06^|^51^|^2^|^002^|^100^|^2^|^1^|^Tidak Ada Komponen^|^ ^|0|0|0|0|^2021^|^^|^0^|^00^|^1^|^1^|^1^|^1^|^1^|0|0|0|0|^^|0|0
^2026^|^01^|^527556^|^015^|^08^|^WA^|^4715^|^EBA^|^06^|^51^|^2^|^994^|^002^|^1^|^1^|^Operasional dan Pemeliharaan Kantor^|^ ^|0|0|0|0|^2021^|^^|^0^|^00^|^1^|^1^|^1^|^1^|^1^|0|0|0|0|^^|0|0
^2026^|^01^|^527556^|^015^|^08^|^WA^|^4715^|^EBD^|^06^|^51^|^2^|^Z26^|^100^|^2^|^1^|^Tidak Ada Komponen^|^ ^|0|0|0|0|^2021^|^^|^0^|^00^|^1^|^1^|^1^|^1^|^1^|0|0|0|0|^^|0|0
^2026^|^01^|^527556^|^015^|^08^|^WA^|^4715^|^EBD^|^06^|^51^|^2^|^Z36^|^100^|^2^|^1^|^Tidak Ada Komponen^|^ ^|0|0|0|0|^2021^|^^|^0^|^00^|^1^|^1^|^1^|^1^|^1^|0|0|0|0|^^|0|0
^2026^|^01^|^527556^|^015^|^08^|^WA^|^4718^|^BMB^|^06^|^51^|^2^|^001^|^100^|^1^|^1^|^Tidak ada komponen^|^ ^|0|0|0|0|^2020^|^^|^0^|^00^|^1^|^1^|^1^|^1^|^1^|0|0|0|0|^^|0|0
^2026^|^01^|^527556^|^015^|^08^|^WA^|^4718^|^BMB^|^06^|^51^|^2^|^002^|^100^|^2^|^1^|^Tidak Ada Komponen^|^ ^|0|0|0|0|^2021^|^^|^0^|^00^|^1^|^1^|^1^|^1^|^1^|0|0|0|0|^^|0|0
^2026^|^01^|^527556^|^015^|^08^|^WA^|^4719^|^EBA^|^06^|^51^|^2^|^003^|^100^|^2^|^1^|^Tidak Ada Komponen^|^ ^|0|0|0|0|^2021^|^^|^0^|^00^|^1^|^1^|^1^|^1^|^1^|0|0|0|0|^^|0|0
^2026^|^01^|^527556^|^015^|^08^|^WA^|^4719^|^EBA^|^06^|^51^|^2^|^994^|^001^|^1^|^1^|^Gaji dan Tunjangan^|^ ^|0|0|0|0|^2021^|^^|^0^|^00^|^1^|^1^|^1^|^1^|^1^|0|0|0|0|^^|0|0
^2026^|^01^|^527556^|^015^|^08^|^WA^|^4719^|^EBC^|^06^|^51^|^2^|^001^|^100^|^2^|^1^|^Tidak Ada Komponen^|^ ^|0|0|0|0|^2021^|^^|^0^|^00^|^1^|^1^|^1^|^1^|^1^|0|0|0|0|^^|0|0
^2026^|^01^|^527556^|^015^|^08^|^WA^|^4722^|^EBD^|^06^|^51^|^2^|^001^|^100^|^2^|^1^|^Tidak Ada Komponen^|^ ^|0|0|0|0|^2023^|^^|^0^|^00^|^1^|^1^|^1^|^1^|^1^|0|0|0|0|^^|0|0
^2026^|^01^|^527560^|^015^|^08^|^CD^|^6212^|^BMB^|^06^|^51^|^2^|^001^|^100^|^1^|^1^|^Tidak Ada Komponen^|^ ^|0|0|0|0|^2024^|^^|^0^|^00^|^1^|^1^|^1^|^1^|^1^|0|0|0|0|^^|0|0
^2026^|^01^|^527560^|^015^|^08^|^CD^|^6212^|^FAC^|^06^|^51^|^2^|^001^|^100^|^1^|^1^|^Tidak Ada Komponen^|^ ^|0|0|0|0|^2023^|^^|^0^|^00^|^1^|^1^|^1^|^1^|^1^|0|0|0|0|^^|0|0
^2026^|^01^|^527560^|^015^|^08^|^CD^|^6212^|^FAH^|^06^|^51^|^2^|^001^|^100^|^1^|^1^|^Tidak ada komponen^|^ ^|0|0|0|0|^2023^|^^|^0^|^00^|^1^|^1^|^1^|^1^|^1^|0|0|0|0|^^|0|0
^2026^|^01^|^527560^|^015^|^08^|^CD^|^6212^|^FAL^|^06^|^51^|^2^|^004^|^100^|^1^|^1^|^Tidak ada komponen^|^ ^|0|0|0|0|^2023^|^^|^0^|^00^|^1^|^1^|^1^|^1^|^1^|0|0|0|0|^^|0|0
^2026^|^01^|^527560^|^015^|^08^|^CD^|^6213^|^FAC^|^06^|^51^|^2^|^001^|^100^|^1^|^1^|^Tidak ada komponen^|^ ^|0|0|0|0|^2023^|^^|^0^|^00^|^1^|^1^|^1^|^1^|^1^|0|0|0|0|^^|0|0
^2026^|^01^|^527560^|^015^|^08^|^CD^|^6213^|^FAL^|^06^|^51^|^2^|^003^|^100^|^1^|^1^|^Tidak ada komponen^|^ ^|0|0|0|0|^2023^|^^|^0^|^00^|^1^|^1^|^1^|^1^|^1^|0|0|0|0|^^|0|0
^2026^|^01^|^527560^|^015^|^08^|^CD^|^6214^|^FAL^|^06^|^51^|^2^|^002^|^100^|^1^|^1^|^Tidak ada komponen^|^ ^|0|0|0|0|^2023^|^^|^0^|^00^|^1^|^1^|^1^|^1^|^1^|0|0|0|0|^^|0|0
^2026^|^01^|^527560^|^015^|^08^|^CD^|^6215^|^FAH^|^06^|^51^|^2^|^003^|^100^|^1^|^1^|^Tidak ada komponen^|^ ^|0|0|0|0|^2023^|^^|^0^|^00^|^1^|^1^|^1^|^1^|^1^|0|0|0|0|^^|0|0
^2026^|^01^|^527560^|^015^|^08^|^WA^|^4715^|^EBA^|^06^|^51^|^2^|^001^|^100^|^1^|^1^|^Tidak Ada Komponen^|^ ^|0|0|0|0|^2023^|^^|^0^|^00^|^1^|^1^|^1^|^1^|^1^|0|0|0|0|^^|0|0
^2026^|^01^|^527560^|^015^|^08^|^WA^|^4715^|^EBA^|^06^|^51^|^2^|^002^|^100^|^1^|^1^|^Tidak Ada Komponen^|^ ^|0|0|0|0|^2023^|^^|^0^|^00^|^1^|^1^|^1^|^1^|^1^|0|0|0|0|^^|0|0
^2026^|^01^|^527560^|^015^|^08^|^WA^|^4715^|^EBA^|^06^|^51^|^2^|^994^|^002^|^1^|^1^|^Operasional dan Pemeliharaan Kantor^|^ ^|0|0|0|0|^2023^|^^|^0^|^00^|^1^|^1^|^1^|^1^|^1^|0|0|0|0|^^|0|0
^2026^|^01^|^527560^|^015^|^08^|^WA^|^4718^|^BMB^|^06^|^51^|^2^|^002^|^100^|^1^|^1^|^Tidak Ada Komponen^|^ ^|0|0|0|0|^2023^|^^|^0^|^00^|^1^|^1^|^1^|^1^|^1^|0|0|0|0|^^|0|0
^2026^|^01^|^527560^|^015^|^08^|^WA^|^4718^|^BMB^|^06^|^51^|^2^|^001^|^100^|^1^|^1^|^Tidak ada komponen^|^ ^|0|0|0|0|^2023^|^^|^0^|^00^|^1^|^1^|^1^|^1^|^1^|0|0|0|0|^^|0|0
^2026^|^01^|^527560^|^015^|^08^|^WA^|^4719^|^EBA^|^06^|^51^|^2^|^994^|^001^|^1^|^1^|^Gaji dan Tunjangan^|^ ^|0|0|0|0|^2023^|^^|^0^|^00^|^1^|^1^|^1^|^1^|^1^|0|0|0|0|^^|0|0
^2026^|^01^|^527560^|^015^|^08^|^WA^|^4719^|^EBA^|^06^|^51^|^2^|^004^|^100^|^1^|^1^|^Tidak Ada Komponen^|^ ^|0|0|0|0|^2023^|^^|^0^|^00^|^1^|^1^|^1^|^1^|^1^|0|0|0|0|^^|0|0
^2026^|^01^|^527560^|^015^|^08^|^WA^|^4719^|^EBC^|^06^|^51^|^2^|^001^|^100^|^1^|^1^|^Tidak Ada Komponen^|^ ^|0|0|0|0|^2023^|^^|^0^|^00^|^1^|^1^|^1^|^1^|^1^|0|0|0|0|^^|0|0
^2026^|^01^|^527577^|^015^|^08^|^CD^|^6212^|^BMB^|^06^|^06^|^2^|^001^|^100^|^1^|^1^|^Tidak Ada Komponen^|^ ^|0|0|0|0|^2024^|^^|^0^|^00^|^1^|^1^|^1^|^1^|^1^|0|0|0|0|^^|0|0
^2026^|^01^|^527577^|^015^|^08^|^CD^|^6212^|^FAC^|^06^|^06^|^2^|^001^|^100^|^1^|^1^|^Tidak Ada Komponen^|^ ^|0|0|0|0|^2024^|^^|^0^|^00^|^1^|^1^|^1^|^1^|^1^|0|0|0|0|^^|0|0
^2026^|^01^|^527577^|^015^|^08^|^CD^|^6212^|^FAH^|^06^|^06^|^2^|^001^|^100^|^1^|^1^|^Tidak ada komponen^|^ ^|0|0|0|0|^2023^|^^|^0^|^00^|^1^|^1^|^1^|^1^|^1^|0|0|0|0|^^|0|0
^2026^|^01^|^527577^|^015^|^08^|^CD^|^6212^|^FAL^|^06^|^06^|^2^|^004^|^100^|^1^|^1^|^Tidak ada komponen^|^ ^|0|0|0|0|^2023^|^^|^0^|^00^|^1^|^1^|^1^|^1^|^1^|0|0|0|0|^^|0|0
^2026^|^01^|^527577^|^015^|^08^|^CD^|^6213^|^FAC^|^06^|^06^|^2^|^001^|^100^|^1^|^1^|^Tidak ada komponen^|^ ^|0|0|0|0|^2023^|^^|^0^|^00^|^1^|^1^|^1^|^1^|^1^|0|0|0|0|^^|0|0
^2026^|^01^|^527577^|^015^|^08^|^CD^|^6213^|^FAL^|^06^|^06^|^2^|^003^|^100^|^1^|^1^|^Tidak ada komponen^|^ ^|0|0|0|0|^2023^|^^|^0^|^00^|^1^|^1^|^1^|^1^|^1^|0|0|0|0|^^|0|0
^2026^|^01^|^527577^|^015^|^08^|^CD^|^6214^|^FAL^|^06^|^06^|^2^|^002^|^100^|^1^|^1^|^Tidak ada komponen^|^ ^|0|0|0|0|^2023^|^^|^0^|^00^|^1^|^1^|^1^|^1^|^1^|0|0|0|0|^^|0|0
^2026^|^01^|^527577^|^015^|^08^|^CD^|^6215^|^FAH^|^06^|^06^|^2^|^003^|^100^|^1^|^1^|^Tidak ada komponen^|^ ^|0|0|0|0|^2023^|^^|^0^|^00^|^1^|^1^|^1^|^1^|^1^|0|0|0|0|^^|0|0
^2026^|^01^|^527577^|^015^|^08^|^WA^|^4715^|^EBA^|^06^|^06^|^2^|^001^|^100^|^1^|^1^|^Tidak Ada Komponen^|^ ^|0|0|0|0|^2023^|^^|^0^|^00^|^1^|^1^|^1^|^1^|^1^|0|0|0|0|^^|0|0
^2026^|^01^|^527577^|^015^|^08^|^WA^|^4715^|^EBA^|^06^|^06^|^2^|^002^|^100^|^1^|^1^|^Tidak Ada Komponen^|^ ^|0|0|0|0|^2023^|^^|^0^|^00^|^1^|^1^|^1^|^1^|^1^|0|0|0|0|^^|0|0
^2026^|^01^|^527577^|^015^|^08^|^WA^|^4715^|^EBA^|^06^|^06^|^2^|^994^|^002^|^1^|^1^|^Operasional dan Pemeliharaan Kantor^|^ ^|0|0|0|0|^2023^|^^|^0^|^00^|^1^|^1^|^1^|^1^|^1^|0|0|0|0|^^|0|0
^2026^|^01^|^527577^|^015^|^08^|^WA^|^4715^|^EBD^|^06^|^06^|^2^|^Z36^|^100^|^1^|^1^|^Tidak Ada Komponen^|^ ^|0|0|0|0|^2023^|^^|^0^|^00^|^1^|^1^|^1^|^1^|^1^|0|0|0|0|^^|0|0
^2026^|^01^|^527577^|^015^|^08^|^WA^|^4718^|^BMB^|^06^|^06^|^2^|^001^|^100^|^1^|^1^|^Tidak ada komponen^|^ ^|0|0|0|0|^2023^|^^|^0^|^00^|^1^|^1^|^1^|^1^|^1^|0|0|0|0|^^|0|0
^2026^|^01^|^527577^|^015^|^08^|^WA^|^4718^|^BMB^|^06^|^06^|^2^|^002^|^100^|^1^|^1^|^Tidak Ada Komponen^|^ ^|0|0|0|0|^2023^|^^|^0^|^00^|^1^|^1^|^1^|^1^|^1^|0|0|0|0|^^|0|0
^2026^|^01^|^527577^|^015^|^08^|^WA^|^4719^|^EBA^|^06^|^06^|^2^|^004^|^100^|^1^|^1^|^Tidak Ada Komponen^|^ ^|0|0|0|0|^2023^|^^|^0^|^00^|^1^|^1^|^1^|^1^|^1^|0|0|0|0|^^|0|0
^2026^|^01^|^527577^|^015^|^08^|^WA^|^4719^|^EBA^|^06^|^06^|^2^|^994^|^001^|^1^|^1^|^Gaji dan Tunjangan^|^ ^|0|0|0|0|^2023^|^^|^0^|^00^|^1^|^1^|^1^|^1^|^1^|0|0|0|0|^^|0|0
^2026^|^01^|^527577^|^015^|^08^|^WA^|^4719^|^EBC^|^06^|^06^|^2^|^001^|^100^|^1^|^1^|^Tidak Ada Komponen^|^ ^|0|0|0|0|^2023^|^^|^0^|^00^|^1^|^1^|^1^|^1^|^1^|0|0|0|0|^^|0|0
^2026^|^01^|^527610^|^015^|^08^|^CD^|^6212^|^BMB^|^06^|^08^|^2^|^001^|^100^|^2^|^1^|^Tidak Ada Komponen^|^ ^|0|0|0|0|^2024^|^^|^0^|^00^|^1^|^1^|^1^|^1^|^1^|0|0|0|0|^^|0|0
^2026^|^01^|^527610^|^015^|^08^|^CD^|^6212^|^FAC^|^06^|^08^|^2^|^001^|^100^|^1^|^1^|^Tidak Ada Komponen^|^ ^|0|0|0|0|^2024^|^^|^0^|^00^|^1^|^1^|^1^|^1^|^1^|0|0|0|0|^^|0|0
^2026^|^01^|^527610^|^015^|^08^|^CD^|^6212^|^FAH^|^06^|^08^|^2^|^001^|^100^|^1^|^1^|^Tidak ada komponen^|^ ^|0|0|0|0|^2023^|^^|^0^|^00^|^1^|^1^|^1^|^1^|^1^|0|0|0|0|^^|0|0
^2026^|^01^|^527610^|^015^|^08^|^CD^|^6212^|^FAL^|^06^|^08^|^2^|^004^|^100^|^1^|^1^|^Tidak ada komponen^|^ ^|0|0|0|0|^2023^|^^|^0^|^00^|^1^|^1^|^1^|^1^|^1^|0|0|0|0|^^|0|0
^2026^|^01^|^527610^|^015^|^08^|^CD^|^6213^|^FAC^|^06^|^08^|^2^|^001^|^100^|^1^|^1^|^Tidak ada komponen^|^ ^|0|0|0|0|^2023^|^^|^0^|^00^|^1^|^1^|^1^|^1^|^1^|0|0|0|0|^^|0|0
^2026^|^01^|^527610^|^015^|^08^|^CD^|^6213^|^FAE^|^06^|^08^|^2^|^009^|^100^|^1^|^1^|^Tidak Ada Komponen^|^ ^|0|0|0|0|^2024^|^^|^0^|^00^|^1^|^1^|^1^|^1^|^1^|0|0|0|0|^^|0|0
^2026^|^01^|^527610^|^015^|^08^|^CD^|^6213^|^FAL^|^06^|^08^|^2^|^003^|^100^|^1^|^1^|^Tidak ada komponen^|^ ^|0|0|0|0|^2023^|^^|^0^|^00^|^1^|^1^|^1^|^1^|^1^|0|0|0|0|^^|0|0
^2026^|^01^|^527610^|^015^|^08^|^CD^|^6214^|^FAL^|^06^|^08^|^2^|^002^|^100^|^1^|^1^|^Tidak ada komponen^|^ ^|0|0|0|0|^2023^|^^|^0^|^00^|^1^|^1^|^1^|^1^|^1^|0|0|0|0|^^|0|0
^2026^|^01^|^527610^|^015^|^08^|^CD^|^6215^|^FAH^|^06^|^08^|^2^|^003^|^100^|^1^|^1^|^Tidak ada komponen^|^ ^|0|0|0|0|^2023^|^^|^0^|^00^|^1^|^1^|^1^|^1^|^1^|0|0|0|0|^^|0|0
^2026^|^01^|^527610^|^015^|^08^|^WA^|^4715^|^EBA^|^06^|^08^|^2^|^001^|^100^|^1^|^1^|^Tidak Ada Komponen^|^ ^|0|0|0|0|^2023^|^^|^0^|^00^|^1^|^1^|^1^|^1^|^1^|0|0|0|0|^^|0|0
^2026^|^01^|^527610^|^015^|^08^|^WA^|^4715^|^EBA^|^06^|^08^|^2^|^002^|^100^|^1^|^1^|^Tidak Ada Komponen^|^ ^|0|0|0|0|^2023^|^^|^0^|^00^|^1^|^1^|^1^|^1^|^1^|0|0|0|0|^^|0|0
^2026^|^01^|^527610^|^015^|^08^|^WA^|^4715^|^EBA^|^06^|^08^|^2^|^994^|^002^|^1^|^1^|^Operasional dan Pemeliharaan Kantor^|^ ^|0|0|0|0|^2023^|^^|^0^|^00^|^1^|^1^|^1^|^1^|^1^|0|0|0|0|^^|0|0
^2026^|^01^|^527610^|^015^|^08^|^WA^|^4718^|^BMB^|^06^|^08^|^2^|^001^|^100^|^1^|^1^|^Tidak ada komponen^|^ ^|0|0|0|0|^2023^|^^|^0^|^00^|^1^|^1^|^1^|^1^|^1^|0|0|0|0|^^|0|0
^2026^|^01^|^527610^|^015^|^08^|^WA^|^4718^|^BMB^|^06^|^08^|^2^|^002^|^100^|^1^|^1^|^Tidak Ada Komponen^|^ ^|0|0|0|0|^2023^|^^|^0^|^00^|^1^|^1^|^1^|^1^|^1^|0|0|0|0|^^|0|0
^2026^|^01^|^527610^|^015^|^08^|^WA^|^4719^|^EBA^|^06^|^08^|^2^|^004^|^100^|^1^|^1^|^Tidak Ada Komponen^|^ ^|0|0|0|0|^2023^|^^|^0^|^00^|^1^|^1^|^1^|^1^|^1^|0|0|0|0|^^|0|0
^2026^|^01^|^527610^|^015^|^08^|^WA^|^4719^|^EBA^|^06^|^08^|^2^|^994^|^001^|^1^|^1^|^Gaji dan Tunjangan^|^ ^|0|0|0|0|^2023^|^^|^0^|^00^|^1^|^1^|^1^|^1^|^1^|0|0|0|0|^^|0|0
^2026^|^01^|^527610^|^015^|^08^|^WA^|^4719^|^EBC^|^06^|^08^|^2^|^001^|^100^|^1^|^1^|^Tidak Ada Komponen^|^ ^|0|0|0|0|^2023^|^^|^0^|^00^|^1^|^1^|^1^|^1^|^1^|0|0|0|0|^^|0|0
^2026^|^01^|^527603^|^015^|^08^|^CD^|^6212^|^FAC^|^06^|^54^|^2^|^001^|^100^|^2^|^1^|^Tidak Ada Komponen^|^ ^|0|0|0|0|^2023^|^^|^0^|^00^|^1^|^1^|^1^|^1^|^1^|0|0|0|0|^^|0|0
^2026^|^01^|^527603^|^015^|^08^|^CD^|^6212^|^FAH^|^06^|^54^|^2^|^001^|^100^|^2^|^1^|^Tidak ada komponen^|^ ^|0|0|0|0|^2023^|^^|^0^|^00^|^1^|^1^|^1^|^1^|^1^|0|0|0|0|^^|0|0
^2026^|^01^|^527603^|^015^|^08^|^CD^|^6212^|^FAL^|^06^|^54^|^2^|^004^|^100^|^2^|^1^|^Tidak ada komponen^|^ ^|0|0|0|0|^2023^|^^|^0^|^00^|^1^|^1^|^1^|^1^|^1^|0|0|0|0|^^|0|0
^2026^|^01^|^527603^|^015^|^08^|^CD^|^6213^|^FAC^|^06^|^54^|^2^|^001^|^100^|^2^|^1^|^Tidak ada komponen^|^ ^|0|0|0|0|^2023^|^^|^0^|^00^|^1^|^1^|^1^|^1^|^1^|0|0|0|0|^^|0|0
^2026^|^01^|^527603^|^015^|^08^|^CD^|^6214^|^FAL^|^06^|^54^|^2^|^002^|^100^|^2^|^1^|^Tidak ada komponen^|^ ^|0|0|0|0|^2023^|^^|^0^|^00^|^1^|^1^|^1^|^1^|^1^|0|0|0|0|^^|0|0
^2026^|^01^|^527603^|^015^|^08^|^CD^|^6215^|^FAH^|^06^|^54^|^2^|^003^|^100^|^2^|^1^|^Tidak ada komponen^|^ ^|0|0|0|0|^2023^|^^|^0^|^00^|^1^|^1^|^1^|^1^|^1^|0|0|0|0|^^|0|0
^2026^|^01^|^527603^|^015^|^08^|^WA^|^4715^|^EBA^|^06^|^54^|^2^|^001^|^100^|^1^|^1^|^Tidak Ada Komponen^|^ ^|0|0|0|0|^2023^|^^|^0^|^00^|^1^|^1^|^1^|^1^|^1^|0|0|0|0|^^|0|0
^2026^|^01^|^527603^|^015^|^08^|^WA^|^4715^|^EBA^|^06^|^54^|^2^|^002^|^100^|^1^|^1^|^Tidak Ada Komponen^|^ ^|0|0|0|0|^2023^|^^|^0^|^00^|^1^|^1^|^1^|^1^|^1^|0|0|0|0|^^|0|0
^2026^|^01^|^527603^|^015^|^08^|^WA^|^4715^|^EBA^|^06^|^54^|^2^|^994^|^002^|^1^|^1^|^Operasional dan Pemeliharaan Kantor^|^ ^|0|0|0|0|^2023^|^^|^0^|^00^|^1^|^1^|^1^|^1^|^1^|0|0|0|0|^^|0|0
^2026^|^01^|^527603^|^015^|^08^|^WA^|^4718^|^BMB^|^06^|^54^|^2^|^001^|^100^|^1^|^1^|^Tidak ada komponen^|^ ^|0|0|0|0|^2023^|^^|^0^|^00^|^1^|^1^|^1^|^1^|^1^|0|0|0|0|^^|0|0
^2026^|^01^|^527603^|^015^|^08^|^WA^|^4718^|^BMB^|^06^|^54^|^2^|^002^|^100^|^1^|^1^|^Tidak Ada Komponen^|^ ^|0|0|0|0|^2023^|^^|^0^|^00^|^1^|^1^|^1^|^1^|^1^|0|0|0|0|^^|0|0
^2026^|^01^|^527603^|^015^|^08^|^WA^|^4719^|^EBA^|^06^|^54^|^2^|^004^|^100^|^1^|^1^|^Tidak Ada Komponen^|^ ^|0|0|0|0|^2023^|^^|^0^|^00^|^1^|^1^|^1^|^1^|^1^|0|0|0|0|^^|0|0
^2026^|^01^|^527603^|^015^|^08^|^WA^|^4719^|^EBA^|^06^|^54^|^2^|^994^|^001^|^1^|^1^|^Gaji dan Tunjangan^|^ ^|0|0|0|0|^2023^|^^|^0^|^00^|^1^|^1^|^1^|^1^|^1^|0|0|0|0|^^|0|0
^2026^|^01^|^527603^|^015^|^08^|^WA^|^4719^|^EBC^|^06^|^54^|^2^|^001^|^100^|^1^|^1^|^Tidak Ada Komponen^|^ ^|0|0|0|0|^2023^|^^|^0^|^00^|^1^|^1^|^1^|^1^|^1^|0|0|0|0|^^|0|0
^2026^|^01^|^527598^|^015^|^08^|^CD^|^6212^|^BMB^|^06^|^05^|^2^|^001^|^100^|^1^|^1^|^Tidak Ada Komponen^|^ ^|0|0|0|0|^2024^|^^|^0^|^00^|^1^|^1^|^1^|^1^|^1^|0|0|0|0|^^|0|0
^2026^|^01^|^527598^|^015^|^08^|^CD^|^6212^|^FAC^|^06^|^05^|^2^|^001^|^100^|^1^|^1^|^Tidak Ada Komponen^|^ ^|0|0|0|0|^2023^|^^|^0^|^00^|^1^|^1^|^1^|^1^|^1^|0|0|0|0|^^|0|0
^2026^|^01^|^527598^|^015^|^08^|^CD^|^6212^|^FAH^|^06^|^05^|^2^|^001^|^100^|^1^|^1^|^Tidak ada komponen^|^ ^|0|0|0|0|^2023^|^^|^0^|^00^|^1^|^1^|^1^|^1^|^1^|0|0|0|0|^^|0|0
^2026^|^01^|^527598^|^015^|^08^|^CD^|^6212^|^FAL^|^06^|^05^|^2^|^004^|^100^|^1^|^1^|^Tidak ada komponen^|^ ^|0|0|0|0|^2023^|^^|^0^|^00^|^1^|^1^|^1^|^1^|^1^|0|0|0|0|^^|0|0
^2026^|^01^|^527598^|^015^|^08^|^CD^|^6213^|^FAC^|^06^|^05^|^2^|^001^|^100^|^1^|^1^|^Tidak ada komponen^|^ ^|0|0|0|0|^2023^|^^|^0^|^00^|^1^|^1^|^1^|^1^|^1^|0|0|0|0|^^|0|0
^2026^|^01^|^527598^|^015^|^08^|^CD^|^6213^|^FAE^|^06^|^05^|^2^|^009^|^100^|^1^|^1^|^Tidak Ada Komponen^|^ ^|0|0|0|0|^2024^|^^|^0^|^00^|^1^|^1^|^1^|^1^|^1^|0|0|0|0|^^|0|0
^2026^|^01^|^527598^|^015^|^08^|^CD^|^6213^|^FAL^|^06^|^05^|^2^|^003^|^100^|^1^|^1^|^Tidak ada komponen^|^ ^|0|0|0|0|^2023^|^^|^0^|^00^|^1^|^1^|^1^|^1^|^1^|0|0|0|0|^^|0|0
^2026^|^01^|^527598^|^015^|^08^|^CD^|^6214^|^FAL^|^06^|^05^|^2^|^002^|^100^|^1^|^1^|^Tidak ada komponen^|^ ^|0|0|0|0|^2023^|^^|^0^|^00^|^1^|^1^|^1^|^1^|^1^|0|0|0|0|^^|0|0
^2026^|^01^|^527598^|^015^|^08^|^CD^|^6215^|^FAH^|^06^|^05^|^2^|^003^|^100^|^1^|^1^|^Tidak ada komponen^|^ ^|0|0|0|0|^2023^|^^|^0^|^00^|^1^|^1^|^1^|^1^|^1^|0|0|0|0|^^|0|0
^2026^|^01^|^527598^|^015^|^08^|^WA^|^4715^|^EBA^|^06^|^05^|^2^|^001^|^100^|^1^|^1^|^Tidak Ada Komponen^|^ ^|0|0|0|0|^2023^|^^|^0^|^00^|^1^|^1^|^1^|^1^|^1^|0|0|0|0|^^|0|0
^2026^|^01^|^527598^|^015^|^08^|^WA^|^4715^|^EBA^|^06^|^05^|^2^|^002^|^100^|^1^|^1^|^Tidak Ada Komponen^|^ ^|0|0|0|0|^2023^|^^|^0^|^00^|^1^|^1^|^1^|^1^|^1^|0|0|0|0|^^|0|0
^2026^|^01^|^527598^|^015^|^08^|^WA^|^4715^|^EBA^|^06^|^05^|^2^|^994^|^002^|^1^|^1^|^Operasional dan Pemeliharaan Kantor^|^ ^|0|0|0|0|^2023^|^^|^0^|^00^|^1^|^1^|^1^|^1^|^1^|0|0|0|0|^^|0|0
^2026^|^01^|^527598^|^015^|^08^|^WA^|^4715^|^EBD^|^06^|^05^|^2^|^Z36^|^100^|^1^|^1^|^Tidak Ada Komponen^|^ ^|0|0|0|0|^2023^|^^|^0^|^00^|^1^|^1^|^1^|^1^|^1^|0|0|0|0|^^|0|0
^2026^|^01^|^527598^|^015^|^08^|^WA^|^4718^|^BMB^|^06^|^05^|^2^|^001^|^100^|^1^|^1^|^Tidak ada komponen^|^ ^|0|0|0|0|^2023^|^^|^0^|^00^|^1^|^1^|^1^|^1^|^1^|0|0|0|0|^^|0|0
^2026^|^01^|^527598^|^015^|^08^|^WA^|^4718^|^BMB^|^06^|^05^|^2^|^002^|^100^|^1^|^1^|^Tidak Ada Komponen^|^ ^|0|0|0|0|^2023^|^^|^0^|^00^|^1^|^1^|^1^|^1^|^1^|0|0|0|0|^^|0|0
^2026^|^01^|^527598^|^015^|^08^|^WA^|^4719^|^EBA^|^06^|^05^|^2^|^004^|^100^|^1^|^1^|^Tidak Ada Komponen^|^ ^|0|0|0|0|^2023^|^^|^0^|^00^|^1^|^1^|^1^|^1^|^1^|0|0|0|0|^^|0|0
^2026^|^01^|^527598^|^015^|^08^|^WA^|^4719^|^EBA^|^06^|^05^|^2^|^994^|^001^|^1^|^1^|^Gaji dan Tunjangan^|^ ^|0|0|0|0|^2023^|^^|^0^|^00^|^1^|^1^|^1^|^1^|^1^|0|0|0|0|^^|0|0
^2026^|^01^|^527598^|^015^|^08^|^WA^|^4719^|^EBC^|^06^|^05^|^2^|^001^|^100^|^1^|^1^|^Tidak Ada Komponen^|^ ^|0|0|0|0|^2023^|^^|^0^|^00^|^1^|^1^|^1^|^1^|^1^|0|0|0|0|^^|0|0
^2026^|^01^|^527624^|^015^|^08^|^CD^|^6212^|^BMB^|^06^|^07^|^2^|^001^|^100^|^1^|^1^|^Tidak Ada Komponen^|^ ^|0|0|0|0|^2024^|^^|^0^|^00^|^1^|^1^|^1^|^1^|^1^|0|0|0|0|^^|0|0
^2026^|^01^|^527624^|^015^|^08^|^CD^|^6212^|^FAC^|^06^|^07^|^2^|^001^|^100^|^1^|^1^|^Tidak Ada Komponen^|^ ^|0|0|0|0|^2023^|^^|^0^|^00^|^1^|^1^|^1^|^1^|^1^|0|0|0|0|^^|0|0
^2026^|^01^|^527624^|^015^|^08^|^CD^|^6212^|^FAH^|^06^|^07^|^2^|^001^|^100^|^1^|^1^|^Tidak ada komponen^|^ ^|0|0|0|0|^2023^|^^|^0^|^00^|^1^|^1^|^1^|^1^|^1^|0|0|0|0|^^|0|0
^2026^|^01^|^527624^|^015^|^08^|^CD^|^6212^|^FAL^|^06^|^07^|^2^|^004^|^100^|^1^|^1^|^Tidak ada komponen^|^ ^|0|0|0|0|^2023^|^^|^0^|^00^|^1^|^1^|^1^|^1^|^1^|0|0|0|0|^^|0|0
^2026^|^01^|^527624^|^015^|^08^|^CD^|^6213^|^FAC^|^06^|^07^|^2^|^001^|^100^|^1^|^1^|^Tidak ada komponen^|^ ^|0|0|0|0|^2023^|^^|^0^|^00^|^1^|^1^|^1^|^1^|^1^|0|0|0|0|^^|0|0
^2026^|^01^|^527624^|^015^|^08^|^CD^|^6213^|^FAL^|^06^|^07^|^2^|^003^|^100^|^1^|^1^|^Tidak ada komponen^|^ ^|0|0|0|0|^2023^|^^|^0^|^00^|^1^|^1^|^1^|^1^|^1^|0|0|0|0|^^|0|0
^2026^|^01^|^527624^|^015^|^08^|^CD^|^6214^|^FAL^|^06^|^07^|^2^|^002^|^100^|^1^|^1^|^Tidak ada komponen^|^ ^|0|0|0|0|^2023^|^^|^0^|^00^|^1^|^1^|^1^|^1^|^1^|0|0|0|0|^^|0|0
^2026^|^01^|^527624^|^015^|^08^|^CD^|^6215^|^FAH^|^06^|^07^|^2^|^003^|^100^|^1^|^1^|^Tidak ada komponen^|^ ^|0|0|0|0|^2023^|^^|^0^|^00^|^1^|^1^|^1^|^1^|^1^|0|0|0|0|^^|0|0
^2026^|^01^|^527624^|^015^|^08^|^WA^|^4715^|^EBA^|^06^|^07^|^2^|^001^|^100^|^1^|^1^|^Tidak Ada Komponen^|^ ^|0|0|0|0|^2023^|^^|^0^|^00^|^1^|^1^|^1^|^1^|^1^|0|0|0|0|^^|0|0
^2026^|^01^|^527624^|^015^|^08^|^WA^|^4715^|^EBA^|^06^|^07^|^2^|^002^|^100^|^1^|^1^|^Tidak Ada Komponen^|^ ^|0|0|0|0|^2023^|^^|^0^|^00^|^1^|^1^|^1^|^1^|^1^|0|0|0|0|^^|0|0
^2026^|^01^|^527624^|^015^|^08^|^WA^|^4715^|^EBA^|^06^|^07^|^2^|^994^|^002^|^1^|^1^|^Operasional dan Pemeliharaan Kantor^|^ ^|0|0|0|0|^2023^|^^|^0^|^00^|^1^|^1^|^1^|^1^|^1^|0|0|0|0|^^|0|0
^2026^|^01^|^527624^|^015^|^08^|^WA^|^4715^|^EBB^|^06^|^07^|^2^|^002^|^100^|^1^|^1^|^Tidak Ada Komponen^|^7 Unit^|0|0|0|0|^2025^|^^|^0^|^00^|^1^|^1^|^1^|^1^|^1^|0|0|0|0|^^|0|0
^2026^|^01^|^527624^|^015^|^08^|^WA^|^4715^|^EBB^|^06^|^07^|^2^|^004^|^100^|^1^|^1^|^Tidak Ada Komponen^|^1224 24 m2^|0|0|0|0|^2025^|^^|^0^|^00^|^1^|^1^|^1^|^1^|^1^|0|0|0|0|^^|0|0
^2026^|^01^|^527624^|^015^|^08^|^WA^|^4718^|^BMB^|^06^|^07^|^2^|^001^|^100^|^1^|^1^|^Tidak ada komponen^|^ ^|0|0|0|0|^2023^|^^|^0^|^00^|^1^|^1^|^1^|^1^|^1^|0|0|0|0|^^|0|0
^2026^|^01^|^527624^|^015^|^08^|^WA^|^4718^|^BMB^|^06^|^07^|^2^|^002^|^100^|^1^|^1^|^Tidak Ada Komponen^|^ ^|0|0|0|0|^2023^|^^|^0^|^00^|^1^|^1^|^1^|^1^|^1^|0|0|0|0|^^|0|0
^2026^|^01^|^527624^|^015^|^08^|^WA^|^4719^|^EBA^|^06^|^07^|^2^|^004^|^100^|^1^|^1^|^Tidak Ada Komponen^|^ ^|0|0|0|0|^2023^|^^|^0^|^00^|^1^|^1^|^1^|^1^|^1^|0|0|0|0|^^|0|0
^2026^|^01^|^527624^|^015^|^08^|^WA^|^4719^|^EBA^|^06^|^07^|^2^|^994^|^001^|^1^|^1^|^Gaji dan Tunjangan^|^ ^|0|0|0|0|^2023^|^^|^0^|^00^|^1^|^1^|^1^|^1^|^1^|0|0|0|0|^^|0|0
^2026^|^01^|^527624^|^015^|^08^|^WA^|^4719^|^EBC^|^06^|^07^|^2^|^001^|^100^|^1^|^1^|^Tidak Ada Komponen^|^ ^|0|0|0|0|^2023^|^^|^0^|^00^|^1^|^1^|^1^|^1^|^1^|0|0|0|0|^^|0|0
^2026^|^01^|^527581^|^015^|^08^|^CD^|^6212^|^BMB^|^06^|^53^|^2^|^001^|^100^|^1^|^1^|^Tidak Ada Komponen^|^ ^|0|0|0|0|^2024^|^^|^0^|^00^|^1^|^1^|^1^|^1^|^1^|0|0|0|0|^^|0|0
^2026^|^01^|^527581^|^015^|^08^|^CD^|^6212^|^FAC^|^06^|^53^|^2^|^001^|^100^|^1^|^1^|^Tidak Ada Komponen^|^ ^|0|0|0|0|^2023^|^^|^0^|^00^|^1^|^1^|^1^|^1^|^1^|0|0|0|0|^^|0|0
^2026^|^01^|^527581^|^015^|^08^|^CD^|^6212^|^FAH^|^06^|^53^|^2^|^001^|^100^|^1^|^1^|^Tidak ada komponen^|^ ^|0|0|0|0|^2023^|^^|^0^|^00^|^1^|^1^|^1^|^1^|^1^|0|0|0|0|^^|0|0
^2026^|^01^|^527581^|^015^|^08^|^CD^|^6212^|^FAL^|^06^|^53^|^2^|^004^|^100^|^1^|^1^|^Tidak ada komponen^|^ ^|0|0|0|0|^2023^|^^|^0^|^00^|^1^|^1^|^1^|^1^|^1^|0|0|0|0|^^|0|0
^2026^|^01^|^527581^|^015^|^08^|^CD^|^6213^|^FAC^|^06^|^53^|^2^|^001^|^100^|^1^|^1^|^Tidak ada komponen^|^ ^|0|0|0|0|^2023^|^^|^0^|^00^|^1^|^1^|^1^|^1^|^1^|0|0|0|0|^^|0|0
^2026^|^01^|^527581^|^015^|^08^|^CD^|^6214^|^FAL^|^06^|^53^|^2^|^002^|^100^|^1^|^1^|^Tidak ada komponen^|^ ^|0|0|0|0|^2023^|^^|^0^|^00^|^1^|^1^|^1^|^1^|^1^|0|0|0|0|^^|0|0
^2026^|^01^|^527581^|^015^|^08^|^CD^|^6215^|^FAH^|^06^|^53^|^2^|^003^|^100^|^1^|^1^|^Tidak ada komponen^|^ ^|0|0|0|0|^2023^|^^|^0^|^00^|^1^|^1^|^1^|^1^|^1^|0|0|0|0|^^|0|0
^2026^|^01^|^527581^|^015^|^08^|^WA^|^4715^|^EBA^|^06^|^53^|^2^|^001^|^100^|^1^|^1^|^Tidak Ada Komponen^|^ ^|0|0|0|0|^2023^|^^|^0^|^00^|^1^|^1^|^1^|^1^|^1^|0|0|0|0|^^|0|0
^2026^|^01^|^527581^|^015^|^08^|^WA^|^4715^|^EBA^|^06^|^53^|^2^|^002^|^100^|^1^|^1^|^Tidak Ada Komponen^|^ ^|0|0|0|0|^2023^|^^|^0^|^00^|^1^|^1^|^1^|^1^|^1^|0|0|0|0|^^|0|0
^2026^|^01^|^527581^|^015^|^08^|^WA^|^4715^|^EBA^|^06^|^53^|^2^|^994^|^002^|^1^|^1^|^Operasional dan Pemeliharaan Kantor^|^ ^|0|0|0|0|^2023^|^^|^0^|^00^|^1^|^1^|^1^|^1^|^1^|0|0|0|0|^^|0|0
^2026^|^01^|^527581^|^015^|^08^|^WA^|^4715^|^EBB^|^06^|^53^|^2^|^002^|^100^|^1^|^1^|^Tidak Ada Komponen^|^13 Unit^|0|0|0|0|^2025^|^^|^0^|^00^|^1^|^1^|^1^|^1^|^1^|0|0|0|0|^^|0|0
^2026^|^01^|^527581^|^015^|^08^|^WA^|^4715^|^EBB^|^06^|^53^|^2^|^004^|^100^|^1^|^1^|^Tidak Ada Komponen^|^340 0 m2^|0|0|0|0|^2025^|^^|^0^|^00^|^1^|^1^|^1^|^1^|^1^|0|0|0|0|^^|0|0
^2026^|^01^|^527581^|^015^|^08^|^WA^|^4715^|^EBD^|^06^|^53^|^2^|^Z36^|^100^|^1^|^1^|^Tidak Ada Komponen^|^ ^|0|0|0|0|^2023^|^^|^0^|^00^|^1^|^1^|^1^|^1^|^1^|0|0|0|0|^^|0|0
^2026^|^01^|^527581^|^015^|^08^|^WA^|^4718^|^BMB^|^06^|^53^|^2^|^001^|^100^|^1^|^1^|^Tidak ada komponen^|^ ^|0|0|0|0|^2023^|^^|^0^|^00^|^1^|^1^|^1^|^1^|^1^|0|0|0|0|^^|0|0
^2026^|^01^|^527581^|^015^|^08^|^WA^|^4718^|^BMB^|^06^|^53^|^2^|^002^|^100^|^1^|^1^|^Tidak Ada Komponen^|^ ^|0|0|0|0|^2023^|^^|^0^|^00^|^1^|^1^|^1^|^1^|^1^|0|0|0|0|^^|0|0
^2026^|^01^|^527581^|^015^|^08^|^WA^|^4719^|^EBA^|^06^|^53^|^2^|^004^|^100^|^1^|^1^|^Tidak Ada Komponen^|^ ^|0|0|0|0|^2023^|^^|^0^|^00^|^1^|^1^|^1^|^1^|^1^|0|0|0|0|^^|0|0
^2026^|^01^|^527581^|^015^|^08^|^WA^|^4719^|^EBA^|^06^|^53^|^2^|^994^|^001^|^1^|^1^|^Gaji dan Tunjangan^|^ ^|0|0|0|0|^2023^|^^|^0^|^00^|^1^|^1^|^1^|^1^|^1^|0|0|0|0|^^|0|0
^2026^|^01^|^527581^|^015^|^08^|^WA^|^4719^|^EBC^|^06^|^53^|^2^|^001^|^100^|^1^|^1^|^Tidak Ada Komponen^|^ ^|0|0|0|0|^2023^|^^|^0^|^00^|^1^|^1^|^1^|^1^|^1^|0|0|0|0|^^|0|0
^2026^|^01^|^527652^|^015^|^08^|^CD^|^6212^|^BMB^|^07^|^51^|^2^|^001^|^100^|^1^|^1^|^Tidak Ada Komponen^|^ ^|0|0|0|0|^2024^|^^|^0^|^00^|^1^|^1^|^1^|^1^|^1^|0|0|0|0|^^|0|0
^2026^|^01^|^527652^|^015^|^08^|^CD^|^6212^|^FAC^|^07^|^51^|^2^|^001^|^100^|^1^|^1^|^Tidak Ada Komponen^|^ ^|0|0|0|0|^2024^|^^|^0^|^00^|^1^|^1^|^1^|^1^|^1^|0|0|0|0|^^|0|0
^2026^|^01^|^527652^|^015^|^08^|^CD^|^6212^|^FAH^|^07^|^51^|^2^|^001^|^100^|^1^|^1^|^Tidak ada komponen^|^ ^|0|0|0|0|^2023^|^^|^0^|^00^|^1^|^1^|^1^|^1^|^1^|0|0|0|0|^^|0|0
^2026^|^01^|^527652^|^015^|^08^|^CD^|^6212^|^FAL^|^07^|^51^|^2^|^004^|^100^|^1^|^1^|^Tidak ada komponen^|^ ^|0|0|0|0|^2023^|^^|^0^|^00^|^1^|^1^|^1^|^1^|^1^|0|0|0|0|^^|0|0
^2026^|^01^|^527652^|^015^|^08^|^CD^|^6213^|^FAC^|^07^|^51^|^2^|^001^|^100^|^1^|^1^|^Tidak ada komponen^|^ ^|0|0|0|0|^2023^|^^|^0^|^00^|^1^|^1^|^1^|^1^|^1^|0|0|0|0|^^|0|0
^2026^|^01^|^527652^|^015^|^08^|^CD^|^6213^|^FAE^|^07^|^51^|^2^|^009^|^100^|^1^|^1^|^Tidak Ada Komponen^|^ ^|0|0|0|0|^2024^|^^|^0^|^00^|^1^|^1^|^1^|^1^|^1^|0|0|0|0|^^|0|0
^2026^|^01^|^527652^|^015^|^08^|^CD^|^6213^|^FAL^|^07^|^51^|^2^|^003^|^100^|^1^|^1^|^Tidak ada komponen^|^ ^|0|0|0|0|^2023^|^^|^0^|^00^|^1^|^1^|^1^|^1^|^1^|0|0|0|0|^^|0|0
^2026^|^01^|^527652^|^015^|^08^|^CD^|^6214^|^FAL^|^07^|^51^|^2^|^002^|^100^|^1^|^1^|^Tidak ada komponen^|^ ^|0|0|0|0|^2023^|^^|^0^|^00^|^1^|^1^|^1^|^1^|^1^|0|0|0|0|^^|0|0
^2026^|^01^|^527652^|^015^|^08^|^CD^|^6215^|^FAH^|^07^|^51^|^2^|^003^|^100^|^1^|^1^|^Tidak ada komponen^|^ ^|0|0|0|0|^2023^|^^|^0^|^00^|^1^|^1^|^1^|^1^|^1^|0|0|0|0|^^|0|0
^2026^|^01^|^527652^|^015^|^08^|^WA^|^4715^|^EBA^|^07^|^51^|^2^|^001^|^100^|^1^|^1^|^Tidak Ada Komponen^|^ ^|0|0|0|0|^2023^|^^|^0^|^00^|^1^|^1^|^1^|^1^|^1^|0|0|0|0|^^|0|0
^2026^|^01^|^527652^|^015^|^08^|^WA^|^4715^|^EBA^|^07^|^51^|^2^|^002^|^100^|^1^|^1^|^Tidak Ada Komponen^|^ ^|0|0|0|0|^2023^|^^|^0^|^00^|^1^|^1^|^1^|^1^|^1^|0|0|0|0|^^|0|0
^2026^|^01^|^527652^|^015^|^08^|^WA^|^4715^|^EBA^|^07^|^51^|^2^|^994^|^002^|^1^|^1^|^Operasional dan Pemeliharaan Kantor^|^ ^|0|0|0|0|^2023^|^^|^0^|^00^|^1^|^1^|^1^|^1^|^1^|0|0|0|0|^^|0|0
^2026^|^01^|^527652^|^015^|^08^|^WA^|^4715^|^EBB^|^07^|^51^|^2^|^002^|^100^|^1^|^1^|^Tidak Ada Komponen^|^ ^|0|0|0|0|^2025^|^^|^0^|^00^|^1^|^1^|^1^|^1^|^1^|0|0|0|0|^^|0|0
^2026^|^01^|^527652^|^015^|^08^|^WA^|^4718^|^BMB^|^07^|^51^|^2^|^001^|^100^|^1^|^1^|^Tidak ada komponen^|^ ^|0|0|0|0|^2023^|^^|^0^|^00^|^1^|^1^|^1^|^1^|^1^|0|0|0|0|^^|0|0
^2026^|^01^|^527652^|^015^|^08^|^WA^|^4718^|^BMB^|^07^|^51^|^2^|^002^|^100^|^1^|^1^|^Tidak Ada Komponen^|^ ^|0|0|0|0|^2023^|^^|^0^|^00^|^1^|^1^|^1^|^1^|^1^|0|0|0|0|^^|0|0
^2026^|^01^|^527652^|^015^|^08^|^WA^|^4719^|^EBA^|^07^|^51^|^2^|^004^|^100^|^1^|^1^|^Tidak Ada Komponen^|^ ^|0|0|0|0|^2023^|^^|^0^|^00^|^1^|^1^|^1^|^1^|^1^|0|0|0|0|^^|0|0
^2026^|^01^|^527652^|^015^|^08^|^WA^|^4719^|^EBA^|^07^|^51^|^2^|^994^|^001^|^1^|^1^|^Gaji dan Tunjangan^|^ ^|0|0|0|0|^2023^|^^|^0^|^00^|^1^|^1^|^1^|^1^|^1^|0|0|0|0|^^|0|0
^2026^|^01^|^527652^|^015^|^08^|^WA^|^4719^|^EBC^|^07^|^51^|^2^|^001^|^100^|^1^|^1^|^Tidak Ada Komponen^|^ ^|0|0|0|0|^2023^|^^|^0^|^00^|^1^|^1^|^1^|^1^|^1^|0|0|0|0|^^|0|0
^2026^|^01^|^527645^|^015^|^08^|^CD^|^6212^|^BMB^|^07^|^51^|^2^|^001^|^100^|^1^|^1^|^Tidak Ada Komponen^|^ ^|0|0|0|0|^2024^|^^|^0^|^00^|^1^|^1^|^1^|^1^|^1^|0|0|0|0|^^|0|0
^2026^|^01^|^527645^|^015^|^08^|^CD^|^6212^|^FAH^|^07^|^51^|^2^|^002^|^100^|^1^|^1^|^Tidak ada komponen^|^ ^|0|0|0|0|^2023^|^^|^0^|^00^|^1^|^1^|^1^|^1^|^1^|0|0|0|0|^^|0|0
^2026^|^01^|^527645^|^015^|^08^|^CD^|^6212^|^FAL^|^07^|^51^|^2^|^001^|^100^|^1^|^1^|^Tidak ada komponen^|^ ^|0|0|0|0|^2023^|^^|^0^|^00^|^1^|^1^|^1^|^1^|^1^|0|0|0|0|^^|0|0
^2026^|^01^|^527645^|^015^|^08^|^CD^|^6213^|^ABA^|^07^|^51^|^2^|^001^|^100^|^1^|^1^|^Tidak Ada Komponen^|^ ^|0|0|0|0|^2024^|^^|^0^|^00^|^1^|^1^|^1^|^1^|^1^|0|0|0|0|^^|0|0
^2026^|^01^|^527645^|^015^|^08^|^CD^|^6213^|^FAE^|^07^|^51^|^2^|^008^|^100^|^1^|^1^|^Tidak Ada Komponen^|^ ^|0|0|0|0|^2023^|^^|^0^|^00^|^1^|^1^|^1^|^1^|^1^|0|0|0|0|^^|0|0
^2026^|^01^|^527645^|^015^|^08^|^CD^|^6213^|^FAE^|^07^|^51^|^2^|^009^|^100^|^1^|^1^|^Tidak Ada Komponen^|^ ^|0|0|0|0|^2024^|^^|^0^|^00^|^1^|^1^|^1^|^1^|^1^|0|0|0|0|^^|0|0
^2026^|^01^|^527645^|^015^|^08^|^CD^|^6213^|^FAL^|^07^|^51^|^2^|^003^|^100^|^1^|^1^|^Tidak ada komponen^|^ ^|0|0|0|0|^2023^|^^|^0^|^00^|^1^|^1^|^1^|^1^|^1^|0|0|0|0|^^|0|0
^2026^|^01^|^527645^|^015^|^08^|^CD^|^6215^|^FAH^|^07^|^51^|^2^|^001^|^100^|^1^|^1^|^Tidak ada komponen^|^ ^|0|0|0|0|^2023^|^^|^0^|^00^|^1^|^1^|^1^|^1^|^1^|0|0|0|0|^^|0|0
^2026^|^01^|^527645^|^015^|^08^|^CD^|^6215^|^FAH^|^07^|^51^|^2^|^003^|^100^|^1^|^1^|^Tidak ada komponen^|^ ^|0|0|0|0|^2023^|^^|^0^|^00^|^1^|^1^|^1^|^1^|^1^|0|0|0|0|^^|0|0
^2026^|^01^|^527645^|^015^|^08^|^WA^|^4715^|^EBA^|^07^|^51^|^2^|^001^|^100^|^1^|^1^|^Tidak Ada Komponen^|^ ^|0|0|0|0|^2023^|^^|^0^|^00^|^1^|^1^|^1^|^1^|^1^|0|0|0|0|^^|0|0
^2026^|^01^|^527645^|^015^|^08^|^WA^|^4715^|^EBA^|^07^|^51^|^2^|^002^|^100^|^1^|^1^|^Tidak Ada Komponen^|^ ^|0|0|0|0|^2023^|^^|^0^|^00^|^1^|^1^|^1^|^1^|^1^|0|0|0|0|^^|0|0
^2026^|^01^|^527645^|^015^|^08^|^WA^|^4715^|^EBA^|^07^|^51^|^2^|^994^|^002^|^1^|^1^|^Operasional dan Pemeliharaan Kantor^|^ ^|0|0|0|0|^2023^|^^|^0^|^00^|^1^|^1^|^1^|^1^|^1^|0|0|0|0|^^|0|0
^2026^|^01^|^527645^|^015^|^08^|^WA^|^4715^|^EBD^|^07^|^51^|^2^|^Z26^|^100^|^1^|^1^|^Tidak Ada Komponen^|^ ^|0|0|0|0|^2023^|^^|^0^|^00^|^1^|^1^|^1^|^1^|^1^|0|0|0|0|^^|0|0
^2026^|^01^|^527645^|^015^|^08^|^WA^|^4715^|^EBD^|^07^|^51^|^2^|^Z36^|^100^|^1^|^1^|^Tidak Ada Komponen^|^ ^|0|0|0|0|^2023^|^^|^0^|^00^|^1^|^1^|^1^|^1^|^1^|0|0|0|0|^^|0|0
^2026^|^01^|^527645^|^015^|^08^|^WA^|^4718^|^BMB^|^07^|^51^|^2^|^001^|^100^|^1^|^1^|^Tidak ada komponen^|^ ^|0|0|0|0|^2023^|^^|^0^|^00^|^1^|^1^|^1^|^1^|^1^|0|0|0|0|^^|0|0
^2026^|^01^|^527645^|^015^|^08^|^WA^|^4718^|^BMB^|^07^|^51^|^2^|^002^|^100^|^1^|^1^|^Tidak Ada Komponen^|^ ^|0|0|0|0|^2023^|^^|^0^|^00^|^1^|^1^|^1^|^1^|^1^|0|0|0|0|^^|0|0
^2026^|^01^|^527645^|^015^|^08^|^WA^|^4719^|^EBA^|^07^|^51^|^2^|^003^|^100^|^1^|^1^|^Tidak Ada Komponen^|^ ^|0|0|0|0|^2023^|^^|^0^|^00^|^1^|^1^|^1^|^1^|^1^|0|0|0|0|^^|0|0
^2026^|^01^|^527645^|^015^|^08^|^WA^|^4719^|^EBA^|^07^|^51^|^2^|^005^|^100^|^1^|^1^|^Tidak Ada Komponen^|^ ^|0|0|0|0|^2023^|^^|^0^|^00^|^1^|^1^|^1^|^1^|^1^|0|0|0|0|^^|0|0
^2026^|^01^|^527645^|^015^|^08^|^WA^|^4719^|^EBA^|^07^|^51^|^2^|^994^|^001^|^1^|^1^|^Gaji dan Tunjangan^|^ ^|0|0|0|0|^2023^|^^|^0^|^00^|^1^|^1^|^1^|^1^|^1^|0|0|0|0|^^|0|0
^2026^|^01^|^527645^|^015^|^08^|^WA^|^4719^|^EBC^|^07^|^51^|^2^|^001^|^100^|^1^|^1^|^Tidak Ada Komponen^|^ ^|0|0|0|0|^2023^|^^|^0^|^00^|^1^|^1^|^1^|^1^|^1^|0|0|0|0|^^|0|0
^2026^|^01^|^527645^|^015^|^08^|^WA^|^4722^|^EBD^|^07^|^51^|^2^|^001^|^100^|^1^|^1^|^Tidak Ada Komponen^|^ ^|0|0|0|0|^2023^|^^|^0^|^00^|^1^|^1^|^1^|^1^|^1^|0|0|0|0|^^|0|0
^2026^|^01^|^527670^|^015^|^08^|^CD^|^6212^|^BMB^|^07^|^57^|^2^|^001^|^100^|^1^|^1^|^Tidak Ada Komponen^|^ ^|0|0|0|0|^2024^|^^|^0^|^00^|^1^|^1^|^1^|^1^|^1^|0|0|0|0|^^|0|0
^2026^|^01^|^527670^|^015^|^08^|^CD^|^6212^|^FAC^|^07^|^57^|^2^|^001^|^100^|^1^|^1^|^Tidak Ada Komponen^|^ ^|0|0|0|0|^2023^|^^|^0^|^00^|^1^|^1^|^1^|^1^|^1^|0|0|0|0|^^|0|0
^2026^|^01^|^527670^|^015^|^08^|^CD^|^6212^|^FAH^|^07^|^57^|^2^|^001^|^100^|^1^|^1^|^Tidak ada komponen^|^ ^|0|0|0|0|^2023^|^^|^0^|^00^|^1^|^1^|^1^|^1^|^1^|0|0|0|0|^^|0|0
^2026^|^01^|^527670^|^015^|^08^|^CD^|^6212^|^FAL^|^07^|^57^|^2^|^004^|^100^|^1^|^1^|^Tidak ada komponen^|^ ^|0|0|0|0|^2023^|^^|^0^|^00^|^1^|^1^|^1^|^1^|^1^|0|0|0|0|^^|0|0
^2026^|^01^|^527670^|^015^|^08^|^CD^|^6213^|^FAC^|^07^|^57^|^2^|^001^|^100^|^1^|^1^|^Tidak ada komponen^|^ ^|0|0|0|0|^2023^|^^|^0^|^00^|^1^|^1^|^1^|^1^|^1^|0|0|0|0|^^|0|0
^2026^|^01^|^527670^|^015^|^08^|^CD^|^6213^|^FAE^|^07^|^57^|^2^|^009^|^100^|^1^|^1^|^Tidak Ada Komponen^|^ ^|0|0|0|0|^2024^|^^|^0^|^00^|^1^|^1^|^1^|^1^|^1^|0|0|0|0|^^|0|0
^2026^|^01^|^527670^|^015^|^08^|^CD^|^6213^|^FAL^|^07^|^57^|^2^|^003^|^100^|^1^|^1^|^Tidak ada komponen^|^ ^|0|0|0|0|^2023^|^^|^0^|^00^|^1^|^1^|^1^|^1^|^1^|0|0|0|0|^^|0|0
^2026^|^01^|^527670^|^015^|^08^|^CD^|^6214^|^FAL^|^07^|^57^|^2^|^002^|^100^|^1^|^1^|^Tidak ada komponen^|^ ^|0|0|0|0|^2023^|^^|^0^|^00^|^1^|^1^|^1^|^1^|^1^|0|0|0|0|^^|0|0
^2026^|^01^|^527670^|^015^|^08^|^CD^|^6215^|^FAH^|^07^|^57^|^2^|^003^|^100^|^1^|^1^|^Tidak ada komponen^|^ ^|0|0|0|0|^2023^|^^|^0^|^00^|^1^|^1^|^1^|^1^|^1^|0|0|0|0|^^|0|0
^2026^|^01^|^527670^|^015^|^08^|^WA^|^4715^|^EBA^|^07^|^57^|^2^|^001^|^100^|^2^|^2^|^Tidak Ada Komponen^|^ ^|0|0|0|0|^2023^|^^|^0^|^00^|^1^|^1^|^1^|^1^|^1^|0|0|0|0|^^|0|0
^2026^|^01^|^527670^|^015^|^08^|^WA^|^4715^|^EBA^|^07^|^57^|^2^|^002^|^100^|^2^|^2^|^Tidak Ada Komponen^|^ ^|0|0|0|0|^2023^|^^|^0^|^00^|^1^|^1^|^1^|^1^|^1^|0|0|0|0|^^|0|0
^2026^|^01^|^527670^|^015^|^08^|^WA^|^4715^|^EBA^|^07^|^57^|^2^|^994^|^002^|^1^|^1^|^Operasional dan Pemeliharaan Kantor^|^ ^|0|0|0|0|^2023^|^^|^0^|^00^|^1^|^1^|^1^|^1^|^1^|0|0|0|0|^^|0|0
^2026^|^01^|^527670^|^015^|^08^|^WA^|^4715^|^EBD^|^07^|^57^|^2^|^Z36^|^100^|^2^|^1^|^Tidak Ada Komponen^|^ ^|0|0|0|0|^2025^|^^|^0^|^00^|^1^|^1^|^1^|^1^|^1^|0|0|0|0|^^|0|0
^2026^|^01^|^527670^|^015^|^08^|^WA^|^4718^|^BMB^|^07^|^57^|^2^|^002^|^100^|^1^|^2^|^Tidak Ada Komponen^|^ ^|0|0|0|0|^2023^|^^|^0^|^00^|^1^|^1^|^1^|^1^|^1^|0|0|0|0|^^|0|0
^2026^|^01^|^527670^|^015^|^08^|^WA^|^4718^|^BMB^|^07^|^57^|^2^|^001^|^100^|^1^|^2^|^Tidak ada komponen^|^ ^|0|0|0|0|^2023^|^^|^0^|^00^|^1^|^1^|^1^|^1^|^1^|0|0|0|0|^^|0|0
^2026^|^01^|^527670^|^015^|^08^|^WA^|^4719^|^EBA^|^07^|^57^|^2^|^994^|^001^|^1^|^1^|^Gaji dan Tunjangan^|^ ^|0|0|0|0|^2023^|^^|^0^|^00^|^1^|^1^|^1^|^1^|^1^|0|0|0|0|^^|0|0
^2026^|^01^|^527670^|^015^|^08^|^WA^|^4719^|^EBA^|^07^|^57^|^2^|^004^|^100^|^1^|^2^|^Tidak Ada Komponen^|^ ^|0|0|0|0|^2023^|^^|^0^|^00^|^1^|^1^|^1^|^1^|^1^|0|0|0|0|^^|0|0
^2026^|^01^|^527670^|^015^|^08^|^WA^|^4719^|^EBC^|^07^|^57^|^2^|^001^|^100^|^1^|^2^|^Tidak Ada Komponen^|^ ^|0|0|0|0|^2023^|^^|^0^|^00^|^1^|^1^|^1^|^1^|^1^|0|0|0|0|^^|0|0
^2026^|^01^|^527687^|^015^|^08^|^CD^|^6212^|^FAC^|^07^|^61^|^2^|^001^|^100^|^2^|^1^|^Tidak Ada Komponen^|^ ^|0|0|0|0|^2023^|^^|^0^|^00^|^1^|^1^|^1^|^1^|^1^|0|0|0|0|^^|0|0
^2026^|^01^|^527687^|^015^|^08^|^CD^|^6212^|^FAH^|^07^|^61^|^2^|^001^|^100^|^2^|^1^|^Tidak ada komponen^|^ ^|0|0|0|0|^2023^|^^|^0^|^00^|^1^|^1^|^1^|^1^|^1^|0|0|0|0|^^|0|0
^2026^|^01^|^527687^|^015^|^08^|^CD^|^6212^|^FAL^|^07^|^61^|^2^|^004^|^100^|^2^|^1^|^Tidak ada komponen^|^ ^|0|0|0|0|^2023^|^^|^0^|^00^|^1^|^1^|^1^|^1^|^1^|0|0|0|0|^^|0|0
^2026^|^01^|^527687^|^015^|^08^|^CD^|^6213^|^FAC^|^07^|^61^|^2^|^001^|^100^|^2^|^1^|^Tidak ada komponen^|^ ^|0|0|0|0|^2023^|^^|^0^|^00^|^1^|^1^|^1^|^1^|^1^|0|0|0|0|^^|0|0
^2026^|^01^|^527687^|^015^|^08^|^CD^|^6214^|^FAL^|^07^|^61^|^2^|^002^|^100^|^2^|^1^|^Tidak ada komponen^|^ ^|0|0|0|0|^2023^|^^|^0^|^00^|^1^|^1^|^1^|^1^|^1^|0|0|0|0|^^|0|0
^2026^|^01^|^527687^|^015^|^08^|^CD^|^6215^|^FAH^|^07^|^61^|^2^|^003^|^100^|^2^|^1^|^Tidak ada komponen^|^ ^|0|0|0|0|^2023^|^^|^0^|^00^|^1^|^1^|^1^|^1^|^1^|0|0|0|0|^^|0|0
^2026^|^01^|^527687^|^015^|^08^|^WA^|^4715^|^EBA^|^07^|^61^|^2^|^001^|^100^|^2^|^1^|^Tidak Ada Komponen^|^ ^|0|0|0|0|^2023^|^^|^0^|^00^|^1^|^1^|^1^|^1^|^1^|0|0|0|0|^^|0|0
^2026^|^01^|^527687^|^015^|^08^|^WA^|^4715^|^EBA^|^07^|^61^|^2^|^002^|^100^|^2^|^1^|^Tidak Ada Komponen^|^ ^|0|0|0|0|^2023^|^^|^0^|^00^|^1^|^1^|^1^|^1^|^1^|0|0|0|0|^^|0|0
^2026^|^01^|^527687^|^015^|^08^|^WA^|^4715^|^EBA^|^07^|^61^|^2^|^994^|^002^|^1^|^1^|^Operasional dan Pemeliharaan Kantor^|^ ^|0|0|0|0|^2023^|^^|^0^|^00^|^1^|^1^|^1^|^1^|^1^|0|0|0|0|^^|0|0
^2026^|^01^|^527687^|^015^|^08^|^WA^|^4715^|^EBD^|^07^|^61^|^2^|^Z36^|^100^|^2^|^1^|^Tidak Ada Komponen^|^ ^|0|0|0|0|^2023^|^^|^0^|^00^|^1^|^1^|^1^|^1^|^1^|0|0|0|0|^^|0|0
^2026^|^01^|^527687^|^015^|^08^|^WA^|^4718^|^BMB^|^07^|^61^|^2^|^001^|^100^|^2^|^1^|^Tidak ada komponen^|^ ^|0|0|0|0|^2023^|^^|^0^|^00^|^1^|^1^|^1^|^1^|^1^|0|0|0|0|^^|0|0
^2026^|^01^|^527687^|^015^|^08^|^WA^|^4718^|^BMB^|^07^|^61^|^2^|^002^|^100^|^2^|^1^|^Tidak Ada Komponen^|^ ^|0|0|0|0|^2023^|^^|^0^|^00^|^1^|^1^|^1^|^1^|^1^|0|0|0|0|^^|0|0
^2026^|^01^|^527687^|^015^|^08^|^WA^|^4719^|^EBA^|^07^|^61^|^2^|^004^|^100^|^2^|^1^|^Tidak Ada Komponen^|^ ^|0|0|0|0|^2023^|^^|^0^|^00^|^1^|^1^|^1^|^1^|^1^|0|0|0|0|^^|0|0
^2026^|^01^|^527687^|^015^|^08^|^WA^|^4719^|^EBA^|^07^|^61^|^2^|^994^|^001^|^1^|^1^|^Gaji dan Tunjangan^|^ ^|0|0|0|0|^2023^|^^|^0^|^00^|^1^|^1^|^1^|^1^|^1^|0|0|0|0|^^|0|0
^2026^|^01^|^527687^|^015^|^08^|^WA^|^4719^|^EBC^|^07^|^61^|^2^|^001^|^100^|^2^|^1^|^Tidak Ada Komponen^|^ ^|0|0|0|0|^2023^|^^|^0^|^00^|^1^|^1^|^1^|^1^|^1^|0|0|0|0|^^|0|0
^2026^|^01^|^527666^|^015^|^08^|^CD^|^6212^|^FAC^|^07^|^54^|^2^|^001^|^100^|^1^|^1^|^Tidak Ada Komponen^|^ ^|0|0|0|0|^2023^|^^|^0^|^00^|^1^|^1^|^1^|^1^|^1^|0|0|0|0|^^|0|0
^2026^|^01^|^527666^|^015^|^08^|^CD^|^6212^|^FAH^|^07^|^54^|^2^|^001^|^100^|^1^|^1^|^Tidak ada komponen^|^ ^|0|0|0|0|^2023^|^^|^0^|^00^|^1^|^1^|^1^|^1^|^1^|0|0|0|0|^^|0|0
^2026^|^01^|^527666^|^015^|^08^|^CD^|^6212^|^FAL^|^07^|^54^|^2^|^004^|^100^|^1^|^1^|^Tidak ada komponen^|^ ^|0|0|0|0|^2023^|^^|^0^|^00^|^1^|^1^|^1^|^1^|^1^|0|0|0|0|^^|0|0
^2026^|^01^|^527666^|^015^|^08^|^CD^|^6213^|^FAC^|^07^|^54^|^2^|^001^|^100^|^1^|^1^|^Tidak ada komponen^|^ ^|0|0|0|0|^2023^|^^|^0^|^00^|^1^|^1^|^1^|^1^|^1^|0|0|0|0|^^|0|0
^2026^|^01^|^527666^|^015^|^08^|^CD^|^6213^|^FAE^|^07^|^54^|^2^|^009^|^100^|^1^|^1^|^Tidak Ada Komponen^|^ ^|0|0|0|0|^2024^|^^|^0^|^00^|^1^|^1^|^1^|^1^|^1^|0|0|0|0|^^|0|0
^2026^|^01^|^527666^|^015^|^08^|^CD^|^6213^|^FAL^|^07^|^54^|^2^|^003^|^100^|^1^|^1^|^Tidak ada komponen^|^ ^|0|0|0|0|^2023^|^^|^0^|^00^|^1^|^1^|^1^|^1^|^1^|0|0|0|0|^^|0|0
^2026^|^01^|^527666^|^015^|^08^|^CD^|^6214^|^FAL^|^07^|^54^|^2^|^002^|^100^|^1^|^1^|^Tidak ada komponen^|^ ^|0|0|0|0|^2023^|^^|^0^|^00^|^1^|^1^|^1^|^1^|^1^|0|0|0|0|^^|0|0
^2026^|^01^|^527666^|^015^|^08^|^CD^|^6215^|^FAH^|^07^|^54^|^2^|^003^|^100^|^1^|^1^|^Tidak ada komponen^|^ ^|0|0|0|0|^2023^|^^|^0^|^00^|^1^|^1^|^1^|^1^|^1^|0|0|0|0|^^|0|0
^2026^|^01^|^527666^|^015^|^08^|^WA^|^4715^|^EBA^|^07^|^54^|^2^|^001^|^100^|^1^|^1^|^Tidak Ada Komponen^|^ ^|0|0|0|0|^2023^|^^|^0^|^00^|^1^|^1^|^1^|^1^|^1^|0|0|0|0|^^|0|0
^2026^|^01^|^527666^|^015^|^08^|^WA^|^4715^|^EBA^|^07^|^54^|^2^|^002^|^100^|^1^|^1^|^Tidak Ada Komponen^|^ ^|0|0|0|0|^2023^|^^|^0^|^00^|^1^|^1^|^1^|^1^|^1^|0|0|0|0|^^|0|0
^2026^|^01^|^527666^|^015^|^08^|^WA^|^4715^|^EBA^|^07^|^54^|^2^|^994^|^002^|^1^|^1^|^Operasional dan Pemeliharaan Kantor^|^ ^|0|0|0|0|^2023^|^^|^0^|^00^|^1^|^1^|^1^|^1^|^1^|0|0|0|0|^^|0|0
^2026^|^01^|^527666^|^015^|^08^|^WA^|^4715^|^EBD^|^07^|^54^|^2^|^Z36^|^100^|^1^|^1^|^Tidak Ada Komponen^|^ ^|0|0|0|0|^2023^|^^|^0^|^00^|^1^|^1^|^1^|^1^|^1^|0|0|0|0|^^|0|0
^2026^|^01^|^527666^|^015^|^08^|^WA^|^4718^|^BMB^|^07^|^54^|^2^|^001^|^100^|^1^|^1^|^Tidak ada komponen^|^ ^|0|0|0|0|^2023^|^^|^0^|^00^|^1^|^1^|^1^|^1^|^1^|0|0|0|0|^^|0|0
^2026^|^01^|^527666^|^015^|^08^|^WA^|^4718^|^BMB^|^07^|^54^|^2^|^002^|^100^|^1^|^1^|^Tidak Ada Komponen^|^ ^|0|0|0|0|^2023^|^^|^0^|^00^|^1^|^1^|^1^|^1^|^1^|0|0|0|0|^^|0|0
^2026^|^01^|^527666^|^015^|^08^|^WA^|^4719^|^EBA^|^07^|^54^|^2^|^004^|^100^|^1^|^1^|^Tidak Ada Komponen^|^ ^|0|0|0|0|^2023^|^^|^0^|^00^|^1^|^1^|^1^|^1^|^1^|0|0|0|0|^^|0|0
^2026^|^01^|^527666^|^015^|^08^|^WA^|^4719^|^EBA^|^07^|^54^|^2^|^994^|^001^|^1^|^1^|^Gaji dan Tunjangan^|^ ^|0|0|0|0|^2023^|^^|^0^|^00^|^1^|^1^|^1^|^1^|^1^|0|0|0|0|^^|0|0
^2026^|^01^|^527666^|^015^|^08^|^WA^|^4719^|^EBC^|^07^|^54^|^2^|^001^|^100^|^1^|^1^|^Tidak Ada Komponen^|^ ^|0|0|0|0|^2023^|^^|^0^|^00^|^1^|^1^|^1^|^1^|^1^|0|0|0|0|^^|0|0
^2026^|^01^|^527741^|^015^|^08^|^CD^|^6212^|^FAC^|^07^|^52^|^2^|^001^|^100^|^1^|^1^|^Tidak Ada Komponen^|^ ^|0|0|0|0|^2023^|^^|^0^|^00^|^1^|^1^|^1^|^1^|^1^|0|0|0|0|^^|0|0
^2026^|^01^|^527741^|^015^|^08^|^CD^|^6212^|^FAH^|^07^|^52^|^2^|^001^|^100^|^1^|^1^|^Tidak ada komponen^|^ ^|0|0|0|0|^2023^|^^|^0^|^00^|^1^|^1^|^1^|^1^|^1^|0|0|0|0|^^|0|0
^2026^|^01^|^527741^|^015^|^08^|^CD^|^6212^|^FAL^|^07^|^52^|^2^|^004^|^100^|^1^|^1^|^Tidak ada komponen^|^ ^|0|0|0|0|^2023^|^^|^0^|^00^|^1^|^1^|^1^|^1^|^1^|0|0|0|0|^^|0|0
^2026^|^01^|^527741^|^015^|^08^|^CD^|^6213^|^FAC^|^07^|^52^|^2^|^001^|^100^|^1^|^1^|^Tidak ada komponen^|^ ^|0|0|0|0|^2023^|^^|^0^|^00^|^1^|^1^|^1^|^1^|^1^|0|0|0|0|^^|0|0
^2026^|^01^|^527741^|^015^|^08^|^CD^|^6213^|^FAE^|^07^|^52^|^2^|^009^|^100^|^1^|^1^|^Tidak Ada Komponen^|^ ^|0|0|0|0|^2024^|^^|^0^|^00^|^1^|^1^|^1^|^1^|^1^|0|0|0|0|^^|0|0
^2026^|^01^|^527741^|^015^|^08^|^CD^|^6213^|^FAL^|^07^|^52^|^2^|^001^|^100^|^1^|^1^|^Tidak Ada Komponen^|^ ^|0|0|0|0|^2023^|^^|^0^|^00^|^1^|^1^|^1^|^1^|^1^|0|0|0|0|^^|0|0
^2026^|^01^|^527741^|^015^|^08^|^CD^|^6214^|^FAL^|^07^|^52^|^2^|^002^|^100^|^1^|^1^|^Tidak ada komponen^|^ ^|0|0|0|0|^2023^|^^|^0^|^00^|^1^|^1^|^1^|^1^|^1^|0|0|0|0|^^|0|0
^2026^|^01^|^527741^|^015^|^08^|^CD^|^6215^|^FAH^|^07^|^52^|^2^|^003^|^100^|^1^|^1^|^Tidak ada komponen^|^ ^|0|0|0|0|^2023^|^^|^0^|^00^|^1^|^1^|^1^|^1^|^1^|0|0|0|0|^^|0|0
^2026^|^01^|^527741^|^015^|^08^|^WA^|^4715^|^EBA^|^07^|^52^|^2^|^001^|^100^|^1^|^1^|^Tidak Ada Komponen^|^ ^|0|0|0|0|^2023^|^^|^0^|^00^|^1^|^1^|^1^|^1^|^1^|0|0|0|0|^^|0|0
^2026^|^01^|^527741^|^015^|^08^|^WA^|^4715^|^EBA^|^07^|^52^|^2^|^002^|^100^|^1^|^1^|^Tidak Ada Komponen^|^ ^|0|0|0|0|^2023^|^^|^0^|^00^|^1^|^1^|^1^|^1^|^1^|0|0|0|0|^^|0|0
^2026^|^01^|^527741^|^015^|^08^|^WA^|^4715^|^EBA^|^07^|^52^|^2^|^994^|^002^|^1^|^1^|^Operasional dan Pemeliharaan Kantor^|^ ^|0|0|0|0|^2023^|^^|^0^|^00^|^1^|^1^|^1^|^1^|^1^|0|0|0|0|^^|0|0
^2026^|^01^|^527741^|^015^|^08^|^WA^|^4715^|^EBD^|^07^|^52^|^2^|^Z36^|^100^|^1^|^1^|^Tidak Ada Komponen^|^ ^|0|0|0|0|^2023^|^^|^0^|^00^|^1^|^1^|^1^|^1^|^1^|0|0|0|0|^^|0|0
^2026^|^01^|^527741^|^015^|^08^|^WA^|^4718^|^BMB^|^07^|^52^|^2^|^002^|^100^|^1^|^1^|^Tidak Ada Komponen^|^ ^|0|0|0|0|^2023^|^^|^0^|^00^|^1^|^1^|^1^|^1^|^1^|0|0|0|0|^^|0|0
^2026^|^01^|^527741^|^015^|^08^|^WA^|^4718^|^BMB^|^07^|^52^|^2^|^001^|^100^|^1^|^1^|^Tidak ada komponen^|^ ^|0|0|0|0|^2023^|^^|^0^|^00^|^1^|^1^|^1^|^1^|^1^|0|0|0|0|^^|0|0
^2026^|^01^|^527741^|^015^|^08^|^WA^|^4719^|^EBA^|^07^|^52^|^2^|^994^|^001^|^1^|^1^|^Gaji dan Tunjangan^|^ ^|0|0|0|0|^2023^|^^|^0^|^00^|^1^|^1^|^1^|^1^|^1^|0|0|0|0|^^|0|0
^2026^|^01^|^527741^|^015^|^08^|^WA^|^4719^|^EBA^|^07^|^52^|^2^|^004^|^100^|^1^|^1^|^Tidak Ada Komponen^|^ ^|0|0|0|0|^2023^|^^|^0^|^00^|^1^|^1^|^1^|^1^|^1^|0|0|0|0|^^|0|0
^2026^|^01^|^527741^|^015^|^08^|^WA^|^4719^|^EBC^|^07^|^52^|^2^|^001^|^100^|^1^|^1^|^Tidak Ada Komponen^|^ ^|0|0|0|0|^2023^|^^|^0^|^00^|^1^|^1^|^1^|^1^|^1^|0|0|0|0|^^|0|0
^2026^|^01^|^527691^|^015^|^08^|^CD^|^6212^|^BMB^|^07^|^55^|^2^|^001^|^100^|^1^|^1^|^Tidak Ada Komponen^|^ ^|0|0|0|0|^2024^|^^|^0^|^00^|^1^|^1^|^1^|^1^|^1^|0|0|0|0|^^|0|0
^2026^|^01^|^527691^|^015^|^08^|^CD^|^6212^|^FAC^|^07^|^55^|^2^|^001^|^100^|^1^|^1^|^Tidak Ada Komponen^|^ ^|0|0|0|0|^2023^|^^|^0^|^00^|^1^|^1^|^1^|^1^|^1^|0|0|0|0|^^|0|0
^2026^|^01^|^527691^|^015^|^08^|^CD^|^6212^|^FAH^|^07^|^55^|^2^|^001^|^100^|^1^|^1^|^Tidak ada komponen^|^ ^|0|0|0|0|^2023^|^^|^0^|^00^|^1^|^1^|^1^|^1^|^1^|0|0|0|0|^^|0|0
^2026^|^01^|^527691^|^015^|^08^|^CD^|^6212^|^FAL^|^07^|^55^|^2^|^004^|^100^|^1^|^1^|^Tidak ada komponen^|^ ^|0|0|0|0|^2023^|^^|^0^|^00^|^1^|^1^|^1^|^1^|^1^|0|0|0|0|^^|0|0
^2026^|^01^|^527691^|^015^|^08^|^CD^|^6213^|^FAC^|^07^|^55^|^2^|^001^|^100^|^1^|^1^|^Tidak ada komponen^|^ ^|0|0|0|0|^2023^|^^|^0^|^00^|^1^|^1^|^1^|^1^|^1^|0|0|0|0|^^|0|0
^2026^|^01^|^527691^|^015^|^08^|^CD^|^6213^|^FAE^|^07^|^55^|^2^|^009^|^100^|^1^|^1^|^Tidak Ada Komponen^|^ ^|0|0|0|0|^2023^|^^|^0^|^00^|^1^|^1^|^1^|^1^|^1^|0|0|0|0|^^|0|0
^2026^|^01^|^527691^|^015^|^08^|^CD^|^6213^|^FAL^|^07^|^55^|^2^|^003^|^100^|^1^|^1^|^Tidak ada komponen^|^ ^|0|0|0|0|^2023^|^^|^0^|^00^|^1^|^1^|^1^|^1^|^1^|0|0|0|0|^^|0|0
^2026^|^01^|^527691^|^015^|^08^|^CD^|^6214^|^FAL^|^07^|^55^|^2^|^002^|^100^|^1^|^1^|^Tidak ada komponen^|^ ^|0|0|0|0|^2023^|^^|^0^|^00^|^1^|^1^|^1^|^1^|^1^|0|0|0|0|^^|0|0
^2026^|^01^|^527691^|^015^|^08^|^CD^|^6215^|^FAH^|^07^|^55^|^2^|^003^|^100^|^1^|^1^|^Tidak ada komponen^|^ ^|0|0|0|0|^2023^|^^|^0^|^00^|^1^|^1^|^1^|^1^|^1^|0|0|0|0|^^|0|0
^2026^|^01^|^527691^|^015^|^08^|^WA^|^4715^|^EBA^|^07^|^55^|^2^|^001^|^100^|^2^|^1^|^Tidak Ada Komponen^|^ ^|0|0|0|0|^2023^|^^|^0^|^00^|^1^|^1^|^1^|^1^|^1^|0|0|0|0|^^|0|0
^2026^|^01^|^527691^|^015^|^08^|^WA^|^4715^|^EBA^|^07^|^55^|^2^|^002^|^100^|^1^|^1^|^Tidak Ada Komponen^|^ ^|0|0|0|0|^2023^|^^|^0^|^00^|^1^|^1^|^1^|^1^|^1^|0|0|0|0|^^|0|0
^2026^|^01^|^527691^|^015^|^08^|^WA^|^4715^|^EBA^|^07^|^55^|^2^|^994^|^002^|^1^|^1^|^Operasional dan Pemeliharaan Kantor^|^ ^|0|0|0|0|^2023^|^^|^0^|^00^|^1^|^1^|^1^|^1^|^1^|0|0|0|0|^^|0|0
^2026^|^01^|^527691^|^015^|^08^|^WA^|^4715^|^EBD^|^07^|^55^|^2^|^Z36^|^100^|^1^|^1^|^Tidak Ada Komponen^|^ ^|0|0|0|0|^2023^|^^|^0^|^00^|^1^|^1^|^1^|^1^|^1^|0|0|0|0|^^|0|0
^2026^|^01^|^527691^|^015^|^08^|^WA^|^4718^|^BMB^|^07^|^55^|^2^|^001^|^100^|^1^|^1^|^Tidak ada komponen^|^ ^|0|0|0|0|^2023^|^^|^0^|^00^|^1^|^1^|^1^|^1^|^1^|0|0|0|0|^^|0|0
^2026^|^01^|^527691^|^015^|^08^|^WA^|^4718^|^BMB^|^07^|^55^|^2^|^002^|^100^|^1^|^1^|^Tidak Ada Komponen^|^ ^|0|0|0|0|^2023^|^^|^0^|^00^|^1^|^1^|^1^|^1^|^1^|0|0|0|0|^^|0|0
^2026^|^01^|^527691^|^015^|^08^|^WA^|^4719^|^EBA^|^07^|^55^|^2^|^004^|^100^|^1^|^1^|^Tidak Ada Komponen^|^ ^|0|0|0|0|^2023^|^^|^0^|^00^|^1^|^1^|^1^|^1^|^1^|0|0|0|0|^^|0|0
^2026^|^01^|^527691^|^015^|^08^|^WA^|^4719^|^EBA^|^07^|^55^|^2^|^994^|^001^|^1^|^1^|^Gaji dan Tunjangan^|^ ^|0|0|0|0|^2023^|^^|^0^|^00^|^1^|^1^|^1^|^1^|^1^|0|0|0|0|^^|0|0
^2026^|^01^|^527691^|^015^|^08^|^WA^|^4719^|^EBC^|^07^|^55^|^2^|^001^|^100^|^1^|^1^|^Tidak Ada Komponen^|^ ^|0|0|0|0|^2023^|^^|^0^|^00^|^1^|^1^|^1^|^1^|^1^|0|0|0|0|^^|0|0
^2026^|^01^|^527709^|^015^|^08^|^CD^|^6212^|^BMB^|^07^|^06^|^2^|^001^|^100^|^1^|^1^|^Tidak Ada Komponen^|^ ^|0|0|0|0|^2024^|^^|^0^|^00^|^1^|^1^|^1^|^1^|^1^|0|0|0|0|^^|0|0
^2026^|^01^|^527709^|^015^|^08^|^CD^|^6212^|^FAC^|^07^|^06^|^2^|^001^|^100^|^1^|^1^|^Tidak Ada Komponen^|^ ^|0|0|0|0|^2023^|^^|^0^|^00^|^1^|^1^|^1^|^1^|^1^|0|0|0|0|^^|0|0
^2026^|^01^|^527709^|^015^|^08^|^CD^|^6212^|^FAH^|^07^|^06^|^2^|^001^|^100^|^1^|^1^|^Tidak ada komponen^|^ ^|0|0|0|0|^2023^|^^|^0^|^00^|^1^|^1^|^1^|^1^|^1^|0|0|0|0|^^|0|0
^2026^|^01^|^527709^|^015^|^08^|^CD^|^6212^|^FAL^|^07^|^06^|^2^|^004^|^100^|^1^|^1^|^Tidak ada komponen^|^ ^|0|0|0|0|^2023^|^^|^0^|^00^|^1^|^1^|^1^|^1^|^1^|0|0|0|0|^^|0|0
^2026^|^01^|^527709^|^015^|^08^|^CD^|^6213^|^FAC^|^07^|^06^|^2^|^001^|^100^|^1^|^1^|^Tidak ada komponen^|^ ^|0|0|0|0|^2023^|^^|^0^|^00^|^1^|^1^|^1^|^1^|^1^|0|0|0|0|^^|0|0
^2026^|^01^|^527709^|^015^|^08^|^CD^|^6213^|^FAE^|^07^|^06^|^2^|^009^|^100^|^1^|^1^|^Tidak Ada Komponen^|^ ^|0|0|0|0|^2024^|^^|^0^|^00^|^1^|^1^|^1^|^1^|^1^|0|0|0|0|^^|0|0
^2026^|^01^|^527709^|^015^|^08^|^CD^|^6213^|^FAL^|^07^|^06^|^2^|^003^|^100^|^1^|^1^|^Tidak ada komponen^|^ ^|0|0|0|0|^2023^|^^|^0^|^00^|^1^|^1^|^1^|^1^|^1^|0|0|0|0|^^|0|0
^2026^|^01^|^527709^|^015^|^08^|^CD^|^6214^|^FAL^|^07^|^06^|^2^|^002^|^100^|^1^|^1^|^Tidak ada komponen^|^ ^|0|0|0|0|^2023^|^^|^0^|^00^|^1^|^1^|^1^|^1^|^1^|0|0|0|0|^^|0|0
^2026^|^01^|^527709^|^015^|^08^|^CD^|^6215^|^FAH^|^07^|^06^|^2^|^003^|^100^|^1^|^1^|^Tidak ada komponen^|^ ^|0|0|0|0|^2023^|^^|^0^|^00^|^1^|^1^|^1^|^1^|^1^|0|0|0|0|^^|0|0
^2026^|^01^|^527709^|^015^|^08^|^WA^|^4715^|^EBA^|^07^|^06^|^2^|^001^|^100^|^1^|^1^|^Tidak Ada Komponen^|^ ^|0|0|0|0|^2023^|^^|^0^|^00^|^1^|^1^|^1^|^1^|^1^|0|0|0|0|^^|0|0
^2026^|^01^|^527709^|^015^|^08^|^WA^|^4715^|^EBA^|^07^|^06^|^2^|^002^|^100^|^1^|^1^|^Tidak Ada Komponen^|^ ^|0|0|0|0|^2023^|^^|^0^|^00^|^1^|^1^|^1^|^1^|^1^|0|0|0|0|^^|0|0
^2026^|^01^|^527709^|^015^|^08^|^WA^|^4715^|^EBA^|^07^|^06^|^2^|^994^|^002^|^1^|^1^|^Operasional dan Pemeliharaan Kantor^|^ ^|0|0|0|0|^2023^|^^|^0^|^00^|^1^|^1^|^1^|^1^|^1^|0|0|0|0|^^|0|0
^2026^|^01^|^527709^|^015^|^08^|^WA^|^4715^|^EBD^|^07^|^06^|^2^|^Z36^|^100^|^1^|^1^|^Tidak Ada Komponen^|^ ^|0|0|0|0|^2023^|^^|^0^|^00^|^1^|^1^|^1^|^1^|^1^|0|0|0|0|^^|0|0
^2026^|^01^|^527709^|^015^|^08^|^WA^|^4718^|^BMB^|^07^|^06^|^2^|^001^|^100^|^1^|^1^|^Tidak ada komponen^|^ ^|0|0|0|0|^2023^|^^|^0^|^00^|^1^|^1^|^1^|^1^|^1^|0|0|0|0|^^|0|0
^2026^|^01^|^527709^|^015^|^08^|^WA^|^4718^|^BMB^|^07^|^06^|^2^|^002^|^100^|^1^|^1^|^Tidak Ada Komponen^|^ ^|0|0|0|0|^2023^|^^|^0^|^00^|^1^|^1^|^1^|^1^|^1^|0|0|0|0|^^|0|0
^2026^|^01^|^527709^|^015^|^08^|^WA^|^4719^|^EBA^|^07^|^06^|^2^|^004^|^100^|^1^|^1^|^Tidak Ada Komponen^|^ ^|0|0|0|0|^2023^|^^|^0^|^00^|^1^|^1^|^1^|^1^|^1^|0|0|0|0|^^|0|0
^2026^|^01^|^527709^|^015^|^08^|^WA^|^4719^|^EBA^|^07^|^06^|^2^|^994^|^001^|^1^|^1^|^Gaji dan Tunjangan^|^ ^|0|0|0|0|^2023^|^^|^0^|^00^|^1^|^1^|^1^|^1^|^1^|0|0|0|0|^^|0|0
^2026^|^01^|^527709^|^015^|^08^|^WA^|^4719^|^EBC^|^07^|^06^|^2^|^001^|^100^|^1^|^1^|^Tidak Ada Komponen^|^ ^|0|0|0|0|^2023^|^^|^0^|^00^|^1^|^1^|^1^|^1^|^1^|0|0|0|0|^^|0|0
^2026^|^01^|^527755^|^015^|^08^|^CD^|^6212^|^BMB^|^07^|^12^|^2^|^001^|^100^|^1^|^1^|^Tidak Ada Komponen^|^ ^|0|0|0|0|^2024^|^^|^0^|^00^|^1^|^1^|^1^|^1^|^1^|0|0|0|0|^^|0|0
^2026^|^01^|^527755^|^015^|^08^|^CD^|^6212^|^FAC^|^07^|^12^|^2^|^001^|^100^|^2^|^1^|^Tidak Ada Komponen^|^ ^|0|0|0|0|^2023^|^^|^0^|^00^|^1^|^1^|^1^|^1^|^1^|0|0|0|0|^^|0|0
^2026^|^01^|^527755^|^015^|^08^|^CD^|^6212^|^FAH^|^07^|^12^|^2^|^001^|^100^|^2^|^1^|^Tidak ada komponen^|^ ^|0|0|0|0|^2023^|^^|^0^|^00^|^1^|^1^|^1^|^1^|^1^|0|0|0|0|^^|0|0
^2026^|^01^|^527755^|^015^|^08^|^CD^|^6212^|^FAL^|^07^|^12^|^2^|^004^|^100^|^2^|^1^|^Tidak ada komponen^|^ ^|0|0|0|0|^2023^|^^|^0^|^00^|^1^|^1^|^1^|^1^|^1^|0|0|0|0|^^|0|0
^2026^|^01^|^527755^|^015^|^08^|^CD^|^6213^|^FAC^|^07^|^12^|^2^|^001^|^100^|^2^|^1^|^Tidak ada komponen^|^ ^|0|0|0|0|^2023^|^^|^0^|^00^|^1^|^1^|^1^|^1^|^1^|0|0|0|0|^^|0|0
^2026^|^01^|^527755^|^015^|^08^|^CD^|^6213^|^FAL^|^07^|^12^|^2^|^003^|^100^|^2^|^1^|^Tidak ada komponen^|^ ^|0|0|0|0|^2023^|^^|^0^|^00^|^1^|^1^|^1^|^1^|^1^|0|0|0|0|^^|0|0
^2026^|^01^|^527755^|^015^|^08^|^CD^|^6214^|^FAL^|^07^|^12^|^2^|^002^|^100^|^2^|^1^|^Tidak ada komponen^|^ ^|0|0|0|0|^2023^|^^|^0^|^00^|^1^|^1^|^1^|^1^|^1^|0|0|0|0|^^|0|0
^2026^|^01^|^527755^|^015^|^08^|^CD^|^6215^|^FAH^|^07^|^12^|^2^|^003^|^100^|^2^|^1^|^Tidak ada komponen^|^ ^|0|0|0|0|^2023^|^^|^0^|^00^|^1^|^1^|^1^|^1^|^1^|0|0|0|0|^^|0|0
^2026^|^01^|^527755^|^015^|^08^|^WA^|^4715^|^EBA^|^07^|^12^|^2^|^001^|^100^|^2^|^2^|^Tidak Ada Komponen^|^ ^|0|0|0|0|^2023^|^^|^0^|^00^|^1^|^1^|^1^|^1^|^1^|0|0|0|0|^^|0|0
^2026^|^01^|^527755^|^015^|^08^|^WA^|^4715^|^EBA^|^07^|^12^|^2^|^002^|^100^|^2^|^2^|^Tidak Ada Komponen^|^ ^|0|0|0|0|^2023^|^^|^0^|^00^|^1^|^1^|^1^|^1^|^1^|0|0|0|0|^^|0|0
^2026^|^01^|^527755^|^015^|^08^|^WA^|^4715^|^EBA^|^07^|^12^|^2^|^994^|^002^|^1^|^1^|^Operasional dan Pemeliharaan Kantor^|^ ^|0|0|0|0|^2023^|^^|^0^|^00^|^1^|^1^|^1^|^1^|^1^|0|0|0|0|^^|0|0
^2026^|^01^|^527755^|^015^|^08^|^WA^|^4715^|^EBD^|^07^|^12^|^2^|^Z36^|^100^|^2^|^1^|^Tidak Ada Komponen^|^ ^|0|0|0|0|^2025^|^^|^0^|^00^|^1^|^1^|^1^|^1^|^1^|0|0|0|0|^^|0|0
^2026^|^01^|^527755^|^015^|^08^|^WA^|^4718^|^BMB^|^07^|^12^|^2^|^002^|^100^|^2^|^2^|^Tidak Ada Komponen^|^ ^|0|0|0|0|^2023^|^^|^0^|^00^|^1^|^1^|^1^|^1^|^1^|0|0|0|0|^^|0|0
^2026^|^01^|^527755^|^015^|^08^|^WA^|^4718^|^BMB^|^07^|^12^|^2^|^001^|^100^|^2^|^2^|^Tidak ada komponen^|^ ^|0|0|0|0|^2023^|^^|^0^|^00^|^1^|^1^|^1^|^1^|^1^|0|0|0|0|^^|0|0
^2026^|^01^|^527755^|^015^|^08^|^WA^|^4719^|^EBA^|^07^|^12^|^2^|^994^|^001^|^1^|^1^|^Gaji dan Tunjangan^|^ ^|0|0|0|0|^2023^|^^|^0^|^00^|^1^|^1^|^1^|^1^|^1^|0|0|0|0|^^|0|0
^2026^|^01^|^527755^|^015^|^08^|^WA^|^4719^|^EBA^|^07^|^12^|^2^|^004^|^100^|^2^|^2^|^Tidak Ada Komponen^|^ ^|0|0|0|0|^2023^|^^|^0^|^00^|^1^|^1^|^1^|^1^|^1^|0|0|0|0|^^|0|0
^2026^|^01^|^527755^|^015^|^08^|^WA^|^4719^|^EBC^|^07^|^12^|^2^|^001^|^100^|^2^|^2^|^Tidak Ada Komponen^|^ ^|0|0|0|0|^2023^|^^|^0^|^00^|^1^|^1^|^1^|^1^|^1^|0|0|0|0|^^|0|0
^2026^|^01^|^527713^|^015^|^08^|^CD^|^6212^|^BMB^|^07^|^56^|^2^|^001^|^100^|^1^|^1^|^Tidak Ada Komponen^|^ ^|0|0|0|0|^2024^|^^|^0^|^00^|^1^|^1^|^1^|^1^|^1^|0|0|0|0|^^|0|0
^2026^|^01^|^527713^|^015^|^08^|^CD^|^6212^|^FAC^|^07^|^56^|^2^|^001^|^100^|^2^|^1^|^Tidak Ada Komponen^|^ ^|0|0|0|0|^2023^|^^|^0^|^00^|^1^|^1^|^1^|^1^|^1^|0|0|0|0|^^|0|0
^2026^|^01^|^527713^|^015^|^08^|^CD^|^6212^|^FAH^|^07^|^56^|^2^|^001^|^100^|^2^|^1^|^Tidak ada komponen^|^ ^|0|0|0|0|^2023^|^^|^0^|^00^|^1^|^1^|^1^|^1^|^1^|0|0|0|0|^^|0|0
^2026^|^01^|^527713^|^015^|^08^|^CD^|^6212^|^FAL^|^07^|^56^|^2^|^004^|^100^|^2^|^1^|^Tidak ada komponen^|^ ^|0|0|0|0|^2023^|^^|^0^|^00^|^1^|^1^|^1^|^1^|^1^|0|0|0|0|^^|0|0
^2026^|^01^|^527713^|^015^|^08^|^CD^|^6213^|^FAC^|^07^|^56^|^2^|^001^|^100^|^2^|^1^|^Tidak ada komponen^|^ ^|0|0|0|0|^2023^|^^|^0^|^00^|^1^|^1^|^1^|^1^|^1^|0|0|0|0|^^|0|0
^2026^|^01^|^527713^|^015^|^08^|^CD^|^6213^|^FAL^|^07^|^56^|^2^|^003^|^100^|^2^|^1^|^Tidak ada komponen^|^ ^|0|0|0|0|^2023^|^^|^0^|^00^|^1^|^1^|^1^|^1^|^1^|0|0|0|0|^^|0|0
^2026^|^01^|^527713^|^015^|^08^|^CD^|^6214^|^FAL^|^07^|^56^|^2^|^002^|^100^|^2^|^1^|^Tidak ada komponen^|^ ^|0|0|0|0|^2023^|^^|^0^|^00^|^1^|^1^|^1^|^1^|^1^|0|0|0|0|^^|0|0
^2026^|^01^|^527713^|^015^|^08^|^CD^|^6215^|^FAH^|^07^|^56^|^2^|^003^|^100^|^2^|^1^|^Tidak ada komponen^|^ ^|0|0|0|0|^2023^|^^|^0^|^00^|^1^|^1^|^1^|^1^|^1^|0|0|0|0|^^|0|0
^2026^|^01^|^527713^|^015^|^08^|^WA^|^4718^|^BMB^|^07^|^56^|^2^|^002^|^100^|^2^|^1^|^Tidak Ada Komponen^|^ ^|0|0|0|0|^2023^|^^|^0^|^00^|^1^|^1^|^1^|^1^|^1^|0|0|0|0|^^|0|0
^2026^|^01^|^527713^|^015^|^08^|^WA^|^4718^|^BMB^|^07^|^56^|^2^|^001^|^100^|^2^|^1^|^Tidak ada komponen^|^ ^|0|0|0|0|^2023^|^^|^0^|^00^|^1^|^1^|^1^|^1^|^1^|0|0|0|0|^^|0|0
^2026^|^01^|^527713^|^015^|^08^|^WA^|^4715^|^EBA^|^07^|^56^|^2^|^001^|^100^|^2^|^1^|^Tidak Ada Komponen^|^ ^|0|0|0|0|^2023^|^^|^0^|^00^|^1^|^1^|^1^|^1^|^1^|0|0|0|0|^^|0|0
^2026^|^01^|^527713^|^015^|^08^|^WA^|^4715^|^EBA^|^07^|^56^|^2^|^002^|^100^|^2^|^1^|^Tidak Ada Komponen^|^ ^|0|0|0|0|^2023^|^^|^0^|^00^|^1^|^1^|^1^|^1^|^1^|0|0|0|0|^^|0|0
^2026^|^01^|^527713^|^015^|^08^|^WA^|^4715^|^EBA^|^07^|^56^|^2^|^994^|^002^|^1^|^1^|^Operasional dan Pemeliharaan Kantor^|^ ^|0|0|0|0|^2023^|^^|^0^|^00^|^1^|^1^|^1^|^1^|^1^|0|0|0|0|^^|0|0
^2026^|^01^|^527713^|^015^|^08^|^WA^|^4715^|^EBB^|^07^|^56^|^2^|^002^|^100^|^1^|^1^|^Tidak Ada Komponen^|^3 Unit^|0|0|0|0|^2025^|^^|^0^|^00^|^1^|^1^|^1^|^1^|^1^|0|0|0|0|^^|0|0
^2026^|^01^|^527713^|^015^|^08^|^WA^|^4715^|^EBD^|^07^|^56^|^2^|^Z36^|^100^|^2^|^1^|^Tidak Ada Komponen^|^ ^|0|0|0|0|^2023^|^^|^0^|^00^|^1^|^1^|^1^|^1^|^1^|0|0|0|0|^^|0|0
^2026^|^01^|^527713^|^015^|^08^|^WA^|^4719^|^EBA^|^07^|^56^|^2^|^994^|^001^|^1^|^1^|^Gaji dan Tunjangan^|^ ^|0|0|0|0|^2023^|^^|^0^|^00^|^1^|^1^|^1^|^1^|^1^|0|0|0|0|^^|0|0
^2026^|^01^|^527713^|^015^|^08^|^WA^|^4719^|^EBA^|^07^|^56^|^2^|^004^|^100^|^2^|^1^|^Tidak Ada Komponen^|^ ^|0|0|0|0|^2023^|^^|^0^|^00^|^1^|^1^|^1^|^1^|^1^|0|0|0|0|^^|0|0
^2026^|^01^|^527713^|^015^|^08^|^WA^|^4719^|^EBC^|^07^|^56^|^2^|^001^|^100^|^2^|^1^|^Tidak Ada Komponen^|^ ^|0|0|0|0|^2023^|^^|^0^|^00^|^1^|^1^|^1^|^1^|^1^|0|0|0|0|^^|0|0
^2026^|^01^|^527797^|^015^|^08^|^CD^|^6212^|^FAH^|^08^|^51^|^2^|^001^|^100^|^1^|^1^|^Tidak ada komponen^|^ ^|0|0|0|0|^2023^|^^|^0^|^00^|^1^|^1^|^1^|^1^|^1^|0|0|0|0|^^|0|0
^2026^|^01^|^527797^|^015^|^08^|^CD^|^6212^|^FAL^|^08^|^51^|^2^|^004^|^100^|^1^|^1^|^Tidak ada komponen^|^ ^|0|0|0|0|^2023^|^^|^0^|^00^|^1^|^1^|^1^|^1^|^1^|0|0|0|0|^^|0|0
^2026^|^01^|^527797^|^015^|^08^|^CD^|^6213^|^FAC^|^08^|^51^|^2^|^001^|^100^|^1^|^1^|^Tidak ada komponen^|^ ^|0|0|0|0|^2023^|^^|^0^|^00^|^1^|^1^|^1^|^1^|^1^|0|0|0|0|^^|0|0
^2026^|^01^|^527797^|^015^|^08^|^CD^|^6213^|^FAL^|^08^|^51^|^2^|^003^|^100^|^1^|^1^|^Tidak ada komponen^|^ ^|0|0|0|0|^2023^|^^|^0^|^00^|^1^|^1^|^1^|^1^|^1^|0|0|0|0|^^|0|0
^2026^|^01^|^527797^|^015^|^08^|^CD^|^6214^|^FAL^|^08^|^51^|^2^|^002^|^100^|^1^|^1^|^Tidak ada komponen^|^ ^|0|0|0|0|^2023^|^^|^0^|^00^|^1^|^1^|^1^|^1^|^1^|0|0|0|0|^^|0|0
^2026^|^01^|^527797^|^015^|^08^|^CD^|^6215^|^FAH^|^08^|^51^|^2^|^003^|^100^|^1^|^1^|^Tidak ada komponen^|^ ^|0|0|0|0|^2023^|^^|^0^|^00^|^1^|^1^|^1^|^1^|^1^|0|0|0|0|^^|0|0
^2026^|^01^|^527797^|^015^|^08^|^WA^|^4715^|^EBA^|^08^|^51^|^2^|^001^|^100^|^1^|^2^|^Tidak Ada Komponen^|^ ^|0|0|0|0|^2023^|^^|^0^|^00^|^1^|^1^|^1^|^1^|^1^|0|0|0|0|^^|0|0
^2026^|^01^|^527797^|^015^|^08^|^WA^|^4715^|^EBA^|^08^|^51^|^2^|^002^|^100^|^1^|^2^|^Tidak Ada Komponen^|^ ^|0|0|0|0|^2023^|^^|^0^|^00^|^1^|^1^|^1^|^1^|^1^|0|0|0|0|^^|0|0
^2026^|^01^|^527797^|^015^|^08^|^WA^|^4715^|^EBA^|^08^|^51^|^2^|^994^|^002^|^1^|^1^|^Operasional dan Pemeliharaan Kantor^|^ ^|0|0|0|0|^2023^|^^|^0^|^00^|^1^|^1^|^1^|^1^|^1^|0|0|0|0|^^|0|0
^2026^|^01^|^527797^|^015^|^08^|^WA^|^4715^|^EBD^|^08^|^51^|^2^|^Z36^|^100^|^2^|^1^|^Tidak Ada Komponen^|^ ^|0|0|0|0|^2025^|^^|^0^|^00^|^1^|^1^|^1^|^1^|^1^|0|0|0|0|^^|0|0
^2026^|^01^|^527797^|^015^|^08^|^WA^|^4718^|^BMB^|^08^|^51^|^2^|^001^|^100^|^1^|^2^|^Tidak ada komponen^|^ ^|0|0|0|0|^2023^|^^|^0^|^00^|^1^|^1^|^1^|^1^|^1^|0|0|0|0|^^|0|0
^2026^|^01^|^527797^|^015^|^08^|^WA^|^4718^|^BMB^|^08^|^51^|^2^|^002^|^100^|^1^|^2^|^Tidak Ada Komponen^|^ ^|0|0|0|0|^2023^|^^|^0^|^00^|^1^|^1^|^1^|^1^|^1^|0|0|0|0|^^|0|0
^2026^|^01^|^527797^|^015^|^08^|^WA^|^4719^|^EBA^|^08^|^51^|^2^|^004^|^100^|^1^|^2^|^Tidak Ada Komponen^|^ ^|0|0|0|0|^2023^|^^|^0^|^00^|^1^|^1^|^1^|^1^|^1^|0|0|0|0|^^|0|0
^2026^|^01^|^527797^|^015^|^08^|^WA^|^4719^|^EBA^|^08^|^51^|^2^|^994^|^001^|^1^|^1^|^Gaji dan Tunjangan^|^ ^|0|0|0|0|^2023^|^^|^0^|^00^|^1^|^1^|^1^|^1^|^1^|0|0|0|0|^^|0|0
^2026^|^01^|^527797^|^015^|^08^|^WA^|^4719^|^EBC^|^08^|^51^|^2^|^001^|^100^|^1^|^2^|^Tidak Ada Komponen^|^ ^|0|0|0|0|^2023^|^^|^0^|^00^|^1^|^1^|^1^|^1^|^1^|0|0|0|0|^^|0|0
^2026^|^01^|^527797^|^015^|^08^|^CD^|^6212^|^FAC^|^08^|^51^|^2^|^001^|^100^|^1^|^1^|^Tidak Ada Komponen^|^ ^|0|0|0|0|^2023^|^^|^0^|^00^|^1^|^1^|^1^|^1^|^1^|0|0|0|0|^^|0|0
^2026^|^01^|^527776^|^015^|^08^|^CD^|^6212^|^BMB^|^08^|^55^|^2^|^001^|^100^|^1^|^1^|^Tidak Ada Komponen^|^ ^|0|0|0|0|^2024^|^^|^0^|^00^|^1^|^1^|^1^|^1^|^1^|0|0|0|0|^^|0|0
^2026^|^01^|^527776^|^015^|^08^|^CD^|^6212^|^FAC^|^08^|^55^|^2^|^002^|^100^|^2^|^1^|^Tidak ada komponen^|^ ^|0|0|0|0|^2023^|^^|^0^|^00^|^1^|^1^|^1^|^1^|^1^|0|0|0|0|^^|0|0
^2026^|^01^|^527776^|^015^|^08^|^CD^|^6212^|^FAH^|^08^|^55^|^2^|^002^|^100^|^2^|^1^|^Tidak ada komponen^|^ ^|0|0|0|0|^2023^|^^|^0^|^00^|^1^|^1^|^1^|^1^|^1^|0|0|0|0|^^|0|0
^2026^|^01^|^527776^|^015^|^08^|^CD^|^6212^|^FAH^|^08^|^55^|^2^|^003^|^100^|^2^|^1^|^Tidak ada komponen^|^ ^|0|0|0|0|^2023^|^^|^0^|^00^|^1^|^1^|^1^|^1^|^1^|0|0|0|0|^^|0|0
^2026^|^01^|^527776^|^015^|^08^|^CD^|^6212^|^FAL^|^08^|^55^|^2^|^001^|^100^|^2^|^1^|^Tidak ada komponen^|^ ^|0|0|0|0|^2023^|^^|^0^|^00^|^1^|^1^|^1^|^1^|^1^|0|0|0|0|^^|0|0
^2026^|^01^|^527776^|^015^|^08^|^CD^|^6213^|^ABA^|^08^|^55^|^2^|^001^|^100^|^1^|^1^|^Tidak Ada Komponen^|^ ^|0|0|0|0|^2024^|^^|^0^|^00^|^1^|^1^|^1^|^1^|^1^|0|0|0|0|^^|0|0
^2026^|^01^|^527776^|^015^|^08^|^CD^|^6213^|^FAE^|^08^|^55^|^2^|^008^|^100^|^2^|^1^|^Tidak Ada Komponen^|^ ^|0|0|0|0|^2023^|^^|^0^|^00^|^1^|^1^|^1^|^1^|^1^|0|0|0|0|^^|0|0
^2026^|^01^|^527776^|^015^|^08^|^CD^|^6213^|^FAE^|^08^|^55^|^2^|^009^|^100^|^1^|^1^|^Tidak Ada Komponen^|^ ^|0|0|0|0|^2024^|^^|^0^|^00^|^1^|^1^|^1^|^1^|^1^|0|0|0|0|^^|0|0
^2026^|^01^|^527776^|^015^|^08^|^CD^|^6213^|^FAL^|^08^|^55^|^2^|^003^|^100^|^2^|^1^|^Tidak ada komponen^|^ ^|0|0|0|0|^2023^|^^|^0^|^00^|^1^|^1^|^1^|^1^|^1^|0|0|0|0|^^|0|0
^2026^|^01^|^527776^|^015^|^08^|^CD^|^6215^|^FAH^|^08^|^55^|^2^|^001^|^100^|^2^|^1^|^Tidak ada komponen^|^ ^|0|0|0|0|^2023^|^^|^0^|^00^|^1^|^1^|^1^|^1^|^1^|0|0|0|0|^^|0|0
^2026^|^01^|^527776^|^015^|^08^|^CD^|^6215^|^FAH^|^08^|^55^|^2^|^003^|^100^|^2^|^1^|^Tidak ada komponen^|^ ^|0|0|0|0|^2023^|^^|^0^|^00^|^1^|^1^|^1^|^1^|^1^|0|0|0|0|^^|0|0
^2026^|^01^|^527776^|^015^|^08^|^WA^|^4715^|^EBA^|^08^|^55^|^2^|^001^|^100^|^2^|^1^|^Tidak Ada Komponen^|^ ^|0|0|0|0|^2023^|^^|^0^|^00^|^1^|^1^|^1^|^1^|^1^|0|0|0|0|^^|0|0
^2026^|^01^|^527776^|^015^|^08^|^WA^|^4715^|^EBA^|^08^|^55^|^2^|^002^|^100^|^2^|^1^|^Tidak Ada Komponen^|^ ^|0|0|0|0|^2023^|^^|^0^|^00^|^1^|^1^|^1^|^1^|^1^|0|0|0|0|^^|0|0
^2026^|^01^|^527776^|^015^|^08^|^WA^|^4715^|^EBA^|^08^|^55^|^2^|^994^|^002^|^1^|^1^|^Operasional dan Pemeliharaan Kantor^|^ ^|0|0|0|0|^2023^|^^|^0^|^00^|^1^|^1^|^1^|^1^|^1^|0|0|0|0|^^|0|0
^2026^|^01^|^527776^|^015^|^08^|^WA^|^4715^|^EBB^|^08^|^55^|^2^|^004^|^100^|^1^|^1^|^Tidak Ada Komponen^|^ ^|0|0|0|0|^2025^|^^|^0^|^00^|^1^|^1^|^1^|^1^|^1^|0|0|0|0|^^|0|0
^2026^|^01^|^527776^|^015^|^08^|^WA^|^4715^|^EBD^|^08^|^55^|^2^|^Z26^|^100^|^2^|^1^|^Tidak Ada Komponen^|^ ^|0|0|0|0|^2023^|^^|^0^|^00^|^1^|^1^|^1^|^1^|^1^|0|0|0|0|^^|0|0
^2026^|^01^|^527776^|^015^|^08^|^WA^|^4715^|^EBD^|^08^|^55^|^2^|^Z36^|^100^|^2^|^1^|^Tidak Ada Komponen^|^ ^|0|0|0|0|^2023^|^^|^0^|^00^|^1^|^1^|^1^|^1^|^1^|0|0|0|0|^^|0|0
^2026^|^01^|^527776^|^015^|^08^|^WA^|^4718^|^BMB^|^08^|^55^|^2^|^001^|^100^|^2^|^1^|^Tidak ada komponen^|^ ^|0|0|0|0|^2023^|^^|^0^|^00^|^1^|^1^|^1^|^1^|^1^|0|0|0|0|^^|0|0
^2026^|^01^|^527776^|^015^|^08^|^WA^|^4718^|^BMB^|^08^|^55^|^2^|^002^|^100^|^2^|^1^|^Tidak Ada Komponen^|^ ^|0|0|0|0|^2023^|^^|^0^|^00^|^1^|^1^|^1^|^1^|^1^|0|0|0|0|^^|0|0
^2026^|^01^|^527776^|^015^|^08^|^WA^|^4719^|^EBA^|^08^|^55^|^2^|^003^|^100^|^2^|^1^|^Tidak Ada Komponen^|^ ^|0|0|0|0|^2023^|^^|^0^|^00^|^1^|^1^|^1^|^1^|^1^|0|0|0|0|^^|0|0
^2026^|^01^|^527776^|^015^|^08^|^WA^|^4719^|^EBA^|^08^|^55^|^2^|^005^|^100^|^2^|^1^|^Tidak Ada Komponen^|^ ^|0|0|0|0|^2023^|^^|^0^|^00^|^1^|^1^|^1^|^1^|^1^|0|0|0|0|^^|0|0
^2026^|^01^|^527776^|^015^|^08^|^WA^|^4719^|^EBA^|^08^|^55^|^2^|^994^|^001^|^1^|^1^|^Gaji dan Tunjangan^|^ ^|0|0|0|0|^2023^|^^|^0^|^00^|^1^|^1^|^1^|^1^|^1^|0|0|0|0|^^|0|0
^2026^|^01^|^527776^|^015^|^08^|^WA^|^4719^|^EBC^|^08^|^55^|^2^|^001^|^100^|^2^|^1^|^Tidak Ada Komponen^|^ ^|0|0|0|0|^2023^|^^|^0^|^00^|^1^|^1^|^1^|^1^|^1^|0|0|0|0|^^|0|0
^2026^|^01^|^527776^|^015^|^08^|^WA^|^4722^|^EBD^|^08^|^55^|^2^|^001^|^100^|^2^|^1^|^Tidak Ada Komponen^|^ ^|0|0|0|0|^2023^|^^|^0^|^00^|^1^|^1^|^1^|^1^|^1^|0|0|0|0|^^|0|0
^2026^|^01^|^527802^|^015^|^08^|^CD^|^6212^|^BMB^|^08^|^14^|^2^|^001^|^100^|^1^|^1^|^Tidak Ada Komponen^|^ ^|0|0|0|0|^2024^|^^|^0^|^00^|^1^|^1^|^1^|^1^|^1^|0|0|0|0|^^|0|0
^2026^|^01^|^527802^|^015^|^08^|^CD^|^6212^|^FAC^|^08^|^14^|^2^|^001^|^100^|^2^|^1^|^Tidak Ada Komponen^|^ ^|0|0|0|0|^2023^|^^|^0^|^00^|^1^|^1^|^1^|^1^|^1^|0|0|0|0|^^|0|0
^2026^|^01^|^527802^|^015^|^08^|^CD^|^6212^|^FAH^|^08^|^14^|^2^|^001^|^100^|^2^|^1^|^Tidak ada komponen^|^ ^|0|0|0|0|^2023^|^^|^0^|^00^|^1^|^1^|^1^|^1^|^1^|0|0|0|0|^^|0|0
^2026^|^01^|^527802^|^015^|^08^|^CD^|^6212^|^FAL^|^08^|^14^|^2^|^004^|^100^|^2^|^1^|^Tidak ada komponen^|^ ^|0|0|0|0|^2023^|^^|^0^|^00^|^1^|^1^|^1^|^1^|^1^|0|0|0|0|^^|0|0
^2026^|^01^|^527802^|^015^|^08^|^CD^|^6213^|^FAC^|^08^|^14^|^2^|^001^|^100^|^2^|^1^|^Tidak ada komponen^|^ ^|0|0|0|0|^2023^|^^|^0^|^00^|^1^|^1^|^1^|^1^|^1^|0|0|0|0|^^|0|0
^2026^|^01^|^527802^|^015^|^08^|^CD^|^6213^|^FAE^|^08^|^14^|^2^|^009^|^100^|^1^|^1^|^Tidak Ada Komponen^|^ ^|0|0|0|0|^2024^|^^|^0^|^00^|^1^|^1^|^1^|^1^|^1^|0|0|0|0|^^|0|0
^2026^|^01^|^527802^|^015^|^08^|^CD^|^6213^|^FAL^|^08^|^14^|^2^|^003^|^100^|^2^|^1^|^Tidak ada komponen^|^ ^|0|0|0|0|^2023^|^^|^0^|^00^|^1^|^1^|^1^|^1^|^1^|0|0|0|0|^^|0|0
^2026^|^01^|^527802^|^015^|^08^|^CD^|^6214^|^FAL^|^08^|^14^|^2^|^002^|^100^|^2^|^1^|^Tidak ada komponen^|^ ^|0|0|0|0|^2023^|^^|^0^|^00^|^1^|^1^|^1^|^1^|^1^|0|0|0|0|^^|0|0
^2026^|^01^|^527802^|^015^|^08^|^CD^|^6215^|^FAH^|^08^|^14^|^2^|^003^|^100^|^2^|^1^|^Tidak ada komponen^|^ ^|0|0|0|0|^2023^|^^|^0^|^00^|^1^|^1^|^1^|^1^|^1^|0|0|0|0|^^|0|0
^2026^|^01^|^527802^|^015^|^08^|^WA^|^4715^|^EBA^|^08^|^14^|^2^|^001^|^100^|^2^|^2^|^Tidak Ada Komponen^|^ ^|0|0|0|0|^2023^|^^|^0^|^00^|^1^|^1^|^1^|^1^|^1^|0|0|0|0|^^|0|0
^2026^|^01^|^527802^|^015^|^08^|^WA^|^4715^|^EBA^|^08^|^14^|^2^|^002^|^100^|^2^|^2^|^Tidak Ada Komponen^|^ ^|0|0|0|0|^2023^|^^|^0^|^00^|^1^|^1^|^1^|^1^|^1^|0|0|0|0|^^|0|0
^2026^|^01^|^527802^|^015^|^08^|^WA^|^4715^|^EBA^|^08^|^14^|^2^|^994^|^002^|^1^|^1^|^Operasional dan Pemeliharaan Kantor^|^ ^|0|0|0|0|^2023^|^^|^0^|^00^|^1^|^1^|^1^|^1^|^1^|0|0|0|0|^^|0|0
^2026^|^01^|^527802^|^015^|^08^|^WA^|^4715^|^EBD^|^08^|^14^|^2^|^Z36^|^100^|^2^|^1^|^Tidak Ada Komponen^|^ ^|0|0|0|0|^2025^|^^|^0^|^00^|^1^|^1^|^1^|^1^|^1^|0|0|0|0|^^|0|0
^2026^|^01^|^527802^|^015^|^08^|^WA^|^4718^|^BMB^|^08^|^14^|^2^|^001^|^100^|^2^|^2^|^Tidak ada komponen^|^ ^|0|0|0|0|^2023^|^^|^0^|^00^|^1^|^1^|^1^|^1^|^1^|0|0|0|0|^^|0|0
^2026^|^01^|^527802^|^015^|^08^|^WA^|^4718^|^BMB^|^08^|^14^|^2^|^002^|^100^|^2^|^2^|^Tidak Ada Komponen^|^ ^|0|0|0|0|^2023^|^^|^0^|^00^|^1^|^1^|^1^|^1^|^1^|0|0|0|0|^^|0|0
^2026^|^01^|^527802^|^015^|^08^|^WA^|^4719^|^EBA^|^08^|^14^|^2^|^004^|^100^|^2^|^2^|^Tidak Ada Komponen^|^ ^|0|0|0|0|^2023^|^^|^0^|^00^|^1^|^1^|^1^|^1^|^1^|0|0|0|0|^^|0|0
^2026^|^01^|^527802^|^015^|^08^|^WA^|^4719^|^EBA^|^08^|^14^|^2^|^994^|^001^|^1^|^1^|^Gaji dan Tunjangan^|^ ^|0|0|0|0|^2023^|^^|^0^|^00^|^1^|^1^|^1^|^1^|^1^|0|0|0|0|^^|0|0
^2026^|^01^|^527802^|^015^|^08^|^WA^|^4719^|^EBC^|^08^|^14^|^2^|^001^|^100^|^2^|^2^|^Tidak Ada Komponen^|^ ^|0|0|0|0|^2023^|^^|^0^|^00^|^1^|^1^|^1^|^1^|^1^|0|0|0|0|^^|0|0
^2026^|^01^|^527780^|^015^|^08^|^CD^|^6212^|^FAC^|^08^|^55^|^2^|^001^|^100^|^1^|^1^|^Tidak Ada Komponen^|^ ^|0|0|0|0|^2022^|^^|^0^|^00^|^1^|^1^|^1^|^1^|^1^|0|0|0|0|^^|0|0
^2026^|^01^|^527780^|^015^|^08^|^CD^|^6212^|^FAH^|^08^|^55^|^2^|^001^|^100^|^1^|^1^|^Tidak ada komponen^|^ ^|0|0|0|0|^2022^|^^|^0^|^00^|^1^|^1^|^1^|^1^|^1^|0|0|0|0|^^|0|0
^2026^|^01^|^527780^|^015^|^08^|^CD^|^6212^|^FAL^|^08^|^55^|^2^|^004^|^100^|^1^|^1^|^Tidak ada komponen^|^ ^|0|0|0|0|^2022^|^^|^0^|^00^|^1^|^1^|^1^|^1^|^1^|0|0|0|0|^^|0|0
^2026^|^01^|^527780^|^015^|^08^|^CD^|^6213^|^FAC^|^08^|^55^|^2^|^001^|^100^|^1^|^1^|^Tidak ada komponen^|^ ^|0|0|0|0|^2022^|^^|^0^|^00^|^1^|^1^|^1^|^1^|^1^|0|0|0|0|^^|0|0
^2026^|^01^|^527780^|^015^|^08^|^CD^|^6213^|^FAL^|^08^|^55^|^2^|^003^|^100^|^1^|^1^|^Tidak ada komponen^|^ ^|0|0|0|0|^2022^|^^|^0^|^00^|^1^|^1^|^1^|^1^|^1^|0|0|0|0|^^|0|0
^2026^|^01^|^527780^|^015^|^08^|^CD^|^6214^|^FAL^|^08^|^55^|^2^|^002^|^100^|^1^|^1^|^Tidak ada komponen^|^ ^|0|0|0|0|^2022^|^^|^0^|^00^|^1^|^1^|^1^|^1^|^1^|0|0|0|0|^^|0|0
^2026^|^01^|^527780^|^015^|^08^|^CD^|^6215^|^FAH^|^08^|^55^|^2^|^003^|^100^|^1^|^1^|^Tidak ada komponen^|^ ^|0|0|0|0|^2022^|^^|^0^|^00^|^1^|^1^|^1^|^1^|^1^|0|0|0|0|^^|0|0
^2026^|^01^|^527780^|^015^|^08^|^WA^|^4715^|^EBA^|^08^|^55^|^2^|^001^|^100^|^1^|^1^|^Tidak Ada Komponen^|^ ^|0|0|0|0|^2022^|^^|^0^|^00^|^1^|^1^|^1^|^1^|^1^|0|0|0|0|^^|0|0
^2026^|^01^|^527780^|^015^|^08^|^WA^|^4715^|^EBA^|^08^|^55^|^2^|^002^|^100^|^1^|^1^|^Tidak Ada Komponen^|^ ^|0|0|0|0|^2022^|^^|^0^|^00^|^1^|^1^|^1^|^1^|^1^|0|0|0|0|^^|0|0
^2026^|^01^|^527780^|^015^|^08^|^WA^|^4715^|^EBA^|^08^|^55^|^2^|^994^|^002^|^1^|^1^|^Operasional dan Pemeliharaan Kantor^|^ ^|0|0|0|0|^2022^|^^|^0^|^00^|^1^|^1^|^1^|^1^|^1^|0|0|0|0|^^|0|0
^2026^|^01^|^527780^|^015^|^08^|^WA^|^4715^|^EBB^|^08^|^55^|^2^|^002^|^100^|^1^|^1^|^Tidak Ada Komponen^|^6 Unit^|0|0|0|0|^2025^|^^|^0^|^00^|^1^|^1^|^1^|^1^|^1^|0|0|0|0|^^|0|0
^2026^|^01^|^527780^|^015^|^08^|^WA^|^4718^|^BMB^|^08^|^55^|^2^|^002^|^100^|^1^|^1^|^Tidak Ada Komponen^|^ ^|0|0|0|0|^2022^|^^|^0^|^00^|^1^|^1^|^1^|^1^|^1^|0|0|0|0|^^|0|0
^2026^|^01^|^527780^|^015^|^08^|^WA^|^4718^|^BMB^|^08^|^55^|^2^|^001^|^100^|^1^|^1^|^Tidak ada komponen^|^ ^|0|0|0|0|^2022^|^^|^0^|^00^|^1^|^1^|^1^|^1^|^1^|0|0|0|0|^^|0|0
^2026^|^01^|^527780^|^015^|^08^|^WA^|^4719^|^EBA^|^08^|^55^|^2^|^994^|^001^|^1^|^1^|^Gaji dan Tunjangan^|^ ^|0|0|0|0|^2022^|^^|^0^|^00^|^1^|^1^|^1^|^1^|^1^|0|0|0|0|^^|0|0
^2026^|^01^|^527780^|^015^|^08^|^WA^|^4719^|^EBA^|^08^|^55^|^2^|^004^|^100^|^1^|^1^|^Tidak Ada Komponen^|^ ^|0|0|0|0|^2022^|^^|^0^|^00^|^1^|^1^|^1^|^1^|^1^|0|0|0|0|^^|0|0
^2026^|^01^|^527780^|^015^|^08^|^WA^|^4719^|^EBC^|^08^|^55^|^2^|^001^|^100^|^1^|^1^|^Tidak Ada Komponen^|^ ^|0|0|0|0|^2022^|^^|^0^|^00^|^1^|^1^|^1^|^1^|^1^|0|0|0|0|^^|0|0
^2026^|^01^|^527819^|^015^|^08^|^CD^|^6212^|^BMB^|^08^|^53^|^2^|^001^|^100^|^2^|^1^|^Tidak Ada Komponen^|^ ^|0|0|0|0|^2024^|^^|^0^|^00^|^1^|^1^|^1^|^1^|^1^|0|0|0|0|^^|0|0
^2026^|^01^|^527819^|^015^|^08^|^CD^|^6212^|^FAC^|^08^|^53^|^2^|^001^|^100^|^2^|^1^|^Tidak Ada Komponen^|^ ^|0|0|0|0|^2023^|^^|^0^|^00^|^1^|^1^|^1^|^1^|^1^|0|0|0|0|^^|0|0
^2026^|^01^|^527819^|^015^|^08^|^CD^|^6212^|^FAH^|^08^|^53^|^2^|^001^|^100^|^2^|^1^|^Tidak ada komponen^|^ ^|0|0|0|0|^2023^|^^|^0^|^00^|^1^|^1^|^1^|^1^|^1^|0|0|0|0|^^|0|0
^2026^|^01^|^527819^|^015^|^08^|^CD^|^6212^|^FAL^|^08^|^53^|^2^|^004^|^100^|^2^|^1^|^Tidak ada komponen^|^ ^|0|0|0|0|^2023^|^^|^0^|^00^|^1^|^1^|^1^|^1^|^1^|0|0|0|0|^^|0|0
^2026^|^01^|^527819^|^015^|^08^|^CD^|^6213^|^FAC^|^08^|^53^|^2^|^001^|^100^|^2^|^1^|^Tidak ada komponen^|^ ^|0|0|0|0|^2023^|^^|^0^|^00^|^1^|^1^|^1^|^1^|^1^|0|0|0|0|^^|0|0
^2026^|^01^|^527819^|^015^|^08^|^CD^|^6213^|^FAE^|^08^|^53^|^2^|^009^|^100^|^2^|^1^|^Tidak Ada Komponen^|^ ^|0|0|0|0|^2024^|^^|^0^|^00^|^1^|^1^|^1^|^1^|^1^|0|0|0|0|^^|0|0
^2026^|^01^|^527819^|^015^|^08^|^CD^|^6213^|^FAL^|^08^|^53^|^2^|^003^|^100^|^2^|^1^|^Tidak ada komponen^|^ ^|0|0|0|0|^2023^|^^|^0^|^00^|^1^|^1^|^1^|^1^|^1^|0|0|0|0|^^|0|0
^2026^|^01^|^527819^|^015^|^08^|^CD^|^6214^|^FAL^|^08^|^53^|^2^|^002^|^100^|^2^|^1^|^Tidak ada komponen^|^ ^|0|0|0|0|^2023^|^^|^0^|^00^|^1^|^1^|^1^|^1^|^1^|0|0|0|0|^^|0|0
^2026^|^01^|^527819^|^015^|^08^|^CD^|^6215^|^FAH^|^08^|^53^|^2^|^003^|^100^|^2^|^1^|^Tidak ada komponen^|^ ^|0|0|0|0|^2023^|^^|^0^|^00^|^1^|^1^|^1^|^1^|^1^|0|0|0|0|^^|0|0
^2026^|^01^|^527819^|^015^|^08^|^WA^|^4715^|^EBA^|^08^|^53^|^2^|^001^|^100^|^1^|^2^|^Tidak Ada Komponen^|^ ^|0|0|0|0|^2023^|^^|^0^|^00^|^1^|^1^|^1^|^1^|^1^|0|0|0|0|^^|0|0
^2026^|^01^|^527819^|^015^|^08^|^WA^|^4715^|^EBA^|^08^|^53^|^2^|^002^|^100^|^1^|^2^|^Tidak Ada Komponen^|^ ^|0|0|0|0|^2023^|^^|^0^|^00^|^1^|^1^|^1^|^1^|^1^|0|0|0|0|^^|0|0
^2026^|^01^|^527819^|^015^|^08^|^WA^|^4715^|^EBA^|^08^|^53^|^2^|^994^|^002^|^1^|^1^|^Operasional dan Pemeliharaan Kantor^|^ ^|0|0|0|0|^2023^|^^|^0^|^00^|^1^|^1^|^1^|^1^|^1^|0|0|0|0|^^|0|0
^2026^|^01^|^527819^|^015^|^08^|^WA^|^4715^|^EBD^|^08^|^53^|^2^|^Z36^|^100^|^2^|^1^|^Tidak Ada Komponen^|^ ^|0|0|0|0|^2023^|^^|^0^|^00^|^1^|^1^|^1^|^1^|^1^|0|0|0|0|^^|0|0
^2026^|^01^|^527819^|^015^|^08^|^WA^|^4718^|^BMB^|^08^|^53^|^2^|^001^|^100^|^1^|^1^|^Tidak ada komponen^|^ ^|0|0|0|0|^2023^|^^|^0^|^00^|^1^|^1^|^1^|^1^|^1^|0|0|0|0|^^|0|0
^2026^|^01^|^527819^|^015^|^08^|^WA^|^4718^|^BMB^|^08^|^53^|^2^|^002^|^100^|^1^|^1^|^Tidak Ada Komponen^|^ ^|0|0|0|0|^2023^|^^|^0^|^00^|^1^|^1^|^1^|^1^|^1^|0|0|0|0|^^|0|0
^2026^|^01^|^527819^|^015^|^08^|^WA^|^4719^|^EBA^|^08^|^53^|^2^|^004^|^100^|^1^|^1^|^Tidak Ada Komponen^|^ ^|0|0|0|0|^2023^|^^|^0^|^00^|^1^|^1^|^1^|^1^|^1^|0|0|0|0|^^|0|0
^2026^|^01^|^527819^|^015^|^08^|^WA^|^4719^|^EBA^|^08^|^53^|^2^|^994^|^001^|^1^|^1^|^Gaji dan Tunjangan^|^ ^|0|0|0|0|^2023^|^^|^0^|^00^|^1^|^1^|^1^|^1^|^1^|0|0|0|0|^^|0|0
^2026^|^01^|^527819^|^015^|^08^|^WA^|^4719^|^EBC^|^08^|^53^|^2^|^001^|^100^|^1^|^1^|^Tidak Ada Komponen^|^ ^|0|0|0|0|^2023^|^^|^0^|^00^|^1^|^1^|^1^|^1^|^1^|0|0|0|0|^^|0|0
