^2026^|^01^|^527336^|^015^|^08^|^CD^|^6212^|^BMB^|^03^|^10^|^2^|^001^|^100^|^ A^|^Profiling UMKM^|^00^|^^|0|0
^2026^|^01^|^527336^|^015^|^08^|^CD^|^6212^|^FAC^|^03^|^10^|^2^|^001^|^100^|^ A^|^Training Modul Aplikasi SAKTI^|^00^|^^|0|0
^2026^|^01^|^527336^|^015^|^08^|^CD^|^6212^|^FAC^|^03^|^10^|^2^|^001^|^100^|^ B^|^FGD dan Bimtek Transfer Keuangan Daerah^|^00^|^^|0|0
^2026^|^01^|^527336^|^015^|^08^|^CD^|^6212^|^FAH^|^03^|^10^|^2^|^001^|^100^|^ A^|^TANPA SUB KOMPONEN^|^00^|^^|0|0
^2026^|^01^|^527336^|^015^|^08^|^CD^|^6212^|^FAL^|^03^|^10^|^2^|^004^|^100^|^ A^|^Konsultasi^|^00^|^^|0|0
^2026^|^01^|^527336^|^015^|^08^|^CD^|^6212^|^FAL^|^03^|^10^|^2^|^004^|^100^|^ B^|^Sosialisasi dan Bimbingan Teknis^|^00^|^^|0|0
^2026^|^01^|^527336^|^015^|^08^|^CD^|^6212^|^FAL^|^03^|^10^|^2^|^004^|^100^|^ D^|^Pembinaan Pemda, TKD, dan Penandatanganan BAR^|^00^|^^|0|0
^2026^|^01^|^527336^|^015^|^08^|^CD^|^6213^|^FAC^|^03^|^10^|^2^|^001^|^100^|^ A^|^Pembinaan Jabatan Fungsional Perbendaharaan^|^00^|^^|0|0
^2026^|^01^|^527336^|^015^|^08^|^CD^|^6213^|^FAL^|^03^|^10^|^2^|^003^|^100^|^ A^|^Monev Pelaksanaan Anggaran^|^11^|^^|0|0
^2026^|^01^|^527336^|^015^|^08^|^CD^|^6214^|^FAL^|^03^|^10^|^2^|^002^|^100^|^ A^|^Pelaksanaan PencairanPenarikanPengesahan Dana^|^11^|^^|0|0
^2026^|^01^|^527336^|^015^|^08^|^CD^|^6214^|^FAL^|^03^|^10^|^2^|^002^|^100^|^ B^|^PenerbitanPersetujuanRekonsiliasi RekeningSKPPKonfirmasi Penerimaan Negara, dll^|^11^|^^|0|0
^2026^|^01^|^527336^|^015^|^08^|^CD^|^6215^|^FAH^|^03^|^10^|^2^|^003^|^100^|^ A^|^Penyusunan Laporan Keuangan Tingkat Kuasa BUN di Daerah^|^11^|^^|0|0
^2026^|^01^|^527336^|^015^|^08^|^WA^|^4715^|^EBA^|^03^|^10^|^2^|^001^|^100^|^ A^|^TANPA SUB KOMPONEN^|^00^|^^|0|0
^2026^|^01^|^527336^|^015^|^08^|^WA^|^4715^|^EBA^|^03^|^10^|^2^|^002^|^100^|^ A^|^TANPA SUB KOMPONEN^|^00^|^^|0|0
^2026^|^01^|^527336^|^015^|^08^|^WA^|^4715^|^EBA^|^03^|^10^|^2^|^994^|^002^|^AA^|^Keperluan Seharihari Perkantoran  KPPN Induk^|^00^|^^|0|0
^2026^|^01^|^527336^|^015^|^08^|^WA^|^4715^|^EBA^|^03^|^10^|^2^|^994^|^002^|^ B^|^Langganan Daya dan Jasa^|^00^|^^|0|0
^2026^|^01^|^527336^|^015^|^08^|^WA^|^4715^|^EBA^|^03^|^10^|^2^|^994^|^002^|^ C^|^Pelaksanaan Operasional Kantor^|^00^|^^|0|0
^2026^|^01^|^527336^|^015^|^08^|^WA^|^4715^|^EBA^|^03^|^10^|^2^|^994^|^002^|^ D^|^Pemeliharaan Peralatan dan Mesin^|^00^|^^|0|0
^2026^|^01^|^527336^|^015^|^08^|^WA^|^4715^|^EBA^|^03^|^10^|^2^|^994^|^002^|^ G^|^Pemeliharaan Gedung dan Bangunan^|^00^|^^|0|0
^2026^|^01^|^527336^|^015^|^08^|^WA^|^4715^|^EBA^|^03^|^10^|^2^|^994^|^002^|^TJ^|^Jasa PemeliharaanAnnual Technical Support (ATS)^|^00^|^^|0|0
^2026^|^01^|^527336^|^015^|^08^|^WA^|^4715^|^EBD^|^03^|^10^|^2^|^Z36^|^100^|^ B^|^Pelaksanaan Manajemen Kinerja ,Resiko dan Kepatuhan Internal^|^00^|^^|0|0
^2026^|^01^|^527336^|^015^|^08^|^WA^|^4718^|^BMB^|^03^|^10^|^2^|^002^|^100^|^ A^|^TANPA SUB KOMPONEN^|^00^|^^|0|0
^2026^|^01^|^527336^|^015^|^08^|^WA^|^4718^|^BMB^|^03^|^10^|^2^|^001^|^100^|^ A^|^TANPA SUB KOMPONEN^|^00^|^^|0|0
^2026^|^01^|^527336^|^015^|^08^|^WA^|^4719^|^EBA^|^03^|^10^|^2^|^994^|^001^|^ A^|^TANPA SUB KOMPONEN^|^00^|^^|0|0
^2026^|^01^|^527336^|^015^|^08^|^WA^|^4719^|^EBA^|^03^|^10^|^2^|^004^|^100^|^ A^|^Survey Kepuasan Pengguna Layanan  KPPN Induk^|^00^|^^|0|0
^2026^|^01^|^527336^|^015^|^08^|^WA^|^4719^|^EBC^|^03^|^10^|^2^|^001^|^100^|^XC^|^Penyelenggaraan Capacity Building^|^00^|^^|0|0
^2026^|^01^|^527322^|^015^|^08^|^CD^|^6212^|^BMB^|^03^|^09^|^2^|^001^|^100^|^ A^|^Profiling UMKM^|^00^|^^|0|0
^2026^|^01^|^527322^|^015^|^08^|^CD^|^6212^|^FAC^|^03^|^09^|^2^|^001^|^100^|^ A^|^Training Modul Aplikasi SAKTI^|^00^|^^|0|0
^2026^|^01^|^527322^|^015^|^08^|^CD^|^6212^|^FAC^|^03^|^09^|^2^|^001^|^100^|^ B^|^FGD dan Bimtek Transfer Keuangan Daerah^|^00^|^^|0|0
^2026^|^01^|^527322^|^015^|^08^|^CD^|^6212^|^FAH^|^03^|^09^|^2^|^001^|^100^|^ A^|^TANPA SUB KOMPONEN^|^00^|^^|0|0
^2026^|^01^|^527322^|^015^|^08^|^CD^|^6212^|^FAL^|^03^|^09^|^2^|^004^|^100^|^ A^|^Konsultasi^|^00^|^^|0|0
^2026^|^01^|^527322^|^015^|^08^|^CD^|^6212^|^FAL^|^03^|^09^|^2^|^004^|^100^|^ B^|^Sosialisasi dan Bimbingan Teknis^|^00^|^^|0|0
^2026^|^01^|^527322^|^015^|^08^|^CD^|^6212^|^FAL^|^03^|^09^|^2^|^004^|^100^|^ D^|^Pembinaan Pemda, TKD, dan Penandatanganan BAR^|^00^|^^|0|0
^2026^|^01^|^527322^|^015^|^08^|^CD^|^6213^|^FAC^|^03^|^09^|^2^|^001^|^100^|^ A^|^Pembinaan Jabatan Fungsional Perbendaharaan^|^00^|^^|0|0
^2026^|^01^|^527322^|^015^|^08^|^CD^|^6213^|^FAL^|^03^|^09^|^2^|^003^|^100^|^ A^|^Monev Pelaksanaan Anggaran^|^00^|^^|0|0
^2026^|^01^|^527322^|^015^|^08^|^CD^|^6214^|^FAL^|^03^|^09^|^2^|^002^|^100^|^ A^|^Pelaksanaan PencairanPenarikanPengesahan Dana^|^00^|^^|0|0
^2026^|^01^|^527322^|^015^|^08^|^CD^|^6214^|^FAL^|^03^|^09^|^2^|^002^|^100^|^ B^|^PenerbitanPersetujuanRekonsiliasi RekeningSKPPKonfirmasi Penerimaan Negara, dll^|^00^|^^|0|0
^2026^|^01^|^527322^|^015^|^08^|^CD^|^6215^|^FAH^|^03^|^09^|^2^|^003^|^100^|^ A^|^Penyusunan Laporan Keuangan Tingkat Kuasa BUN di Daerah^|^00^|^^|0|0
^2026^|^01^|^527322^|^015^|^08^|^WA^|^4715^|^EBA^|^03^|^09^|^2^|^001^|^100^|^ A^|^TANPA SUB KOMPONEN^|^00^|^^|0|0
^2026^|^01^|^527322^|^015^|^08^|^WA^|^4715^|^EBA^|^03^|^09^|^2^|^002^|^100^|^ A^|^TANPA SUB KOMPONEN^|^00^|^^|0|0
^2026^|^01^|^527322^|^015^|^08^|^WA^|^4715^|^EBA^|^03^|^09^|^2^|^994^|^002^|^ A^|^Keperluan Seharihari Perkantoran^|^00^|^^|0|0
^2026^|^01^|^527322^|^015^|^08^|^WA^|^4715^|^EBA^|^03^|^09^|^2^|^994^|^002^|^ B^|^Langganan Daya dan Jasa^|^00^|^^|0|0
^2026^|^01^|^527322^|^015^|^08^|^WA^|^4715^|^EBA^|^03^|^09^|^2^|^994^|^002^|^ C^|^Pelaksanaan Operasional Kantor^|^00^|^^|0|0
^2026^|^01^|^527322^|^015^|^08^|^WA^|^4715^|^EBA^|^03^|^09^|^2^|^994^|^002^|^ D^|^Pemeliharaan Peralatan dan Mesin^|^00^|^^|0|0
^2026^|^01^|^527322^|^015^|^08^|^WA^|^4715^|^EBA^|^03^|^09^|^2^|^994^|^002^|^ G^|^Pemeliharaan Gedung dan Bangunan^|^00^|^^|0|0
^2026^|^01^|^527322^|^015^|^08^|^WA^|^4715^|^EBA^|^03^|^09^|^2^|^994^|^002^|^TJ^|^Jasa PemeliharaanAnnual Technical Support (ATS)^|^00^|^^|0|0
^2026^|^01^|^527322^|^015^|^08^|^WA^|^4715^|^EBB^|^03^|^09^|^2^|^004^|^100^|^RB^|^Renovasi Rumah Dinas^|^00^|^^|0|0
^2026^|^01^|^527322^|^015^|^08^|^WA^|^4715^|^EBD^|^03^|^09^|^2^|^Z36^|^100^|^ B^|^Pelaksanaan Manajemen Kinerja, Resiko dan Kepatuhan Internal^|^00^|^^|0|0
^2026^|^01^|^527322^|^015^|^08^|^WA^|^4718^|^BMB^|^03^|^09^|^2^|^001^|^100^|^ A^|^TANPA SUB KOMPONEN^|^00^|^^|0|0
^2026^|^01^|^527322^|^015^|^08^|^WA^|^4718^|^BMB^|^03^|^09^|^2^|^002^|^100^|^ A^|^TANPA SUB KOMPONEN^|^00^|^^|0|0
^2026^|^01^|^527322^|^015^|^08^|^WA^|^4719^|^EBA^|^03^|^09^|^2^|^004^|^100^|^ A^|^Survey Kepuasan Pengguna Layanan^|^00^|^^|0|0
^2026^|^01^|^527322^|^015^|^08^|^WA^|^4719^|^EBA^|^03^|^09^|^2^|^994^|^001^|^ A^|^TANPA SUB KOMPONEN^|^00^|^^|0|0
^2026^|^01^|^527322^|^015^|^08^|^WA^|^4719^|^EBC^|^03^|^09^|^2^|^001^|^100^|^XC^|^Penyelenggaraan Capacity Building^|^00^|^^|0|0
^2026^|^01^|^527340^|^015^|^08^|^CD^|^6212^|^BMB^|^03^|^55^|^2^|^001^|^100^|^ A^|^Profiling UMKM^|^00^|^^|0|0
^2026^|^01^|^527340^|^015^|^08^|^CD^|^6212^|^FAC^|^03^|^55^|^2^|^001^|^100^|^ A^|^Training Modul Aplikasi SAKTI^|^00^|^^|0|0
^2026^|^01^|^527340^|^015^|^08^|^CD^|^6212^|^FAC^|^03^|^55^|^2^|^001^|^100^|^ B^|^FGD dan Bimtek Transfer Keuangan Daerah^|^00^|^^|0|0
^2026^|^01^|^527340^|^015^|^08^|^CD^|^6212^|^FAH^|^03^|^55^|^2^|^001^|^100^|^ A^|^TANPA SUB KOMPONEN^|^00^|^^|0|0
^2026^|^01^|^527340^|^015^|^08^|^CD^|^6212^|^FAL^|^03^|^55^|^2^|^004^|^100^|^ A^|^Konsultasi^|^00^|^^|0|0
^2026^|^01^|^527340^|^015^|^08^|^CD^|^6212^|^FAL^|^03^|^55^|^2^|^004^|^100^|^ B^|^Sosialisasi dan Bimbingan Teknis^|^00^|^^|0|0
^2026^|^01^|^527340^|^015^|^08^|^CD^|^6212^|^FAL^|^03^|^55^|^2^|^004^|^100^|^ D^|^Pembinaan Pemda, TKD, dan Penandatanganan BAR^|^00^|^^|0|0
^2026^|^01^|^527340^|^015^|^08^|^CD^|^6213^|^FAC^|^03^|^55^|^2^|^001^|^100^|^ A^|^Pembinaan Jabatan Fungsional Perbendaharaan^|^00^|^^|0|0
^2026^|^01^|^527340^|^015^|^08^|^CD^|^6213^|^FAE^|^03^|^55^|^2^|^009^|^100^|^ A^|^Monev Penyaluran Pembiayaan Ultra Mikro^|^00^|^^|0|0
^2026^|^01^|^527340^|^015^|^08^|^CD^|^6213^|^FAL^|^03^|^55^|^2^|^003^|^100^|^ A^|^Monev Pelaksanaan Anggaran^|^00^|^^|0|0
^2026^|^01^|^527340^|^015^|^08^|^CD^|^6214^|^FAL^|^03^|^55^|^2^|^002^|^100^|^ A^|^Pelaksanaan PencairanPenarikanPengesahan Dana^|^00^|^^|0|0
^2026^|^01^|^527340^|^015^|^08^|^CD^|^6214^|^FAL^|^03^|^55^|^2^|^002^|^100^|^ B^|^PenerbitanPersetujuanRekonsiliasi RekeningSKPPKonfirmasi Penerimaan Negara, dll^|^00^|^^|0|0
^2026^|^01^|^527340^|^015^|^08^|^CD^|^6215^|^FAH^|^03^|^55^|^2^|^003^|^100^|^ A^|^Penyusunan Laporan Keuangan Tingkat Kuasa BUN di Daerah^|^00^|^^|0|0
^2026^|^01^|^527340^|^015^|^08^|^WA^|^4715^|^EBA^|^03^|^55^|^2^|^001^|^100^|^ A^|^TANPA SUB KOMPONEN^|^00^|^^|0|0
^2026^|^01^|^527340^|^015^|^08^|^WA^|^4715^|^EBA^|^03^|^55^|^2^|^002^|^100^|^ A^|^TANPA SUB KOMPONEN^|^00^|^^|0|0
^2026^|^01^|^527340^|^015^|^08^|^WA^|^4715^|^EBA^|^03^|^55^|^2^|^994^|^002^|^ A^|^Keperluan Seharihari Perkantoran^|^00^|^^|0|0
^2026^|^01^|^527340^|^015^|^08^|^WA^|^4715^|^EBA^|^03^|^55^|^2^|^994^|^002^|^ B^|^Langganan Daya dan Jasa^|^00^|^^|0|0
^2026^|^01^|^527340^|^015^|^08^|^WA^|^4715^|^EBA^|^03^|^55^|^2^|^994^|^002^|^ C^|^Pelaksanaan Operasional Kantor^|^00^|^^|0|0
^2026^|^01^|^527340^|^015^|^08^|^WA^|^4715^|^EBA^|^03^|^55^|^2^|^994^|^002^|^ D^|^Pemeliharaan Peralatan dan Mesin^|^00^|^^|0|0
^2026^|^01^|^527340^|^015^|^08^|^WA^|^4715^|^EBA^|^03^|^55^|^2^|^994^|^002^|^ G^|^Pemeliharaan Gedung dan Bangunan^|^00^|^^|0|0
^2026^|^01^|^527340^|^015^|^08^|^WA^|^4715^|^EBA^|^03^|^55^|^2^|^994^|^002^|^TJ^|^Jasa PemeliharaanAnnual Technical Support (ATS)^|^00^|^^|0|0
^2026^|^01^|^527340^|^015^|^08^|^WA^|^4715^|^EBB^|^03^|^55^|^2^|^002^|^100^|^ A^|^TANPA SUB KOMPONEN^|^00^|^^|0|0
^2026^|^01^|^527340^|^015^|^08^|^WA^|^4715^|^EBD^|^03^|^55^|^2^|^Z36^|^100^|^ B^|^Pelaksanaan Manajemen Kinerja, Resiko dan Kepatuhan Internal^|^00^|^^|0|0
^2026^|^01^|^527340^|^015^|^08^|^WA^|^4718^|^BMB^|^03^|^55^|^2^|^002^|^100^|^ A^|^TANPA SUB KOMPONEN^|^00^|^^|0|0
^2026^|^01^|^527340^|^015^|^08^|^WA^|^4718^|^BMB^|^03^|^55^|^2^|^001^|^100^|^ A^|^TANPA SUB KOMPONEN^|^00^|^^|0|0
^2026^|^01^|^527340^|^015^|^08^|^WA^|^4719^|^EBA^|^03^|^55^|^2^|^994^|^001^|^ A^|^TANPA SUB KOMPONEN^|^00^|^^|0|0
^2026^|^01^|^527340^|^015^|^08^|^WA^|^4719^|^EBA^|^03^|^55^|^2^|^004^|^100^|^ A^|^Survey Kepuasan Pengguna Layanan^|^00^|^^|0|0
^2026^|^01^|^527340^|^015^|^08^|^WA^|^4719^|^EBC^|^03^|^55^|^2^|^001^|^100^|^XC^|^Penyelenggaraan Capacity Building^|^00^|^^|0|0
^2026^|^01^|^527357^|^015^|^08^|^CD^|^6212^|^BMB^|^03^|^54^|^2^|^001^|^100^|^ A^|^Profilling UMKM^|^00^|^^|0|0
^2026^|^01^|^527357^|^015^|^08^|^CD^|^6212^|^FAC^|^03^|^54^|^2^|^001^|^100^|^ A^|^Training Modul Aplikasi SAKTI^|^00^|^^|0|0
^2026^|^01^|^527357^|^015^|^08^|^CD^|^6212^|^FAC^|^03^|^54^|^2^|^001^|^100^|^ B^|^FGD dan Bimtek Transfer Keuangan Daerah^|^00^|^^|0|0
^2026^|^01^|^527357^|^015^|^08^|^CD^|^6212^|^FAH^|^03^|^54^|^2^|^001^|^100^|^ A^|^TANPA SUB KOMPONEN^|^00^|^^|0|0
^2026^|^01^|^527357^|^015^|^08^|^CD^|^6212^|^FAL^|^03^|^54^|^2^|^004^|^100^|^ A^|^Konsultasi^|^00^|^^|0|0
^2026^|^01^|^527357^|^015^|^08^|^CD^|^6212^|^FAL^|^03^|^54^|^2^|^004^|^100^|^ B^|^Sosialisasi dan Bimbingan Teknis^|^00^|^^|0|0
^2026^|^01^|^527357^|^015^|^08^|^CD^|^6212^|^FAL^|^03^|^54^|^2^|^004^|^100^|^ D^|^Pembinaan Pemda, TKD, dan Penandatanganan BAR^|^00^|^^|0|0
^2026^|^01^|^527357^|^015^|^08^|^CD^|^6213^|^FAC^|^03^|^54^|^2^|^001^|^100^|^ A^|^Pembinaan Jabatan Fungsional Perbendaharaan^|^00^|^^|0|0
^2026^|^01^|^527357^|^015^|^08^|^CD^|^6213^|^FAL^|^03^|^54^|^2^|^003^|^100^|^ A^|^Monev Pelaksanaan Anggaran^|^00^|^^|0|0
^2026^|^01^|^527357^|^015^|^08^|^CD^|^6214^|^FAL^|^03^|^54^|^2^|^002^|^100^|^ A^|^Pelaksanaan PencairanPenarikanRepaymentPengesahan Dana^|^00^|^^|0|0
^2026^|^01^|^527357^|^015^|^08^|^CD^|^6214^|^FAL^|^03^|^54^|^2^|^002^|^100^|^ B^|^PenerbitanPersetujuanRekonsiliasi RekeningSKPPKonfirmasi Penerimaan Negara, dll^|^00^|^^|0|0
^2026^|^01^|^527357^|^015^|^08^|^CD^|^6215^|^FAH^|^03^|^54^|^2^|^003^|^100^|^ A^|^Penyusunan Laporan Keuangan Tingkat Kuasa BUN di Daerah^|^00^|^^|0|0
^2026^|^01^|^527357^|^015^|^08^|^WA^|^4715^|^EBA^|^03^|^54^|^2^|^001^|^100^|^ A^|^TANPA SUB KOMPONEN^|^00^|^^|0|0
^2026^|^01^|^527357^|^015^|^08^|^WA^|^4715^|^EBA^|^03^|^54^|^2^|^002^|^100^|^ A^|^TANPA SUB KOMPONEN^|^00^|^^|0|0
^2026^|^01^|^527357^|^015^|^08^|^WA^|^4715^|^EBA^|^03^|^54^|^2^|^994^|^002^|^ A^|^Keperluan SehariHari Perkantoran^|^00^|^^|0|0
^2026^|^01^|^527357^|^015^|^08^|^WA^|^4715^|^EBA^|^03^|^54^|^2^|^994^|^002^|^ B^|^Langganan Daya dan Jasa^|^00^|^^|0|0
^2026^|^01^|^527357^|^015^|^08^|^WA^|^4715^|^EBA^|^03^|^54^|^2^|^994^|^002^|^ C^|^Pelaksanaan Operasional Kantor^|^00^|^^|0|0
^2026^|^01^|^527357^|^015^|^08^|^WA^|^4715^|^EBA^|^03^|^54^|^2^|^994^|^002^|^ D^|^Pemeliharaan Peralatan dan Mesin^|^00^|^^|0|0
^2026^|^01^|^527357^|^015^|^08^|^WA^|^4715^|^EBA^|^03^|^54^|^2^|^994^|^002^|^ G^|^Pemeliharaan Gedung dan Bangunan^|^00^|^^|0|0
^2026^|^01^|^527357^|^015^|^08^|^WA^|^4715^|^EBA^|^03^|^54^|^2^|^994^|^002^|^TJ^|^Jasa PemeliharaanAnnual Technical Support (ATS)^|^00^|^^|0|0
^2026^|^01^|^527357^|^015^|^08^|^WA^|^4715^|^EBD^|^03^|^54^|^2^|^Z36^|^100^|^ B^|^Pelaksanaan Manajemen Kinerja, Resiko dan Kepatuhan Internal^|^00^|^^|0|0
^2026^|^01^|^527357^|^015^|^08^|^WA^|^4718^|^BMB^|^03^|^54^|^2^|^001^|^100^|^ A^|^TANPA SUB KOMPONEN^|^00^|^^|0|0
^2026^|^01^|^527357^|^015^|^08^|^WA^|^4718^|^BMB^|^03^|^54^|^2^|^002^|^100^|^ A^|^TANPA SUB KOMPONEN^|^00^|^^|0|0
^2026^|^01^|^527357^|^015^|^08^|^WA^|^4719^|^EBA^|^03^|^54^|^2^|^004^|^100^|^ A^|^Survey Kepuasan Pengguna Layanan^|^00^|^^|0|0
^2026^|^01^|^527357^|^015^|^08^|^WA^|^4719^|^EBA^|^03^|^54^|^2^|^994^|^001^|^ A^|^TANPA SUB KOMPONEN^|^00^|^^|0|0
^2026^|^01^|^527357^|^015^|^08^|^WA^|^4719^|^EBC^|^03^|^54^|^2^|^001^|^100^|^XC^|^Penyelenggaraan Capacity Building^|^00^|^^|0|0
^2026^|^01^|^527361^|^015^|^08^|^CD^|^6212^|^FAC^|^03^|^16^|^2^|^001^|^100^|^ A^|^Training Modul Aplikasi SAKTI^|^00^|^^|0|0
^2026^|^01^|^527361^|^015^|^08^|^CD^|^6212^|^FAC^|^03^|^16^|^2^|^001^|^100^|^ B^|^FGD dan Bimtek Transfer Keuangan Daerah^|^00^|^^|0|0
^2026^|^01^|^527361^|^015^|^08^|^CD^|^6212^|^FAH^|^03^|^16^|^2^|^001^|^100^|^ A^|^TANPA SUB KOMPONEN^|^00^|^^|0|0
^2026^|^01^|^527361^|^015^|^08^|^CD^|^6212^|^FAL^|^03^|^16^|^2^|^004^|^100^|^ A^|^Konsultasi^|^00^|^^|0|0
^2026^|^01^|^527361^|^015^|^08^|^CD^|^6212^|^FAL^|^03^|^16^|^2^|^004^|^100^|^ B^|^Sosialisasi dan Bimbingan Teknis^|^00^|^^|0|0
^2026^|^01^|^527361^|^015^|^08^|^CD^|^6213^|^FAC^|^03^|^16^|^2^|^001^|^100^|^ A^|^Pembinaan Jabatan Fungsional Perbendaharaan^|^00^|^^|0|0
^2026^|^01^|^527361^|^015^|^08^|^CD^|^6213^|^FAL^|^03^|^16^|^2^|^003^|^100^|^ A^|^Monev Pelaksanaan Anggaran^|^00^|^^|0|0
^2026^|^01^|^527361^|^015^|^08^|^CD^|^6214^|^FAL^|^03^|^16^|^2^|^002^|^100^|^ A^|^Pelaksanaan PencairanPenarikanPengesahan Dana^|^00^|^^|0|0
^2026^|^01^|^527361^|^015^|^08^|^CD^|^6214^|^FAL^|^03^|^16^|^2^|^002^|^100^|^ B^|^PenerbitanPersetujuanRekonsiliasi RekeningSKPPKonfirmasi Penerimaan Negara, dll^|^00^|^^|0|0
^2026^|^01^|^527361^|^015^|^08^|^CD^|^6215^|^FAH^|^03^|^16^|^2^|^003^|^100^|^ A^|^Penyusunan Laporan Keuangan Tingkat Kuasa BUN di Daerah^|^00^|^^|0|0
^2026^|^01^|^527361^|^015^|^08^|^WA^|^4715^|^EBA^|^03^|^16^|^2^|^001^|^100^|^ A^|^TANPA SUB KOMPONEN^|^00^|^^|0|0
^2026^|^01^|^527361^|^015^|^08^|^WA^|^4715^|^EBA^|^03^|^16^|^2^|^002^|^100^|^ A^|^TANPA SUB KOMPONEN^|^00^|^^|0|0
^2026^|^01^|^527361^|^015^|^08^|^WA^|^4715^|^EBA^|^03^|^16^|^2^|^994^|^002^|^ A^|^Keperluan Seharihari Perkantoran^|^00^|^^|0|0
^2026^|^01^|^527361^|^015^|^08^|^WA^|^4715^|^EBA^|^03^|^16^|^2^|^994^|^002^|^ B^|^Langganan Daya dan Jasa^|^00^|^^|0|0
^2026^|^01^|^527361^|^015^|^08^|^WA^|^4715^|^EBA^|^03^|^16^|^2^|^994^|^002^|^ C^|^Pelaksanaan Operasional Kantor^|^00^|^^|0|0
^2026^|^01^|^527361^|^015^|^08^|^WA^|^4715^|^EBA^|^03^|^16^|^2^|^994^|^002^|^ D^|^Pemeliharaan Peralatan dan Mesin^|^00^|^^|0|0
^2026^|^01^|^527361^|^015^|^08^|^WA^|^4715^|^EBA^|^03^|^16^|^2^|^994^|^002^|^ G^|^Pemeliharaan Gedung dan Bangunan^|^00^|^^|0|0
^2026^|^01^|^527361^|^015^|^08^|^WA^|^4715^|^EBA^|^03^|^16^|^2^|^994^|^002^|^TJ^|^Jasa PemeliharaanAnnual Technical Support (ATS)^|^00^|^^|0|0
^2026^|^01^|^527361^|^015^|^08^|^WA^|^4715^|^EBB^|^03^|^16^|^2^|^002^|^100^|^ A^|^TANPA SUB KOMPONEN^|^00^|^^|0|0
^2026^|^01^|^527361^|^015^|^08^|^WA^|^4718^|^BMB^|^03^|^16^|^2^|^001^|^100^|^ A^|^TANPA SUB KOMPONEN^|^00^|^^|0|0
^2026^|^01^|^527361^|^015^|^08^|^WA^|^4718^|^BMB^|^03^|^16^|^2^|^002^|^100^|^ A^|^TANPA SUB KOMPONEN^|^00^|^^|0|0
^2026^|^01^|^527361^|^015^|^08^|^WA^|^4719^|^EBA^|^03^|^16^|^2^|^004^|^100^|^ A^|^Survey Kepuasan Pengguna Layanan^|^00^|^^|0|0
^2026^|^01^|^527361^|^015^|^08^|^WA^|^4719^|^EBA^|^03^|^16^|^2^|^994^|^001^|^ A^|^TANPA SUB KOMPONEN^|^00^|^^|0|0
^2026^|^01^|^527361^|^015^|^08^|^WA^|^4719^|^EBC^|^03^|^16^|^2^|^001^|^100^|^XC^|^Penyelenggaraan Capacity Building^|^00^|^^|0|0
^2026^|^01^|^527399^|^015^|^08^|^CD^|^6212^|^FAC^|^04^|^51^|^2^|^001^|^100^|^ A^|^Training Modul Aplikasi SAKTI^|^00^|^^|0|0
^2026^|^01^|^527399^|^015^|^08^|^CD^|^6212^|^FAC^|^04^|^51^|^2^|^001^|^100^|^ B^|^FGD dan Bimtek Transfer Keuangan Daerah^|^00^|^^|0|0
^2026^|^01^|^527399^|^015^|^08^|^CD^|^6212^|^FAH^|^04^|^51^|^2^|^001^|^100^|^ A^|^TANPA SUB KOMPONEN^|^00^|^^|0|0
^2026^|^01^|^527399^|^015^|^08^|^CD^|^6212^|^FAL^|^04^|^51^|^2^|^004^|^100^|^ A^|^Konsultasi^|^00^|^^|0|0
^2026^|^01^|^527399^|^015^|^08^|^CD^|^6212^|^FAL^|^04^|^51^|^2^|^004^|^100^|^ B^|^Sosialisasi dan Bimbingan Teknis^|^00^|^^|0|0
^2026^|^01^|^527399^|^015^|^08^|^CD^|^6212^|^FAL^|^04^|^51^|^2^|^004^|^100^|^ D^|^Pembinaan Pemda, TKD, dan Penandatanganan BAR^|^00^|^^|0|0
^2026^|^01^|^527399^|^015^|^08^|^CD^|^6213^|^FAC^|^04^|^51^|^2^|^001^|^100^|^ A^|^Pembinaan Jabatan Fungsional Perbendaharaan^|^00^|^^|0|0
^2026^|^01^|^527399^|^015^|^08^|^CD^|^6213^|^FAE^|^04^|^51^|^2^|^009^|^100^|^ A^|^Monev Penyaluran Pembiayaan Ultra Mikro^|^00^|^^|0|0
^2026^|^01^|^527399^|^015^|^08^|^CD^|^6214^|^FAL^|^04^|^51^|^2^|^002^|^100^|^ A^|^Pelaksanaan PencairanPenarikanPengesahan Dana^|^00^|^^|0|0
^2026^|^01^|^527399^|^015^|^08^|^CD^|^6214^|^FAL^|^04^|^51^|^2^|^002^|^100^|^ B^|^PenerbitanPersetujuanRekonsiliasi RekeningSKPPKonfirmasi Penerimaan Negara, dll^|^00^|^^|0|0
^2026^|^01^|^527399^|^015^|^08^|^CD^|^6215^|^FAH^|^04^|^51^|^2^|^003^|^100^|^ A^|^Penyusunan Laporan Keuangan Tingkat Kuasa BUN di Daerah^|^00^|^^|0|0
^2026^|^01^|^527399^|^015^|^08^|^CD^|^6215^|^FAH^|^04^|^51^|^2^|^003^|^100^|^ B^|^Koordinasi UAKBUND KPPN di Kanwil^|^00^|^^|0|0
^2026^|^01^|^527399^|^015^|^08^|^WA^|^4715^|^EBA^|^04^|^51^|^2^|^001^|^100^|^ A^|^TANPA SUB KOMPONEN^|^00^|^^|0|0
^2026^|^01^|^527399^|^015^|^08^|^WA^|^4715^|^EBA^|^04^|^51^|^2^|^001^|^100^|^ B^|^Koordinasi Penyusunan ATK PU^|^00^|^^|0|0
^2026^|^01^|^527399^|^015^|^08^|^WA^|^4715^|^EBA^|^04^|^51^|^2^|^002^|^100^|^ A^|^TANPA SUB KOMPONEN^|^00^|^^|0|0
^2026^|^01^|^527399^|^015^|^08^|^WA^|^4715^|^EBA^|^04^|^51^|^2^|^994^|^002^|^ A^|^Keperluan Seharihari Perkantoran^|^00^|^^|0|0
^2026^|^01^|^527399^|^015^|^08^|^WA^|^4715^|^EBA^|^04^|^51^|^2^|^994^|^002^|^ B^|^Langganan Daya dan Jasa^|^00^|^^|0|0
^2026^|^01^|^527399^|^015^|^08^|^WA^|^4715^|^EBA^|^04^|^51^|^2^|^994^|^002^|^ C^|^Pelaksanaan Operasional Kantor^|^00^|^^|0|0
^2026^|^01^|^527399^|^015^|^08^|^WA^|^4715^|^EBA^|^04^|^51^|^2^|^994^|^002^|^ D^|^Pemeliharaan Peralatan dan Mesin^|^00^|^^|0|0
^2026^|^01^|^527399^|^015^|^08^|^WA^|^4715^|^EBA^|^04^|^51^|^2^|^994^|^002^|^TJ^|^Jasa PemeliharaanAnnual Technical Support (ATS)^|^00^|^^|0|0
^2026^|^01^|^527399^|^015^|^08^|^WA^|^4715^|^EBD^|^04^|^51^|^2^|^Z36^|^100^|^ B^|^Pelaksanaan Manajemen Kinerja, Resiko dan Kepatuhan Internal^|^00^|^^|0|0
^2026^|^01^|^527399^|^015^|^08^|^WA^|^4718^|^BMB^|^04^|^51^|^2^|^001^|^100^|^ A^|^Tanpa Sub Komponen^|^00^|^^|0|0
^2026^|^01^|^527399^|^015^|^08^|^WA^|^4718^|^BMB^|^04^|^51^|^2^|^002^|^100^|^ A^|^Tanpa Sub Komponen^|^00^|^^|0|0
^2026^|^01^|^527399^|^015^|^08^|^WA^|^4719^|^EBA^|^04^|^51^|^2^|^004^|^100^|^ A^|^Survey Kepuasan Pengguna Layanan^|^00^|^^|0|0
^2026^|^01^|^527399^|^015^|^08^|^WA^|^4719^|^EBA^|^04^|^51^|^2^|^994^|^001^|^ A^|^Tanpa Sub Komponen^|^00^|^^|0|0
^2026^|^01^|^527399^|^015^|^08^|^WA^|^4719^|^EBC^|^04^|^51^|^2^|^001^|^100^|^XC^|^Penyelenggaraan Capacity Building^|^00^|^^|0|0
^2026^|^01^|^527425^|^015^|^08^|^CD^|^6212^|^BMB^|^05^|^51^|^2^|^001^|^100^|^ A^|^Profilling UMKM^|^00^|^^|0|0
^2026^|^01^|^527425^|^015^|^08^|^CD^|^6212^|^FAC^|^05^|^51^|^2^|^001^|^100^|^ A^|^Training Modul Aplikasi SAKTI^|^00^|^^|0|0
^2026^|^01^|^527425^|^015^|^08^|^CD^|^6212^|^FAC^|^05^|^51^|^2^|^001^|^100^|^ B^|^FGD dan Bimtek Transfer Keuangan Daerah^|^00^|^^|0|0
^2026^|^01^|^527425^|^015^|^08^|^CD^|^6212^|^FAH^|^05^|^51^|^2^|^001^|^100^|^ A^|^TANPA SUB KOMPONEN^|^00^|^^|0|0
^2026^|^01^|^527425^|^015^|^08^|^CD^|^6212^|^FAL^|^05^|^51^|^2^|^004^|^100^|^ A^|^Konsultasi^|^00^|^^|0|0
^2026^|^01^|^527425^|^015^|^08^|^CD^|^6212^|^FAL^|^05^|^51^|^2^|^004^|^100^|^ B^|^Sosialisasi dan Bimbingan Teknis^|^00^|^^|0|0
^2026^|^01^|^527425^|^015^|^08^|^CD^|^6212^|^FAL^|^05^|^51^|^2^|^004^|^100^|^ D^|^Pembinaan Pemda, TKD, dan Penandatanganan BA Rekonsiliasi Pajak^|^00^|^^|0|0
^2026^|^01^|^527425^|^015^|^08^|^CD^|^6213^|^FAC^|^05^|^51^|^2^|^001^|^100^|^ A^|^Pembinaan Jabatan Fungsional Perbendaharaan^|^00^|^^|0|0
^2026^|^01^|^527425^|^015^|^08^|^CD^|^6213^|^FAE^|^05^|^51^|^2^|^009^|^100^|^ A^|^Monev Penyaluran Pembiayaan Ultra Mikro^|^00^|^^|0|0
^2026^|^01^|^527425^|^015^|^08^|^CD^|^6213^|^FAL^|^05^|^51^|^2^|^003^|^100^|^ A^|^Monev Pelaksanaan Anggaran^|^00^|^^|0|0
^2026^|^01^|^527425^|^015^|^08^|^CD^|^6214^|^FAL^|^05^|^51^|^2^|^002^|^100^|^ A^|^Pelaksanaan PencairanPenarikanPengesahan Dana^|^00^|^^|0|0
^2026^|^01^|^527425^|^015^|^08^|^CD^|^6214^|^FAL^|^05^|^51^|^2^|^002^|^100^|^ B^|^PenerbitanPersetujuanRekonsiliasi RekeningSKPPKonfirmasi Penerimaan Negara, dll^|^00^|^^|0|0
^2026^|^01^|^527425^|^015^|^08^|^CD^|^6215^|^FAH^|^05^|^51^|^2^|^003^|^100^|^ A^|^Penyusunan Laporan Keuangan Tingkat Kuasa BUN di Daerah^|^00^|^^|0|0
^2026^|^01^|^527425^|^015^|^08^|^WA^|^4715^|^EBA^|^05^|^51^|^2^|^001^|^100^|^ A^|^TANPA SUB KOMPONEN^|^00^|^^|0|0
^2026^|^01^|^527425^|^015^|^08^|^WA^|^4715^|^EBA^|^05^|^51^|^2^|^002^|^100^|^ A^|^TANPA SUB KOMPONEN^|^00^|^^|0|0
^2026^|^01^|^527425^|^015^|^08^|^WA^|^4715^|^EBA^|^05^|^51^|^2^|^994^|^002^|^ A^|^Keperluan Seharihari Perkantoran^|^00^|^^|0|0
^2026^|^01^|^527425^|^015^|^08^|^WA^|^4715^|^EBA^|^05^|^51^|^2^|^994^|^002^|^ B^|^Langganan Daya dan Jasa^|^00^|^^|0|0
^2026^|^01^|^527425^|^015^|^08^|^WA^|^4715^|^EBA^|^05^|^51^|^2^|^994^|^002^|^ C^|^Pelaksanaan Operasional Kantor^|^00^|^^|0|0
^2026^|^01^|^527425^|^015^|^08^|^WA^|^4715^|^EBA^|^05^|^51^|^2^|^994^|^002^|^ D^|^Pemeliharaan Peralatan dan Mesin^|^00^|^^|0|0
^2026^|^01^|^527425^|^015^|^08^|^WA^|^4715^|^EBA^|^05^|^51^|^2^|^994^|^002^|^TJ^|^Jasa Pemeliharaan Annual Technical Support (ATS)^|^00^|^^|0|0
^2026^|^01^|^527425^|^015^|^08^|^WA^|^4718^|^BMB^|^05^|^51^|^2^|^001^|^100^|^ A^|^TANPA SUB KOMPONEN^|^00^|^^|0|0
^2026^|^01^|^527425^|^015^|^08^|^WA^|^4718^|^BMB^|^05^|^51^|^2^|^002^|^100^|^ A^|^TANPA SUB KOMPONEN^|^00^|^^|0|0
^2026^|^01^|^527425^|^015^|^08^|^WA^|^4719^|^EBA^|^05^|^51^|^2^|^004^|^100^|^ A^|^Survey Kepuasan Pengguna Layanan^|^00^|^^|0|0
^2026^|^01^|^527425^|^015^|^08^|^WA^|^4719^|^EBA^|^05^|^51^|^2^|^994^|^001^|^ A^|^TANPA SUB KOMPONEN^|^00^|^^|0|0
^2026^|^01^|^527425^|^015^|^08^|^WA^|^4719^|^EBC^|^05^|^51^|^2^|^001^|^100^|^XC^|^Penyelenggaraan Capacity Building^|^00^|^^|0|0
^2026^|^01^|^527446^|^015^|^08^|^CD^|^6212^|^FAC^|^05^|^57^|^2^|^001^|^100^|^ A^|^Training Modul Aplikasi SAKTI^|^00^|^^|0|0
^2026^|^01^|^527446^|^015^|^08^|^CD^|^6212^|^FAC^|^05^|^57^|^2^|^001^|^100^|^ B^|^FGD dan Bimtek Transfer Keuangan Daerah^|^00^|^^|0|0
^2026^|^01^|^527446^|^015^|^08^|^CD^|^6212^|^FAH^|^05^|^57^|^2^|^001^|^100^|^ A^|^TANPA SUB KOMPONEN^|^00^|^^|0|0
^2026^|^01^|^527446^|^015^|^08^|^CD^|^6212^|^FAL^|^05^|^57^|^2^|^004^|^100^|^ A^|^Konsultasi^|^00^|^^|0|0
^2026^|^01^|^527446^|^015^|^08^|^CD^|^6212^|^FAL^|^05^|^57^|^2^|^004^|^100^|^ B^|^Sosialisasi dan Bimbingan Teknis^|^00^|^^|0|0
^2026^|^01^|^527446^|^015^|^08^|^CD^|^6212^|^FAL^|^05^|^57^|^2^|^004^|^100^|^ D^|^Pembinaan Pemda, TKD, dan Penandatanganan BAR^|^00^|^^|0|0
^2026^|^01^|^527446^|^015^|^08^|^CD^|^6213^|^FAC^|^05^|^57^|^2^|^001^|^100^|^ A^|^Pembinaan Jabatan Fungsional Perbendaharaan^|^00^|^^|0|0
^2026^|^01^|^527446^|^015^|^08^|^CD^|^6214^|^FAL^|^05^|^57^|^2^|^002^|^100^|^ A^|^Pelaskanaan PencairanPenarikanPengesahan Dana^|^00^|^^|0|0
^2026^|^01^|^527446^|^015^|^08^|^CD^|^6214^|^FAL^|^05^|^57^|^2^|^002^|^100^|^ B^|^PenerbitanPersetujuanRekonsiliasi RekeningSKPPKonfirmasi Penerimaan Negara^|^00^|^^|0|0
^2026^|^01^|^527446^|^015^|^08^|^CD^|^6215^|^FAH^|^05^|^57^|^2^|^003^|^100^|^ A^|^Penyusunan Laporan Keuangan Tingkat Kuasa BUN di Daerah^|^00^|^^|0|0
^2026^|^01^|^527446^|^015^|^08^|^WA^|^4715^|^EBA^|^05^|^57^|^2^|^001^|^100^|^ A^|^TANPA SUB KOMPONEN^|^00^|^^|0|0
^2026^|^01^|^527446^|^015^|^08^|^WA^|^4715^|^EBA^|^05^|^57^|^2^|^001^|^100^|^ B^|^Koordinasi Penyusunan ATK PU^|^00^|^^|0|0
^2026^|^01^|^527446^|^015^|^08^|^WA^|^4715^|^EBA^|^05^|^57^|^2^|^002^|^100^|^ A^|^TANPA SUB KOMPONEN^|^00^|^^|0|0
^2026^|^01^|^527446^|^015^|^08^|^WA^|^4715^|^EBA^|^05^|^57^|^2^|^994^|^002^|^ A^|^Keperluan Seharihari Perkantoran^|^00^|^^|0|0
^2026^|^01^|^527446^|^015^|^08^|^WA^|^4715^|^EBA^|^05^|^57^|^2^|^994^|^002^|^ B^|^Langganan Daya dan Jasa^|^00^|^^|0|0
^2026^|^01^|^527446^|^015^|^08^|^WA^|^4715^|^EBA^|^05^|^57^|^2^|^994^|^002^|^ C^|^Pelaksanaan Operasional Kantor^|^00^|^^|0|0
^2026^|^01^|^527446^|^015^|^08^|^WA^|^4715^|^EBA^|^05^|^57^|^2^|^994^|^002^|^ D^|^Pemeliharaan Peralatan dan Mesin^|^00^|^^|0|0
^2026^|^01^|^527446^|^015^|^08^|^WA^|^4715^|^EBA^|^05^|^57^|^2^|^994^|^002^|^ G^|^Pemeliharaan Gedung danBangunan^|^00^|^^|0|0
^2026^|^01^|^527446^|^015^|^08^|^WA^|^4715^|^EBA^|^05^|^57^|^2^|^994^|^002^|^TJ^|^Jasa Pemeliharaan Annual Technical Support (ATS)^|^00^|^^|0|0
^2026^|^01^|^527446^|^015^|^08^|^WA^|^4715^|^EBD^|^05^|^57^|^2^|^Z36^|^100^|^ B^|^Pelaksanaan Manajemen Kinerja, Resiko dan Kepatuhan Internal^|^00^|^^|0|0
^2026^|^01^|^527446^|^015^|^08^|^WA^|^4718^|^BMB^|^05^|^57^|^2^|^001^|^100^|^ A^|^TANPA SUB KOMPONEN^|^00^|^^|0|0
^2026^|^01^|^527446^|^015^|^08^|^WA^|^4718^|^BMB^|^05^|^57^|^2^|^002^|^100^|^ A^|^TANPA SUB KOMPONEN^|^00^|^^|0|0
^2026^|^01^|^527446^|^015^|^08^|^WA^|^4719^|^EBA^|^05^|^57^|^2^|^004^|^100^|^ A^|^Survey Kepuasan Pengguna Layanan^|^00^|^^|0|0
^2026^|^01^|^527446^|^015^|^08^|^WA^|^4719^|^EBA^|^05^|^57^|^2^|^994^|^001^|^ A^|^TANPA SUB KOMPONEN^|^00^|^^|0|0
^2026^|^01^|^527446^|^015^|^08^|^WA^|^4719^|^EBC^|^05^|^57^|^2^|^001^|^100^|^ A^|^Peningkatan Kapasitas SDM^|^00^|^^|0|0
^2026^|^01^|^527411^|^015^|^08^|^CD^|^6212^|^BMB^|^05^|^51^|^2^|^001^|^100^|^ B^|^Pemberdayaan UMKM  SosialisasiBimtekAsistensi dan BazarPojokRumah UMKM^|^00^|^^|0|0
^2026^|^01^|^527411^|^015^|^08^|^CD^|^6212^|^BMB^|^05^|^51^|^2^|^001^|^100^|^ D^|^Komunikasi Publik  BazarPojokRumah UMKM^|^00^|^^|0|0
^2026^|^01^|^527411^|^015^|^08^|^CD^|^6212^|^FAC^|^05^|^51^|^2^|^002^|^100^|^ A^|^TANPA SUB KOMPONEN^|^00^|^^|0|0
^2026^|^01^|^527411^|^015^|^08^|^CD^|^6212^|^FAC^|^05^|^51^|^2^|^002^|^100^|^ B^|^TANPA SUB KOMPONEN^|^00^|^^|0|0
^2026^|^01^|^527411^|^015^|^08^|^CD^|^6212^|^FAH^|^05^|^51^|^2^|^002^|^100^|^ A^|^Forum Koordinasi dan Rekonsiliasi Data dengan Bank Indonesia^|^00^|^^|0|0
^2026^|^01^|^527411^|^015^|^08^|^CD^|^6212^|^FAH^|^05^|^51^|^2^|^002^|^100^|^ B^|^Pembinaan SAP pada Pemerintah Daerah^|^00^|^^|0|0
^2026^|^01^|^527411^|^015^|^08^|^CD^|^6212^|^FAH^|^05^|^51^|^2^|^002^|^100^|^ C^|^SosialisasiBimtekWorkshopFGD  dengan Pemda^|^00^|^^|0|0
^2026^|^01^|^527411^|^015^|^08^|^CD^|^6212^|^FAH^|^05^|^51^|^2^|^003^|^100^|^ A^|^Pendampingan Penyusunan dan Penyelesaian Permasalahan Laporan Keuangan UAPPAW dan BLU^|^00^|^^|0|0
^2026^|^01^|^527411^|^015^|^08^|^CD^|^6212^|^FAL^|^05^|^51^|^2^|^001^|^100^|^ B^|^Pengkoordinasian Kerjasama Ekonomi dan Keuangan Daerah^|^00^|^^|0|0
^2026^|^01^|^527411^|^015^|^08^|^CD^|^6212^|^FAL^|^05^|^51^|^2^|^001^|^100^|^ C^|^Pembinaan dan Bimtek Pengelolaan Keuangan Daerah^|^00^|^^|0|0
^2026^|^01^|^527411^|^015^|^08^|^CD^|^6212^|^FAL^|^05^|^51^|^2^|^001^|^100^|^ D^|^Penyerahan DIPA^|^00^|^^|0|0
^2026^|^01^|^527411^|^015^|^08^|^CD^|^6213^|^ABA^|^05^|^51^|^2^|^001^|^100^|^ A^|^Penyusunan Analisis Potensi Pembiayaan dan Pelaksanaan MoU DJPb dan PT SMI di Daerah^|^00^|^^|0|0
^2026^|^01^|^527411^|^015^|^08^|^CD^|^6213^|^FAE^|^05^|^51^|^2^|^008^|^100^|^ A^|^Koordinasi Pelaksanaan Tugas RCE  ALCo^|^00^|^^|0|0
^2026^|^01^|^527411^|^015^|^08^|^CD^|^6213^|^FAE^|^05^|^51^|^2^|^009^|^100^|^ C^|^Monev Site Visit Fasilitas Likuiditas Pembiayaan Perumahan (FLPP)^|^00^|^^|0|0
^2026^|^01^|^527411^|^015^|^08^|^CD^|^6213^|^FAL^|^05^|^51^|^2^|^003^|^100^|^ A^|^Pelaksanaan Spending Review^|^00^|^^|0|0
^2026^|^01^|^527411^|^015^|^08^|^CD^|^6213^|^FAL^|^05^|^51^|^2^|^003^|^100^|^ C^|^Review Pelaksanaan Anggaran^|^00^|^^|0|0
^2026^|^01^|^527411^|^015^|^08^|^CD^|^6213^|^FAL^|^05^|^51^|^2^|^003^|^100^|^ D^|^Monitoring dan Evaluasi Pelaksanaan Anggaran^|^00^|^^|0|0
^2026^|^01^|^527411^|^015^|^08^|^CD^|^6213^|^FAL^|^05^|^51^|^2^|^003^|^100^|^ E^|^Pengumpulan InformasiPenajaman Data Fiskal RegionalPenyusunan KFR^|^00^|^^|0|0
^2026^|^01^|^527411^|^015^|^08^|^CD^|^6213^|^FAL^|^05^|^51^|^2^|^003^|^100^|^ F^|^Publikasi Kajian Fiskal Regional (Full Cost)^|^00^|^^|0|0
^2026^|^01^|^527411^|^015^|^08^|^CD^|^6213^|^FAL^|^05^|^51^|^2^|^003^|^100^|^ G^|^Pengumpulan Konfirmasi Informasi Pengelolaan Keuangan daerah dan Penyusunan Profil Keuangan Daerah^|^00^|^^|0|0
^2026^|^01^|^527411^|^015^|^08^|^CD^|^6213^|^FAL^|^05^|^51^|^2^|^003^|^100^|^ H^|^Monitoring atas Dana Transfer dan Dana Desa^|^00^|^^|0|0
^2026^|^01^|^527411^|^015^|^08^|^CD^|^6215^|^FAH^|^05^|^51^|^2^|^001^|^100^|^ A^|^Koordinasi Laporan Keuangan Pemerintah Daerah danatau BLUD^|^00^|^^|0|0
^2026^|^01^|^527411^|^015^|^08^|^CD^|^6215^|^FAH^|^05^|^51^|^2^|^001^|^100^|^ B^|^Penyusunan Laporan Statistik Keuangan Pemerintah Tingkat Wilayah^|^00^|^^|0|0
^2026^|^01^|^527411^|^015^|^08^|^CD^|^6215^|^FAH^|^05^|^51^|^2^|^003^|^100^|^ A^|^Pembinaan UAKBUN D (KPPN)^|^00^|^^|0|0
^2026^|^01^|^527411^|^015^|^08^|^CD^|^6215^|^FAH^|^05^|^51^|^2^|^003^|^100^|^ B^|^Koordinasi UAKBUND (KPPN) (Cross Program)^|^00^|^^|0|0
^2026^|^01^|^527411^|^015^|^08^|^CD^|^6216^|^FAE^|^05^|^51^|^2^|^002^|^100^|^ A^|^Pelaksanaan Survei Bahan Sumbangan Standar Biaya Masukan^|^00^|^^|0|0
^2026^|^01^|^527411^|^015^|^08^|^WA^|^4715^|^EBA^|^05^|^51^|^2^|^001^|^100^|^ A^|^TANPA SUB KOMPONEN^|^00^|^^|0|0
^2026^|^01^|^527411^|^015^|^08^|^WA^|^4715^|^EBA^|^05^|^51^|^2^|^001^|^100^|^ B^|^Koordinasi Penyusunan ATK PU^|^00^|^^|0|0
^2026^|^01^|^527411^|^015^|^08^|^WA^|^4715^|^EBA^|^05^|^51^|^2^|^002^|^100^|^ A^|^TANPA SUB KOMPONEN^|^00^|^^|0|0
^2026^|^01^|^527411^|^015^|^08^|^WA^|^4715^|^EBA^|^05^|^51^|^2^|^994^|^002^|^ A^|^Keperluan Seharihari Perkantoran^|^00^|^^|0|0
^2026^|^01^|^527411^|^015^|^08^|^WA^|^4715^|^EBA^|^05^|^51^|^2^|^994^|^002^|^ B^|^Langganan Daya dan Jasa^|^00^|^^|0|0
^2026^|^01^|^527411^|^015^|^08^|^WA^|^4715^|^EBA^|^05^|^51^|^2^|^994^|^002^|^ C^|^Pelaksanaan Operasional Kantor^|^00^|^^|0|0
^2026^|^01^|^527411^|^015^|^08^|^WA^|^4715^|^EBA^|^05^|^51^|^2^|^994^|^002^|^ D^|^Pemeliharaan Peralatan dan Mesin^|^00^|^^|0|0
^2026^|^01^|^527411^|^015^|^08^|^WA^|^4715^|^EBA^|^05^|^51^|^2^|^994^|^002^|^ G^|^Pemeliharaan Gedung dan Bangunan^|^00^|^^|0|0
^2026^|^01^|^527411^|^015^|^08^|^WA^|^4715^|^EBA^|^05^|^51^|^2^|^994^|^002^|^TJ^|^Jasa Pemeliharaan Annual Technical Support (ATS)^|^00^|^^|0|0
^2026^|^01^|^527411^|^015^|^08^|^WA^|^4715^|^EBB^|^05^|^51^|^2^|^002^|^100^|^ A^|^TANPA SUB KOMPONEN^|^00^|^^|0|0
^2026^|^01^|^527411^|^015^|^08^|^WA^|^4715^|^EBB^|^05^|^51^|^2^|^004^|^100^|^RB^|^Renovasi Rumah Dinas^|^00^|^^|0|0
^2026^|^01^|^527411^|^015^|^08^|^WA^|^4715^|^EBD^|^05^|^51^|^2^|^Z26^|^100^|^ A^|^Rakor Penyusunan Laporan Keuangan Tingkat UAPPAW (Full Cost)^|^00^|^^|0|0
^2026^|^01^|^527411^|^015^|^08^|^WA^|^4715^|^EBD^|^05^|^51^|^2^|^Z36^|^100^|^ A^|^TANPA SUB KOMPONEN^|^00^|^^|0|0
^2026^|^01^|^527411^|^015^|^08^|^WA^|^4718^|^BMB^|^05^|^51^|^2^|^002^|^100^|^ A^|^TANPA SUB KOMPONEN^|^00^|^^|0|0
^2026^|^01^|^527411^|^015^|^08^|^WA^|^4718^|^BMB^|^05^|^51^|^2^|^001^|^100^|^ A^|^TANPA SUB KOMPONEN^|^00^|^^|0|0
^2026^|^01^|^527411^|^015^|^08^|^WA^|^4719^|^EBA^|^05^|^51^|^2^|^003^|^100^|^ A^|^Pelaksanaan^|^00^|^^|0|0
^2026^|^01^|^527411^|^015^|^08^|^WA^|^4719^|^EBA^|^05^|^51^|^2^|^003^|^100^|^ B^|^Koordinasi Inovasi Layanan^|^00^|^^|0|0
^2026^|^01^|^527411^|^015^|^08^|^WA^|^4719^|^EBA^|^05^|^51^|^2^|^005^|^100^|^ A^|^Monitoring dan Evaluasi Implementasi ISO^|^00^|^^|0|0
^2026^|^01^|^527411^|^015^|^08^|^WA^|^4719^|^EBA^|^05^|^51^|^2^|^005^|^100^|^ B^|^Pelaksanaan Supervisi Teknis Aplikasi^|^00^|^^|0|0
^2026^|^01^|^527411^|^015^|^08^|^WA^|^4719^|^EBA^|^05^|^51^|^2^|^994^|^001^|^ A^|^TANPA SUB KOMPONEN^|^00^|^^|0|0
^2026^|^01^|^527411^|^015^|^08^|^WA^|^4719^|^EBC^|^05^|^51^|^2^|^001^|^100^|^ A^|^Peningkatan Kapasitas SDM^|^00^|^^|0|0
^2026^|^01^|^527411^|^015^|^08^|^WA^|^4722^|^EBD^|^05^|^51^|^2^|^001^|^100^|^ A^|^Pelaksanaan Manajemen Resiko dan Kepatuhan Internal^|^00^|^^|0|0
^2026^|^01^|^527411^|^015^|^08^|^WA^|^4722^|^EBD^|^05^|^51^|^2^|^001^|^100^|^ B^|^Pemantauan Kode Etk dan Kepatuhan Pegawai^|^00^|^^|0|0
^2026^|^01^|^527432^|^015^|^08^|^CD^|^6212^|^FAC^|^05^|^53^|^2^|^001^|^100^|^ A^|^Training Modul Aplikasi SAKTI^|^00^|^^|0|0
^2026^|^01^|^527432^|^015^|^08^|^CD^|^6212^|^FAC^|^05^|^53^|^2^|^001^|^100^|^ B^|^FGD dan Bimtek Transfer Keuangan Daerah^|^00^|^^|0|0
^2026^|^01^|^527432^|^015^|^08^|^CD^|^6212^|^FAH^|^05^|^53^|^2^|^001^|^100^|^ A^|^TANPA SUB KOMPONEN^|^00^|^^|0|0
^2026^|^01^|^527432^|^015^|^08^|^CD^|^6212^|^FAL^|^05^|^53^|^2^|^004^|^100^|^ A^|^Konsultasi^|^00^|^^|0|0
^2026^|^01^|^527432^|^015^|^08^|^CD^|^6212^|^FAL^|^05^|^53^|^2^|^004^|^100^|^ B^|^Sosialisasi dan Bimbingan Teknis^|^00^|^^|0|0
^2026^|^01^|^527432^|^015^|^08^|^CD^|^6213^|^FAC^|^05^|^53^|^2^|^001^|^100^|^ A^|^Pembinaan Jabatan Fungsional Perbendaharaan^|^00^|^^|0|0
^2026^|^01^|^527432^|^015^|^08^|^CD^|^6214^|^FAL^|^05^|^53^|^2^|^002^|^100^|^ A^|^Pelaksanaan PencairanPenarikanPengesahan Dana^|^00^|^^|0|0
^2026^|^01^|^527432^|^015^|^08^|^CD^|^6214^|^FAL^|^05^|^53^|^2^|^002^|^100^|^ B^|^PenerbitanPersetujuanRekonsiliasi RekeningSKPPKonfirmasi Penerimaan Negara, dll^|^00^|^^|0|0
^2026^|^01^|^527432^|^015^|^08^|^CD^|^6215^|^FAH^|^05^|^53^|^2^|^003^|^100^|^ A^|^Penyusunan Laporan Keuangan Tingkat Kuasa BUN di Daerah^|^00^|^^|0|0
^2026^|^01^|^527432^|^015^|^08^|^CD^|^6215^|^FAH^|^05^|^53^|^2^|^003^|^100^|^ B^|^Koordinasi UAKBUND KPPN di Kanwil^|^00^|^^|0|0
^2026^|^01^|^527432^|^015^|^08^|^WA^|^4715^|^EBA^|^05^|^53^|^2^|^001^|^100^|^ A^|^TANPA SUB KOMPONEN^|^00^|^^|0|0
^2026^|^01^|^527432^|^015^|^08^|^WA^|^4715^|^EBA^|^05^|^53^|^2^|^001^|^100^|^ B^|^Koordinasi Penyusunan ATK PU^|^00^|^^|0|0
^2026^|^01^|^527432^|^015^|^08^|^WA^|^4715^|^EBA^|^05^|^53^|^2^|^002^|^100^|^ A^|^TANPA SUB KOMPONEN^|^00^|^^|0|0
^2026^|^01^|^527432^|^015^|^08^|^WA^|^4715^|^EBA^|^05^|^53^|^2^|^994^|^002^|^ A^|^Keperluan Seharihari Perkantoran^|^00^|^^|0|0
^2026^|^01^|^527432^|^015^|^08^|^WA^|^4715^|^EBA^|^05^|^53^|^2^|^994^|^002^|^ B^|^Langganan Daya dan Jasa^|^00^|^^|0|0
^2026^|^01^|^527432^|^015^|^08^|^WA^|^4715^|^EBA^|^05^|^53^|^2^|^994^|^002^|^ C^|^Pelaksanaan Operasional Kantor^|^00^|^^|0|0
^2026^|^01^|^527432^|^015^|^08^|^WA^|^4715^|^EBA^|^05^|^53^|^2^|^994^|^002^|^ D^|^Pemeliharaan Peralatan dan Mesin^|^00^|^^|0|0
^2026^|^01^|^527432^|^015^|^08^|^WA^|^4715^|^EBA^|^05^|^53^|^2^|^994^|^002^|^ G^|^Pemeliharaan Gedung dan Bangunan^|^00^|^^|0|0
^2026^|^01^|^527432^|^015^|^08^|^WA^|^4715^|^EBA^|^05^|^53^|^2^|^994^|^002^|^TJ^|^Jasa Pemeliharaan Annual Technical Support (ATS)^|^00^|^^|0|0
^2026^|^01^|^527432^|^015^|^08^|^WA^|^4715^|^EBD^|^05^|^53^|^2^|^Z36^|^100^|^ B^|^Pelaksanaan Manajemen Kinerja, Resiko dan Kepatuhan Internal^|^00^|^^|0|0
^2026^|^01^|^527432^|^015^|^08^|^WA^|^4718^|^BMB^|^05^|^53^|^2^|^001^|^100^|^ A^|^TANPA SUB KOMPONEN^|^00^|^^|0|0
^2026^|^01^|^527432^|^015^|^08^|^WA^|^4718^|^BMB^|^05^|^53^|^2^|^002^|^100^|^ A^|^TANPA SUB KOMPONEN^|^00^|^^|0|0
^2026^|^01^|^527432^|^015^|^08^|^WA^|^4719^|^EBA^|^05^|^53^|^2^|^004^|^100^|^ A^|^Survey Kepuasan Pengguna Layanan^|^00^|^^|0|0
^2026^|^01^|^527432^|^015^|^08^|^WA^|^4719^|^EBA^|^05^|^53^|^2^|^994^|^001^|^ A^|^TANPA SUB KOMPONEN^|^00^|^^|0|0
^2026^|^01^|^527432^|^015^|^08^|^WA^|^4719^|^EBC^|^05^|^53^|^2^|^001^|^100^|^XC^|^Penyelenggaraan Capacity Building^|^00^|^^|0|0
^2026^|^01^|^527500^|^015^|^08^|^CD^|^6212^|^FAC^|^05^|^52^|^2^|^001^|^100^|^ A^|^Training Modul Aplikasi SAKTI^|^00^|^^|0|0
^2026^|^01^|^527500^|^015^|^08^|^CD^|^6212^|^FAC^|^05^|^52^|^2^|^001^|^100^|^ B^|^FGD dan Bimtek Transfer Keuangan Daerah^|^00^|^^|0|0
^2026^|^01^|^527500^|^015^|^08^|^CD^|^6212^|^FAH^|^05^|^52^|^2^|^001^|^100^|^ A^|^TANPA SUB KOMPONEN^|^00^|^^|0|0
^2026^|^01^|^527500^|^015^|^08^|^CD^|^6212^|^FAL^|^05^|^52^|^2^|^004^|^100^|^ A^|^Konsultasi^|^00^|^^|0|0
^2026^|^01^|^527500^|^015^|^08^|^CD^|^6212^|^FAL^|^05^|^52^|^2^|^004^|^100^|^ B^|^Sosialisasi dan Bimbingan Teknis^|^00^|^^|0|0
^2026^|^01^|^527500^|^015^|^08^|^CD^|^6212^|^FAL^|^05^|^52^|^2^|^004^|^100^|^ D^|^Pembinaan Pemda, TKD dan Penandatanganan BAR^|^00^|^^|0|0
^2026^|^01^|^527500^|^015^|^08^|^CD^|^6213^|^FAC^|^05^|^52^|^2^|^001^|^100^|^ A^|^Pembinaan Jabatan Fungsional^|^00^|^^|0|0
^2026^|^01^|^527500^|^015^|^08^|^CD^|^6214^|^FAL^|^05^|^52^|^2^|^002^|^100^|^ A^|^Pelaksanaan PencairanPenarikanPengesahan Dana^|^00^|^^|0|0
^2026^|^01^|^527500^|^015^|^08^|^CD^|^6214^|^FAL^|^05^|^52^|^2^|^002^|^100^|^ B^|^PenerbitanPersetujuanRekonsilias Pajak Pusat^|^00^|^^|0|0
^2026^|^01^|^527500^|^015^|^08^|^CD^|^6215^|^FAH^|^05^|^52^|^2^|^003^|^100^|^ A^|^Penyusunan Laporan Keuangan Tingkat Kuasa BUN di Daerah^|^00^|^^|0|0
^2026^|^01^|^527500^|^015^|^08^|^WA^|^4715^|^EBA^|^05^|^52^|^2^|^001^|^100^|^ A^|^TANPA SUB KOMPONEN^|^00^|^^|0|0
^2026^|^01^|^527500^|^015^|^08^|^WA^|^4715^|^EBA^|^05^|^52^|^2^|^001^|^100^|^ B^|^Koordinasi Penyusunan ATK PU^|^00^|^^|0|0
^2026^|^01^|^527500^|^015^|^08^|^WA^|^4715^|^EBA^|^05^|^52^|^2^|^002^|^100^|^ A^|^TANPA SUB KOMPONEN^|^00^|^^|0|0
^2026^|^01^|^527500^|^015^|^08^|^WA^|^4715^|^EBA^|^05^|^52^|^2^|^994^|^002^|^ A^|^Keperluan Sehari Hari Perkantoran^|^00^|^^|0|0
^2026^|^01^|^527500^|^015^|^08^|^WA^|^4715^|^EBA^|^05^|^52^|^2^|^994^|^002^|^ B^|^Langganan Daya dan Jasa^|^00^|^^|0|0
^2026^|^01^|^527500^|^015^|^08^|^WA^|^4715^|^EBA^|^05^|^52^|^2^|^994^|^002^|^ C^|^Pelaksanaan Operasional Kantor^|^00^|^^|0|0
^2026^|^01^|^527500^|^015^|^08^|^WA^|^4715^|^EBA^|^05^|^52^|^2^|^994^|^002^|^ D^|^Pemeliharaan Peralatan dan Mesin^|^00^|^^|0|0
^2026^|^01^|^527500^|^015^|^08^|^WA^|^4715^|^EBA^|^05^|^52^|^2^|^994^|^002^|^ G^|^Pemeliharaan Gedung dan Bangunan^|^00^|^^|0|0
^2026^|^01^|^527500^|^015^|^08^|^WA^|^4715^|^EBA^|^05^|^52^|^2^|^994^|^002^|^TJ^|^Jasa Pemeliharaan Annual Technical Support (ATS)^|^00^|^^|0|0
^2026^|^01^|^527500^|^015^|^08^|^WA^|^4718^|^BMB^|^05^|^52^|^2^|^001^|^100^|^ A^|^TANPA SUB KOMPONEN^|^00^|^^|0|0
^2026^|^01^|^527500^|^015^|^08^|^WA^|^4718^|^BMB^|^05^|^52^|^2^|^002^|^100^|^ A^|^TANPA SUB KOMPONEN^|^00^|^^|0|0
^2026^|^01^|^527500^|^015^|^08^|^WA^|^4719^|^EBA^|^05^|^52^|^2^|^004^|^100^|^ A^|^TANPA SUB KOMPONEN^|^00^|^^|0|0
^2026^|^01^|^527500^|^015^|^08^|^WA^|^4719^|^EBA^|^05^|^52^|^2^|^994^|^001^|^ A^|^TANPA SUB KOMPONEN^|^00^|^^|0|0
^2026^|^01^|^527500^|^015^|^08^|^WA^|^4719^|^EBC^|^05^|^52^|^2^|^001^|^100^|^XC^|^Penyelenggaraan Capacity Building^|^00^|^^|0|0
^2026^|^01^|^527450^|^015^|^08^|^CD^|^6212^|^FAC^|^05^|^58^|^2^|^001^|^100^|^ A^|^Training Modul Aplikasi SAKTI^|^00^|^^|0|0
^2026^|^01^|^527450^|^015^|^08^|^CD^|^6212^|^FAC^|^05^|^58^|^2^|^001^|^100^|^ B^|^FGD dan Bimtek Transfer Keuangan Daerah^|^00^|^^|0|0
^2026^|^01^|^527450^|^015^|^08^|^CD^|^6212^|^FAH^|^05^|^58^|^2^|^001^|^100^|^ A^|^TANPA SUB KOMPONEN^|^00^|^^|0|0
^2026^|^01^|^527450^|^015^|^08^|^CD^|^6212^|^FAL^|^05^|^58^|^2^|^004^|^100^|^ A^|^Konsultasi^|^00^|^^|0|0
^2026^|^01^|^527450^|^015^|^08^|^CD^|^6212^|^FAL^|^05^|^58^|^2^|^004^|^100^|^ B^|^Sosialisasi dan Bimbingan Teknis^|^00^|^^|0|0
^2026^|^01^|^527450^|^015^|^08^|^CD^|^6212^|^FAL^|^05^|^58^|^2^|^004^|^100^|^ D^|^Pembinaan Pemda, TKD, dan Penandatanganan BA Rekonsiliasi Pajak^|^00^|^^|0|0
^2026^|^01^|^527450^|^015^|^08^|^CD^|^6213^|^FAC^|^05^|^58^|^2^|^001^|^100^|^ A^|^Pembinaan Jabatan Fungsional Perbendaharaan^|^00^|^^|0|0
^2026^|^01^|^527450^|^015^|^08^|^CD^|^6213^|^FAE^|^05^|^58^|^2^|^009^|^100^|^ A^|^Monev Penyaluran Pembiayaan Ultra Mikro^|^00^|^^|0|0
^2026^|^01^|^527450^|^015^|^08^|^CD^|^6214^|^FAL^|^05^|^58^|^2^|^002^|^100^|^ A^|^Pelaksanaan PencairanPenarikanPengesahan Dana^|^00^|^^|0|0
^2026^|^01^|^527450^|^015^|^08^|^CD^|^6214^|^FAL^|^05^|^58^|^2^|^002^|^100^|^ B^|^PenerbitanPersetujuanRekonsiliasi RekeningSKPPKonfirmasi Penerimaan Negara, DLL^|^00^|^^|0|0
^2026^|^01^|^527450^|^015^|^08^|^CD^|^6215^|^FAH^|^05^|^58^|^2^|^003^|^100^|^ A^|^Penyusunan Laporan Keuangan Tingkat Kuasa BUN di Daerah^|^00^|^^|0|0
^2026^|^01^|^527450^|^015^|^08^|^WA^|^4715^|^EBA^|^05^|^58^|^2^|^001^|^100^|^ A^|^TANPA SUB KOMPONEN^|^00^|^^|0|0
^2026^|^01^|^527450^|^015^|^08^|^WA^|^4715^|^EBA^|^05^|^58^|^2^|^001^|^100^|^ B^|^Koordinasi Penyusunan ATK PU^|^00^|^^|0|0
^2026^|^01^|^527450^|^015^|^08^|^WA^|^4715^|^EBA^|^05^|^58^|^2^|^002^|^100^|^ A^|^TANPA SUB KOMPONEN^|^00^|^^|0|0
^2026^|^01^|^527450^|^015^|^08^|^WA^|^4715^|^EBA^|^05^|^58^|^2^|^994^|^002^|^ A^|^Keperluan SehariHari Perkantoran^|^00^|^^|0|0
^2026^|^01^|^527450^|^015^|^08^|^WA^|^4715^|^EBA^|^05^|^58^|^2^|^994^|^002^|^ B^|^Langganan Daya dan Jasa^|^00^|^^|0|0
^2026^|^01^|^527450^|^015^|^08^|^WA^|^4715^|^EBA^|^05^|^58^|^2^|^994^|^002^|^ C^|^Pelaksanaan Operasional Kantor^|^00^|^^|0|0
^2026^|^01^|^527450^|^015^|^08^|^WA^|^4715^|^EBA^|^05^|^58^|^2^|^994^|^002^|^ D^|^Pemeliharaan Peralatan dan Mesin^|^00^|^^|0|0
^2026^|^01^|^527450^|^015^|^08^|^WA^|^4715^|^EBA^|^05^|^58^|^2^|^994^|^002^|^ G^|^Pemeliharaan Gedung dan Bangunan^|^00^|^^|0|0
^2026^|^01^|^527450^|^015^|^08^|^WA^|^4715^|^EBA^|^05^|^58^|^2^|^994^|^002^|^TJ^|^Jasa Pemeliharaan Annual Technical Support (ATS)^|^00^|^^|0|0
^2026^|^01^|^527450^|^015^|^08^|^WA^|^4715^|^EBD^|^05^|^58^|^2^|^Z36^|^100^|^ B^|^Pelaksanaan Manajemen Resiko dan Kepatuhan Internal^|^00^|^^|0|0
^2026^|^01^|^527450^|^015^|^08^|^WA^|^4718^|^BMB^|^05^|^58^|^2^|^001^|^100^|^ A^|^TANPA SUB KOMPONEN^|^00^|^^|0|0
^2026^|^01^|^527450^|^015^|^08^|^WA^|^4718^|^BMB^|^05^|^58^|^2^|^002^|^100^|^ A^|^TANPA SUB KOMPONEN^|^00^|^^|0|0
^2026^|^01^|^527450^|^015^|^08^|^WA^|^4719^|^EBA^|^05^|^58^|^2^|^004^|^100^|^ A^|^Survey Kepuasan Pengguna Layanan^|^00^|^^|0|0
^2026^|^01^|^527450^|^015^|^08^|^WA^|^4719^|^EBA^|^05^|^58^|^2^|^994^|^001^|^ A^|^TANPA SUB KOMPONEN^|^00^|^^|0|0
^2026^|^01^|^527450^|^015^|^08^|^WA^|^4719^|^EBC^|^05^|^58^|^2^|^001^|^100^|^XC^|^Penyelenggaraan Capacity Building^|^00^|^^|0|0
^2026^|^01^|^527488^|^015^|^08^|^CD^|^6212^|^BMB^|^05^|^27^|^2^|^001^|^100^|^ A^|^Profiling UMKM^|^00^|^^|0|0
^2026^|^01^|^527488^|^015^|^08^|^CD^|^6212^|^FAC^|^05^|^27^|^2^|^001^|^100^|^ A^|^Training Modul Aplikasi SAKTI^|^00^|^^|0|0
^2026^|^01^|^527488^|^015^|^08^|^CD^|^6212^|^FAC^|^05^|^27^|^2^|^001^|^100^|^ B^|^FGD dan Bimtek Transfer Keuangan Daerah^|^00^|^^|0|0
^2026^|^01^|^527488^|^015^|^08^|^CD^|^6212^|^FAH^|^05^|^27^|^2^|^001^|^100^|^ A^|^TANPA SUB KOMPONEN^|^00^|^^|0|0
^2026^|^01^|^527488^|^015^|^08^|^CD^|^6212^|^FAL^|^05^|^27^|^2^|^004^|^100^|^ A^|^Konsultasi^|^00^|^^|0|0
^2026^|^01^|^527488^|^015^|^08^|^CD^|^6212^|^FAL^|^05^|^27^|^2^|^004^|^100^|^ B^|^Sosialisasi dan Bimbingan Teknis^|^00^|^^|0|0
^2026^|^01^|^527488^|^015^|^08^|^CD^|^6212^|^FAL^|^05^|^27^|^2^|^004^|^100^|^ D^|^Pembinaan Pemda, TKD, dan Penandatanganan BAR^|^00^|^^|0|0
^2026^|^01^|^527488^|^015^|^08^|^CD^|^6213^|^FAC^|^05^|^27^|^2^|^001^|^100^|^ A^|^Pembinaan Jabatan Fungsional Perbendaharaan^|^00^|^^|0|0
^2026^|^01^|^527488^|^015^|^08^|^CD^|^6213^|^FAE^|^05^|^27^|^2^|^009^|^100^|^ A^|^Monev Penyaluran Pembiayaan Ultra Mikro^|^00^|^^|0|0
^2026^|^01^|^527488^|^015^|^08^|^CD^|^6213^|^FAL^|^05^|^27^|^2^|^003^|^100^|^ A^|^Monev Pelaksanaan Anggaran^|^00^|^^|0|0
^2026^|^01^|^527488^|^015^|^08^|^CD^|^6214^|^FAL^|^05^|^27^|^2^|^002^|^100^|^ A^|^Pelaksanaan PencarianPenarikanPengesahan Dana^|^00^|^^|0|0
^2026^|^01^|^527488^|^015^|^08^|^CD^|^6214^|^FAL^|^05^|^27^|^2^|^002^|^100^|^ B^|^PenerbitanPersetujuanRekonsiliasi RekeningSKPPKonfirmasi Penerimaan Negara, dll^|^00^|^^|0|0
^2026^|^01^|^527488^|^015^|^08^|^CD^|^6215^|^FAH^|^05^|^27^|^2^|^003^|^100^|^ A^|^Penyusunan Laporan Keuangan Tingkat Kuasa BUN di Daerah^|^00^|^^|0|0
^2026^|^01^|^527488^|^015^|^08^|^WA^|^4715^|^EBA^|^05^|^27^|^2^|^001^|^100^|^ A^|^TANPA SUB KOMPONEN^|^00^|^^|0|0
^2026^|^01^|^527488^|^015^|^08^|^WA^|^4715^|^EBA^|^05^|^27^|^2^|^001^|^100^|^ B^|^Koordinasi Penyusunan ATK PU^|^00^|^^|0|0
^2026^|^01^|^527488^|^015^|^08^|^WA^|^4715^|^EBA^|^05^|^27^|^2^|^002^|^100^|^ A^|^TANPA SUB KOMPONEN^|^00^|^^|0|0
^2026^|^01^|^527488^|^015^|^08^|^WA^|^4715^|^EBA^|^05^|^27^|^2^|^994^|^002^|^ A^|^Keperluan Seharihari Perkantoran^|^00^|^^|0|0
^2026^|^01^|^527488^|^015^|^08^|^WA^|^4715^|^EBA^|^05^|^27^|^2^|^994^|^002^|^ B^|^Langganan Daya dan Jasa^|^00^|^^|0|0
^2026^|^01^|^527488^|^015^|^08^|^WA^|^4715^|^EBA^|^05^|^27^|^2^|^994^|^002^|^ C^|^Pelaksanaan Operasional Kantor^|^00^|^^|0|0
^2026^|^01^|^527488^|^015^|^08^|^WA^|^4715^|^EBA^|^05^|^27^|^2^|^994^|^002^|^ D^|^Pemeliharaan Peralatan dan Mesin^|^00^|^^|0|0
^2026^|^01^|^527488^|^015^|^08^|^WA^|^4715^|^EBA^|^05^|^27^|^2^|^994^|^002^|^ G^|^Pemeliharaan Gedung dan Bangunan^|^00^|^^|0|0
^2026^|^01^|^527488^|^015^|^08^|^WA^|^4715^|^EBA^|^05^|^27^|^2^|^994^|^002^|^TJ^|^Jasa Pemeliharaan Annual Technical Support (ATS)^|^00^|^^|0|0
^2026^|^01^|^527488^|^015^|^08^|^WA^|^4715^|^EBB^|^05^|^27^|^2^|^004^|^100^|^GB^|^Renovasi GedungBangunan Kantor^|^00^|^^|0|0
^2026^|^01^|^527488^|^015^|^08^|^WA^|^4715^|^EBB^|^05^|^27^|^2^|^004^|^100^|^RB^|^Renovasi Rumah Dinas^|^00^|^^|0|0
^2026^|^01^|^527488^|^015^|^08^|^WA^|^4718^|^BMB^|^05^|^27^|^2^|^001^|^100^|^ A^|^TANPA SUB KOMPONEN^|^00^|^^|0|0
^2026^|^01^|^527488^|^015^|^08^|^WA^|^4718^|^BMB^|^05^|^27^|^2^|^002^|^100^|^ A^|^TANPA SUB KOMPONEN^|^00^|^^|0|0
^2026^|^01^|^527488^|^015^|^08^|^WA^|^4719^|^EBA^|^05^|^27^|^2^|^004^|^100^|^ A^|^Survey Kepuasan Pengguna Layanan^|^00^|^^|0|0
^2026^|^01^|^527488^|^015^|^08^|^WA^|^4719^|^EBA^|^05^|^27^|^2^|^994^|^001^|^ A^|^TANPA SUB KOMPONEN^|^00^|^^|0|0
^2026^|^01^|^527488^|^015^|^08^|^WA^|^4719^|^EBC^|^05^|^27^|^2^|^001^|^100^|^ A^|^Peningkatan Kapasitas SDM^|^00^|^^|0|0
^2026^|^01^|^527467^|^015^|^08^|^CD^|^6212^|^BMB^|^05^|^09^|^2^|^001^|^100^|^ A^|^Profiling UMKM^|^00^|^^|0|0
^2026^|^01^|^527467^|^015^|^08^|^CD^|^6212^|^FAC^|^05^|^09^|^2^|^001^|^100^|^ A^|^Training Modul Aplikasi SAKTI^|^00^|^^|0|0
^2026^|^01^|^527467^|^015^|^08^|^CD^|^6212^|^FAC^|^05^|^09^|^2^|^001^|^100^|^ B^|^FGD dan Bimtek Transfer Keuangan Daerah^|^00^|^^|0|0
^2026^|^01^|^527467^|^015^|^08^|^CD^|^6212^|^FAH^|^05^|^09^|^2^|^001^|^100^|^ A^|^TANPA SUB KOMPONEN^|^00^|^^|0|0
^2026^|^01^|^527467^|^015^|^08^|^CD^|^6212^|^FAL^|^05^|^09^|^2^|^004^|^100^|^ A^|^Konsultasi^|^00^|^^|0|0
^2026^|^01^|^527467^|^015^|^08^|^CD^|^6212^|^FAL^|^05^|^09^|^2^|^004^|^100^|^ B^|^Sosialisasi dan Bimbingan Teknis^|^00^|^^|0|0
^2026^|^01^|^527467^|^015^|^08^|^CD^|^6212^|^FAL^|^05^|^09^|^2^|^004^|^100^|^ D^|^Pembinaan Pemda, TKD, dan Penandatangan B Rekonsiliasi Pajak^|^00^|^^|0|0
^2026^|^01^|^527467^|^015^|^08^|^CD^|^6213^|^FAC^|^05^|^09^|^2^|^001^|^100^|^ A^|^Pembinaan Jabatan Fungsional Perbendaharaan^|^00^|^^|0|0
^2026^|^01^|^527467^|^015^|^08^|^CD^|^6213^|^FAE^|^05^|^09^|^2^|^009^|^100^|^ A^|^Monev Penyaluran Pembiayaan Ultra Mikro^|^00^|^^|0|0
^2026^|^01^|^527467^|^015^|^08^|^CD^|^6213^|^FAL^|^05^|^09^|^2^|^003^|^100^|^ A^|^Monev Pelaksanaan Anggaran^|^00^|^^|0|0
^2026^|^01^|^527467^|^015^|^08^|^CD^|^6214^|^FAL^|^05^|^09^|^2^|^002^|^100^|^ A^|^Pelaksanaan Pencairan/ Penarikan/Pengesahan Dana^|^00^|^^|0|0
^2026^|^01^|^527467^|^015^|^08^|^CD^|^6214^|^FAL^|^05^|^09^|^2^|^002^|^100^|^ B^|^Penerbitan/Persetujuan/Rekonsiliasi Rekening/SKPP/Konfirmasi Penerimaan Negara, dll^|^00^|^^|0|0
^2026^|^01^|^527467^|^015^|^08^|^CD^|^6215^|^FAH^|^05^|^09^|^2^|^003^|^100^|^ A^|^Penyusunan Laporan Keuangan Tingkat Kuasa BUN di Daerah^|^00^|^^|0|0
^2026^|^01^|^527467^|^015^|^08^|^WA^|^4715^|^EBA^|^05^|^09^|^2^|^001^|^100^|^ A^|^TANPA SUB KOMPONEN^|^00^|^^|0|0
^2026^|^01^|^527467^|^015^|^08^|^WA^|^4715^|^EBA^|^05^|^09^|^2^|^001^|^100^|^ B^|^Koordinasi Penyusunan ATK PU^|^00^|^^|0|0
^2026^|^01^|^527467^|^015^|^08^|^WA^|^4715^|^EBA^|^05^|^09^|^2^|^002^|^100^|^ A^|^TANPA SUB KOMPONEN^|^00^|^^|0|0
^2026^|^01^|^527467^|^015^|^08^|^WA^|^4715^|^EBA^|^05^|^09^|^2^|^994^|^002^|^ A^|^TANPA SUB KOMPONEN^|^00^|^^|0|0
^2026^|^01^|^527467^|^015^|^08^|^WA^|^4715^|^EBA^|^05^|^09^|^2^|^994^|^002^|^ B^|^Langganan Daya Dan Jasa^|^00^|^^|0|0
^2026^|^01^|^527467^|^015^|^08^|^WA^|^4715^|^EBA^|^05^|^09^|^2^|^994^|^002^|^ C^|^Pelaksanaaan Operasional Kantor^|^00^|^^|0|0
^2026^|^01^|^527467^|^015^|^08^|^WA^|^4715^|^EBA^|^05^|^09^|^2^|^994^|^002^|^ D^|^Pemeliharaan Peralatan dan Mesin^|^00^|^^|0|0
^2026^|^01^|^527467^|^015^|^08^|^WA^|^4715^|^EBA^|^05^|^09^|^2^|^994^|^002^|^ G^|^Pemeliharaan Gedung dan Bangunan^|^00^|^^|0|0
^2026^|^01^|^527467^|^015^|^08^|^WA^|^4715^|^EBA^|^05^|^09^|^2^|^994^|^002^|^TJ^|^Jasa Pemeliharaan/ Annual Technical Support (ATS)^|^00^|^^|0|0
^2026^|^01^|^527467^|^015^|^08^|^WA^|^4715^|^EBD^|^05^|^09^|^2^|^Z36^|^100^|^ B^|^Pelaksanaan Manajemen Kinerja, Risiko, dan Kepatuhan Internal^|^00^|^^|0|0
^2026^|^01^|^527467^|^015^|^08^|^WA^|^4718^|^BMB^|^05^|^09^|^2^|^001^|^100^|^ A^|^TANPA SUB KOMPONEN^|^00^|^^|0|0
^2026^|^01^|^527467^|^015^|^08^|^WA^|^4718^|^BMB^|^05^|^09^|^2^|^002^|^100^|^ A^|^TANPA SUB KOMPONEN^|^00^|^^|0|0
^2026^|^01^|^527467^|^015^|^08^|^WA^|^4719^|^EBA^|^05^|^09^|^2^|^004^|^100^|^ A^|^Survei Kepuasan Pengguna Layanan^|^00^|^^|0|0
^2026^|^01^|^527467^|^015^|^08^|^WA^|^4719^|^EBA^|^05^|^09^|^2^|^994^|^001^|^ A^|^TANPA SUB KOMPONEN^|^00^|^^|0|0
^2026^|^01^|^527467^|^015^|^08^|^WA^|^4719^|^EBC^|^05^|^09^|^2^|^001^|^100^|^XC^|^Penyelenggaraan Capacity Building^|^00^|^^|0|0
^2026^|^01^|^527471^|^015^|^08^|^WA^|^4719^|^EBC^|^05^|^06^|^2^|^001^|^100^|^ A^|^Peningkatan Kapasitas SDM^|^00^|^^|0|0
^2026^|^01^|^527471^|^015^|^08^|^CD^|^6212^|^BMB^|^05^|^06^|^2^|^001^|^100^|^ A^|^Profilling UMKM^|^00^|^^|0|0
^2026^|^01^|^527471^|^015^|^08^|^CD^|^6212^|^FAC^|^05^|^06^|^2^|^001^|^100^|^ A^|^Training Modul Aplikasi SAKTI^|^00^|^^|0|0
^2026^|^01^|^527471^|^015^|^08^|^CD^|^6212^|^FAC^|^05^|^06^|^2^|^001^|^100^|^ B^|^FGD dan Bimtek Transfer Keuangan Daerah^|^00^|^^|0|0
^2026^|^01^|^527471^|^015^|^08^|^CD^|^6212^|^FAH^|^05^|^06^|^2^|^001^|^100^|^ A^|^TANPA SUB KOMPONEN^|^00^|^^|0|0
^2026^|^01^|^527471^|^015^|^08^|^CD^|^6212^|^FAL^|^05^|^06^|^2^|^004^|^100^|^ A^|^Konsultasi^|^00^|^^|0|0
^2026^|^01^|^527471^|^015^|^08^|^CD^|^6212^|^FAL^|^05^|^06^|^2^|^004^|^100^|^ B^|^Sosialisasi dan Bimbingan Teknis^|^00^|^^|0|0
^2026^|^01^|^527471^|^015^|^08^|^CD^|^6212^|^FAL^|^05^|^06^|^2^|^004^|^100^|^ D^|^Pembinaan Pemda, TKD, dan Penandatanganan BAR^|^00^|^^|0|0
^2026^|^01^|^527471^|^015^|^08^|^CD^|^6213^|^FAC^|^05^|^06^|^2^|^001^|^100^|^ A^|^Pembinaan Jabatan Fungsional Perbendaharaan^|^00^|^^|0|0
^2026^|^01^|^527471^|^015^|^08^|^CD^|^6213^|^FAE^|^05^|^06^|^2^|^009^|^100^|^ A^|^Monev Penyaluran Pembiayaan Ultra Mikro^|^00^|^^|0|0
^2026^|^01^|^527471^|^015^|^08^|^CD^|^6213^|^FAL^|^05^|^06^|^2^|^003^|^100^|^ A^|^Monev Pelaksanaan Anggaran^|^00^|^^|0|0
^2026^|^01^|^527471^|^015^|^08^|^CD^|^6214^|^FAL^|^05^|^06^|^2^|^002^|^100^|^ A^|^Pelaksanaan PencairanPenarikanPengesahan Dana^|^00^|^^|0|0
^2026^|^01^|^527471^|^015^|^08^|^CD^|^6214^|^FAL^|^05^|^06^|^2^|^002^|^100^|^ B^|^PenerbitanPersetujuanRekonsiliasi RekeningSKPPKonfirmasi Penerimaan Negara, dll^|^00^|^^|0|0
^2026^|^01^|^527471^|^015^|^08^|^CD^|^6215^|^FAH^|^05^|^06^|^2^|^003^|^100^|^ A^|^Penyusunan Laporan Keuangan Tingkat Kuasa BUN di Daerah^|^00^|^^|0|0
^2026^|^01^|^527471^|^015^|^08^|^CD^|^6215^|^FAH^|^05^|^06^|^2^|^003^|^100^|^ B^|^Koordinasi UAKBUND KPPN di Kanwil^|^00^|^^|0|0
^2026^|^01^|^527471^|^015^|^08^|^WA^|^4715^|^EBA^|^05^|^06^|^2^|^001^|^100^|^ A^|^TANPA SUB KOMPONEN^|^00^|^^|0|0
^2026^|^01^|^527471^|^015^|^08^|^WA^|^4715^|^EBA^|^05^|^06^|^2^|^001^|^100^|^ B^|^Koordinasi Penyusunan ATK PU^|^00^|^^|0|0
^2026^|^01^|^527471^|^015^|^08^|^WA^|^4715^|^EBA^|^05^|^06^|^2^|^002^|^100^|^ A^|^TANPA SUB KOMPONEN^|^00^|^^|0|0
^2026^|^01^|^527471^|^015^|^08^|^WA^|^4715^|^EBA^|^05^|^06^|^2^|^994^|^002^|^ A^|^Keperluan Seharihari Perkantoran^|^00^|^^|0|0
^2026^|^01^|^527471^|^015^|^08^|^WA^|^4715^|^EBA^|^05^|^06^|^2^|^994^|^002^|^ B^|^Langganan Daya dan Jasa^|^00^|^^|0|0
^2026^|^01^|^527471^|^015^|^08^|^WA^|^4715^|^EBA^|^05^|^06^|^2^|^994^|^002^|^ C^|^Pelaksanaan Operasional Kantor^|^00^|^^|0|0
^2026^|^01^|^527471^|^015^|^08^|^WA^|^4715^|^EBA^|^05^|^06^|^2^|^994^|^002^|^ D^|^Pemeliharaan Peralatan dan Mesin^|^00^|^^|0|0
^2026^|^01^|^527471^|^015^|^08^|^WA^|^4715^|^EBA^|^05^|^06^|^2^|^994^|^002^|^ G^|^Pemeliharaan Gedung dan Bangunan^|^00^|^^|0|0
^2026^|^01^|^527471^|^015^|^08^|^WA^|^4715^|^EBA^|^05^|^06^|^2^|^994^|^002^|^TJ^|^Jasa PemeliharaanAnnual Technical Support (ATS)^|^00^|^^|0|0
^2026^|^01^|^527471^|^015^|^08^|^WA^|^4715^|^EBD^|^05^|^06^|^2^|^Z36^|^100^|^ A^|^Perumusan Kebijakan Pengelolaan Kinerja Organisasi^|^00^|^^|0|0
^2026^|^01^|^527471^|^015^|^08^|^WA^|^4718^|^BMB^|^05^|^06^|^2^|^001^|^100^|^ A^|^TANPA SUB KOMPONEN^|^00^|^^|0|0
^2026^|^01^|^527471^|^015^|^08^|^WA^|^4718^|^BMB^|^05^|^06^|^2^|^002^|^100^|^ A^|^TANPA SUB KOMPONEN^|^00^|^^|0|0
^2026^|^01^|^527471^|^015^|^08^|^WA^|^4719^|^EBA^|^05^|^06^|^2^|^004^|^100^|^ A^|^Survey Kepuasan Pengguna layanan^|^00^|^^|0|0
^2026^|^01^|^527471^|^015^|^08^|^WA^|^4719^|^EBA^|^05^|^06^|^2^|^994^|^001^|^ A^|^TANPA SUB KOMPONEN^|^00^|^^|0|0
^2026^|^01^|^527514^|^015^|^08^|^CD^|^6212^|^BMB^|^05^|^26^|^2^|^001^|^100^|^ A^|^Profiling UMKM^|^00^|^^|0|0
^2026^|^01^|^527514^|^015^|^08^|^CD^|^6212^|^FAC^|^05^|^26^|^2^|^001^|^100^|^ A^|^Training Modul Aplikasi SAKTI^|^00^|^^|0|0
^2026^|^01^|^527514^|^015^|^08^|^CD^|^6212^|^FAC^|^05^|^26^|^2^|^001^|^100^|^ B^|^FGD dan Bimtek Transfer Keuangan Daerah^|^00^|^^|0|0
^2026^|^01^|^527514^|^015^|^08^|^CD^|^6212^|^FAH^|^05^|^26^|^2^|^001^|^100^|^ A^|^TANPA SUB KOMPONEN^|^00^|^^|0|0
^2026^|^01^|^527514^|^015^|^08^|^CD^|^6212^|^FAL^|^05^|^26^|^2^|^004^|^100^|^ A^|^Konsultasi^|^00^|^^|0|0
^2026^|^01^|^527514^|^015^|^08^|^CD^|^6212^|^FAL^|^05^|^26^|^2^|^004^|^100^|^ B^|^Sosialisasi dan Bimbingan Teknis^|^00^|^^|0|0
^2026^|^01^|^527514^|^015^|^08^|^CD^|^6212^|^FAL^|^05^|^26^|^2^|^004^|^100^|^ D^|^Pembinaan Pemda, TKD, dan Penandatanganan BAR^|^00^|^^|0|0
^2026^|^01^|^527514^|^015^|^08^|^CD^|^6213^|^FAC^|^05^|^26^|^2^|^001^|^100^|^ A^|^Pembinaan Jabatan Fungsional Perbendaharaan^|^00^|^^|0|0
^2026^|^01^|^527514^|^015^|^08^|^CD^|^6214^|^FAL^|^05^|^26^|^2^|^002^|^100^|^ A^|^TANPA SUB KOMPONEN^|^00^|^^|0|0
^2026^|^01^|^527514^|^015^|^08^|^CD^|^6214^|^FAL^|^05^|^26^|^2^|^002^|^100^|^ B^|^PenerbitanPersetujuanRekonsiliasi RekeningSKPPKonfirmasi Penerimaan Negara, dll^|^00^|^^|0|0
^2026^|^01^|^527514^|^015^|^08^|^CD^|^6215^|^FAH^|^05^|^26^|^2^|^003^|^100^|^ A^|^Penyusunan Laporan Keuangan Tingkat Kuasa BUN di Daerah^|^00^|^^|0|0
^2026^|^01^|^527514^|^015^|^08^|^WA^|^4715^|^EBA^|^05^|^26^|^2^|^001^|^100^|^ A^|^TANPA SUB KOMPONEN^|^00^|^^|0|0
^2026^|^01^|^527514^|^015^|^08^|^WA^|^4715^|^EBA^|^05^|^26^|^2^|^001^|^100^|^ B^|^Koordinasi Penyusunan ATK PU^|^00^|^^|0|0
^2026^|^01^|^527514^|^015^|^08^|^WA^|^4715^|^EBA^|^05^|^26^|^2^|^002^|^100^|^ A^|^TANPA SUB KOMPONEN^|^00^|^^|0|0
^2026^|^01^|^527514^|^015^|^08^|^WA^|^4715^|^EBA^|^05^|^26^|^2^|^994^|^002^|^ A^|^Keperluan Seharihari Perkantoran^|^00^|^^|0|0
^2026^|^01^|^527514^|^015^|^08^|^WA^|^4715^|^EBA^|^05^|^26^|^2^|^994^|^002^|^ B^|^Langganan Daya dan Jasa^|^00^|^^|0|0
^2026^|^01^|^527514^|^015^|^08^|^WA^|^4715^|^EBA^|^05^|^26^|^2^|^994^|^002^|^ C^|^Pelaksanaan Operasional Kantor^|^00^|^^|0|0
^2026^|^01^|^527514^|^015^|^08^|^WA^|^4715^|^EBA^|^05^|^26^|^2^|^994^|^002^|^ D^|^Pemeliharaan Peralatan dan Mesin^|^00^|^^|0|0
^2026^|^01^|^527514^|^015^|^08^|^WA^|^4715^|^EBA^|^05^|^26^|^2^|^994^|^002^|^ G^|^Pemeliharaan Gedung dan Bangunan^|^00^|^^|0|0
^2026^|^01^|^527514^|^015^|^08^|^WA^|^4715^|^EBA^|^05^|^26^|^2^|^994^|^002^|^TJ^|^Jasa Pemeliharaan Annual Technical Support (ATS)^|^00^|^^|0|0
^2026^|^01^|^527514^|^015^|^08^|^WA^|^4718^|^BMB^|^05^|^26^|^2^|^001^|^100^|^ A^|^TANPA SUB KOMPONEN^|^00^|^^|0|0
^2026^|^01^|^527514^|^015^|^08^|^WA^|^4718^|^BMB^|^05^|^26^|^2^|^002^|^100^|^ A^|^TANPA SUB KOMPONEN^|^00^|^^|0|0
^2026^|^01^|^527514^|^015^|^08^|^WA^|^4719^|^EBA^|^05^|^26^|^2^|^004^|^100^|^ A^|^Survey Kepuasan Pengguna Layanan^|^00^|^^|0|0
^2026^|^01^|^527514^|^015^|^08^|^WA^|^4719^|^EBA^|^05^|^26^|^2^|^994^|^001^|^ A^|^TANPA SUB KOMPONEN^|^00^|^^|0|0
^2026^|^01^|^527514^|^015^|^08^|^WA^|^4719^|^EBC^|^05^|^26^|^2^|^001^|^100^|^ A^|^Peningkatan Kapasitas SDM^|^00^|^^|0|0
^2026^|^01^|^527521^|^015^|^08^|^CD^|^6212^|^BMB^|^05^|^12^|^2^|^001^|^100^|^AA^|^Profiling UMKM  KPPN Induk^|^00^|^^|0|0
^2026^|^01^|^527521^|^015^|^08^|^CD^|^6212^|^BMB^|^05^|^12^|^2^|^001^|^100^|^BA^|^Profiling UMKM  KPPN Unit^|^00^|^^|0|0
^2026^|^01^|^527521^|^015^|^08^|^CD^|^6212^|^FAC^|^05^|^12^|^2^|^001^|^100^|^AA^|^Training Modul Aplikasi SAKTI  KPPN Induk^|^00^|^^|0|0
^2026^|^01^|^527521^|^015^|^08^|^CD^|^6212^|^FAC^|^05^|^12^|^2^|^001^|^100^|^AB^|^FGD dan Bimtek Transfer Keuangan Daerah  KPPN Induk^|^00^|^^|0|0
^2026^|^01^|^527521^|^015^|^08^|^CD^|^6212^|^FAC^|^05^|^12^|^2^|^001^|^100^|^BA^|^Training Modul Aplikasi SAKTI  KPPN Unit^|^00^|^^|0|0
^2026^|^01^|^527521^|^015^|^08^|^CD^|^6212^|^FAC^|^05^|^12^|^2^|^001^|^100^|^BB^|^FGD dan Bimtek Transfer Keuangan Daerah  KPPN Unit^|^00^|^^|0|0
^2026^|^01^|^527521^|^015^|^08^|^CD^|^6212^|^FAH^|^05^|^12^|^2^|^001^|^100^|^AA^|^TANPA SUB KOMPONEN  KPPN Induk^|^00^|^^|0|0
^2026^|^01^|^527521^|^015^|^08^|^CD^|^6212^|^FAH^|^05^|^12^|^2^|^001^|^100^|^BA^|^TANPA SUB KOMPONEN  KPPN Unit^|^00^|^^|0|0
^2026^|^01^|^527521^|^015^|^08^|^CD^|^6212^|^FAL^|^05^|^12^|^2^|^004^|^100^|^AA^|^Konsultasi  KPPN Induk^|^00^|^^|0|0
^2026^|^01^|^527521^|^015^|^08^|^CD^|^6212^|^FAL^|^05^|^12^|^2^|^004^|^100^|^AB^|^Sosialisasi dan Bimbingan Teknis  KPPN Induk^|^00^|^^|0|0
^2026^|^01^|^527521^|^015^|^08^|^CD^|^6212^|^FAL^|^05^|^12^|^2^|^004^|^100^|^AD^|^Pembinaan Pemda, TKD, dan Penandatanganan BA Rekonsiliasi Pajak  KPPN Induk^|^00^|^^|0|0
^2026^|^01^|^527521^|^015^|^08^|^CD^|^6212^|^FAL^|^05^|^12^|^2^|^004^|^100^|^BA^|^Konsultasi  KPPN Unit^|^00^|^^|0|0
^2026^|^01^|^527521^|^015^|^08^|^CD^|^6212^|^FAL^|^05^|^12^|^2^|^004^|^100^|^BB^|^Sosialisasi dan Bimbingan Teknis  KPPN Unit^|^00^|^^|0|0
^2026^|^01^|^527521^|^015^|^08^|^CD^|^6212^|^FAL^|^05^|^12^|^2^|^004^|^100^|^BD^|^Pembinaan Pemda, TKD, dan Penandatanganan BA Rekonsiliasi Pajak  KPPN Unit^|^00^|^^|0|0
^2026^|^01^|^527521^|^015^|^08^|^CD^|^6213^|^FAC^|^05^|^12^|^2^|^001^|^100^|^AA^|^Pembinaan Jabatan Fungsional Perbendaharaan  KPPN Induk^|^00^|^^|0|0
^2026^|^01^|^527521^|^015^|^08^|^CD^|^6213^|^FAC^|^05^|^12^|^2^|^001^|^100^|^BA^|^Pembinaan Jabatan Fungsional Perbendaharaan  KPPN Unit^|^00^|^^|0|0
^2026^|^01^|^527521^|^015^|^08^|^CD^|^6213^|^FAE^|^05^|^12^|^2^|^009^|^100^|^AA^|^Monev Penyaluran Pembiayaan Ultra Mikro  KPPN Induk^|^00^|^^|0|0
^2026^|^01^|^527521^|^015^|^08^|^CD^|^6213^|^FAE^|^05^|^12^|^2^|^009^|^100^|^BA^|^Monev Penyaluran Pembiayaan Ultra Mikro  KPPN Unit^|^00^|^^|0|0
^2026^|^01^|^527521^|^015^|^08^|^CD^|^6213^|^FAL^|^05^|^12^|^2^|^003^|^100^|^AA^|^Monev Pelaksanaan Anggaran  KPPN Induk^|^00^|^^|0|0
^2026^|^01^|^527521^|^015^|^08^|^CD^|^6213^|^FAL^|^05^|^12^|^2^|^003^|^100^|^BA^|^Monev Pelaksanaan Anggaran  KPPN Unit^|^00^|^^|0|0
^2026^|^01^|^527521^|^015^|^08^|^CD^|^6214^|^FAL^|^05^|^12^|^2^|^002^|^100^|^AA^|^Pelaksanaan PencairanPenarikanPengesahan Dana  KPPN Induk^|^00^|^^|0|0
^2026^|^01^|^527521^|^015^|^08^|^CD^|^6214^|^FAL^|^05^|^12^|^2^|^002^|^100^|^AB^|^PenerbitanPersetujuanRekonsiliasi RekeningSKPPKonfirmasi Penerimaan Negara, dll  KPPN Induk^|^00^|^^|0|0
^2026^|^01^|^527521^|^015^|^08^|^CD^|^6214^|^FAL^|^05^|^12^|^2^|^002^|^100^|^BA^|^Pelaksanaan PencairanPenarikanPengesahan Dana  KPPN Unit^|^00^|^^|0|0
^2026^|^01^|^527521^|^015^|^08^|^CD^|^6214^|^FAL^|^05^|^12^|^2^|^002^|^100^|^BB^|^PenerbitanPersetujuanRekonsiliasi RekeningSKPPKonfirmasi Penerimaan Negara, dll  KPPN Unit^|^00^|^^|0|0
^2026^|^01^|^527521^|^015^|^08^|^CD^|^6215^|^FAH^|^05^|^12^|^2^|^003^|^100^|^AA^|^Penyusunan Laporan Keuangan Tingkat Kuasa BUN di Daerah  KPPN Induk^|^00^|^^|0|0
^2026^|^01^|^527521^|^015^|^08^|^CD^|^6215^|^FAH^|^05^|^12^|^2^|^003^|^100^|^BA^|^Penyusunan Laporan Keuangan Tingkat Kuasa BUN di Daerah  KPPN Unit^|^00^|^^|0|0
^2026^|^01^|^527521^|^015^|^08^|^WA^|^4715^|^EBA^|^05^|^12^|^2^|^001^|^100^|^AA^|^TANPA SUB KOMPONEN  KPPN Induk^|^00^|^^|0|0
^2026^|^01^|^527521^|^015^|^08^|^WA^|^4715^|^EBA^|^05^|^12^|^2^|^001^|^100^|^AB^|^Koordinasi Penyusunan ATK PU  KPPN Induk^|^00^|^^|0|0
^2026^|^01^|^527521^|^015^|^08^|^WA^|^4715^|^EBA^|^05^|^12^|^2^|^001^|^100^|^BA^|^TANPA SUB KOMPONEN  KPPN Unit^|^00^|^^|0|0
^2026^|^01^|^527521^|^015^|^08^|^WA^|^4715^|^EBA^|^05^|^12^|^2^|^001^|^100^|^BB^|^Koordinasi Penyusunan ATK PU  KPPN Unit^|^00^|^^|0|0
^2026^|^01^|^527521^|^015^|^08^|^WA^|^4715^|^EBA^|^05^|^12^|^2^|^002^|^100^|^AA^|^TANPA SUB KOMPONEN  KPPN Induk^|^00^|^^|0|0
^2026^|^01^|^527521^|^015^|^08^|^WA^|^4715^|^EBA^|^05^|^12^|^2^|^002^|^100^|^AB^|^Monitoring PejabatPetugas Pengelola Keuangan  KPPN Induk^|^00^|^^|0|0
^2026^|^01^|^527521^|^015^|^08^|^WA^|^4715^|^EBA^|^05^|^12^|^2^|^002^|^100^|^BA^|^Monitoring PejabatPetugas Pengelola Keuangan KPPN Unit^|^00^|^^|0|0
^2026^|^01^|^527521^|^015^|^08^|^WA^|^4715^|^EBA^|^05^|^12^|^2^|^002^|^100^|^BB^|^TANPA SUB KOMPONEN  KPPN Unit^|^00^|^^|0|0
^2026^|^01^|^527521^|^015^|^08^|^WA^|^4715^|^EBA^|^05^|^12^|^2^|^994^|^002^|^AA^|^Keperluan Seharihari Perkantoran  KPPN Induk^|^00^|^^|0|0
^2026^|^01^|^527521^|^015^|^08^|^WA^|^4715^|^EBA^|^05^|^12^|^2^|^994^|^002^|^AB^|^Langganan Daya dan Jasa  KPPN Induk^|^00^|^^|0|0
^2026^|^01^|^527521^|^015^|^08^|^WA^|^4715^|^EBA^|^05^|^12^|^2^|^994^|^002^|^AC^|^Pelaksanaan Operasional Kantor  KPPN Induk^|^00^|^^|0|0
^2026^|^01^|^527521^|^015^|^08^|^WA^|^4715^|^EBA^|^05^|^12^|^2^|^994^|^002^|^AD^|^Pemeliharaan Peralatan dan Mesin  KPPN Induk^|^00^|^^|0|0
^2026^|^01^|^527521^|^015^|^08^|^WA^|^4715^|^EBA^|^05^|^12^|^2^|^994^|^002^|^AE^|^Pemeliharaan Gedung dan Bangunan  KPPN Induk^|^00^|^^|0|0
^2026^|^01^|^527521^|^015^|^08^|^WA^|^4715^|^EBA^|^05^|^12^|^2^|^994^|^002^|^BA^|^Keperluan Seharihari Perkantoran  KPPN Unit^|^00^|^^|0|0
^2026^|^01^|^527521^|^015^|^08^|^WA^|^4715^|^EBA^|^05^|^12^|^2^|^994^|^002^|^BC^|^Pelaksanaan Operasional Kantor  KPPN Unit^|^00^|^^|0|0
^2026^|^01^|^527521^|^015^|^08^|^WA^|^4715^|^EBA^|^05^|^12^|^2^|^994^|^002^|^BD^|^Pemeliharaan Peralatan dan Mesin  KPPN Unit^|^00^|^^|0|0
^2026^|^01^|^527521^|^015^|^08^|^WA^|^4715^|^EBA^|^05^|^12^|^2^|^994^|^002^|^BE^|^Pemeliharaan Gedung dan Bangunan  KPPN Unit^|^00^|^^|0|0
^2026^|^01^|^527521^|^015^|^08^|^WA^|^4715^|^EBA^|^05^|^12^|^2^|^994^|^002^|^TJ^|^Jasa Pemeliharaan Annual Technical Support (ATS)^|^00^|^^|0|0
^2026^|^01^|^527521^|^015^|^08^|^WA^|^4715^|^EBB^|^05^|^12^|^2^|^004^|^100^|^GB^|^Renovasi GedungBangunan Kantor^|^00^|^^|0|0
^2026^|^01^|^527521^|^015^|^08^|^WA^|^4715^|^EBD^|^05^|^12^|^2^|^Z36^|^100^|^AB^|^Pelaksanaan Manajemen Kinerja, Resiko dan Kepatuhan Internal  KPPN Induk^|^00^|^^|0|0
^2026^|^01^|^527521^|^015^|^08^|^WA^|^4715^|^EBD^|^05^|^12^|^2^|^Z36^|^100^|^BB^|^Pelaksanaan Manajemen Kinerja, Resiko dan Kepatuhan Internal  KPPN Unit^|^00^|^^|0|0
^2026^|^01^|^527521^|^015^|^08^|^WA^|^4718^|^BMB^|^05^|^12^|^2^|^001^|^100^|^AA^|^TANPA SUB KOMPONEN  KPPN Induk^|^00^|^^|0|0
^2026^|^01^|^527521^|^015^|^08^|^WA^|^4718^|^BMB^|^05^|^12^|^2^|^001^|^100^|^BA^|^TANPA SUB KOMPONEN  KPPN Unit^|^00^|^^|0|0
^2026^|^01^|^527521^|^015^|^08^|^WA^|^4718^|^BMB^|^05^|^12^|^2^|^002^|^100^|^AA^|^TANPA SUB KOMPONEN  KPPN Induk^|^00^|^^|0|0
^2026^|^01^|^527521^|^015^|^08^|^WA^|^4718^|^BMB^|^05^|^12^|^2^|^002^|^100^|^BA^|^TANPA SUB KOMPONEN  KPPN Unit^|^00^|^^|0|0
^2026^|^01^|^527521^|^015^|^08^|^WA^|^4719^|^EBA^|^05^|^12^|^2^|^004^|^100^|^AA^|^Survey Kepuasan Pengguna Layanan  KPPN Induk^|^00^|^^|0|0
^2026^|^01^|^527521^|^015^|^08^|^WA^|^4719^|^EBA^|^05^|^12^|^2^|^004^|^100^|^BA^|^Survey Kepuasan Pengguna Layanan  KPPN Unit^|^00^|^^|0|0
^2026^|^01^|^527521^|^015^|^08^|^WA^|^4719^|^EBA^|^05^|^12^|^2^|^994^|^001^|^AA^|^TANPA SUB KOMPONEN  KPPN Induk^|^00^|^^|0|0
^2026^|^01^|^527521^|^015^|^08^|^WA^|^4719^|^EBA^|^05^|^12^|^2^|^994^|^001^|^BA^|^TANPA SUB KOMPONEN  KPPN Unit^|^00^|^^|0|0
^2026^|^01^|^527521^|^015^|^08^|^WA^|^4719^|^EBC^|^05^|^12^|^2^|^001^|^100^|^XC^|^Penyelenggaraan Capacity Building^|^00^|^^|0|0
^2026^|^01^|^527556^|^015^|^08^|^CD^|^6212^|^BMB^|^06^|^51^|^2^|^001^|^100^|^ A^|^Profiling UMKM^|^00^|^^|0|0
^2026^|^01^|^527556^|^015^|^08^|^CD^|^6212^|^BMB^|^06^|^51^|^2^|^001^|^100^|^ B^|^Pemberdayaan UMKM  SosialisasiBimtekAsistensi dan BazarPojokRumah UMKM^|^00^|^^|0|0
^2026^|^01^|^527556^|^015^|^08^|^CD^|^6212^|^BMB^|^06^|^51^|^2^|^001^|^100^|^ C^|^Monitoring dan Evaluasi^|^00^|^^|0|0
^2026^|^01^|^527556^|^015^|^08^|^CD^|^6212^|^BMB^|^06^|^51^|^2^|^001^|^100^|^ D^|^Komunikasi Publik  BazarPojokRumah UMKM^|^00^|^^|0|0
^2026^|^01^|^527556^|^015^|^08^|^CD^|^6212^|^FAC^|^06^|^51^|^2^|^002^|^100^|^ B^|^AsistensiPembinaan Pengelolaan Keuangan BLU Daerah^|^00^|^^|0|0
^2026^|^01^|^527556^|^015^|^08^|^CD^|^6212^|^FAH^|^06^|^51^|^2^|^002^|^100^|^ A^|^Forum Koordinasi dan Rekonsiliasi Data dengan Bank Indonesia^|^00^|^^|0|0
^2026^|^01^|^527556^|^015^|^08^|^CD^|^6212^|^FAH^|^06^|^51^|^2^|^002^|^100^|^ B^|^Pembinaan SAP pada Pemerintah Daerah^|^00^|^^|0|0
^2026^|^01^|^527556^|^015^|^08^|^CD^|^6212^|^FAH^|^06^|^51^|^2^|^002^|^100^|^ C^|^SosialisasiBimtekWorkshopFGD dengan Pemda^|^00^|^^|0|0
^2026^|^01^|^527556^|^015^|^08^|^CD^|^6212^|^FAH^|^06^|^51^|^2^|^003^|^100^|^ A^|^Pendampingan Penyusunan dan Penyelesaian Permasalahan Laporan Keuangan UAPPAW dan BLU^|^00^|^^|0|0
^2026^|^01^|^527556^|^015^|^08^|^CD^|^6212^|^FAL^|^06^|^51^|^2^|^001^|^100^|^ B^|^Pengkoordinasian Kerjasama Ekonomi dan Keuangan Daerah^|^00^|^^|0|0
^2026^|^01^|^527556^|^015^|^08^|^CD^|^6212^|^FAL^|^06^|^51^|^2^|^001^|^100^|^ D^|^Penyerahan DIPA^|^00^|^^|0|0
^2026^|^01^|^527556^|^015^|^08^|^CD^|^6213^|^ABA^|^06^|^51^|^2^|^001^|^100^|^ A^|^Penyusunan Analisis Potensi Pembiayaan dan Pelaksanaan MoU DJPb dan PT SMI di Daerah^|^00^|^^|0|0
^2026^|^01^|^527556^|^015^|^08^|^CD^|^6213^|^FAE^|^06^|^51^|^2^|^008^|^100^|^ A^|^Koordinasi Pelaksanaan Tugas RCE dan ALCo^|^00^|^^|0|0
^2026^|^01^|^527556^|^015^|^08^|^CD^|^6213^|^FAE^|^06^|^51^|^2^|^009^|^100^|^ A^|^Monitoring dan  Evaluasi KURPenerusan Pinjaman^|^00^|^^|0|0
^2026^|^01^|^527556^|^015^|^08^|^CD^|^6213^|^FAL^|^06^|^51^|^2^|^003^|^100^|^ A^|^Pelaksanaan Spending Review^|^00^|^^|0|0
^2026^|^01^|^527556^|^015^|^08^|^CD^|^6213^|^FAL^|^06^|^51^|^2^|^003^|^100^|^ B^|^Review Pelaksanaan Anggaran^|^00^|^^|0|0
^2026^|^01^|^527556^|^015^|^08^|^CD^|^6213^|^FAL^|^06^|^51^|^2^|^003^|^100^|^ C^|^Monitoring dan Evaluasi Pelaksanaan Anggaran^|^00^|^^|0|0
^2026^|^01^|^527556^|^015^|^08^|^CD^|^6213^|^FAL^|^06^|^51^|^2^|^003^|^100^|^ D^|^Pengumpulan InformasiPenajaman Data Fiskal RegionalPenyusunan KFR^|^00^|^^|0|0
^2026^|^01^|^527556^|^015^|^08^|^CD^|^6213^|^FAL^|^06^|^51^|^2^|^003^|^100^|^ E^|^Publikasi Kajian Fiskal Regional^|^00^|^^|0|0
^2026^|^01^|^527556^|^015^|^08^|^CD^|^6213^|^FAL^|^06^|^51^|^2^|^003^|^100^|^ F^|^Pengumpulan Konfirmasi Informasi Pengelolaan Keuangan Daerah dan Penyusunan Profil Keuangan Daerah^|^00^|^^|0|0
^2026^|^01^|^527556^|^015^|^08^|^CD^|^6213^|^FAL^|^06^|^51^|^2^|^003^|^100^|^ G^|^Monitoring atas Dana Transfer dan Dana Desa^|^00^|^^|0|0
^2026^|^01^|^527556^|^015^|^08^|^CD^|^6215^|^FAH^|^06^|^51^|^2^|^001^|^100^|^ A^|^Koordinasi Laporan Keuangan Pemerintah Daerah dan atau BLUD^|^00^|^^|0|0
^2026^|^01^|^527556^|^015^|^08^|^CD^|^6215^|^FAH^|^06^|^51^|^2^|^001^|^100^|^ B^|^Penyusunan Laporan Statistik Keuangan Pemerintah Tingkat Wilayah^|^00^|^^|0|0
^2026^|^01^|^527556^|^015^|^08^|^CD^|^6215^|^FAH^|^06^|^51^|^2^|^003^|^100^|^ B^|^Koordinasi UAKBUN D (KPPN)^|^00^|^^|0|0
^2026^|^01^|^527556^|^015^|^08^|^CD^|^6216^|^FAE^|^06^|^51^|^2^|^002^|^100^|^ A^|^Pelaksanaan Survei Bahan Sumbangan Standar Biaya Masukan^|^00^|^^|0|0
^2026^|^01^|^527556^|^015^|^08^|^WA^|^4715^|^EBA^|^06^|^51^|^2^|^001^|^100^|^ A^|^TANPA SUB KOMPONEN^|^00^|^^|0|0
^2026^|^01^|^527556^|^015^|^08^|^WA^|^4715^|^EBA^|^06^|^51^|^2^|^001^|^100^|^ B^|^Koordinasi Penyusunan ATK PU^|^00^|^^|0|0
^2026^|^01^|^527556^|^015^|^08^|^WA^|^4715^|^EBA^|^06^|^51^|^2^|^002^|^100^|^ A^|^TANPA SUB KOMPONEN^|^00^|^^|0|0
^2026^|^01^|^527556^|^015^|^08^|^WA^|^4715^|^EBA^|^06^|^51^|^2^|^994^|^002^|^ A^|^Keperluan Seharihari Perkantoran^|^00^|^^|0|0
^2026^|^01^|^527556^|^015^|^08^|^WA^|^4715^|^EBA^|^06^|^51^|^2^|^994^|^002^|^ B^|^Langganan Daya dan Jasa^|^00^|^^|0|0
^2026^|^01^|^527556^|^015^|^08^|^WA^|^4715^|^EBA^|^06^|^51^|^2^|^994^|^002^|^ C^|^Operasional Kantor^|^00^|^^|0|0
^2026^|^01^|^527556^|^015^|^08^|^WA^|^4715^|^EBA^|^06^|^51^|^2^|^994^|^002^|^ D^|^Pemeliharaan Peralatan dan Mesin^|^00^|^^|0|0
^2026^|^01^|^527556^|^015^|^08^|^WA^|^4715^|^EBA^|^06^|^51^|^2^|^994^|^002^|^ G^|^Pemeliharaan Gedung dan Bangunan^|^00^|^^|0|0
^2026^|^01^|^527556^|^015^|^08^|^WA^|^4715^|^EBA^|^06^|^51^|^2^|^994^|^002^|^TJ^|^Jasa PemeliharaanAnnual Technical Support (ATS)^|^00^|^^|0|0
^2026^|^01^|^527556^|^015^|^08^|^WA^|^4715^|^EBD^|^06^|^51^|^2^|^Z26^|^100^|^ A^|^Rakor Penyusunan Laporan Keuangan Tingkat UAPPAW^|^00^|^^|0|0
^2026^|^01^|^527556^|^015^|^08^|^WA^|^4715^|^EBD^|^06^|^51^|^2^|^Z36^|^100^|^ A^|^TANPA SUB KOMPONEN^|^00^|^^|0|0
^2026^|^01^|^527556^|^015^|^08^|^WA^|^4718^|^BMB^|^06^|^51^|^2^|^001^|^100^|^ A^|^TANPA SUB KOMPONEN^|^00^|^^|0|0
^2026^|^01^|^527556^|^015^|^08^|^WA^|^4718^|^BMB^|^06^|^51^|^2^|^002^|^100^|^ A^|^TANPA SUB KOMPONEN^|^00^|^^|0|0
^2026^|^01^|^527556^|^015^|^08^|^WA^|^4719^|^EBA^|^06^|^51^|^2^|^003^|^100^|^ B^|^Koordinasi Inovasi layanan^|^00^|^^|0|0
^2026^|^01^|^527556^|^015^|^08^|^WA^|^4719^|^EBA^|^06^|^51^|^2^|^994^|^001^|^ A^|^TANPA SUB KOMPONEN^|^00^|^^|0|0
^2026^|^01^|^527556^|^015^|^08^|^WA^|^4719^|^EBC^|^06^|^51^|^2^|^001^|^100^|^XC^|^Penyelenggaraan Capacity Building^|^00^|^^|0|0
^2026^|^01^|^527556^|^015^|^08^|^WA^|^4722^|^EBD^|^06^|^51^|^2^|^001^|^100^|^ A^|^Pelaksanaan Manajemen Risiko dan Kepatuhan Internal^|^00^|^^|0|0
^2026^|^01^|^527560^|^015^|^08^|^CD^|^6212^|^BMB^|^06^|^51^|^2^|^001^|^100^|^ A^|^Profiling UMKM^|^00^|^^|0|0
^2026^|^01^|^527560^|^015^|^08^|^CD^|^6212^|^FAC^|^06^|^51^|^2^|^001^|^100^|^ A^|^Training Modul Aplikasi SAKTI^|^00^|^^|0|0
^2026^|^01^|^527560^|^015^|^08^|^CD^|^6212^|^FAC^|^06^|^51^|^2^|^001^|^100^|^ B^|^FGD dan Bimtek Transfer Keuangan Daerah^|^00^|^^|0|0
^2026^|^01^|^527560^|^015^|^08^|^CD^|^6212^|^FAH^|^06^|^51^|^2^|^001^|^100^|^ A^|^TANPA SUB KOMPONEN^|^00^|^^|0|0
^2026^|^01^|^527560^|^015^|^08^|^CD^|^6212^|^FAL^|^06^|^51^|^2^|^004^|^100^|^ A^|^Konsultasi^|^00^|^^|0|0
^2026^|^01^|^527560^|^015^|^08^|^CD^|^6212^|^FAL^|^06^|^51^|^2^|^004^|^100^|^ B^|^Sosialisasi dan Bimbingan Teknis^|^00^|^^|0|0
^2026^|^01^|^527560^|^015^|^08^|^CD^|^6212^|^FAL^|^06^|^51^|^2^|^004^|^100^|^ C^|^Pembinaan Pemda, TKD, dan Penandatanganan BA Rekonsiliasi Pajak^|^00^|^^|0|0
^2026^|^01^|^527560^|^015^|^08^|^CD^|^6213^|^FAC^|^06^|^51^|^2^|^001^|^100^|^ A^|^Pembinaan Jabatan Fungsional Perbendaharaan^|^00^|^^|0|0
^2026^|^01^|^527560^|^015^|^08^|^CD^|^6213^|^FAL^|^06^|^51^|^2^|^003^|^100^|^ A^|^Monev Pelaksanaan Anggaran^|^00^|^^|0|0
^2026^|^01^|^527560^|^015^|^08^|^CD^|^6214^|^FAL^|^06^|^51^|^2^|^002^|^100^|^ A^|^Pelaksanaan PencairanPenarikanPengesahan Dana^|^00^|^^|0|0
^2026^|^01^|^527560^|^015^|^08^|^CD^|^6214^|^FAL^|^06^|^51^|^2^|^002^|^100^|^ B^|^PenerbitanPersetujuanRekonsiliasi RekeningSKPPKonfirmasi Penerimaan Negara, dll^|^00^|^^|0|0
^2026^|^01^|^527560^|^015^|^08^|^CD^|^6215^|^FAH^|^06^|^51^|^2^|^003^|^100^|^ A^|^Penyusunan Laporan Keuangan Tingkat Kuasa BUN di Daerah^|^00^|^^|0|0
^2026^|^01^|^527560^|^015^|^08^|^WA^|^4715^|^EBA^|^06^|^51^|^2^|^001^|^100^|^ A^|^TANPA SUB KOMPONEN^|^00^|^^|0|0
^2026^|^01^|^527560^|^015^|^08^|^WA^|^4715^|^EBA^|^06^|^51^|^2^|^002^|^100^|^ A^|^TANPA SUB KOMPONEN^|^00^|^^|0|0
^2026^|^01^|^527560^|^015^|^08^|^WA^|^4715^|^EBA^|^06^|^51^|^2^|^994^|^002^|^ A^|^Keperluan Seharihari Perkantoran^|^00^|^^|0|0
^2026^|^01^|^527560^|^015^|^08^|^WA^|^4715^|^EBA^|^06^|^51^|^2^|^994^|^002^|^ B^|^Langganan Daya dan Jasa^|^00^|^^|0|0
^2026^|^01^|^527560^|^015^|^08^|^WA^|^4715^|^EBA^|^06^|^51^|^2^|^994^|^002^|^ C^|^Pelaksanaan Operasional Kantor^|^00^|^^|0|0
^2026^|^01^|^527560^|^015^|^08^|^WA^|^4715^|^EBA^|^06^|^51^|^2^|^994^|^002^|^ D^|^Pemeliharaan Peralatan dan Mesin^|^00^|^^|0|0
^2026^|^01^|^527560^|^015^|^08^|^WA^|^4715^|^EBA^|^06^|^51^|^2^|^994^|^002^|^TJ^|^Jasa PemeliharaanAnnual Technical Support (ATS)^|^00^|^^|0|0
^2026^|^01^|^527560^|^015^|^08^|^WA^|^4718^|^BMB^|^06^|^51^|^2^|^002^|^100^|^ A^|^TANPA SUB KOMPONEN^|^00^|^^|0|0
^2026^|^01^|^527560^|^015^|^08^|^WA^|^4718^|^BMB^|^06^|^51^|^2^|^001^|^100^|^ A^|^TANPA SUB KOMPONEN^|^00^|^^|0|0
^2026^|^01^|^527560^|^015^|^08^|^WA^|^4719^|^EBA^|^06^|^51^|^2^|^994^|^001^|^ A^|^TANPA SUB KOMPONEN^|^00^|^^|0|0
^2026^|^01^|^527560^|^015^|^08^|^WA^|^4719^|^EBA^|^06^|^51^|^2^|^004^|^100^|^ A^|^Survey Kepuasan Pengguna Layanan^|^00^|^^|0|0
^2026^|^01^|^527560^|^015^|^08^|^WA^|^4719^|^EBC^|^06^|^51^|^2^|^001^|^100^|^XC^|^Penyelenggaraan Capacity Building^|^00^|^^|0|0
^2026^|^01^|^527577^|^015^|^08^|^CD^|^6212^|^BMB^|^06^|^06^|^2^|^001^|^100^|^ A^|^Profiling UMKM^|^00^|^^|0|0
^2026^|^01^|^527577^|^015^|^08^|^CD^|^6212^|^FAC^|^06^|^06^|^2^|^001^|^100^|^ A^|^Training Modul Aplikasi SAKTI^|^00^|^^|0|0
^2026^|^01^|^527577^|^015^|^08^|^CD^|^6212^|^FAC^|^06^|^06^|^2^|^001^|^100^|^ B^|^FGD dan Bimtek Transfer Keuangan Daerah^|^00^|^^|0|0
^2026^|^01^|^527577^|^015^|^08^|^CD^|^6212^|^FAH^|^06^|^06^|^2^|^001^|^100^|^ A^|^TANPA SUB KOMPONEN^|^00^|^^|0|0
^2026^|^01^|^527577^|^015^|^08^|^CD^|^6212^|^FAL^|^06^|^06^|^2^|^004^|^100^|^ A^|^Konsultasi^|^00^|^^|0|0
^2026^|^01^|^527577^|^015^|^08^|^CD^|^6212^|^FAL^|^06^|^06^|^2^|^004^|^100^|^ B^|^Sosialisasi dan Bimbingan Teknis^|^00^|^^|0|0
^2026^|^01^|^527577^|^015^|^08^|^CD^|^6213^|^FAC^|^06^|^06^|^2^|^001^|^100^|^ A^|^Pembinaan Jabatan Fungsional Perbendaharaan^|^00^|^^|0|0
^2026^|^01^|^527577^|^015^|^08^|^CD^|^6213^|^FAL^|^06^|^06^|^2^|^003^|^100^|^ A^|^Monev Pelaksanaan Anggaran^|^00^|^^|0|0
^2026^|^01^|^527577^|^015^|^08^|^CD^|^6214^|^FAL^|^06^|^06^|^2^|^002^|^100^|^ A^|^Pelaksanaan PencairanPenarikanPengesahan Dana^|^00^|^^|0|0
^2026^|^01^|^527577^|^015^|^08^|^CD^|^6214^|^FAL^|^06^|^06^|^2^|^002^|^100^|^ B^|^PenerbitanPersetujuanRekonsiliasi RekeningSKPPKonfirmasi Penerimaan Negara, dll^|^00^|^^|0|0
^2026^|^01^|^527577^|^015^|^08^|^CD^|^6215^|^FAH^|^06^|^06^|^2^|^003^|^100^|^ A^|^Penyusunan Laporan Keuangan Tingkat Kuasa BUN di Daerah^|^00^|^^|0|0
^2026^|^01^|^527577^|^015^|^08^|^CD^|^6215^|^FAH^|^06^|^06^|^2^|^003^|^100^|^ B^|^Koordinasi UAKBUND KPPN di Kanwil^|^00^|^^|0|0
^2026^|^01^|^527577^|^015^|^08^|^WA^|^4715^|^EBA^|^06^|^06^|^2^|^001^|^100^|^ A^|^TANPA SUB KOMPONEN^|^00^|^^|0|0
^2026^|^01^|^527577^|^015^|^08^|^WA^|^4715^|^EBA^|^06^|^06^|^2^|^001^|^100^|^ B^|^Koordinasi Penyusunan ATK PU^|^00^|^^|0|0
^2026^|^01^|^527577^|^015^|^08^|^WA^|^4715^|^EBA^|^06^|^06^|^2^|^002^|^100^|^ A^|^TANPA SUB KOMPONEN^|^00^|^^|0|0
^2026^|^01^|^527577^|^015^|^08^|^WA^|^4715^|^EBA^|^06^|^06^|^2^|^994^|^002^|^ A^|^Keperluan Seharihari Perkantoran^|^00^|^^|0|0
^2026^|^01^|^527577^|^015^|^08^|^WA^|^4715^|^EBA^|^06^|^06^|^2^|^994^|^002^|^ B^|^Langganan Daya dan Jasa^|^00^|^^|0|0
^2026^|^01^|^527577^|^015^|^08^|^WA^|^4715^|^EBA^|^06^|^06^|^2^|^994^|^002^|^ C^|^Pelaksanaan Operasional Kantor^|^00^|^^|0|0
^2026^|^01^|^527577^|^015^|^08^|^WA^|^4715^|^EBA^|^06^|^06^|^2^|^994^|^002^|^ D^|^Pemeliharaan Peralatan dan Mesin^|^00^|^^|0|0
^2026^|^01^|^527577^|^015^|^08^|^WA^|^4715^|^EBA^|^06^|^06^|^2^|^994^|^002^|^ G^|^Pemeliharaan Gedung dan Bangunan^|^00^|^^|0|0
^2026^|^01^|^527577^|^015^|^08^|^WA^|^4715^|^EBA^|^06^|^06^|^2^|^994^|^002^|^TJ^|^Jasa PemeliharaanAnnual Technical Support (ATS)^|^00^|^^|0|0
^2026^|^01^|^527577^|^015^|^08^|^WA^|^4715^|^EBD^|^06^|^06^|^2^|^Z36^|^100^|^ B^|^Pelaksanaan Manajemen Kinerja, Resiko dan Kepatuhan Internal^|^00^|^^|0|0
^2026^|^01^|^527577^|^015^|^08^|^WA^|^4718^|^BMB^|^06^|^06^|^2^|^001^|^100^|^ A^|^TANPA SUB KOMPONEN^|^00^|^^|0|0
^2026^|^01^|^527577^|^015^|^08^|^WA^|^4718^|^BMB^|^06^|^06^|^2^|^002^|^100^|^ A^|^TANPA SUB KOMPONEN^|^00^|^^|0|0
^2026^|^01^|^527577^|^015^|^08^|^WA^|^4719^|^EBA^|^06^|^06^|^2^|^004^|^100^|^ A^|^Survey Kepuasan Pengguna Layanan^|^00^|^^|0|0
^2026^|^01^|^527577^|^015^|^08^|^WA^|^4719^|^EBA^|^06^|^06^|^2^|^994^|^001^|^ A^|^TANPA SUB KOMPONEN^|^00^|^^|0|0
^2026^|^01^|^527577^|^015^|^08^|^WA^|^4719^|^EBC^|^06^|^06^|^2^|^001^|^100^|^XC^|^Penyelenggaraan Capacity Building^|^00^|^^|0|0
^2026^|^01^|^527610^|^015^|^08^|^CD^|^6212^|^BMB^|^06^|^08^|^2^|^001^|^100^|^ A^|^Profiling UMKM^|^00^|^^|0|0
^2026^|^01^|^527610^|^015^|^08^|^CD^|^6212^|^FAC^|^06^|^08^|^2^|^001^|^100^|^ A^|^Training Modul Aplikasi SAKTI^|^00^|^^|0|0
^2026^|^01^|^527610^|^015^|^08^|^CD^|^6212^|^FAC^|^06^|^08^|^2^|^001^|^100^|^ B^|^FGD dan Bimtek Transfer Keuangan Daerah^|^00^|^^|0|0
^2026^|^01^|^527610^|^015^|^08^|^CD^|^6212^|^FAH^|^06^|^08^|^2^|^001^|^100^|^ A^|^TANPA SUB KOMPONEN^|^00^|^^|0|0
^2026^|^01^|^527610^|^015^|^08^|^CD^|^6212^|^FAL^|^06^|^08^|^2^|^004^|^100^|^ A^|^Konsultasi^|^00^|^^|0|0
^2026^|^01^|^527610^|^015^|^08^|^CD^|^6212^|^FAL^|^06^|^08^|^2^|^004^|^100^|^ B^|^Sosialisasi dan Bimbingan Teknis^|^00^|^^|0|0
^2026^|^01^|^527610^|^015^|^08^|^CD^|^6212^|^FAL^|^06^|^08^|^2^|^004^|^100^|^ D^|^Pembinaan Pemda, TKD, dan Penandatanganan BA Rekonsiliasi Pajak^|^00^|^^|0|0
^2026^|^01^|^527610^|^015^|^08^|^CD^|^6213^|^FAC^|^06^|^08^|^2^|^001^|^100^|^ A^|^Pembinaan Jabatan Fungsional Perbendaharaan^|^00^|^^|0|0
^2026^|^01^|^527610^|^015^|^08^|^CD^|^6213^|^FAE^|^06^|^08^|^2^|^009^|^100^|^ A^|^Monev Penyaluran Pembiayaan Ultra Mikro^|^00^|^^|0|0
^2026^|^01^|^527610^|^015^|^08^|^CD^|^6213^|^FAL^|^06^|^08^|^2^|^003^|^100^|^ A^|^Monev Pelaksanaan Anggaran^|^00^|^^|0|0
^2026^|^01^|^527610^|^015^|^08^|^CD^|^6214^|^FAL^|^06^|^08^|^2^|^002^|^100^|^ A^|^Pelaksanaan PencairanPenarikanPengesahan Dana^|^00^|^^|0|0
^2026^|^01^|^527610^|^015^|^08^|^CD^|^6214^|^FAL^|^06^|^08^|^2^|^002^|^100^|^ B^|^PenertibanPersetujuanRekonsiliasi RekeningSKPPKonfirmasi Penerimaan Negara, dll^|^00^|^^|0|0
^2026^|^01^|^527610^|^015^|^08^|^CD^|^6215^|^FAH^|^06^|^08^|^2^|^003^|^100^|^ A^|^Penyusunan Laporan Keuangan Tingkat Kuasa BUN di Daerah^|^00^|^^|0|0
^2026^|^01^|^527610^|^015^|^08^|^CD^|^6215^|^FAH^|^06^|^08^|^2^|^003^|^100^|^ B^|^Koordinasi UAKBUND KPPN di Kanwil^|^00^|^^|0|0
^2026^|^01^|^527610^|^015^|^08^|^WA^|^4715^|^EBA^|^06^|^08^|^2^|^001^|^100^|^ A^|^TANPA SUB KOMPONEN^|^00^|^^|0|0
^2026^|^01^|^527610^|^015^|^08^|^WA^|^4715^|^EBA^|^06^|^08^|^2^|^002^|^100^|^ A^|^TANPA SUB KOMPONEN^|^00^|^^|0|0
^2026^|^01^|^527610^|^015^|^08^|^WA^|^4715^|^EBA^|^06^|^08^|^2^|^994^|^002^|^ A^|^Keperluan Seharihari Perkantoran^|^00^|^^|0|0
^2026^|^01^|^527610^|^015^|^08^|^WA^|^4715^|^EBA^|^06^|^08^|^2^|^994^|^002^|^ B^|^Langganan Daya dan Jasa^|^00^|^^|0|0
^2026^|^01^|^527610^|^015^|^08^|^WA^|^4715^|^EBA^|^06^|^08^|^2^|^994^|^002^|^ C^|^Pelaksanaan Operasional Kantor^|^00^|^^|0|0
^2026^|^01^|^527610^|^015^|^08^|^WA^|^4715^|^EBA^|^06^|^08^|^2^|^994^|^002^|^ D^|^Pemeliharaan Peralatan dan Mesin^|^00^|^^|0|0
^2026^|^01^|^527610^|^015^|^08^|^WA^|^4715^|^EBA^|^06^|^08^|^2^|^994^|^002^|^ G^|^Pemeliharaan Gedung dan Bangunan^|^00^|^^|0|0
^2026^|^01^|^527610^|^015^|^08^|^WA^|^4715^|^EBA^|^06^|^08^|^2^|^994^|^002^|^TJ^|^Jasa PemeliharaanAnnual Technical Support (ATS)^|^00^|^^|0|0
^2026^|^01^|^527610^|^015^|^08^|^WA^|^4718^|^BMB^|^06^|^08^|^2^|^001^|^100^|^ A^|^TANPA SUB KOMPONEN^|^00^|^^|0|0
^2026^|^01^|^527610^|^015^|^08^|^WA^|^4718^|^BMB^|^06^|^08^|^2^|^002^|^100^|^ A^|^TANPA SUB KOMPONEN^|^00^|^^|0|0
^2026^|^01^|^527610^|^015^|^08^|^WA^|^4719^|^EBA^|^06^|^08^|^2^|^004^|^100^|^ A^|^Survey Kepuasan Pengguna Layanan^|^00^|^^|0|0
^2026^|^01^|^527610^|^015^|^08^|^WA^|^4719^|^EBA^|^06^|^08^|^2^|^994^|^001^|^ A^|^TANPA SUB KOMPONEN^|^00^|^^|0|0
^2026^|^01^|^527610^|^015^|^08^|^WA^|^4719^|^EBC^|^06^|^08^|^2^|^001^|^100^|^XC^|^Penyelenggaraan Capacity Building^|^00^|^^|0|0
^2026^|^01^|^527603^|^015^|^08^|^CD^|^6212^|^FAC^|^06^|^54^|^2^|^001^|^100^|^ A^|^Training Modul Aplikasi SAKTI^|^00^|^^|0|0
^2026^|^01^|^527603^|^015^|^08^|^CD^|^6212^|^FAC^|^06^|^54^|^2^|^001^|^100^|^ B^|^FGD dan Bimtek Transfer Keuangan Daerah^|^00^|^^|0|0
^2026^|^01^|^527603^|^015^|^08^|^CD^|^6212^|^FAH^|^06^|^54^|^2^|^001^|^100^|^ A^|^TANPA SUB KOMPONEN^|^00^|^^|0|0
^2026^|^01^|^527603^|^015^|^08^|^CD^|^6212^|^FAL^|^06^|^54^|^2^|^004^|^100^|^ A^|^Konsultasi^|^00^|^^|0|0
^2026^|^01^|^527603^|^015^|^08^|^CD^|^6212^|^FAL^|^06^|^54^|^2^|^004^|^100^|^ B^|^Sosialisasi dan Bimbingan Teknis^|^00^|^^|0|0
^2026^|^01^|^527603^|^015^|^08^|^CD^|^6212^|^FAL^|^06^|^54^|^2^|^004^|^100^|^ C^|^Pembinaan Pemda, TKD, dan Penandatanganan BAR^|^00^|^^|0|0
^2026^|^01^|^527603^|^015^|^08^|^CD^|^6213^|^FAC^|^06^|^54^|^2^|^001^|^100^|^ A^|^Pembinaan Jabatan Fungsional Perbendaharaan^|^00^|^^|0|0
^2026^|^01^|^527603^|^015^|^08^|^CD^|^6214^|^FAL^|^06^|^54^|^2^|^002^|^100^|^ A^|^Pelaksanaan Pencairan/Penarikan/Pengesahan Dana^|^00^|^^|0|0
^2026^|^01^|^527603^|^015^|^08^|^CD^|^6214^|^FAL^|^06^|^54^|^2^|^002^|^100^|^ B^|^Penerbitan/Persetujuan/Rekonsiliasi Rekening/SKPP/Konfirmasi Penerimaan Negara, dll^|^00^|^^|0|0
^2026^|^01^|^527603^|^015^|^08^|^CD^|^6215^|^FAH^|^06^|^54^|^2^|^003^|^100^|^ A^|^Penyusunan Laporan Keuangan Tingkat Kuasa BUN di Daerah^|^00^|^^|0|0
^2026^|^01^|^527603^|^015^|^08^|^CD^|^6215^|^FAH^|^06^|^54^|^2^|^003^|^100^|^ B^|^Koordinasi UAKBUN-D KPPN di Kanwil^|^00^|^^|0|0
^2026^|^01^|^527603^|^015^|^08^|^WA^|^4715^|^EBA^|^06^|^54^|^2^|^001^|^100^|^ A^|^TANPA SUB KOMPONEN^|^00^|^^|0|0
^2026^|^01^|^527603^|^015^|^08^|^WA^|^4715^|^EBA^|^06^|^54^|^2^|^001^|^100^|^ B^|^Koordinasi Penyusunan ATK PU^|^00^|^^|0|0
^2026^|^01^|^527603^|^015^|^08^|^WA^|^4715^|^EBA^|^06^|^54^|^2^|^002^|^100^|^ A^|^TANPA SUB KOMPONEN^|^00^|^^|0|0
^2026^|^01^|^527603^|^015^|^08^|^WA^|^4715^|^EBA^|^06^|^54^|^2^|^994^|^002^|^ A^|^Keperluan Sehari-hari Perkantoran^|^00^|^^|0|0
^2026^|^01^|^527603^|^015^|^08^|^WA^|^4715^|^EBA^|^06^|^54^|^2^|^994^|^002^|^ B^|^Langganan Daya dan Jasa^|^00^|^^|0|0
^2026^|^01^|^527603^|^015^|^08^|^WA^|^4715^|^EBA^|^06^|^54^|^2^|^994^|^002^|^ C^|^Pelaksanaan Operasional Kantor^|^00^|^^|0|0
^2026^|^01^|^527603^|^015^|^08^|^WA^|^4715^|^EBA^|^06^|^54^|^2^|^994^|^002^|^ D^|^Pemeliharaan Peralatan dan Mesin^|^00^|^^|0|0
^2026^|^01^|^527603^|^015^|^08^|^WA^|^4715^|^EBA^|^06^|^54^|^2^|^994^|^002^|^ E^|^Pemeliharaan Gedung dan Bangunan^|^00^|^^|0|0
^2026^|^01^|^527603^|^015^|^08^|^WA^|^4715^|^EBA^|^06^|^54^|^2^|^994^|^002^|^TJ^|^Jasa Pemeliharaan/Annual Technical Support (ATS)^|^00^|^^|0|0
^2026^|^01^|^527603^|^015^|^08^|^WA^|^4718^|^BMB^|^06^|^54^|^2^|^001^|^100^|^ A^|^TANPA SUB KOMPONEN^|^00^|^^|0|0
^2026^|^01^|^527603^|^015^|^08^|^WA^|^4718^|^BMB^|^06^|^54^|^2^|^002^|^100^|^ A^|^TANPA SUB KOMPONEN^|^00^|^^|0|0
^2026^|^01^|^527603^|^015^|^08^|^WA^|^4719^|^EBA^|^06^|^54^|^2^|^004^|^100^|^ A^|^Survey Kepuasan Pengguna Layanan^|^00^|^^|0|0
^2026^|^01^|^527603^|^015^|^08^|^WA^|^4719^|^EBA^|^06^|^54^|^2^|^994^|^001^|^ A^|^TANPA SUB KOMPONEN^|^00^|^^|0|0
^2026^|^01^|^527603^|^015^|^08^|^WA^|^4719^|^EBC^|^06^|^54^|^2^|^001^|^100^|^XC^|^Penyelenggaraan Capacity Building^|^00^|^^|0|0
^2026^|^01^|^527598^|^015^|^08^|^CD^|^6212^|^BMB^|^06^|^05^|^2^|^001^|^100^|^ A^|^Profiling UMKM^|^00^|^^|0|0
^2026^|^01^|^527598^|^015^|^08^|^CD^|^6212^|^FAC^|^06^|^05^|^2^|^001^|^100^|^ A^|^Training Modul Aplikasi SAKTI^|^00^|^^|0|0
^2026^|^01^|^527598^|^015^|^08^|^CD^|^6212^|^FAC^|^06^|^05^|^2^|^001^|^100^|^ B^|^FGD dan Bimtek Transfer Keuangan Daerah^|^00^|^^|0|0
^2026^|^01^|^527598^|^015^|^08^|^CD^|^6212^|^FAH^|^06^|^05^|^2^|^001^|^100^|^ A^|^TANPA SUB KOMPONEN^|^00^|^^|0|0
^2026^|^01^|^527598^|^015^|^08^|^CD^|^6212^|^FAL^|^06^|^05^|^2^|^004^|^100^|^ A^|^Konsultasi^|^00^|^^|0|0
^2026^|^01^|^527598^|^015^|^08^|^CD^|^6212^|^FAL^|^06^|^05^|^2^|^004^|^100^|^ B^|^Sosialisasi dan Bimbingan Teknis^|^00^|^^|0|0
^2026^|^01^|^527598^|^015^|^08^|^CD^|^6212^|^FAL^|^06^|^05^|^2^|^004^|^100^|^ D^|^Pembinaan Pemda, TKD, dan Penandatanganan BAR^|^00^|^^|0|0
^2026^|^01^|^527598^|^015^|^08^|^CD^|^6213^|^FAC^|^06^|^05^|^2^|^001^|^100^|^ A^|^Pembinaan Jabatan Fungsional Perbendaharaan^|^00^|^^|0|0
^2026^|^01^|^527598^|^015^|^08^|^CD^|^6213^|^FAE^|^06^|^05^|^2^|^009^|^100^|^ A^|^Monev Penyaluran Pembiayaan Ultra Mikro dan Penyusunan Key Economics Aspect^|^00^|^^|0|0
^2026^|^01^|^527598^|^015^|^08^|^CD^|^6213^|^FAL^|^06^|^05^|^2^|^003^|^100^|^ A^|^Monev Pelaksanaan Anggaran dan Program Prioritas Nasional^|^00^|^^|0|0
^2026^|^01^|^527598^|^015^|^08^|^CD^|^6214^|^FAL^|^06^|^05^|^2^|^002^|^100^|^ A^|^Pelaksanaan Pencairan/Penarikan/Pengesahan Dana^|^00^|^^|0|0
^2026^|^01^|^527598^|^015^|^08^|^CD^|^6214^|^FAL^|^06^|^05^|^2^|^002^|^100^|^ B^|^Penerbitan/Persetujuan/Rekonsiliasi Rekening/SKPP/Konfirmasi Penerimaan Negara, dll^|^00^|^^|0|0
^2026^|^01^|^527598^|^015^|^08^|^CD^|^6215^|^FAH^|^06^|^05^|^2^|^003^|^100^|^ A^|^Penyusunan Laporan Keuangan Tingkat Kuasa BUN di Daerah^|^00^|^^|0|0
^2026^|^01^|^527598^|^015^|^08^|^WA^|^4715^|^EBA^|^06^|^05^|^2^|^001^|^100^|^ A^|^TANPA SUB KOMPONEN^|^00^|^^|0|0
^2026^|^01^|^527598^|^015^|^08^|^WA^|^4715^|^EBA^|^06^|^05^|^2^|^001^|^100^|^ B^|^Koordinasi Penyusunan ATK PU^|^00^|^^|0|0
^2026^|^01^|^527598^|^015^|^08^|^WA^|^4715^|^EBA^|^06^|^05^|^2^|^002^|^100^|^ A^|^TANPA SUB KOMPONEN^|^00^|^^|0|0
^2026^|^01^|^527598^|^015^|^08^|^WA^|^4715^|^EBA^|^06^|^05^|^2^|^994^|^002^|^ A^|^Keperluan Sehari-hari Perkantoran^|^00^|^^|0|0
^2026^|^01^|^527598^|^015^|^08^|^WA^|^4715^|^EBA^|^06^|^05^|^2^|^994^|^002^|^ B^|^Langganan Daya dan Jasa^|^00^|^^|0|0
^2026^|^01^|^527598^|^015^|^08^|^WA^|^4715^|^EBA^|^06^|^05^|^2^|^994^|^002^|^ C^|^Pelaksanaan Operasional Kantor^|^00^|^^|0|0
^2026^|^01^|^527598^|^015^|^08^|^WA^|^4715^|^EBA^|^06^|^05^|^2^|^994^|^002^|^ D^|^Pemeliharaan Peralatan dan Mesin^|^00^|^^|0|0
^2026^|^01^|^527598^|^015^|^08^|^WA^|^4715^|^EBA^|^06^|^05^|^2^|^994^|^002^|^ G^|^Pemeliharaan Gedung dan Bangunan^|^00^|^^|0|0
^2026^|^01^|^527598^|^015^|^08^|^WA^|^4715^|^EBA^|^06^|^05^|^2^|^994^|^002^|^TJ^|^Jasa Pemeliharaan/Annual Technical Support (ATS)^|^00^|^^|0|0
^2026^|^01^|^527598^|^015^|^08^|^WA^|^4715^|^EBD^|^06^|^05^|^2^|^Z36^|^100^|^ B^|^Pelaksanaan Manajemen Kinerja, Resiko dan Kepatuhan Internal^|^00^|^^|0|0
^2026^|^01^|^527598^|^015^|^08^|^WA^|^4718^|^BMB^|^06^|^05^|^2^|^001^|^100^|^ A^|^TANPA SUB KOMPONEN^|^00^|^^|0|0
^2026^|^01^|^527598^|^015^|^08^|^WA^|^4718^|^BMB^|^06^|^05^|^2^|^002^|^100^|^ A^|^TANPA SUB KOMPONEN^|^00^|^^|0|0
^2026^|^01^|^527598^|^015^|^08^|^WA^|^4719^|^EBA^|^06^|^05^|^2^|^004^|^100^|^ A^|^Survey Kepuasan Pengguna Layanan^|^00^|^^|0|0
^2026^|^01^|^527598^|^015^|^08^|^WA^|^4719^|^EBA^|^06^|^05^|^2^|^994^|^001^|^ A^|^TANPA SUB KOMPONEN^|^00^|^^|0|0
^2026^|^01^|^527598^|^015^|^08^|^WA^|^4719^|^EBC^|^06^|^05^|^2^|^001^|^100^|^XC^|^Penyelenggaraan Capacity Building^|^00^|^^|0|0
^2026^|^01^|^527624^|^015^|^08^|^CD^|^6212^|^BMB^|^06^|^07^|^2^|^001^|^100^|^ A^|^Profiling UMKM^|^00^|^^|0|0
^2026^|^01^|^527624^|^015^|^08^|^CD^|^6212^|^FAC^|^06^|^07^|^2^|^001^|^100^|^ A^|^Training Modul Aplikasi SAKTI^|^00^|^^|0|0
^2026^|^01^|^527624^|^015^|^08^|^CD^|^6212^|^FAC^|^06^|^07^|^2^|^001^|^100^|^ B^|^FGD dan Bimtek Transfer Keuangan Daerah^|^00^|^^|0|0
^2026^|^01^|^527624^|^015^|^08^|^CD^|^6212^|^FAH^|^06^|^07^|^2^|^001^|^100^|^ A^|^TANPA SUB KOMPONEN^|^00^|^^|0|0
^2026^|^01^|^527624^|^015^|^08^|^CD^|^6212^|^FAL^|^06^|^07^|^2^|^004^|^100^|^ A^|^Konsultasi^|^00^|^^|0|0
^2026^|^01^|^527624^|^015^|^08^|^CD^|^6212^|^FAL^|^06^|^07^|^2^|^004^|^100^|^ B^|^Sosialisasi dan Bimbingan Teknis^|^00^|^^|0|0
^2026^|^01^|^527624^|^015^|^08^|^CD^|^6213^|^FAC^|^06^|^07^|^2^|^001^|^100^|^ A^|^Pembinaan Jabatan Fungsional Perbendaharaan^|^00^|^^|0|0
^2026^|^01^|^527624^|^015^|^08^|^CD^|^6213^|^FAL^|^06^|^07^|^2^|^003^|^100^|^ A^|^Monev Pelaksanaan Anggaran^|^00^|^^|0|0
^2026^|^01^|^527624^|^015^|^08^|^CD^|^6214^|^FAL^|^06^|^07^|^2^|^002^|^100^|^ A^|^Pelaksanaan Pencairan/ Penarikan/ Pengesahan Dana^|^00^|^^|0|0
^2026^|^01^|^527624^|^015^|^08^|^CD^|^6214^|^FAL^|^06^|^07^|^2^|^002^|^100^|^ B^|^Penerbitan/Persetujuan/Rekonsiliasi Rekening/SKPP/Konfirmasi Penerimaan Negara, dll^|^00^|^^|0|0
^2026^|^01^|^527624^|^015^|^08^|^CD^|^6215^|^FAH^|^06^|^07^|^2^|^003^|^100^|^ A^|^Penyusunan Laporan Keuangan Tingkat Kuasa BUN di Daerah^|^00^|^^|0|0
^2026^|^01^|^527624^|^015^|^08^|^CD^|^6215^|^FAH^|^06^|^07^|^2^|^003^|^100^|^ B^|^Koordinasi UAKBUN-D KPPN di Kanwil^|^00^|^^|0|0
^2026^|^01^|^527624^|^015^|^08^|^WA^|^4715^|^EBA^|^06^|^07^|^2^|^001^|^100^|^ A^|^TANPA SUB KOMPONEN^|^00^|^^|0|0
^2026^|^01^|^527624^|^015^|^08^|^WA^|^4715^|^EBA^|^06^|^07^|^2^|^001^|^100^|^ B^|^Koordinasi Penyusunan ATK PU^|^00^|^^|0|0
^2026^|^01^|^527624^|^015^|^08^|^WA^|^4715^|^EBA^|^06^|^07^|^2^|^002^|^100^|^ A^|^TANPA SUB KOMPONEN^|^00^|^^|0|0
^2026^|^01^|^527624^|^015^|^08^|^WA^|^4715^|^EBA^|^06^|^07^|^2^|^994^|^002^|^ A^|^Keperluan Sehari-hari Perkantoran^|^00^|^^|0|0
^2026^|^01^|^527624^|^015^|^08^|^WA^|^4715^|^EBA^|^06^|^07^|^2^|^994^|^002^|^ B^|^Langganan Daya dan Jasa^|^00^|^^|0|0
^2026^|^01^|^527624^|^015^|^08^|^WA^|^4715^|^EBA^|^06^|^07^|^2^|^994^|^002^|^ C^|^Pelaksanaan Operasional Kantor^|^00^|^^|0|0
^2026^|^01^|^527624^|^015^|^08^|^WA^|^4715^|^EBA^|^06^|^07^|^2^|^994^|^002^|^ D^|^Pemeliharaan Peralatan dan Mesin^|^00^|^^|0|0
^2026^|^01^|^527624^|^015^|^08^|^WA^|^4715^|^EBA^|^06^|^07^|^2^|^994^|^002^|^ G^|^Pemeliharaan Gedung dan Bangunan^|^00^|^^|0|0
^2026^|^01^|^527624^|^015^|^08^|^WA^|^4715^|^EBA^|^06^|^07^|^2^|^994^|^002^|^TJ^|^Jasa Pemeliharaan/Annual Technical Support (ATS)^|^00^|^^|0|0
^2026^|^01^|^527624^|^015^|^08^|^WA^|^4715^|^EBB^|^06^|^07^|^2^|^002^|^100^|^ A^|^TANPA SUB KOMPONEN^|^00^|^^|0|0
^2026^|^01^|^527624^|^015^|^08^|^WA^|^4715^|^EBB^|^06^|^07^|^2^|^004^|^100^|^GB^|^Renovasi Gedung/Bangunan Kantor^|^00^|^^|0|0
^2026^|^01^|^527624^|^015^|^08^|^WA^|^4718^|^BMB^|^06^|^07^|^2^|^001^|^100^|^ A^|^TANPA SUB KOMPONEN^|^00^|^^|0|0
^2026^|^01^|^527624^|^015^|^08^|^WA^|^4718^|^BMB^|^06^|^07^|^2^|^002^|^100^|^ A^|^TANPA SUB KOMPONEN^|^00^|^^|0|0
^2026^|^01^|^527624^|^015^|^08^|^WA^|^4719^|^EBA^|^06^|^07^|^2^|^004^|^100^|^ A^|^TANPA SUB KOMPONEN^|^00^|^^|0|0
^2026^|^01^|^527624^|^015^|^08^|^WA^|^4719^|^EBA^|^06^|^07^|^2^|^994^|^001^|^ A^|^TANPA SUB KOMPONEN^|^00^|^^|0|0
^2026^|^01^|^527624^|^015^|^08^|^WA^|^4719^|^EBC^|^06^|^07^|^2^|^001^|^100^|^XC^|^Penyelenggaraan Capacity Building^|^00^|^^|0|0
^2026^|^01^|^527581^|^015^|^08^|^CD^|^6212^|^BMB^|^06^|^53^|^2^|^001^|^100^|^ A^|^Profiling UMKM^|^00^|^^|0|0
^2026^|^01^|^527581^|^015^|^08^|^CD^|^6212^|^FAC^|^06^|^53^|^2^|^001^|^100^|^ A^|^Training Modul Aplikasi SAKTI^|^00^|^^|0|0
^2026^|^01^|^527581^|^015^|^08^|^CD^|^6212^|^FAC^|^06^|^53^|^2^|^001^|^100^|^ B^|^FGD dan Bimtek Transfer Keuangan Daerah^|^00^|^^|0|0
^2026^|^01^|^527581^|^015^|^08^|^CD^|^6212^|^FAH^|^06^|^53^|^2^|^001^|^100^|^ A^|^TANPA SUB KOMPONEN^|^00^|^^|0|0
^2026^|^01^|^527581^|^015^|^08^|^CD^|^6212^|^FAL^|^06^|^53^|^2^|^004^|^100^|^ A^|^Konsultasi^|^00^|^^|0|0
^2026^|^01^|^527581^|^015^|^08^|^CD^|^6212^|^FAL^|^06^|^53^|^2^|^004^|^100^|^ B^|^Sosialisasi dan Bimbingan Teknis^|^00^|^^|0|0
^2026^|^01^|^527581^|^015^|^08^|^CD^|^6213^|^FAC^|^06^|^53^|^2^|^001^|^100^|^ A^|^Pembinaan Jabatan Fungsional Perbendaharaan^|^00^|^^|0|0
^2026^|^01^|^527581^|^015^|^08^|^CD^|^6214^|^FAL^|^06^|^53^|^2^|^002^|^100^|^ A^|^Pelaksanaan PencairanPenarikanPengesahan Dana^|^00^|^^|0|0
^2026^|^01^|^527581^|^015^|^08^|^CD^|^6214^|^FAL^|^06^|^53^|^2^|^002^|^100^|^ B^|^PenerbitanPersetujuanRekonsiliasi RekeningSKPPKonfirmasi Penerimaan Negara, dll^|^00^|^^|0|0
^2026^|^01^|^527581^|^015^|^08^|^CD^|^6215^|^FAH^|^06^|^53^|^2^|^003^|^100^|^ A^|^Penyusunan Laporan Keuangan Tingkat Kuasa BUN di Daerah^|^00^|^^|0|0
^2026^|^01^|^527581^|^015^|^08^|^CD^|^6215^|^FAH^|^06^|^53^|^2^|^003^|^100^|^ B^|^Koordinasi UAKBUND KPPN di Kanwil^|^00^|^^|0|0
^2026^|^01^|^527581^|^015^|^08^|^WA^|^4715^|^EBA^|^06^|^53^|^2^|^001^|^100^|^ A^|^TANPA SUB KOMPONEN^|^00^|^^|0|0
^2026^|^01^|^527581^|^015^|^08^|^WA^|^4715^|^EBA^|^06^|^53^|^2^|^001^|^100^|^ B^|^Koordinasi Penyusunan ATK PU^|^00^|^^|0|0
^2026^|^01^|^527581^|^015^|^08^|^WA^|^4715^|^EBA^|^06^|^53^|^2^|^002^|^100^|^ A^|^TANPA SUB KOMPONEN^|^00^|^^|0|0
^2026^|^01^|^527581^|^015^|^08^|^WA^|^4715^|^EBA^|^06^|^53^|^2^|^994^|^002^|^ A^|^Keperluan Seharihari Perkantoran^|^00^|^^|0|0
^2026^|^01^|^527581^|^015^|^08^|^WA^|^4715^|^EBA^|^06^|^53^|^2^|^994^|^002^|^ B^|^Langganan Daya dan Jasa^|^00^|^^|0|0
^2026^|^01^|^527581^|^015^|^08^|^WA^|^4715^|^EBA^|^06^|^53^|^2^|^994^|^002^|^ C^|^Pelaksanaan Operasional Kantor^|^00^|^^|0|0
^2026^|^01^|^527581^|^015^|^08^|^WA^|^4715^|^EBA^|^06^|^53^|^2^|^994^|^002^|^ D^|^Pemeliharaan Peralatan dan Mesin^|^00^|^^|0|0
^2026^|^01^|^527581^|^015^|^08^|^WA^|^4715^|^EBA^|^06^|^53^|^2^|^994^|^002^|^ G^|^Pemeliharaan Gedung dan Bangunan^|^00^|^^|0|0
^2026^|^01^|^527581^|^015^|^08^|^WA^|^4715^|^EBA^|^06^|^53^|^2^|^994^|^002^|^TJ^|^Jasa PemeliharaanAnnual Technical Support (ATS)^|^00^|^^|0|0
^2026^|^01^|^527581^|^015^|^08^|^WA^|^4715^|^EBB^|^06^|^53^|^2^|^002^|^100^|^ A^|^TANPA SUB KOMPONEN^|^00^|^^|0|0
^2026^|^01^|^527581^|^015^|^08^|^WA^|^4715^|^EBB^|^06^|^53^|^2^|^004^|^100^|^RB^|^Renovasi Rumah Dinas^|^00^|^^|0|0
^2026^|^01^|^527581^|^015^|^08^|^WA^|^4715^|^EBD^|^06^|^53^|^2^|^Z36^|^100^|^ B^|^Pelaksanaan Manajemen Kinerja, Resiko dan Kepatuhan Internal^|^00^|^^|0|0
^2026^|^01^|^527581^|^015^|^08^|^WA^|^4718^|^BMB^|^06^|^53^|^2^|^001^|^100^|^ A^|^TANPA SUB KOMPONEN^|^00^|^^|0|0
^2026^|^01^|^527581^|^015^|^08^|^WA^|^4718^|^BMB^|^06^|^53^|^2^|^002^|^100^|^ A^|^TANPA SUB KOMPONEN^|^00^|^^|0|0
^2026^|^01^|^527581^|^015^|^08^|^WA^|^4719^|^EBA^|^06^|^53^|^2^|^004^|^100^|^ A^|^Survey Kepuasan Pengguna Layanan^|^00^|^^|0|0
^2026^|^01^|^527581^|^015^|^08^|^WA^|^4719^|^EBA^|^06^|^53^|^2^|^994^|^001^|^ A^|^TANPA SUB KOMPONEN^|^00^|^^|0|0
^2026^|^01^|^527581^|^015^|^08^|^WA^|^4719^|^EBC^|^06^|^53^|^2^|^001^|^100^|^XC^|^Penyelenggaraan Capacity Building^|^00^|^^|0|0
^2026^|^01^|^527652^|^015^|^08^|^CD^|^6212^|^BMB^|^07^|^51^|^2^|^001^|^100^|^ A^|^Profiling UMKM^|^00^|^^|0|0
^2026^|^01^|^527652^|^015^|^08^|^CD^|^6212^|^FAC^|^07^|^51^|^2^|^001^|^100^|^ A^|^Training Modul Aplikasi SAKTI^|^00^|^^|0|0
^2026^|^01^|^527652^|^015^|^08^|^CD^|^6212^|^FAC^|^07^|^51^|^2^|^001^|^100^|^ B^|^FGD dan Bimtek Transfer Keuangan Daerah^|^00^|^^|0|0
^2026^|^01^|^527652^|^015^|^08^|^CD^|^6212^|^FAH^|^07^|^51^|^2^|^001^|^100^|^ A^|^TANPA SUB KOMPONEN^|^00^|^^|0|0
^2026^|^01^|^527652^|^015^|^08^|^CD^|^6212^|^FAL^|^07^|^51^|^2^|^004^|^100^|^ A^|^Konsultasi^|^00^|^^|0|0
^2026^|^01^|^527652^|^015^|^08^|^CD^|^6212^|^FAL^|^07^|^51^|^2^|^004^|^100^|^ B^|^Sosialisasi dan Bimtek^|^00^|^^|0|0
^2026^|^01^|^527652^|^015^|^08^|^CD^|^6212^|^FAL^|^07^|^51^|^2^|^004^|^100^|^ D^|^Pembinaan Pemda, TKD, dan Penandatanganan BAR^|^00^|^^|0|0
^2026^|^01^|^527652^|^015^|^08^|^CD^|^6213^|^FAC^|^07^|^51^|^2^|^001^|^100^|^ A^|^Pembinaan Jabatan Fungsional Perbendaharaan^|^00^|^^|0|0
^2026^|^01^|^527652^|^015^|^08^|^CD^|^6213^|^FAE^|^07^|^51^|^2^|^009^|^100^|^ A^|^Monev Penyaluran Pembiayaan Ultra Mikro^|^00^|^^|0|0
^2026^|^01^|^527652^|^015^|^08^|^CD^|^6213^|^FAL^|^07^|^51^|^2^|^003^|^100^|^ A^|^Monev Pelaksanaan Anggaran^|^00^|^^|0|0
^2026^|^01^|^527652^|^015^|^08^|^CD^|^6214^|^FAL^|^07^|^51^|^2^|^002^|^100^|^ A^|^Pelaksanaan PencairanPenarikanPengesahan Dana^|^00^|^^|0|0
^2026^|^01^|^527652^|^015^|^08^|^CD^|^6214^|^FAL^|^07^|^51^|^2^|^002^|^100^|^ B^|^PenerbitanPersetujuanRekonsiliasi RekeningSKPPKonfirmasi Penerimaan Negara, dll^|^00^|^^|0|0
^2026^|^01^|^527652^|^015^|^08^|^CD^|^6215^|^FAH^|^07^|^51^|^2^|^003^|^100^|^ A^|^Penyusunan Laporan Keuangan Tingkat Kuasa BUN di Daerah^|^00^|^^|0|0
^2026^|^01^|^527652^|^015^|^08^|^WA^|^4715^|^EBA^|^07^|^51^|^2^|^001^|^100^|^ A^|^TANPA SUB KOMPONEN^|^00^|^^|0|0
^2026^|^01^|^527652^|^015^|^08^|^WA^|^4715^|^EBA^|^07^|^51^|^2^|^002^|^100^|^ A^|^TANPA SUB KOMPONEN^|^00^|^^|0|0
^2026^|^01^|^527652^|^015^|^08^|^WA^|^4715^|^EBA^|^07^|^51^|^2^|^994^|^002^|^ A^|^Keperluan Seharihari Perkantoran^|^00^|^^|0|0
^2026^|^01^|^527652^|^015^|^08^|^WA^|^4715^|^EBA^|^07^|^51^|^2^|^994^|^002^|^ B^|^Langganan Daya dan Jasa^|^00^|^^|0|0
^2026^|^01^|^527652^|^015^|^08^|^WA^|^4715^|^EBA^|^07^|^51^|^2^|^994^|^002^|^ C^|^Pelaksanaan Operasional Kantor^|^00^|^^|0|0
^2026^|^01^|^527652^|^015^|^08^|^WA^|^4715^|^EBA^|^07^|^51^|^2^|^994^|^002^|^ D^|^Pemeliharaan Peralatan dan Mesin^|^00^|^^|0|0
^2026^|^01^|^527652^|^015^|^08^|^WA^|^4715^|^EBB^|^07^|^51^|^2^|^002^|^100^|^ A^|^TANPA SUB KOMPONEN^|^00^|^^|0|0
^2026^|^01^|^527652^|^015^|^08^|^WA^|^4718^|^BMB^|^07^|^51^|^2^|^001^|^100^|^ A^|^TANPA SUB KOMPONEN^|^00^|^^|0|0
^2026^|^01^|^527652^|^015^|^08^|^WA^|^4718^|^BMB^|^07^|^51^|^2^|^002^|^100^|^ A^|^TANPA SUB KOMPONEN^|^00^|^^|0|0
^2026^|^01^|^527652^|^015^|^08^|^WA^|^4719^|^EBA^|^07^|^51^|^2^|^004^|^100^|^ A^|^Survey Kepuasan Pengguna Layanan^|^00^|^^|0|0
^2026^|^01^|^527652^|^015^|^08^|^WA^|^4719^|^EBA^|^07^|^51^|^2^|^994^|^001^|^ A^|^Gaji dan Tunjangan^|^00^|^^|0|0
^2026^|^01^|^527652^|^015^|^08^|^WA^|^4719^|^EBC^|^07^|^51^|^2^|^001^|^100^|^XC^|^Penyelenggaraan Capacity Building^|^00^|^^|0|0
^2026^|^01^|^527645^|^015^|^08^|^CD^|^6212^|^BMB^|^07^|^51^|^2^|^001^|^100^|^ B^|^Pemberdayaan UMKM  SosialisasiBimtekAsistensi dan BazarPojokRumah UMKM^|^00^|^^|0|0
^2026^|^01^|^527645^|^015^|^08^|^CD^|^6212^|^BMB^|^07^|^51^|^2^|^001^|^100^|^ D^|^Komunikasi Publik  BazarPojokRumah UMKM^|^00^|^^|0|0
^2026^|^01^|^527645^|^015^|^08^|^CD^|^6212^|^FAH^|^07^|^51^|^2^|^002^|^100^|^ A^|^Forum Koordinasi dan Rekonsiliasi Data dengan Bank Indonesia^|^00^|^^|0|0
^2026^|^01^|^527645^|^015^|^08^|^CD^|^6212^|^FAH^|^07^|^51^|^2^|^002^|^100^|^ B^|^Pembinaan SAP pada Pemerintah Daerah^|^00^|^^|0|0
^2026^|^01^|^527645^|^015^|^08^|^CD^|^6212^|^FAH^|^07^|^51^|^2^|^002^|^100^|^ C^|^SosialisasiBimtekWorkshopFGD dengan Pemda^|^00^|^^|0|0
^2026^|^01^|^527645^|^015^|^08^|^CD^|^6212^|^FAL^|^07^|^51^|^2^|^001^|^100^|^ B^|^Pengkoordinasian Kerjasama Ekonomi dan Keuangan Daerah^|^00^|^^|0|0
^2026^|^01^|^527645^|^015^|^08^|^CD^|^6212^|^FAL^|^07^|^51^|^2^|^001^|^100^|^ D^|^Penyerahan DIPA^|^00^|^^|0|0
^2026^|^01^|^527645^|^015^|^08^|^CD^|^6213^|^ABA^|^07^|^51^|^2^|^001^|^100^|^ A^|^Penyusunan Analisis Potensi Pembiayaan dan Pelaksanaan MoU DJPb dan PT SMI di Daerah^|^00^|^^|0|0
^2026^|^01^|^527645^|^015^|^08^|^CD^|^6213^|^FAE^|^07^|^51^|^2^|^008^|^100^|^ A^|^Koordinasi Pelaksanaan Tugas RCE  ALCo^|^00^|^^|0|0
^2026^|^01^|^527645^|^015^|^08^|^CD^|^6213^|^FAE^|^07^|^51^|^2^|^009^|^100^|^ A^|^FGD Analisa Fasilitas Likuiditas Pembiayaan Perumahan (FLPP)^|^00^|^^|0|0
^2026^|^01^|^527645^|^015^|^08^|^CD^|^6213^|^FAL^|^07^|^51^|^2^|^003^|^100^|^ A^|^Pelaksanaan Spending Review^|^00^|^^|0|0
^2026^|^01^|^527645^|^015^|^08^|^CD^|^6213^|^FAL^|^07^|^51^|^2^|^003^|^100^|^ C^|^Review Pelaksanaan Anggaran^|^00^|^^|0|0
^2026^|^01^|^527645^|^015^|^08^|^CD^|^6213^|^FAL^|^07^|^51^|^2^|^003^|^100^|^ D^|^Monitoring dan Evaluasi Pelaksanaan Anggaran^|^00^|^^|0|0
^2026^|^01^|^527645^|^015^|^08^|^CD^|^6213^|^FAL^|^07^|^51^|^2^|^003^|^100^|^ E^|^Pengumpulan InformasiPenajaman Data Fiskal RegionalPenyusunan KFR^|^00^|^^|0|0
^2026^|^01^|^527645^|^015^|^08^|^CD^|^6213^|^FAL^|^07^|^51^|^2^|^003^|^100^|^ F^|^Publikasi Kajian Fiskal Regional^|^00^|^^|0|0
^2026^|^01^|^527645^|^015^|^08^|^CD^|^6213^|^FAL^|^07^|^51^|^2^|^003^|^100^|^ G^|^Pengumpulan Konfirmasi Informasi Pengelolaan Keuangan Daerah dan Penyusunan Profil Keuangan Daerah^|^00^|^^|0|0
^2026^|^01^|^527645^|^015^|^08^|^CD^|^6213^|^FAL^|^07^|^51^|^2^|^003^|^100^|^ H^|^Monitoring atas Dana Transfer dan Dana Desa^|^00^|^^|0|0
^2026^|^01^|^527645^|^015^|^08^|^CD^|^6215^|^FAH^|^07^|^51^|^2^|^001^|^100^|^ B^|^Penyusunan Laporan Statistik Keuangan Pemerintah Tingkat Wilayah^|^00^|^^|0|0
^2026^|^01^|^527645^|^015^|^08^|^CD^|^6215^|^FAH^|^07^|^51^|^2^|^003^|^100^|^ B^|^Koordinasi UAKBUND (KPPN)^|^00^|^^|0|0
^2026^|^01^|^527645^|^015^|^08^|^WA^|^4715^|^EBA^|^07^|^51^|^2^|^001^|^100^|^ A^|^TANPA SUB KOMPONEN^|^00^|^^|0|0
^2026^|^01^|^527645^|^015^|^08^|^WA^|^4715^|^EBA^|^07^|^51^|^2^|^001^|^100^|^ B^|^Koordinasi Penyusunan ATK PU^|^00^|^^|0|0
^2026^|^01^|^527645^|^015^|^08^|^WA^|^4715^|^EBA^|^07^|^51^|^2^|^002^|^100^|^ A^|^TANPA SUB KOMPONEN^|^00^|^^|0|0
^2026^|^01^|^527645^|^015^|^08^|^WA^|^4715^|^EBA^|^07^|^51^|^2^|^994^|^002^|^ A^|^Keperluan Seharihari Perkantoran^|^00^|^^|0|0
^2026^|^01^|^527645^|^015^|^08^|^WA^|^4715^|^EBA^|^07^|^51^|^2^|^994^|^002^|^ B^|^Langganan Daya dan Jasa^|^00^|^^|0|0
^2026^|^01^|^527645^|^015^|^08^|^WA^|^4715^|^EBA^|^07^|^51^|^2^|^994^|^002^|^ C^|^Pelaksanaan Operasional Kantor^|^00^|^^|0|0
^2026^|^01^|^527645^|^015^|^08^|^WA^|^4715^|^EBA^|^07^|^51^|^2^|^994^|^002^|^ D^|^Pemeliharaan Peralatan dan Mesin^|^00^|^^|0|0
^2026^|^01^|^527645^|^015^|^08^|^WA^|^4715^|^EBA^|^07^|^51^|^2^|^994^|^002^|^ G^|^Pemeliharaan Gedung dan Bangunan^|^00^|^^|0|0
^2026^|^01^|^527645^|^015^|^08^|^WA^|^4715^|^EBA^|^07^|^51^|^2^|^994^|^002^|^TJ^|^Jasa PemeliharaanAnnual Technical Support (ATS)^|^00^|^^|0|0
^2026^|^01^|^527645^|^015^|^08^|^WA^|^4715^|^EBD^|^07^|^51^|^2^|^Z26^|^100^|^ A^|^Rakor Penyusunan Laporan Keuangan Tingkat UAPPAW (Full Cost)^|^00^|^^|0|0
^2026^|^01^|^527645^|^015^|^08^|^WA^|^4715^|^EBD^|^07^|^51^|^2^|^Z36^|^100^|^ A^|^TANPA SUB KOMPONEN^|^00^|^^|0|0
^2026^|^01^|^527645^|^015^|^08^|^WA^|^4718^|^BMB^|^07^|^51^|^2^|^001^|^100^|^ A^|^TANPA SUB KOMPONEN^|^00^|^^|0|0
^2026^|^01^|^527645^|^015^|^08^|^WA^|^4718^|^BMB^|^07^|^51^|^2^|^002^|^100^|^ A^|^TANPA SUB KOMPONEN^|^00^|^^|0|0
^2026^|^01^|^527645^|^015^|^08^|^WA^|^4719^|^EBA^|^07^|^51^|^2^|^003^|^100^|^ A^|^Pelaksanaan Supervisi Proses Bisnis KPPN^|^00^|^^|0|0
^2026^|^01^|^527645^|^015^|^08^|^WA^|^4719^|^EBA^|^07^|^51^|^2^|^003^|^100^|^ B^|^Koordinasi Inovasi layanan^|^00^|^^|0|0
^2026^|^01^|^527645^|^015^|^08^|^WA^|^4719^|^EBA^|^07^|^51^|^2^|^005^|^100^|^ B^|^Pelaksanaan Supervisi Teknis Aplikasi^|^00^|^^|0|0
^2026^|^01^|^527645^|^015^|^08^|^WA^|^4719^|^EBA^|^07^|^51^|^2^|^994^|^001^|^ A^|^TANPA SUB KOMPONEN^|^00^|^^|0|0
^2026^|^01^|^527645^|^015^|^08^|^WA^|^4719^|^EBC^|^07^|^51^|^2^|^001^|^100^|^XC^|^Penyelenggaraan Capacity Building^|^00^|^^|0|0
^2026^|^01^|^527645^|^015^|^08^|^WA^|^4722^|^EBD^|^07^|^51^|^2^|^001^|^100^|^ A^|^TANPA SUB KOMPONEN^|^00^|^^|0|0
^2026^|^01^|^527670^|^015^|^08^|^CD^|^6212^|^BMB^|^07^|^57^|^2^|^001^|^100^|^ A^|^Profiling UMKM^|^00^|^^|0|0
^2026^|^01^|^527670^|^015^|^08^|^CD^|^6212^|^FAC^|^07^|^57^|^2^|^001^|^100^|^ A^|^Training Modul Aplikasi SAKTI^|^00^|^^|0|0
^2026^|^01^|^527670^|^015^|^08^|^CD^|^6212^|^FAC^|^07^|^57^|^2^|^001^|^100^|^ B^|^FGD dan Bimtek Transfer Keuangan Daerah^|^00^|^^|0|0
^2026^|^01^|^527670^|^015^|^08^|^CD^|^6212^|^FAH^|^07^|^57^|^2^|^001^|^100^|^ A^|^TANPA SUB KOMPONEN^|^00^|^^|0|0
^2026^|^01^|^527670^|^015^|^08^|^CD^|^6212^|^FAL^|^07^|^57^|^2^|^004^|^100^|^ A^|^Konsultasi^|^00^|^^|0|0
^2026^|^01^|^527670^|^015^|^08^|^CD^|^6212^|^FAL^|^07^|^57^|^2^|^004^|^100^|^ B^|^Sosialisasi dan Bimbingan Teknis^|^00^|^^|0|0
^2026^|^01^|^527670^|^015^|^08^|^CD^|^6212^|^FAL^|^07^|^57^|^2^|^004^|^100^|^ D^|^Pembinaan Pemda,TKD, dan Penandatanganan BA Rekonsiliasi Pajak^|^00^|^^|0|0
^2026^|^01^|^527670^|^015^|^08^|^CD^|^6213^|^FAC^|^07^|^57^|^2^|^001^|^100^|^ A^|^Pembinaan Jabatan Fungsional Perbendaharan^|^00^|^^|0|0
^2026^|^01^|^527670^|^015^|^08^|^CD^|^6213^|^FAE^|^07^|^57^|^2^|^009^|^100^|^ A^|^Monev Penyaluran Pembiayaan Ultra Mikro^|^00^|^^|0|0
^2026^|^01^|^527670^|^015^|^08^|^CD^|^6213^|^FAL^|^07^|^57^|^2^|^003^|^100^|^ A^|^Monev Pelaksanaan Anggaran^|^00^|^^|0|0
^2026^|^01^|^527670^|^015^|^08^|^CD^|^6214^|^FAL^|^07^|^57^|^2^|^002^|^100^|^ A^|^Pelaksanaan PencairanPenarikanPengesahan Dana^|^00^|^^|0|0
^2026^|^01^|^527670^|^015^|^08^|^CD^|^6214^|^FAL^|^07^|^57^|^2^|^002^|^100^|^ B^|^PenerbitanPersetujuanRekonsiliasi RekeningSKPPKonfirmasi Penerimaan Negara, dll^|^00^|^^|0|0
^2026^|^01^|^527670^|^015^|^08^|^CD^|^6215^|^FAH^|^07^|^57^|^2^|^003^|^100^|^ A^|^Penyusunan Laporan Keuangan Tingkat Kuasa BUN di Daerah^|^00^|^^|0|0
^2026^|^01^|^527670^|^015^|^08^|^CD^|^6215^|^FAH^|^07^|^57^|^2^|^003^|^100^|^ B^|^Koordinasi UAKBUND KPPN di Kanwil^|^00^|^^|0|0
^2026^|^01^|^527670^|^015^|^08^|^WA^|^4715^|^EBA^|^07^|^57^|^2^|^001^|^100^|^ A^|^TANPA SUB KOMPONEN^|^00^|^^|0|0
^2026^|^01^|^527670^|^015^|^08^|^WA^|^4715^|^EBA^|^07^|^57^|^2^|^001^|^100^|^ B^|^Koordinasi Penyusunan ATK PU^|^00^|^^|0|0
^2026^|^01^|^527670^|^015^|^08^|^WA^|^4715^|^EBA^|^07^|^57^|^2^|^002^|^100^|^ A^|^TANPA SUB KOMPONEN^|^00^|^^|0|0
^2026^|^01^|^527670^|^015^|^08^|^WA^|^4715^|^EBA^|^07^|^57^|^2^|^994^|^002^|^ A^|^Keperluan Seharihari Perkantoran^|^00^|^^|0|0
^2026^|^01^|^527670^|^015^|^08^|^WA^|^4715^|^EBA^|^07^|^57^|^2^|^994^|^002^|^ B^|^Langganan Daya dan Jasa^|^00^|^^|0|0
^2026^|^01^|^527670^|^015^|^08^|^WA^|^4715^|^EBA^|^07^|^57^|^2^|^994^|^002^|^ C^|^Pelaksanaan Operasional Kantor^|^00^|^^|0|0
^2026^|^01^|^527670^|^015^|^08^|^WA^|^4715^|^EBA^|^07^|^57^|^2^|^994^|^002^|^ D^|^Pemeliharaan Peralatan dan Mesin^|^00^|^^|0|0
^2026^|^01^|^527670^|^015^|^08^|^WA^|^4715^|^EBA^|^07^|^57^|^2^|^994^|^002^|^ G^|^Pemeliharaan Gedung dan Bangunan^|^00^|^^|0|0
^2026^|^01^|^527670^|^015^|^08^|^WA^|^4715^|^EBA^|^07^|^57^|^2^|^994^|^002^|^TJ^|^Jasa PemeliharaanAnnual Technical Support (ATS)^|^00^|^^|0|0
^2026^|^01^|^527670^|^015^|^08^|^WA^|^4715^|^EBD^|^07^|^57^|^2^|^Z36^|^100^|^ B^|^Pelaksanaan Manjemen Kinerja, Resiko dan Kepatuhan Internal^|^00^|^^|0|0
^2026^|^01^|^527670^|^015^|^08^|^WA^|^4718^|^BMB^|^07^|^57^|^2^|^002^|^100^|^ A^|^TANPA SUB KOMPONEN^|^00^|^^|0|0
^2026^|^01^|^527670^|^015^|^08^|^WA^|^4718^|^BMB^|^07^|^57^|^2^|^001^|^100^|^ A^|^TANPA SUB KOMPONEN^|^00^|^^|0|0
^2026^|^01^|^527670^|^015^|^08^|^WA^|^4719^|^EBA^|^07^|^57^|^2^|^994^|^001^|^ A^|^TANPA SUB KOMPONEN^|^00^|^^|0|0
^2026^|^01^|^527670^|^015^|^08^|^WA^|^4719^|^EBA^|^07^|^57^|^2^|^004^|^100^|^ A^|^TANPA SUB KOMPONEN^|^00^|^^|0|0
^2026^|^01^|^527670^|^015^|^08^|^WA^|^4719^|^EBC^|^07^|^57^|^2^|^001^|^100^|^XC^|^Penyelenggaraan Capacity Building^|^00^|^^|0|0
^2026^|^01^|^527687^|^015^|^08^|^CD^|^6212^|^FAC^|^07^|^61^|^2^|^001^|^100^|^ A^|^Training Modul Aplikasi SAKTI^|^00^|^^|0|0
^2026^|^01^|^527687^|^015^|^08^|^CD^|^6212^|^FAC^|^07^|^61^|^2^|^001^|^100^|^ B^|^FGD dan Bimtek Transfer Keuangan Daerah^|^00^|^^|0|0
^2026^|^01^|^527687^|^015^|^08^|^CD^|^6212^|^FAH^|^07^|^61^|^2^|^001^|^100^|^ A^|^TANPA SUB KOMPONEN^|^00^|^^|0|0
^2026^|^01^|^527687^|^015^|^08^|^CD^|^6212^|^FAL^|^07^|^61^|^2^|^004^|^100^|^ A^|^Konsultasi^|^00^|^^|0|0
^2026^|^01^|^527687^|^015^|^08^|^CD^|^6212^|^FAL^|^07^|^61^|^2^|^004^|^100^|^ B^|^Sosialisasi dan Bimbingan Teknis^|^00^|^^|0|0
^2026^|^01^|^527687^|^015^|^08^|^CD^|^6212^|^FAL^|^07^|^61^|^2^|^004^|^100^|^ D^|^Pembinaan Pemda, TKD, dan Penandatanganan BAR^|^00^|^^|0|0
^2026^|^01^|^527687^|^015^|^08^|^CD^|^6213^|^FAC^|^07^|^61^|^2^|^001^|^100^|^ A^|^Pembinaan Jabatan Fungsional Perbendaharaan^|^00^|^^|0|0
^2026^|^01^|^527687^|^015^|^08^|^CD^|^6214^|^FAL^|^07^|^61^|^2^|^002^|^100^|^ A^|^Pelaksanaan Pencairan/Penarikan/Pengesahan Dana^|^00^|^^|0|0
^2026^|^01^|^527687^|^015^|^08^|^CD^|^6214^|^FAL^|^07^|^61^|^2^|^002^|^100^|^ B^|^Penerbitan/Persetujuan/Rekonsiliasi Rekening/SKPP/Konfirmasi Penerimaan Negara, dll^|^00^|^^|0|0
^2026^|^01^|^527687^|^015^|^08^|^CD^|^6215^|^FAH^|^07^|^61^|^2^|^003^|^100^|^ A^|^Penyusunan Laporan Keuangan Tingkat Kuasa BUN di Daerah^|^00^|^^|0|0
^2026^|^01^|^527687^|^015^|^08^|^CD^|^6215^|^FAH^|^07^|^61^|^2^|^003^|^100^|^ B^|^Koordinasi UAKBUN-D KPPN di Kanwil^|^00^|^^|0|0
^2026^|^01^|^527687^|^015^|^08^|^WA^|^4715^|^EBA^|^07^|^61^|^2^|^001^|^100^|^ A^|^TANPA SUB KOMPONEN^|^00^|^^|0|0
^2026^|^01^|^527687^|^015^|^08^|^WA^|^4715^|^EBA^|^07^|^61^|^2^|^002^|^100^|^ A^|^TANPA SUB KOMPONEN^|^00^|^^|0|0
^2026^|^01^|^527687^|^015^|^08^|^WA^|^4715^|^EBA^|^07^|^61^|^2^|^994^|^002^|^ A^|^Keperluan Sehari-hari Perkantoran^|^00^|^^|0|0
^2026^|^01^|^527687^|^015^|^08^|^WA^|^4715^|^EBA^|^07^|^61^|^2^|^994^|^002^|^ B^|^Langganan Daya dan Jasa^|^00^|^^|0|0
^2026^|^01^|^527687^|^015^|^08^|^WA^|^4715^|^EBA^|^07^|^61^|^2^|^994^|^002^|^ C^|^Pelaksanaan Operasional Kantor^|^00^|^^|0|0
^2026^|^01^|^527687^|^015^|^08^|^WA^|^4715^|^EBA^|^07^|^61^|^2^|^994^|^002^|^ D^|^Belanja Pemeliharaan Peralatan dan Mesin^|^00^|^^|0|0
^2026^|^01^|^527687^|^015^|^08^|^WA^|^4715^|^EBA^|^07^|^61^|^2^|^994^|^002^|^ G^|^Pemeliharaan Gedung dan Bangunan^|^00^|^^|0|0
^2026^|^01^|^527687^|^015^|^08^|^WA^|^4715^|^EBA^|^07^|^61^|^2^|^994^|^002^|^TJ^|^Jasa Pemeliharaan/Annual Technical Support (ATS)^|^00^|^^|0|0
^2026^|^01^|^527687^|^015^|^08^|^WA^|^4715^|^EBD^|^07^|^61^|^2^|^Z36^|^100^|^ B^|^Belanja Perjalanan Dinas Biasa^|^00^|^^|0|0
^2026^|^01^|^527687^|^015^|^08^|^WA^|^4718^|^BMB^|^07^|^61^|^2^|^001^|^100^|^ A^|^TANPA SUB KOMPONEN^|^00^|^^|0|0
^2026^|^01^|^527687^|^015^|^08^|^WA^|^4718^|^BMB^|^07^|^61^|^2^|^002^|^100^|^ A^|^TANPA SUB KOMPONEN^|^00^|^^|0|0
^2026^|^01^|^527687^|^015^|^08^|^WA^|^4719^|^EBA^|^07^|^61^|^2^|^004^|^100^|^ A^|^Survey Kepuasan Pengguna Layanan^|^00^|^^|0|0
^2026^|^01^|^527687^|^015^|^08^|^WA^|^4719^|^EBA^|^07^|^61^|^2^|^994^|^001^|^ A^|^TANPA SUB KOMPONEN^|^00^|^^|0|0
^2026^|^01^|^527687^|^015^|^08^|^WA^|^4719^|^EBC^|^07^|^61^|^2^|^001^|^100^|^XC^|^Penyelenggaraan Capacity Building^|^00^|^^|0|0
^2026^|^01^|^527666^|^015^|^08^|^CD^|^6212^|^FAC^|^07^|^54^|^2^|^001^|^100^|^AA^|^Training Modul Aplikasi SAKTI  KPPN Induk^|^00^|^^|0|0
^2026^|^01^|^527666^|^015^|^08^|^CD^|^6212^|^FAC^|^07^|^54^|^2^|^001^|^100^|^AB^|^FGD dan Bimtek Transfer Keuangan Daerah  KPPN Induk^|^00^|^^|0|0
^2026^|^01^|^527666^|^015^|^08^|^CD^|^6212^|^FAC^|^07^|^54^|^2^|^001^|^100^|^BA^|^Training Modul Aplikasi SAKTI  KPPN Unit^|^00^|^^|0|0
^2026^|^01^|^527666^|^015^|^08^|^CD^|^6212^|^FAC^|^07^|^54^|^2^|^001^|^100^|^BB^|^FGD dan Bimtek Transfer Keuangan Daerah  KPPN Unit^|^00^|^^|0|0
^2026^|^01^|^527666^|^015^|^08^|^CD^|^6212^|^FAH^|^07^|^54^|^2^|^001^|^100^|^AA^|^TANPA SUB KOMPONEN  KPPN Induk^|^00^|^^|0|0
^2026^|^01^|^527666^|^015^|^08^|^CD^|^6212^|^FAH^|^07^|^54^|^2^|^001^|^100^|^BA^|^TANPA SUB KOMPONEN  KPPN Unit^|^00^|^^|0|0
^2026^|^01^|^527666^|^015^|^08^|^CD^|^6212^|^FAL^|^07^|^54^|^2^|^004^|^100^|^AA^|^Konsultasi  KPPN Induk^|^00^|^^|0|0
^2026^|^01^|^527666^|^015^|^08^|^CD^|^6212^|^FAL^|^07^|^54^|^2^|^004^|^100^|^AB^|^Sosialisasi dan Bimbingan Teknis  KPPN Induk^|^00^|^^|0|0
^2026^|^01^|^527666^|^015^|^08^|^CD^|^6212^|^FAL^|^07^|^54^|^2^|^004^|^100^|^AD^|^Pembinaan Pemda, TKD dan Penandatanganan BA Rekonsiliasi Pajak  KPPN Induk^|^00^|^^|0|0
^2026^|^01^|^527666^|^015^|^08^|^CD^|^6212^|^FAL^|^07^|^54^|^2^|^004^|^100^|^BA^|^Konsultasi  KPPN Unit^|^00^|^^|0|0
^2026^|^01^|^527666^|^015^|^08^|^CD^|^6212^|^FAL^|^07^|^54^|^2^|^004^|^100^|^BB^|^Sosialisasi dan Bimbingan Teknis  KPPN Unit^|^00^|^^|0|0
^2026^|^01^|^527666^|^015^|^08^|^CD^|^6212^|^FAL^|^07^|^54^|^2^|^004^|^100^|^BD^|^Pembinaan Pemda, TKD dan Penandatanganan BA Rekonsiliasi Pajak  KPPN Unit^|^00^|^^|0|0
^2026^|^01^|^527666^|^015^|^08^|^CD^|^6213^|^FAC^|^07^|^54^|^2^|^001^|^100^|^AA^|^Pembinaan Jabatan Fungsional Perbendaharaan  KPPN Induk^|^00^|^^|0|0
^2026^|^01^|^527666^|^015^|^08^|^CD^|^6213^|^FAC^|^07^|^54^|^2^|^001^|^100^|^BA^|^Pembinaan Jabatan Fungsional Perbendaharaan  KPPN Unit^|^00^|^^|0|0
^2026^|^01^|^527666^|^015^|^08^|^CD^|^6213^|^FAE^|^07^|^54^|^2^|^009^|^100^|^BA^|^Monev Penyaluran Pembiayaan Ultra Mikro  KPPN Unit^|^00^|^^|0|0
^2026^|^01^|^527666^|^015^|^08^|^CD^|^6213^|^FAL^|^07^|^54^|^2^|^003^|^100^|^BA^|^Monev Pelaksanaan Anggaran  KPPN Unit^|^00^|^^|0|0
^2026^|^01^|^527666^|^015^|^08^|^CD^|^6214^|^FAL^|^07^|^54^|^2^|^002^|^100^|^AA^|^Pelaksanaan PencairanPenarikanPengesahan Dana  KPPN Induk^|^00^|^^|0|0
^2026^|^01^|^527666^|^015^|^08^|^CD^|^6214^|^FAL^|^07^|^54^|^2^|^002^|^100^|^AB^|^PenerbitanPersetujuanRekonsiliasi RekeningSKPPKonfirmasi Penerimaan Negara, dll  KPPN Induk^|^00^|^^|0|0
^2026^|^01^|^527666^|^015^|^08^|^CD^|^6214^|^FAL^|^07^|^54^|^2^|^002^|^100^|^BA^|^Pelaksanaan PencairanPenarikanPengesahan Dana  KPPN Unit^|^00^|^^|0|0
^2026^|^01^|^527666^|^015^|^08^|^CD^|^6214^|^FAL^|^07^|^54^|^2^|^002^|^100^|^BB^|^PenerbitanPersetujuanRekonsiliasi RekeningSKPPKonfirmasi Penerimaan Negara, dll  KPPN Unit^|^00^|^^|0|0
^2026^|^01^|^527666^|^015^|^08^|^CD^|^6215^|^FAH^|^07^|^54^|^2^|^003^|^100^|^AA^|^Penyusunan Laporan Keuangan Tingkat Kuasa BUN di Daerah  KPPN Induk^|^00^|^^|0|0
^2026^|^01^|^527666^|^015^|^08^|^CD^|^6215^|^FAH^|^07^|^54^|^2^|^003^|^100^|^AB^|^Koordinasi UAKBUND di Kanwil  KPPN Induk^|^00^|^^|0|0
^2026^|^01^|^527666^|^015^|^08^|^CD^|^6215^|^FAH^|^07^|^54^|^2^|^003^|^100^|^BA^|^Penyusunan Laporan Keuangan Tingkat Kuasa BUN di Daerah  KPPN Unit^|^00^|^^|0|0
^2026^|^01^|^527666^|^015^|^08^|^CD^|^6215^|^FAH^|^07^|^54^|^2^|^003^|^100^|^BB^|^Koordinasi UAKBUND di Kanwil  KPPN Unit^|^00^|^^|0|0
^2026^|^01^|^527666^|^015^|^08^|^WA^|^4715^|^EBA^|^07^|^54^|^2^|^001^|^100^|^AA^|^TANPA SUB KOMPONEN  KPPN Induk^|^00^|^^|0|0
^2026^|^01^|^527666^|^015^|^08^|^WA^|^4715^|^EBA^|^07^|^54^|^2^|^001^|^100^|^BA^|^TANPA SUB KOMPONEN  KPPN Unit^|^00^|^^|0|0
^2026^|^01^|^527666^|^015^|^08^|^WA^|^4715^|^EBA^|^07^|^54^|^2^|^002^|^100^|^AA^|^TANPA SUB KOMPONEN  KPPN Induk^|^00^|^^|0|0
^2026^|^01^|^527666^|^015^|^08^|^WA^|^4715^|^EBA^|^07^|^54^|^2^|^002^|^100^|^BA^|^TANPA SUB KOMPONEN  KPPN Unit^|^00^|^^|0|0
^2026^|^01^|^527666^|^015^|^08^|^WA^|^4715^|^EBA^|^07^|^54^|^2^|^994^|^002^|^AA^|^Keperluan Seharihari Perkantoran  KPPN Induk^|^00^|^^|0|0
^2026^|^01^|^527666^|^015^|^08^|^WA^|^4715^|^EBA^|^07^|^54^|^2^|^994^|^002^|^AB^|^Langganan Daya dan Jasa  KPPN Induk^|^00^|^^|0|0
^2026^|^01^|^527666^|^015^|^08^|^WA^|^4715^|^EBA^|^07^|^54^|^2^|^994^|^002^|^AC^|^Pelaksanaan Operasional Kantor  KPPN Induk^|^00^|^^|0|0
^2026^|^01^|^527666^|^015^|^08^|^WA^|^4715^|^EBA^|^07^|^54^|^2^|^994^|^002^|^AD^|^Pemeliharaan Peralatan dan Mesin  KPPN Induk^|^00^|^^|0|0
^2026^|^01^|^527666^|^015^|^08^|^WA^|^4715^|^EBA^|^07^|^54^|^2^|^994^|^002^|^AE^|^Pemeliharaan Gedung dan Bangunan  KPPN Induk^|^00^|^^|0|0
^2026^|^01^|^527666^|^015^|^08^|^WA^|^4715^|^EBA^|^07^|^54^|^2^|^994^|^002^|^BA^|^Keperluan Seharihari Perkantoran  KPPN Unit^|^00^|^^|0|0
^2026^|^01^|^527666^|^015^|^08^|^WA^|^4715^|^EBA^|^07^|^54^|^2^|^994^|^002^|^BC^|^Pelaksanaan Operasional Kantor  KPPN Unit^|^00^|^^|0|0
^2026^|^01^|^527666^|^015^|^08^|^WA^|^4715^|^EBA^|^07^|^54^|^2^|^994^|^002^|^BD^|^Pemeliharaan Peralatan dan Mesin  KPPN Unit^|^00^|^^|0|0
^2026^|^01^|^527666^|^015^|^08^|^WA^|^4715^|^EBA^|^07^|^54^|^2^|^994^|^002^|^TJ^|^Jasa PemeliharaanAnnual Technical Support (ATS)^|^00^|^^|0|0
^2026^|^01^|^527666^|^015^|^08^|^WA^|^4715^|^EBD^|^07^|^54^|^2^|^Z36^|^100^|^AB^|^Pelaksanaan Manajemen Kinerja, Resiko dan Kepatuhan Internal  KPPN Induk^|^00^|^^|0|0
^2026^|^01^|^527666^|^015^|^08^|^WA^|^4715^|^EBD^|^07^|^54^|^2^|^Z36^|^100^|^BB^|^Pelaksanaan Manajemen Kinerja, Resiko dan Kepatuhan Internal  KPPN unit^|^00^|^^|0|0
^2026^|^01^|^527666^|^015^|^08^|^WA^|^4718^|^BMB^|^07^|^54^|^2^|^001^|^100^|^AA^|^TANPA SUB KOMPONEN  KPPN Induk^|^00^|^^|0|0
^2026^|^01^|^527666^|^015^|^08^|^WA^|^4718^|^BMB^|^07^|^54^|^2^|^001^|^100^|^BA^|^TANPA SUB KOMPONEN  KPPN Unit^|^00^|^^|0|0
^2026^|^01^|^527666^|^015^|^08^|^WA^|^4718^|^BMB^|^07^|^54^|^2^|^002^|^100^|^AA^|^TANPA SUB KOMPONEN  KPPN Induk^|^00^|^^|0|0
^2026^|^01^|^527666^|^015^|^08^|^WA^|^4718^|^BMB^|^07^|^54^|^2^|^002^|^100^|^BA^|^TANPA SUB KOMPONEN  KPPN Unit^|^00^|^^|0|0
^2026^|^01^|^527666^|^015^|^08^|^WA^|^4719^|^EBA^|^07^|^54^|^2^|^004^|^100^|^AA^|^Survey Kepuasan Pengguna Layanan  KPPN Induk^|^00^|^^|0|0
^2026^|^01^|^527666^|^015^|^08^|^WA^|^4719^|^EBA^|^07^|^54^|^2^|^004^|^100^|^BA^|^Survey Kepuasan Pengguna Layanan  KPPN Unit^|^00^|^^|0|0
^2026^|^01^|^527666^|^015^|^08^|^WA^|^4719^|^EBA^|^07^|^54^|^2^|^994^|^001^|^AA^|^TANPA SUB KOMPONEN  KPPN Induk^|^00^|^^|0|0
^2026^|^01^|^527666^|^015^|^08^|^WA^|^4719^|^EBA^|^07^|^54^|^2^|^994^|^001^|^BA^|^TANPA SUB KOMPONEN  KPPN Unit^|^00^|^^|0|0
^2026^|^01^|^527666^|^015^|^08^|^WA^|^4719^|^EBC^|^07^|^54^|^2^|^001^|^100^|^XC^|^Penyelenggaraan Capacity Building^|^00^|^^|0|0
^2026^|^01^|^527741^|^015^|^08^|^CD^|^6212^|^FAC^|^07^|^52^|^2^|^001^|^100^|^ A^|^Training Modul Aplikasi SAKTI^|^00^|^^|0|0
^2026^|^01^|^527741^|^015^|^08^|^CD^|^6212^|^FAC^|^07^|^52^|^2^|^001^|^100^|^ B^|^FGD dan Bimtek Transfer Keuangan Daerah^|^00^|^^|0|0
^2026^|^01^|^527741^|^015^|^08^|^CD^|^6212^|^FAH^|^07^|^52^|^2^|^001^|^100^|^ A^|^TANPA SUB KOMPONEN^|^00^|^^|0|0
^2026^|^01^|^527741^|^015^|^08^|^CD^|^6212^|^FAL^|^07^|^52^|^2^|^004^|^100^|^ A^|^Konsultasi^|^00^|^^|0|0
^2026^|^01^|^527741^|^015^|^08^|^CD^|^6212^|^FAL^|^07^|^52^|^2^|^004^|^100^|^ B^|^Sosialisasi dan Bimbingan Teknis^|^00^|^^|0|0
^2026^|^01^|^527741^|^015^|^08^|^CD^|^6212^|^FAL^|^07^|^52^|^2^|^004^|^100^|^ D^|^Pembinaan Pemda, TKD, dan Penandatanganan BAR^|^00^|^^|0|0
^2026^|^01^|^527741^|^015^|^08^|^CD^|^6213^|^FAC^|^07^|^52^|^2^|^001^|^100^|^ A^|^Pembinaan Jabatan Fungsional Perbendaharaan^|^00^|^^|0|0
^2026^|^01^|^527741^|^015^|^08^|^CD^|^6213^|^FAE^|^07^|^52^|^2^|^009^|^100^|^ A^|^Monev Penyaluran Pembiayaan Ultra Mikro^|^00^|^^|0|0
^2026^|^01^|^527741^|^015^|^08^|^CD^|^6213^|^FAL^|^07^|^52^|^2^|^001^|^100^|^ A^|^Monev BankPos^|^00^|^^|0|0
^2026^|^01^|^527741^|^015^|^08^|^CD^|^6214^|^FAL^|^07^|^52^|^2^|^002^|^100^|^ A^|^Pelaksanaan PencairanPenarikanPengesahan Dana^|^00^|^^|0|0
^2026^|^01^|^527741^|^015^|^08^|^CD^|^6214^|^FAL^|^07^|^52^|^2^|^002^|^100^|^ B^|^PenerbitanPersetujuanRekonsiliasi RekeningSKPPKonfirmasi Penerimaan Negara,dll^|^00^|^^|0|0
^2026^|^01^|^527741^|^015^|^08^|^CD^|^6215^|^FAH^|^07^|^52^|^2^|^003^|^100^|^ A^|^Penyusunan Laporan Keuangan Tingkat Kuasa BUN di Daerah^|^00^|^^|0|0
^2026^|^01^|^527741^|^015^|^08^|^CD^|^6215^|^FAH^|^07^|^52^|^2^|^003^|^100^|^ B^|^Koordinasi UAKBUND KPPN di Kanwil^|^00^|^^|0|0
^2026^|^01^|^527741^|^015^|^08^|^WA^|^4715^|^EBA^|^07^|^52^|^2^|^001^|^100^|^ A^|^TANPA SUB KOMPONEN^|^00^|^^|0|0
^2026^|^01^|^527741^|^015^|^08^|^WA^|^4715^|^EBA^|^07^|^52^|^2^|^001^|^100^|^ B^|^Koordinasi Penyusunan ATK PU^|^00^|^^|0|0
^2026^|^01^|^527741^|^015^|^08^|^WA^|^4715^|^EBA^|^07^|^52^|^2^|^002^|^100^|^ A^|^TANPA SUB KOMPONEN^|^00^|^^|0|0
^2026^|^01^|^527741^|^015^|^08^|^WA^|^4715^|^EBA^|^07^|^52^|^2^|^994^|^002^|^ A^|^Keperluan Seharihari perkantoran^|^00^|^^|0|0
^2026^|^01^|^527741^|^015^|^08^|^WA^|^4715^|^EBA^|^07^|^52^|^2^|^994^|^002^|^ B^|^Langganan Daya dan Jasa^|^00^|^^|0|0
^2026^|^01^|^527741^|^015^|^08^|^WA^|^4715^|^EBA^|^07^|^52^|^2^|^994^|^002^|^ C^|^Pelaksanaan Operasional Kantor^|^00^|^^|0|0
^2026^|^01^|^527741^|^015^|^08^|^WA^|^4715^|^EBA^|^07^|^52^|^2^|^994^|^002^|^ D^|^Pemeliharaan Peralatan dan Mesin^|^00^|^^|0|0
^2026^|^01^|^527741^|^015^|^08^|^WA^|^4715^|^EBA^|^07^|^52^|^2^|^994^|^002^|^ G^|^Pemeliharaan Gedung dan Bangunan^|^00^|^^|0|0
^2026^|^01^|^527741^|^015^|^08^|^WA^|^4715^|^EBA^|^07^|^52^|^2^|^994^|^002^|^TJ^|^Jasa PemeliharaanAnnual Technical Support (ATS)^|^00^|^^|0|0
^2026^|^01^|^527741^|^015^|^08^|^WA^|^4715^|^EBD^|^07^|^52^|^2^|^Z36^|^100^|^ B^|^Pelaksanaan Manajemen Kinerja, Resiko dan Kepatuhan Internal^|^00^|^^|0|0
^2026^|^01^|^527741^|^015^|^08^|^WA^|^4718^|^BMB^|^07^|^52^|^2^|^002^|^100^|^ A^|^TANPA SUB KOMPONEN^|^00^|^^|0|0
^2026^|^01^|^527741^|^015^|^08^|^WA^|^4718^|^BMB^|^07^|^52^|^2^|^001^|^100^|^ A^|^TANPA SUB KOMPONEN^|^00^|^^|0|0
^2026^|^01^|^527741^|^015^|^08^|^WA^|^4719^|^EBA^|^07^|^52^|^2^|^994^|^001^|^ A^|^TANPA SUB KOMPONEN^|^00^|^^|0|0
^2026^|^01^|^527741^|^015^|^08^|^WA^|^4719^|^EBA^|^07^|^52^|^2^|^004^|^100^|^ A^|^Survey Kepuasan Pengguna Layanan^|^00^|^^|0|0
^2026^|^01^|^527741^|^015^|^08^|^WA^|^4719^|^EBC^|^07^|^52^|^2^|^001^|^100^|^XC^|^Penyelenggaraan Capacity Building^|^00^|^^|0|0
^2026^|^01^|^527691^|^015^|^08^|^CD^|^6212^|^BMB^|^07^|^55^|^2^|^001^|^100^|^ A^|^Profiling UMKM^|^00^|^^|0|0
^2026^|^01^|^527691^|^015^|^08^|^CD^|^6212^|^FAC^|^07^|^55^|^2^|^001^|^100^|^ A^|^Training Modul Aplikasi SAKTI^|^00^|^^|0|0
^2026^|^01^|^527691^|^015^|^08^|^CD^|^6212^|^FAC^|^07^|^55^|^2^|^001^|^100^|^ B^|^FGD dan Bimtek Transfer Keuangan Daerah^|^00^|^^|0|0
^2026^|^01^|^527691^|^015^|^08^|^CD^|^6212^|^FAH^|^07^|^55^|^2^|^001^|^100^|^ A^|^TANPA SUB KOMPONEN^|^00^|^^|0|0
^2026^|^01^|^527691^|^015^|^08^|^CD^|^6212^|^FAL^|^07^|^55^|^2^|^004^|^100^|^ A^|^Konsultasi^|^00^|^^|0|0
^2026^|^01^|^527691^|^015^|^08^|^CD^|^6212^|^FAL^|^07^|^55^|^2^|^004^|^100^|^ B^|^Sosialisasi dan Bimbingan Teknis^|^00^|^^|0|0
^2026^|^01^|^527691^|^015^|^08^|^CD^|^6212^|^FAL^|^07^|^55^|^2^|^004^|^100^|^ D^|^Pembinaan Pemda, TKD, dan BA Rekonsiliasi Pajak^|^00^|^^|0|0
^2026^|^01^|^527691^|^015^|^08^|^CD^|^6213^|^FAC^|^07^|^55^|^2^|^001^|^100^|^ A^|^Pembinaan Jabatan Fungsional Perbendaharaan^|^00^|^^|0|0
^2026^|^01^|^527691^|^015^|^08^|^CD^|^6213^|^FAE^|^07^|^55^|^2^|^009^|^100^|^ A^|^Monev Penyaluran Pembiayaan Ultra Mikro^|^00^|^^|0|0
^2026^|^01^|^527691^|^015^|^08^|^CD^|^6213^|^FAL^|^07^|^55^|^2^|^003^|^100^|^ A^|^Monev Pelaksanaan Anggaran^|^00^|^^|0|0
^2026^|^01^|^527691^|^015^|^08^|^CD^|^6214^|^FAL^|^07^|^55^|^2^|^002^|^100^|^ A^|^Pelaksanaan PencairanPenarikanPengesahan Dana^|^00^|^^|0|0
^2026^|^01^|^527691^|^015^|^08^|^CD^|^6214^|^FAL^|^07^|^55^|^2^|^002^|^100^|^ B^|^PenerbitanPersetujuanRekonsiliasi RekeningSKPPKonfirmasi Penerimaan Negara, dll^|^00^|^^|0|0
^2026^|^01^|^527691^|^015^|^08^|^CD^|^6215^|^FAH^|^07^|^55^|^2^|^003^|^100^|^ A^|^Penyusunan Laporan Keuangan Tingkat Kuasa BUN di Daerah^|^00^|^^|0|0
^2026^|^01^|^527691^|^015^|^08^|^CD^|^6215^|^FAH^|^07^|^55^|^2^|^003^|^100^|^ B^|^Koordinasi UAKBUND KPPN di Kanwil^|^00^|^^|0|0
^2026^|^01^|^527691^|^015^|^08^|^WA^|^4715^|^EBA^|^07^|^55^|^2^|^001^|^100^|^ A^|^TANPA SUB KOMPONEN^|^00^|^^|0|0
^2026^|^01^|^527691^|^015^|^08^|^WA^|^4715^|^EBA^|^07^|^55^|^2^|^001^|^100^|^ B^|^Koordinasi Penyusunan ATK PU^|^00^|^^|0|0
^2026^|^01^|^527691^|^015^|^08^|^WA^|^4715^|^EBA^|^07^|^55^|^2^|^002^|^100^|^ A^|^TANPA SUB KOMPONEN^|^00^|^^|0|0
^2026^|^01^|^527691^|^015^|^08^|^WA^|^4715^|^EBA^|^07^|^55^|^2^|^994^|^002^|^ A^|^Keperluan Seharihari Perkantoran^|^00^|^^|0|0
^2026^|^01^|^527691^|^015^|^08^|^WA^|^4715^|^EBA^|^07^|^55^|^2^|^994^|^002^|^ B^|^Langganan Daya dan Jasa^|^00^|^^|0|0
^2026^|^01^|^527691^|^015^|^08^|^WA^|^4715^|^EBA^|^07^|^55^|^2^|^994^|^002^|^ C^|^Pelaksanaan Operasional Kantor^|^00^|^^|0|0
^2026^|^01^|^527691^|^015^|^08^|^WA^|^4715^|^EBA^|^07^|^55^|^2^|^994^|^002^|^ D^|^Pemeliharaan Peralatan dan Mesin^|^00^|^^|0|0
^2026^|^01^|^527691^|^015^|^08^|^WA^|^4715^|^EBA^|^07^|^55^|^2^|^994^|^002^|^ G^|^Pemeliharaan Gedung dan Bangunan^|^00^|^^|0|0
^2026^|^01^|^527691^|^015^|^08^|^WA^|^4715^|^EBA^|^07^|^55^|^2^|^994^|^002^|^TJ^|^Jasa PemeliharaanAnnual Technical Support (ATS)^|^00^|^^|0|0
^2026^|^01^|^527691^|^015^|^08^|^WA^|^4715^|^EBD^|^07^|^55^|^2^|^Z36^|^100^|^ B^|^Pelaksanaan Manajemen Kinerja, Resiko dan Kepatuhan Internal^|^00^|^^|0|0
^2026^|^01^|^527691^|^015^|^08^|^WA^|^4718^|^BMB^|^07^|^55^|^2^|^001^|^100^|^ A^|^TANPA SUB KOMPONEN^|^00^|^^|0|0
^2026^|^01^|^527691^|^015^|^08^|^WA^|^4718^|^BMB^|^07^|^55^|^2^|^002^|^100^|^ A^|^TANPA SUB KOMPONEN^|^00^|^^|0|0
^2026^|^01^|^527691^|^015^|^08^|^WA^|^4719^|^EBA^|^07^|^55^|^2^|^004^|^100^|^ A^|^Survey Kepuasan Pengguna Layanan^|^00^|^^|0|0
^2026^|^01^|^527691^|^015^|^08^|^WA^|^4719^|^EBA^|^07^|^55^|^2^|^994^|^001^|^ A^|^TANPA SUB KOMPONEN^|^00^|^^|0|0
^2026^|^01^|^527691^|^015^|^08^|^WA^|^4719^|^EBC^|^07^|^55^|^2^|^001^|^100^|^XC^|^Penyelenggaraan Capacity Building^|^00^|^^|0|0
^2026^|^01^|^527709^|^015^|^08^|^CD^|^6212^|^BMB^|^07^|^06^|^2^|^001^|^100^|^ A^|^Profiling UMKM^|^00^|^^|0|0
^2026^|^01^|^527709^|^015^|^08^|^CD^|^6212^|^FAC^|^07^|^06^|^2^|^001^|^100^|^ A^|^Training Modul Aplikasi SAKTI^|^00^|^^|0|0
^2026^|^01^|^527709^|^015^|^08^|^CD^|^6212^|^FAC^|^07^|^06^|^2^|^001^|^100^|^ B^|^FGD dan Bimtek Transfer Keuangan Daerah^|^00^|^^|0|0
^2026^|^01^|^527709^|^015^|^08^|^CD^|^6212^|^FAH^|^07^|^06^|^2^|^001^|^100^|^ A^|^TANPA SUB KOMPONEN^|^00^|^^|0|0
^2026^|^01^|^527709^|^015^|^08^|^CD^|^6212^|^FAL^|^07^|^06^|^2^|^004^|^100^|^ A^|^Konsultasi^|^00^|^^|0|0
^2026^|^01^|^527709^|^015^|^08^|^CD^|^6212^|^FAL^|^07^|^06^|^2^|^004^|^100^|^ B^|^Sosialisasi dan Bimbingan Teknis^|^00^|^^|0|0
^2026^|^01^|^527709^|^015^|^08^|^CD^|^6212^|^FAL^|^07^|^06^|^2^|^004^|^100^|^ D^|^Pembinaan Pemda, TKD, dan Penandatanganan BAR^|^00^|^^|0|0
^2026^|^01^|^527709^|^015^|^08^|^CD^|^6213^|^FAC^|^07^|^06^|^2^|^001^|^100^|^ A^|^Pembinaan Jabatan Fungsional Perbendaharaan^|^00^|^^|0|0
^2026^|^01^|^527709^|^015^|^08^|^CD^|^6213^|^FAE^|^07^|^06^|^2^|^009^|^100^|^ A^|^Monev Penyaluran Pembiayaan Ultra Mikro^|^00^|^^|0|0
^2026^|^01^|^527709^|^015^|^08^|^CD^|^6213^|^FAL^|^07^|^06^|^2^|^003^|^100^|^ A^|^Monev Pelaksanaan Anggaran^|^00^|^^|0|0
^2026^|^01^|^527709^|^015^|^08^|^CD^|^6214^|^FAL^|^07^|^06^|^2^|^002^|^100^|^ A^|^Pelaksanaan PencairanPenarikanPengesahan Dana^|^00^|^^|0|0
^2026^|^01^|^527709^|^015^|^08^|^CD^|^6214^|^FAL^|^07^|^06^|^2^|^002^|^100^|^ B^|^PenerbitanPersetujuanRekonsiliasi RekeningSKPPKonfirmasi Penerimaan Negara,dll^|^00^|^^|0|0
^2026^|^01^|^527709^|^015^|^08^|^CD^|^6215^|^FAH^|^07^|^06^|^2^|^003^|^100^|^ A^|^Penyusunan Laporan Keuangan Tingkat Kuasa BUN di Daerah^|^00^|^^|0|0
^2026^|^01^|^527709^|^015^|^08^|^WA^|^4715^|^EBA^|^07^|^06^|^2^|^001^|^100^|^ A^|^TANPA SUB KOMPONEN^|^00^|^^|0|0
^2026^|^01^|^527709^|^015^|^08^|^WA^|^4715^|^EBA^|^07^|^06^|^2^|^001^|^100^|^ B^|^Koordinasi Penyusunan ATK PU^|^00^|^^|0|0
^2026^|^01^|^527709^|^015^|^08^|^WA^|^4715^|^EBA^|^07^|^06^|^2^|^002^|^100^|^ A^|^TANPA SUB KOMPONEN^|^00^|^^|0|0
^2026^|^01^|^527709^|^015^|^08^|^WA^|^4715^|^EBA^|^07^|^06^|^2^|^994^|^002^|^ A^|^Keperluan Seharihari Perkantoran^|^00^|^^|0|0
^2026^|^01^|^527709^|^015^|^08^|^WA^|^4715^|^EBA^|^07^|^06^|^2^|^994^|^002^|^ B^|^Langganan Daya dan Jasa^|^00^|^^|0|0
^2026^|^01^|^527709^|^015^|^08^|^WA^|^4715^|^EBA^|^07^|^06^|^2^|^994^|^002^|^ C^|^Pelaksanaan Operasional Kantor^|^00^|^^|0|0
^2026^|^01^|^527709^|^015^|^08^|^WA^|^4715^|^EBA^|^07^|^06^|^2^|^994^|^002^|^ D^|^Pemeliharaan Peralatan dan Mesin^|^00^|^^|0|0
^2026^|^01^|^527709^|^015^|^08^|^WA^|^4715^|^EBA^|^07^|^06^|^2^|^994^|^002^|^ G^|^Pemelihaan Gedung dan Bangunan^|^00^|^^|0|0
^2026^|^01^|^527709^|^015^|^08^|^WA^|^4715^|^EBA^|^07^|^06^|^2^|^994^|^002^|^TJ^|^Jasa PemeliharaanAnnual Technical Support (ATS)^|^00^|^^|0|0
^2026^|^01^|^527709^|^015^|^08^|^WA^|^4715^|^EBD^|^07^|^06^|^2^|^Z36^|^100^|^ B^|^Pelaksanaan Manajemen Kinerja, Resiko dan Kepatuhan Internal^|^00^|^^|0|0
^2026^|^01^|^527709^|^015^|^08^|^WA^|^4718^|^BMB^|^07^|^06^|^2^|^001^|^100^|^ A^|^TANPA SUB KOMPONEN^|^00^|^^|0|0
^2026^|^01^|^527709^|^015^|^08^|^WA^|^4718^|^BMB^|^07^|^06^|^2^|^002^|^100^|^ A^|^TANPA SUB KOMPONEN^|^00^|^^|0|0
^2026^|^01^|^527709^|^015^|^08^|^WA^|^4719^|^EBA^|^07^|^06^|^2^|^004^|^100^|^ A^|^Survey Kepuasan Pengguna Layanan^|^00^|^^|0|0
^2026^|^01^|^527709^|^015^|^08^|^WA^|^4719^|^EBA^|^07^|^06^|^2^|^994^|^001^|^ A^|^TANPA SUB KOMPONEN^|^00^|^^|0|0
^2026^|^01^|^527709^|^015^|^08^|^WA^|^4719^|^EBC^|^07^|^06^|^2^|^001^|^100^|^XC^|^Penyelenggaraan Capacity Building^|^00^|^^|0|0
^2026^|^01^|^527755^|^015^|^08^|^CD^|^6212^|^BMB^|^07^|^12^|^2^|^001^|^100^|^ A^|^Profiling UMKM^|^00^|^^|0|0
^2026^|^01^|^527755^|^015^|^08^|^CD^|^6212^|^FAC^|^07^|^12^|^2^|^001^|^100^|^ A^|^Training Modul Aplikasi SAKTI^|^00^|^^|0|0
^2026^|^01^|^527755^|^015^|^08^|^CD^|^6212^|^FAC^|^07^|^12^|^2^|^001^|^100^|^ B^|^FGD dan Bimtek Transfer Keuangan Daerah^|^00^|^^|0|0
^2026^|^01^|^527755^|^015^|^08^|^CD^|^6212^|^FAH^|^07^|^12^|^2^|^001^|^100^|^ A^|^TANPA SUB KOMPONEN^|^00^|^^|0|0
^2026^|^01^|^527755^|^015^|^08^|^CD^|^6212^|^FAL^|^07^|^12^|^2^|^004^|^100^|^ A^|^Konsultasi^|^00^|^^|0|0
^2026^|^01^|^527755^|^015^|^08^|^CD^|^6212^|^FAL^|^07^|^12^|^2^|^004^|^100^|^ B^|^Sosialisasi dan Bimbingan Teknis^|^00^|^^|0|0
^2026^|^01^|^527755^|^015^|^08^|^CD^|^6212^|^FAL^|^07^|^12^|^2^|^004^|^100^|^ D^|^Pembinaan Pemda, TKD, dan Penandatanganan BA Rekonsiliasi Pajak^|^00^|^^|0|0
^2026^|^01^|^527755^|^015^|^08^|^CD^|^6213^|^FAC^|^07^|^12^|^2^|^001^|^100^|^ A^|^Pembinaan Jabatan Fungsional Perbendaharaan^|^00^|^^|0|0
^2026^|^01^|^527755^|^015^|^08^|^CD^|^6213^|^FAL^|^07^|^12^|^2^|^003^|^100^|^ A^|^Monev Pelaksanaan Anggaran^|^00^|^^|0|0
^2026^|^01^|^527755^|^015^|^08^|^CD^|^6214^|^FAL^|^07^|^12^|^2^|^002^|^100^|^ A^|^Pelaksanaan Pencairan/Penarikan/Pengesahan Dana^|^00^|^^|0|0
^2026^|^01^|^527755^|^015^|^08^|^CD^|^6214^|^FAL^|^07^|^12^|^2^|^002^|^100^|^ B^|^Penerbitan/Persetujuan/Rekonsiliasi Rekening/SKPP/Konfirmasi Penerimaan Negara, dll^|^00^|^^|0|0
^2026^|^01^|^527755^|^015^|^08^|^CD^|^6215^|^FAH^|^07^|^12^|^2^|^003^|^100^|^ A^|^Penyusunan Laporan Keuangan Tingkat Kuasa BUN di Daerah^|^00^|^^|0|0
^2026^|^01^|^527755^|^015^|^08^|^CD^|^6215^|^FAH^|^07^|^12^|^2^|^003^|^100^|^ B^|^Koordinasi UAKBUN-D KPPN di Kanwil^|^00^|^^|0|0
^2026^|^01^|^527755^|^015^|^08^|^WA^|^4715^|^EBA^|^07^|^12^|^2^|^001^|^100^|^ A^|^TANPA SUB KOMPONEN^|^00^|^^|0|0
^2026^|^01^|^527755^|^015^|^08^|^WA^|^4715^|^EBA^|^07^|^12^|^2^|^001^|^100^|^ B^|^Koordinasi Penyusunan ATK PU^|^00^|^^|0|0
^2026^|^01^|^527755^|^015^|^08^|^WA^|^4715^|^EBA^|^07^|^12^|^2^|^002^|^100^|^ A^|^TANPA SUB KOMPONEN^|^00^|^^|0|0
^2026^|^01^|^527755^|^015^|^08^|^WA^|^4715^|^EBA^|^07^|^12^|^2^|^994^|^002^|^ A^|^Keperluan Sehari-hari Perkantoran^|^00^|^^|0|0
^2026^|^01^|^527755^|^015^|^08^|^WA^|^4715^|^EBA^|^07^|^12^|^2^|^994^|^002^|^ B^|^Langganan Daya dan Jasa^|^00^|^^|0|0
^2026^|^01^|^527755^|^015^|^08^|^WA^|^4715^|^EBA^|^07^|^12^|^2^|^994^|^002^|^ C^|^Pelaksanaan Operasional Kantor^|^00^|^^|0|0
^2026^|^01^|^527755^|^015^|^08^|^WA^|^4715^|^EBA^|^07^|^12^|^2^|^994^|^002^|^ D^|^Pemeliharaan Peralatan dan Mesin^|^00^|^^|0|0
^2026^|^01^|^527755^|^015^|^08^|^WA^|^4715^|^EBA^|^07^|^12^|^2^|^994^|^002^|^ G^|^Pemeliharaan Gedung dan Bangunan^|^00^|^^|0|0
^2026^|^01^|^527755^|^015^|^08^|^WA^|^4715^|^EBA^|^07^|^12^|^2^|^994^|^002^|^TJ^|^Jasa Pemeliharaan/Annual Technical Support (ATS)^|^00^|^^|0|0
^2026^|^01^|^527755^|^015^|^08^|^WA^|^4715^|^EBD^|^07^|^12^|^2^|^Z36^|^100^|^ B^|^Pelaksanaan Manajemen Kinerja, Resiko dan Kepatuhan Internal^|^00^|^^|0|0
^2026^|^01^|^527755^|^015^|^08^|^WA^|^4718^|^BMB^|^07^|^12^|^2^|^002^|^100^|^ A^|^TANPA SUB KOMPONEN^|^00^|^^|0|0
^2026^|^01^|^527755^|^015^|^08^|^WA^|^4718^|^BMB^|^07^|^12^|^2^|^001^|^100^|^ A^|^TANPA SUB KOMPONEN^|^00^|^^|0|0
^2026^|^01^|^527755^|^015^|^08^|^WA^|^4719^|^EBA^|^07^|^12^|^2^|^994^|^001^|^ A^|^TANPA SUB KOMPONEN^|^00^|^^|0|0
^2026^|^01^|^527755^|^015^|^08^|^WA^|^4719^|^EBA^|^07^|^12^|^2^|^004^|^100^|^ A^|^Survey Kepuasan Pengguna Layanan^|^00^|^^|0|0
^2026^|^01^|^527755^|^015^|^08^|^WA^|^4719^|^EBC^|^07^|^12^|^2^|^001^|^100^|^XC^|^Penyelenggaraan Capacity Building^|^00^|^^|0|0
^2026^|^01^|^527713^|^015^|^08^|^CD^|^6212^|^BMB^|^07^|^56^|^2^|^001^|^100^|^ A^|^Profiling UMKM^|^00^|^^|0|0
^2026^|^01^|^527713^|^015^|^08^|^CD^|^6212^|^FAC^|^07^|^56^|^2^|^001^|^100^|^ A^|^Training Modul Aplikasi SAKTI^|^00^|^^|0|0
^2026^|^01^|^527713^|^015^|^08^|^CD^|^6212^|^FAC^|^07^|^56^|^2^|^001^|^100^|^ B^|^FGD dan Bimtek Transfer Keuangan Daerah^|^00^|^^|0|0
^2026^|^01^|^527713^|^015^|^08^|^CD^|^6212^|^FAH^|^07^|^56^|^2^|^001^|^100^|^ A^|^TANPA SUB KOMPONEN^|^00^|^^|0|0
^2026^|^01^|^527713^|^015^|^08^|^CD^|^6212^|^FAL^|^07^|^56^|^2^|^004^|^100^|^ A^|^Konsultasi^|^00^|^^|0|0
^2026^|^01^|^527713^|^015^|^08^|^CD^|^6212^|^FAL^|^07^|^56^|^2^|^004^|^100^|^ B^|^Sosialisasi dan Bimbingan Teknis^|^00^|^^|0|0
^2026^|^01^|^527713^|^015^|^08^|^CD^|^6212^|^FAL^|^07^|^56^|^2^|^004^|^100^|^ D^|^Pembinaan Pemda, TKD, dan Penandatanganan BA Rekonsiliasi Pajak^|^00^|^^|0|0
^2026^|^01^|^527713^|^015^|^08^|^CD^|^6213^|^FAC^|^07^|^56^|^2^|^001^|^100^|^ A^|^Pembinaan Jabatan Fungsional Perbendaharaan^|^00^|^^|0|0
^2026^|^01^|^527713^|^015^|^08^|^CD^|^6213^|^FAL^|^07^|^56^|^2^|^003^|^100^|^ A^|^Monev Pelaksanaan Anggaran^|^00^|^^|0|0
^2026^|^01^|^527713^|^015^|^08^|^CD^|^6214^|^FAL^|^07^|^56^|^2^|^002^|^100^|^ A^|^Pelaksanaan PencairanPenarikanPengesahan Dana^|^00^|^^|0|0
^2026^|^01^|^527713^|^015^|^08^|^CD^|^6214^|^FAL^|^07^|^56^|^2^|^002^|^100^|^ B^|^PenerbitanPersetujuanRekonsiliasi RekeningSKPPKonfirmasi Penerimaan Negara, dll^|^00^|^^|0|0
^2026^|^01^|^527713^|^015^|^08^|^CD^|^6215^|^FAH^|^07^|^56^|^2^|^003^|^100^|^ A^|^Penyusunan Laporan Keuangan Tingkat Kuasa BUN di Daerah^|^00^|^^|0|0
^2026^|^01^|^527713^|^015^|^08^|^CD^|^6215^|^FAH^|^07^|^56^|^2^|^003^|^100^|^ B^|^Koordinasi UAKBUND KPPN di Kanwil^|^00^|^^|0|0
^2026^|^01^|^527713^|^015^|^08^|^WA^|^4718^|^BMB^|^07^|^56^|^2^|^002^|^100^|^ A^|^TANPA SUB KOMPONEN^|^00^|^^|0|0
^2026^|^01^|^527713^|^015^|^08^|^WA^|^4718^|^BMB^|^07^|^56^|^2^|^001^|^100^|^ A^|^TANPA SUB KOMPONEN^|^00^|^^|0|0
^2026^|^01^|^527713^|^015^|^08^|^WA^|^4715^|^EBA^|^07^|^56^|^2^|^001^|^100^|^ A^|^TANPA SUB KOMPONEN^|^00^|^^|0|0
^2026^|^01^|^527713^|^015^|^08^|^WA^|^4715^|^EBA^|^07^|^56^|^2^|^001^|^100^|^ B^|^Koordinasi Penyusunan ATK PU^|^00^|^^|0|0
^2026^|^01^|^527713^|^015^|^08^|^WA^|^4715^|^EBA^|^07^|^56^|^2^|^002^|^100^|^ A^|^TANPA SUB KOMPONEN^|^00^|^^|0|0
^2026^|^01^|^527713^|^015^|^08^|^WA^|^4715^|^EBA^|^07^|^56^|^2^|^994^|^002^|^ A^|^Keperluan Seharihari Perkantoran^|^00^|^^|0|0
^2026^|^01^|^527713^|^015^|^08^|^WA^|^4715^|^EBA^|^07^|^56^|^2^|^994^|^002^|^ B^|^Langganan Daya dan Jasa^|^00^|^^|0|0
^2026^|^01^|^527713^|^015^|^08^|^WA^|^4715^|^EBA^|^07^|^56^|^2^|^994^|^002^|^ C^|^Pelaksanaan Operasional Kantor^|^00^|^^|0|0
^2026^|^01^|^527713^|^015^|^08^|^WA^|^4715^|^EBA^|^07^|^56^|^2^|^994^|^002^|^ D^|^Pemeliharaan Peralatan dan Mesin^|^00^|^^|0|0
^2026^|^01^|^527713^|^015^|^08^|^WA^|^4715^|^EBA^|^07^|^56^|^2^|^994^|^002^|^ G^|^Pemeliharaan Gedung dan Bangunan^|^00^|^^|0|0
^2026^|^01^|^527713^|^015^|^08^|^WA^|^4715^|^EBA^|^07^|^56^|^2^|^994^|^002^|^TJ^|^Jasa PemeliharaanAnnual Technical Support (ATS)^|^00^|^^|0|0
^2026^|^01^|^527713^|^015^|^08^|^WA^|^4715^|^EBB^|^07^|^56^|^2^|^002^|^100^|^ A^|^TANPA SUB KOMPONEN^|^00^|^^|0|0
^2026^|^01^|^527713^|^015^|^08^|^WA^|^4715^|^EBD^|^07^|^56^|^2^|^Z36^|^100^|^ B^|^Pelaksanaan Manajemen Kinerja, Resiko dan Kepatuhan Internal^|^00^|^^|0|0
^2026^|^01^|^527713^|^015^|^08^|^WA^|^4719^|^EBA^|^07^|^56^|^2^|^994^|^001^|^ A^|^TANPA SUB KOMPONEN^|^00^|^^|0|0
^2026^|^01^|^527713^|^015^|^08^|^WA^|^4719^|^EBA^|^07^|^56^|^2^|^004^|^100^|^ A^|^Survei Kepuasan Pengguna Layanan^|^00^|^^|0|0
^2026^|^01^|^527713^|^015^|^08^|^WA^|^4719^|^EBC^|^07^|^56^|^2^|^001^|^100^|^XC^|^Penyelenggaraan Capacity Building^|^00^|^^|0|0
^2026^|^01^|^527797^|^015^|^08^|^CD^|^6212^|^FAH^|^08^|^51^|^2^|^001^|^100^|^ A^|^TANPA SUB KOMPONEN^|^00^|^^|0|0
^2026^|^01^|^527797^|^015^|^08^|^CD^|^6212^|^FAL^|^08^|^51^|^2^|^004^|^100^|^ A^|^Konsultasi^|^00^|^^|0|0
^2026^|^01^|^527797^|^015^|^08^|^CD^|^6212^|^FAL^|^08^|^51^|^2^|^004^|^100^|^ B^|^Sosialisasi dan Bimbingan Teknis^|^00^|^^|0|0
^2026^|^01^|^527797^|^015^|^08^|^CD^|^6212^|^FAL^|^08^|^51^|^2^|^004^|^100^|^ D^|^Pembinaan Pemda, TKD, dan Penandatanganan BAR^|^00^|^^|0|0
^2026^|^01^|^527797^|^015^|^08^|^CD^|^6213^|^FAC^|^08^|^51^|^2^|^001^|^100^|^ A^|^Pembinaan Jabatan Fungsional Perbendaharaan^|^00^|^^|0|0
^2026^|^01^|^527797^|^015^|^08^|^CD^|^6213^|^FAL^|^08^|^51^|^2^|^003^|^100^|^ A^|^Monev Pelaksanaan Anggaran^|^00^|^^|0|0
^2026^|^01^|^527797^|^015^|^08^|^CD^|^6214^|^FAL^|^08^|^51^|^2^|^002^|^100^|^ A^|^Pelaksanaan PencairanPenarikanPengesahan Dana^|^00^|^^|0|0
^2026^|^01^|^527797^|^015^|^08^|^CD^|^6214^|^FAL^|^08^|^51^|^2^|^002^|^100^|^ B^|^PenerbitanPersetujuanRekonsiliasi RekeningSKPPKonfirmasi Penerimaan Negara, dll^|^00^|^^|0|0
^2026^|^01^|^527797^|^015^|^08^|^CD^|^6215^|^FAH^|^08^|^51^|^2^|^003^|^100^|^ A^|^Penyusunan Laporan Keuangan Tingkat Kuasa BUN di Daerah^|^00^|^^|0|0
^2026^|^01^|^527797^|^015^|^08^|^CD^|^6215^|^FAH^|^08^|^51^|^2^|^003^|^100^|^ B^|^Koordinasi UAKBUND KPPN di Kanwil^|^00^|^^|0|0
^2026^|^01^|^527797^|^015^|^08^|^WA^|^4715^|^EBA^|^08^|^51^|^2^|^001^|^100^|^ A^|^TANPA SUB KOMPONEN^|^00^|^^|0|0
^2026^|^01^|^527797^|^015^|^08^|^WA^|^4715^|^EBA^|^08^|^51^|^2^|^001^|^100^|^ B^|^Koordinasi Penyusunan ATK PU^|^00^|^^|0|0
^2026^|^01^|^527797^|^015^|^08^|^WA^|^4715^|^EBA^|^08^|^51^|^2^|^002^|^100^|^ A^|^TANPA SUB KOMPONEN^|^00^|^^|0|0
^2026^|^01^|^527797^|^015^|^08^|^WA^|^4715^|^EBA^|^08^|^51^|^2^|^994^|^002^|^ A^|^Keperluan seharihari perkantoran^|^00^|^^|0|0
^2026^|^01^|^527797^|^015^|^08^|^WA^|^4715^|^EBA^|^08^|^51^|^2^|^994^|^002^|^ B^|^Langganan Daya dan Jasa^|^00^|^^|0|0
^2026^|^01^|^527797^|^015^|^08^|^WA^|^4715^|^EBA^|^08^|^51^|^2^|^994^|^002^|^ C^|^Pelaksanaan Operasional Kantor^|^00^|^^|0|0
^2026^|^01^|^527797^|^015^|^08^|^WA^|^4715^|^EBA^|^08^|^51^|^2^|^994^|^002^|^ D^|^Pemeliharaan Peralatan dan Mesin^|^00^|^^|0|0
^2026^|^01^|^527797^|^015^|^08^|^WA^|^4715^|^EBA^|^08^|^51^|^2^|^994^|^002^|^ G^|^Pemeliharaan Gedung dan Bangunan^|^00^|^^|0|0
^2026^|^01^|^527797^|^015^|^08^|^WA^|^4715^|^EBA^|^08^|^51^|^2^|^994^|^002^|^TJ^|^Jasa PemeliharaanAnnual Technical Support (ATS)^|^00^|^^|0|0
^2026^|^01^|^527797^|^015^|^08^|^WA^|^4715^|^EBD^|^08^|^51^|^2^|^Z36^|^100^|^ B^|^Pelaksanaan Manajemen Kinerja, Resiko dan Kepatuhan Internal^|^00^|^^|0|0
^2026^|^01^|^527797^|^015^|^08^|^WA^|^4718^|^BMB^|^08^|^51^|^2^|^001^|^100^|^ A^|^TANPA SUB KOMPONEN^|^00^|^^|0|0
^2026^|^01^|^527797^|^015^|^08^|^WA^|^4718^|^BMB^|^08^|^51^|^2^|^002^|^100^|^ A^|^TANPA SUB KOMPONEN^|^00^|^^|0|0
^2026^|^01^|^527797^|^015^|^08^|^WA^|^4719^|^EBA^|^08^|^51^|^2^|^004^|^100^|^ A^|^Survey Kepuasan Pengguna Layanan^|^00^|^^|0|0
^2026^|^01^|^527797^|^015^|^08^|^WA^|^4719^|^EBA^|^08^|^51^|^2^|^994^|^001^|^ A^|^TANPA SUB KOMPONEN^|^00^|^^|0|0
^2026^|^01^|^527797^|^015^|^08^|^WA^|^4719^|^EBC^|^08^|^51^|^2^|^001^|^100^|^XC^|^Penyelenggaraan Capacity Building^|^00^|^^|0|0
^2026^|^01^|^527797^|^015^|^08^|^CD^|^6212^|^FAC^|^08^|^51^|^2^|^001^|^100^|^ A^|^Training Modul Aplikasi SAKTI^|^00^|^^|0|0
^2026^|^01^|^527797^|^015^|^08^|^CD^|^6212^|^FAC^|^08^|^51^|^2^|^001^|^100^|^ B^|^FGD dan Bimtek Transfer Keuangan Daerah^|^00^|^^|0|0
^2026^|^01^|^527776^|^015^|^08^|^CD^|^6212^|^BMB^|^08^|^55^|^2^|^001^|^100^|^ A^|^Profiling UMKM^|^00^|^^|0|0
^2026^|^01^|^527776^|^015^|^08^|^CD^|^6212^|^BMB^|^08^|^55^|^2^|^001^|^100^|^ B^|^Pemberdayaan UMKM  SosialisasiBimtekAsistensi dan BazarPojokRumah UMKM^|^00^|^^|0|0
^2026^|^01^|^527776^|^015^|^08^|^CD^|^6212^|^BMB^|^08^|^55^|^2^|^001^|^100^|^ D^|^Komunikasi Publik  BazarPojokRumah UMKM^|^00^|^^|0|0
^2026^|^01^|^527776^|^015^|^08^|^CD^|^6212^|^FAC^|^08^|^55^|^2^|^002^|^100^|^ B^|^Asistensi  Pembinaan Pengelolaan Keuangan BLU Daerah^|^00^|^^|0|0
^2026^|^01^|^527776^|^015^|^08^|^CD^|^6212^|^FAH^|^08^|^55^|^2^|^002^|^100^|^ A^|^Forum Koordinasi dan Rekonsiliasi Data dengan Bank Indonesia^|^00^|^^|0|0
^2026^|^01^|^527776^|^015^|^08^|^CD^|^6212^|^FAH^|^08^|^55^|^2^|^002^|^100^|^ B^|^Pembinaan SAP pada Pemerintah Daerah^|^00^|^^|0|0
^2026^|^01^|^527776^|^015^|^08^|^CD^|^6212^|^FAH^|^08^|^55^|^2^|^002^|^100^|^ C^|^SosialisasiBimtekWorkshopFGD dengan Pemda^|^00^|^^|0|0
^2026^|^01^|^527776^|^015^|^08^|^CD^|^6212^|^FAH^|^08^|^55^|^2^|^003^|^100^|^ B^|^Sosialisasi dan Bimbingan Teknis UAPPAW^|^00^|^^|0|0
^2026^|^01^|^527776^|^015^|^08^|^CD^|^6212^|^FAL^|^08^|^55^|^2^|^001^|^100^|^ A^|^Sosialisasi PeraturanKebijakan Pelaksanaan Anggaran^|^00^|^^|0|0
^2026^|^01^|^527776^|^015^|^08^|^CD^|^6212^|^FAL^|^08^|^55^|^2^|^001^|^100^|^ B^|^Pengkoordinasian Kerjasama Ekonomi dan Keuangan Daerah^|^00^|^^|0|0
^2026^|^01^|^527776^|^015^|^08^|^CD^|^6212^|^FAL^|^08^|^55^|^2^|^001^|^100^|^ D^|^Penyerahan DIPA^|^00^|^^|0|0
^2026^|^01^|^527776^|^015^|^08^|^CD^|^6213^|^ABA^|^08^|^55^|^2^|^001^|^100^|^ A^|^Penyusunan Analisis Potensi Pembiayaan dan Pelaksanaan MoU DJPb dan PT SMI di Daerah^|^00^|^^|0|0
^2026^|^01^|^527776^|^015^|^08^|^CD^|^6213^|^FAE^|^08^|^55^|^2^|^008^|^100^|^ A^|^Koordinasi Pelaksanaan Tugas RCE  ALCo^|^00^|^^|0|0
^2026^|^01^|^527776^|^015^|^08^|^CD^|^6213^|^FAE^|^08^|^55^|^2^|^009^|^100^|^ B^|^Monitoring dan  Evaluasi KURPenerusan Pinjaman^|^00^|^^|0|0
^2026^|^01^|^527776^|^015^|^08^|^CD^|^6213^|^FAE^|^08^|^55^|^2^|^009^|^100^|^ D^|^FGD Analisa Fasilitas Likuiditas Pembiayaan Perumahan (FLPP)^|^00^|^^|0|0
^2026^|^01^|^527776^|^015^|^08^|^CD^|^6213^|^FAL^|^08^|^55^|^2^|^003^|^100^|^ A^|^Pelaksanaan Spending Review^|^00^|^^|0|0
^2026^|^01^|^527776^|^015^|^08^|^CD^|^6213^|^FAL^|^08^|^55^|^2^|^003^|^100^|^ C^|^Review Pelaksanaan Anggaran^|^00^|^^|0|0
^2026^|^01^|^527776^|^015^|^08^|^CD^|^6213^|^FAL^|^08^|^55^|^2^|^003^|^100^|^ E^|^Pengumpulan InformasiPenajaman Data Fiskal RegionalPenyusunan KFR^|^00^|^^|0|0
^2026^|^01^|^527776^|^015^|^08^|^CD^|^6213^|^FAL^|^08^|^55^|^2^|^003^|^100^|^ F^|^Publikasi Kajian Fiskal Regional (Full Cost)^|^00^|^^|0|0
^2026^|^01^|^527776^|^015^|^08^|^CD^|^6213^|^FAL^|^08^|^55^|^2^|^003^|^100^|^ G^|^Pengumpulan Konfirmasi Informasi Pengelolaan Keuangan Daerah dan Penyusunan Profil Keuangan Daerah^|^00^|^^|0|0
^2026^|^01^|^527776^|^015^|^08^|^CD^|^6215^|^FAH^|^08^|^55^|^2^|^001^|^100^|^ A^|^Koordinasi Laporan Keuangan Pemerintah Daerah danatau BLUD^|^00^|^^|0|0
^2026^|^01^|^527776^|^015^|^08^|^CD^|^6215^|^FAH^|^08^|^55^|^2^|^001^|^100^|^ B^|^Penyusunan Laporan Statistik Keuangan Pemerintah Tingkat Wilayah^|^00^|^^|0|0
^2026^|^01^|^527776^|^015^|^08^|^CD^|^6215^|^FAH^|^08^|^55^|^2^|^003^|^100^|^ A^|^Pembinaan UAKBUN D (KPPN)^|^00^|^^|0|0
^2026^|^01^|^527776^|^015^|^08^|^CD^|^6215^|^FAH^|^08^|^55^|^2^|^003^|^100^|^ B^|^Koordinasi UAKBUND (KPPN)^|^00^|^^|0|0
^2026^|^01^|^527776^|^015^|^08^|^WA^|^4715^|^EBA^|^08^|^55^|^2^|^001^|^100^|^ A^|^TANPA SUB KOMPONEN^|^00^|^^|0|0
^2026^|^01^|^527776^|^015^|^08^|^WA^|^4715^|^EBA^|^08^|^55^|^2^|^001^|^100^|^ B^|^Koordinasi Penyusunan ATK PU^|^00^|^^|0|0
^2026^|^01^|^527776^|^015^|^08^|^WA^|^4715^|^EBA^|^08^|^55^|^2^|^002^|^100^|^ A^|^TANPA SUB KOMPONEN^|^00^|^^|0|0
^2026^|^01^|^527776^|^015^|^08^|^WA^|^4715^|^EBA^|^08^|^55^|^2^|^994^|^002^|^ A^|^Keperluan Seharihari Perkantoran^|^00^|^^|0|0
^2026^|^01^|^527776^|^015^|^08^|^WA^|^4715^|^EBA^|^08^|^55^|^2^|^994^|^002^|^ B^|^Langganan Daya dan Jasa^|^00^|^^|0|0
^2026^|^01^|^527776^|^015^|^08^|^WA^|^4715^|^EBA^|^08^|^55^|^2^|^994^|^002^|^ C^|^Pelaksanaan Operasional Kantor^|^00^|^^|0|0
^2026^|^01^|^527776^|^015^|^08^|^WA^|^4715^|^EBA^|^08^|^55^|^2^|^994^|^002^|^ D^|^Pemeliharaan Peralatan dan Mesin^|^00^|^^|0|0
^2026^|^01^|^527776^|^015^|^08^|^WA^|^4715^|^EBA^|^08^|^55^|^2^|^994^|^002^|^ G^|^Pemeliharaan Gedung dan Bangunan^|^00^|^^|0|0
^2026^|^01^|^527776^|^015^|^08^|^WA^|^4715^|^EBA^|^08^|^55^|^2^|^994^|^002^|^TJ^|^Jasa Pemeliharaan Annual Technical Support (ATS)^|^00^|^^|0|0
^2026^|^01^|^527776^|^015^|^08^|^WA^|^4715^|^EBB^|^08^|^55^|^2^|^004^|^100^|^RB^|^Renovasi Rumah Dinas^|^00^|^^|0|0
^2026^|^01^|^527776^|^015^|^08^|^WA^|^4715^|^EBD^|^08^|^55^|^2^|^Z26^|^100^|^ A^|^Rakor Penyusunan Laporan Keuangan Tingkat UAPPAW (Full Cost)^|^00^|^^|0|0
^2026^|^01^|^527776^|^015^|^08^|^WA^|^4715^|^EBD^|^08^|^55^|^2^|^Z36^|^100^|^ A^|^TANPA SUB KOMPONEN^|^00^|^^|0|0
^2026^|^01^|^527776^|^015^|^08^|^WA^|^4718^|^BMB^|^08^|^55^|^2^|^001^|^100^|^ A^|^TANPA SUB KOMPONEN^|^00^|^^|0|0
^2026^|^01^|^527776^|^015^|^08^|^WA^|^4718^|^BMB^|^08^|^55^|^2^|^002^|^100^|^ A^|^TANPA SUB KOMPONEN^|^00^|^^|0|0
^2026^|^01^|^527776^|^015^|^08^|^WA^|^4719^|^EBA^|^08^|^55^|^2^|^003^|^100^|^ B^|^Koordinasi Inovasi layanan^|^00^|^^|0|0
^2026^|^01^|^527776^|^015^|^08^|^WA^|^4719^|^EBA^|^08^|^55^|^2^|^005^|^100^|^ A^|^Monitoring dan Evaluasi Implementasi ISO^|^00^|^^|0|0
^2026^|^01^|^527776^|^015^|^08^|^WA^|^4719^|^EBA^|^08^|^55^|^2^|^005^|^100^|^ B^|^Pelaksanaan Supervisi Teknis Aplikasi^|^00^|^^|0|0
^2026^|^01^|^527776^|^015^|^08^|^WA^|^4719^|^EBA^|^08^|^55^|^2^|^994^|^001^|^ A^|^TANPA SUB KOMPONEN^|^00^|^^|0|0
^2026^|^01^|^527776^|^015^|^08^|^WA^|^4719^|^EBC^|^08^|^55^|^2^|^001^|^100^|^XC^|^Penyelenggaraan Capacity Building^|^00^|^^|0|0
^2026^|^01^|^527776^|^015^|^08^|^WA^|^4722^|^EBD^|^08^|^55^|^2^|^001^|^100^|^ A^|^Pelaksanaan Manajemen Resiko dan Kepatuhan Internal^|^00^|^^|0|0
^2026^|^01^|^527776^|^015^|^08^|^WA^|^4722^|^EBD^|^08^|^55^|^2^|^001^|^100^|^ B^|^Pemantauan Kode Etik dan Kepatuhan Pegawai^|^00^|^^|0|0
^2026^|^01^|^527802^|^015^|^08^|^CD^|^6212^|^BMB^|^08^|^14^|^2^|^001^|^100^|^ A^|^Profiling UMKM^|^00^|^^|0|0
^2026^|^01^|^527802^|^015^|^08^|^CD^|^6212^|^FAC^|^08^|^14^|^2^|^001^|^100^|^ A^|^Training Modul Aplikasi SAKTI^|^00^|^^|0|0
^2026^|^01^|^527802^|^015^|^08^|^CD^|^6212^|^FAC^|^08^|^14^|^2^|^001^|^100^|^ B^|^FGD dan Bimtek Transfer Keuangan Daerah^|^00^|^^|0|0
^2026^|^01^|^527802^|^015^|^08^|^CD^|^6212^|^FAH^|^08^|^14^|^2^|^001^|^100^|^ A^|^TANPA SUB KOMPONEN^|^00^|^^|0|0
^2026^|^01^|^527802^|^015^|^08^|^CD^|^6212^|^FAL^|^08^|^14^|^2^|^004^|^100^|^ A^|^Konsultasi^|^00^|^^|0|0
^2026^|^01^|^527802^|^015^|^08^|^CD^|^6212^|^FAL^|^08^|^14^|^2^|^004^|^100^|^ B^|^Sosialisasi dan Bimbingan Teknis^|^00^|^^|0|0
^2026^|^01^|^527802^|^015^|^08^|^CD^|^6212^|^FAL^|^08^|^14^|^2^|^004^|^100^|^ D^|^Pembinaan Pemda, TKD, dan Penandatanganan BAR^|^00^|^^|0|0
^2026^|^01^|^527802^|^015^|^08^|^CD^|^6213^|^FAC^|^08^|^14^|^2^|^001^|^100^|^ A^|^Pembinaan Jabatan Fungsional Perbendaharaan^|^00^|^^|0|0
^2026^|^01^|^527802^|^015^|^08^|^CD^|^6213^|^FAE^|^08^|^14^|^2^|^009^|^100^|^ A^|^Monev Penyaluran Pembiayaan Ultra Mikro^|^00^|^^|0|0
^2026^|^01^|^527802^|^015^|^08^|^CD^|^6213^|^FAL^|^08^|^14^|^2^|^003^|^100^|^ A^|^Monev Pelaksanaan Anggaran^|^00^|^^|0|0
^2026^|^01^|^527802^|^015^|^08^|^CD^|^6214^|^FAL^|^08^|^14^|^2^|^002^|^100^|^ A^|^Pelaksanaan PencairanPenarikanPengesahan Dana^|^00^|^^|0|0
^2026^|^01^|^527802^|^015^|^08^|^CD^|^6214^|^FAL^|^08^|^14^|^2^|^002^|^100^|^ B^|^PenerbitanPersetujuanRekonsiliasi RekeningSKPPKonfirmasi Penerimaan Negara, dll^|^00^|^^|0|0
^2026^|^01^|^527802^|^015^|^08^|^CD^|^6215^|^FAH^|^08^|^14^|^2^|^003^|^100^|^ A^|^Penyusunan Laporan Keuangan Tingkat Kuasa BUN di Daerah^|^00^|^^|0|0
^2026^|^01^|^527802^|^015^|^08^|^WA^|^4715^|^EBA^|^08^|^14^|^2^|^001^|^100^|^ A^|^TANPA SUB KOMPONEN^|^00^|^^|0|0
^2026^|^01^|^527802^|^015^|^08^|^WA^|^4715^|^EBA^|^08^|^14^|^2^|^001^|^100^|^ B^|^Koordinasi Penyusunan ATK PU^|^00^|^^|0|0
^2026^|^01^|^527802^|^015^|^08^|^WA^|^4715^|^EBA^|^08^|^14^|^2^|^002^|^100^|^ A^|^TANPA SUB KOMPONEN^|^00^|^^|0|0
^2026^|^01^|^527802^|^015^|^08^|^WA^|^4715^|^EBA^|^08^|^14^|^2^|^994^|^002^|^ A^|^Keperluan Seharihari Perkantoran^|^00^|^^|0|0
^2026^|^01^|^527802^|^015^|^08^|^WA^|^4715^|^EBA^|^08^|^14^|^2^|^994^|^002^|^ B^|^Langganan Daya dan Jasa^|^00^|^^|0|0
^2026^|^01^|^527802^|^015^|^08^|^WA^|^4715^|^EBA^|^08^|^14^|^2^|^994^|^002^|^ C^|^Pelaksanaan Operasional Kantor^|^00^|^^|0|0
^2026^|^01^|^527802^|^015^|^08^|^WA^|^4715^|^EBA^|^08^|^14^|^2^|^994^|^002^|^ D^|^Pemeliharaan Peralatan dan Mesin^|^00^|^^|0|0
^2026^|^01^|^527802^|^015^|^08^|^WA^|^4715^|^EBA^|^08^|^14^|^2^|^994^|^002^|^ G^|^Pemeliharaan Gedung dan Bangunan^|^00^|^^|0|0
^2026^|^01^|^527802^|^015^|^08^|^WA^|^4715^|^EBA^|^08^|^14^|^2^|^994^|^002^|^TJ^|^Jasa Pemeliharaan Annual Technical Support (ATS)^|^00^|^^|0|0
^2026^|^01^|^527802^|^015^|^08^|^WA^|^4715^|^EBD^|^08^|^14^|^2^|^Z36^|^100^|^ B^|^Pelaksanaan Manajemen Kinerja, Risiko dan Kepatuhan Internal^|^00^|^^|0|0
^2026^|^01^|^527802^|^015^|^08^|^WA^|^4718^|^BMB^|^08^|^14^|^2^|^001^|^100^|^ A^|^TANPA SUB KOMPONEN^|^00^|^^|0|0
^2026^|^01^|^527802^|^015^|^08^|^WA^|^4718^|^BMB^|^08^|^14^|^2^|^002^|^100^|^ A^|^TANPA SUB KOMPONEN^|^00^|^^|0|0
^2026^|^01^|^527802^|^015^|^08^|^WA^|^4719^|^EBA^|^08^|^14^|^2^|^004^|^100^|^ A^|^Survey Kepuasan Pengguna Layanan^|^00^|^^|0|0
^2026^|^01^|^527802^|^015^|^08^|^WA^|^4719^|^EBA^|^08^|^14^|^2^|^994^|^001^|^ A^|^TANPA SUB KOMPONEN^|^00^|^^|0|0
^2026^|^01^|^527802^|^015^|^08^|^WA^|^4719^|^EBC^|^08^|^14^|^2^|^001^|^100^|^XC^|^Penyelenggaraan Capacity Building^|^00^|^^|0|0
^2026^|^01^|^527780^|^015^|^08^|^CD^|^6212^|^FAC^|^08^|^55^|^2^|^001^|^100^|^ A^|^Training Modul Aplikasi SAKTI^|^00^|^^|0|0
^2026^|^01^|^527780^|^015^|^08^|^CD^|^6212^|^FAC^|^08^|^55^|^2^|^001^|^100^|^ B^|^FGD dan Bimtek Transfer Keuangan Daerah^|^00^|^^|0|0
^2026^|^01^|^527780^|^015^|^08^|^CD^|^6212^|^FAH^|^08^|^55^|^2^|^001^|^100^|^ A^|^TANPA SUB KOMPONEN^|^00^|^^|0|0
^2026^|^01^|^527780^|^015^|^08^|^CD^|^6212^|^FAL^|^08^|^55^|^2^|^004^|^100^|^ A^|^Konsultasi^|^00^|^^|0|0
^2026^|^01^|^527780^|^015^|^08^|^CD^|^6212^|^FAL^|^08^|^55^|^2^|^004^|^100^|^ B^|^Sosialisasi dan Bimbingan Teknis^|^00^|^^|0|0
^2026^|^01^|^527780^|^015^|^08^|^CD^|^6212^|^FAL^|^08^|^55^|^2^|^004^|^100^|^ D^|^Pembinaan Pemda, TKD, dan Penandatanganan BA Rekonsiliasi Pajak^|^00^|^^|0|0
^2026^|^01^|^527780^|^015^|^08^|^CD^|^6213^|^FAC^|^08^|^55^|^2^|^001^|^100^|^ A^|^Pembinaan Jabatan Fungsional Perbendaharaan^|^00^|^^|0|0
^2026^|^01^|^527780^|^015^|^08^|^CD^|^6213^|^FAL^|^08^|^55^|^2^|^003^|^100^|^ A^|^Monev Pelaksanaan Anggaran^|^00^|^^|0|0
^2026^|^01^|^527780^|^015^|^08^|^CD^|^6214^|^FAL^|^08^|^55^|^2^|^002^|^100^|^ A^|^Pelaksanaan PencairanPenarikanPengesahan Dana^|^00^|^^|0|0
^2026^|^01^|^527780^|^015^|^08^|^CD^|^6214^|^FAL^|^08^|^55^|^2^|^002^|^100^|^ B^|^PenerbitanPersetujuanRekonsiliasi RekeningSKPPKonfirmasi Penerimaan Negara, DLL^|^00^|^^|0|0
^2026^|^01^|^527780^|^015^|^08^|^CD^|^6215^|^FAH^|^08^|^55^|^2^|^003^|^100^|^ A^|^Penyusunan Laporan Keuangan Tingkat Kuasa BUN di Daerah^|^00^|^^|0|0
^2026^|^01^|^527780^|^015^|^08^|^CD^|^6215^|^FAH^|^08^|^55^|^2^|^003^|^100^|^ B^|^Koordinasi UAKBUND KPPN di Kanwil^|^00^|^^|0|0
^2026^|^01^|^527780^|^015^|^08^|^WA^|^4715^|^EBA^|^08^|^55^|^2^|^001^|^100^|^ A^|^TANPA SUB KOMPONEN^|^00^|^^|0|0
^2026^|^01^|^527780^|^015^|^08^|^WA^|^4715^|^EBA^|^08^|^55^|^2^|^001^|^100^|^ B^|^Koordinasi Penyusunan ATK PU^|^00^|^^|0|0
^2026^|^01^|^527780^|^015^|^08^|^WA^|^4715^|^EBA^|^08^|^55^|^2^|^002^|^100^|^ A^|^TANPA SUB KOMPONEN^|^00^|^^|0|0
^2026^|^01^|^527780^|^015^|^08^|^WA^|^4715^|^EBA^|^08^|^55^|^2^|^994^|^002^|^ A^|^Keperluan SehariHari Perkantoran^|^00^|^^|0|0
^2026^|^01^|^527780^|^015^|^08^|^WA^|^4715^|^EBA^|^08^|^55^|^2^|^994^|^002^|^ B^|^Langganan Daya dan Jasa^|^00^|^^|0|0
^2026^|^01^|^527780^|^015^|^08^|^WA^|^4715^|^EBA^|^08^|^55^|^2^|^994^|^002^|^ C^|^Pelaksanaan Operasional Kantor^|^00^|^^|0|0
^2026^|^01^|^527780^|^015^|^08^|^WA^|^4715^|^EBA^|^08^|^55^|^2^|^994^|^002^|^ D^|^Pemeliharaan Peralatan dan Mesin^|^00^|^^|0|0
^2026^|^01^|^527780^|^015^|^08^|^WA^|^4715^|^EBA^|^08^|^55^|^2^|^994^|^002^|^ G^|^Pemeliharaan Gedung dan Bangunan^|^00^|^^|0|0
^2026^|^01^|^527780^|^015^|^08^|^WA^|^4715^|^EBA^|^08^|^55^|^2^|^994^|^002^|^TJ^|^Jasa Pemeliharaan Annual Technical Support (ATS)^|^00^|^^|0|0
^2026^|^01^|^527780^|^015^|^08^|^WA^|^4715^|^EBB^|^08^|^55^|^2^|^002^|^100^|^ A^|^TANPA SUB KOMPONEN^|^00^|^^|0|0
^2026^|^01^|^527780^|^015^|^08^|^WA^|^4718^|^BMB^|^08^|^55^|^2^|^002^|^100^|^ A^|^TANPA SUB KOMPONEN^|^00^|^^|0|0
^2026^|^01^|^527780^|^015^|^08^|^WA^|^4718^|^BMB^|^08^|^55^|^2^|^001^|^100^|^ A^|^TANPA SUB KOMPONEN^|^00^|^^|0|0
^2026^|^01^|^527780^|^015^|^08^|^WA^|^4719^|^EBA^|^08^|^55^|^2^|^994^|^001^|^ A^|^TANPA SUB KOMPONEN^|^00^|^^|0|0
^2026^|^01^|^527780^|^015^|^08^|^WA^|^4719^|^EBA^|^08^|^55^|^2^|^004^|^100^|^ A^|^Survey Kepuasan Pengguna Layanan^|^00^|^^|0|0
^2026^|^01^|^527780^|^015^|^08^|^WA^|^4719^|^EBC^|^08^|^55^|^2^|^001^|^100^|^XC^|^Penyelenggaraan Capacity Building^|^00^|^^|0|0
^2026^|^01^|^527819^|^015^|^08^|^CD^|^6212^|^BMB^|^08^|^53^|^2^|^001^|^100^|^ A^|^Profiling UMKM^|^00^|^^|0|0
^2026^|^01^|^527819^|^015^|^08^|^CD^|^6212^|^FAC^|^08^|^53^|^2^|^001^|^100^|^ A^|^Training Modul Aplikasi SAKTI^|^00^|^^|0|0
^2026^|^01^|^527819^|^015^|^08^|^CD^|^6212^|^FAC^|^08^|^53^|^2^|^001^|^100^|^ B^|^FGD dan Bimtek Transfer Keuangan Daerah^|^00^|^^|0|0
^2026^|^01^|^527819^|^015^|^08^|^CD^|^6212^|^FAH^|^08^|^53^|^2^|^001^|^100^|^ A^|^TANPA SUB KOMPONEN^|^00^|^^|0|0
^2026^|^01^|^527819^|^015^|^08^|^CD^|^6212^|^FAL^|^08^|^53^|^2^|^004^|^100^|^ A^|^Konsultasi^|^00^|^^|0|0
^2026^|^01^|^527819^|^015^|^08^|^CD^|^6212^|^FAL^|^08^|^53^|^2^|^004^|^100^|^ B^|^Sosialisasi dan Bimbingan Teknis^|^00^|^^|0|0
^2026^|^01^|^527819^|^015^|^08^|^CD^|^6212^|^FAL^|^08^|^53^|^2^|^004^|^100^|^ D^|^Pembinaan Pemda, TKD, dan Penandatanganan BAR^|^00^|^^|0|0
^2026^|^01^|^527819^|^015^|^08^|^CD^|^6213^|^FAC^|^08^|^53^|^2^|^001^|^100^|^ A^|^Pembinaan Jabatan Fungsional Perbendaharaan^|^00^|^^|0|0
^2026^|^01^|^527819^|^015^|^08^|^CD^|^6213^|^FAE^|^08^|^53^|^2^|^009^|^100^|^ A^|^Monev Penyaluran Pembiayaan Ultra Mikro^|^00^|^^|0|0
^2026^|^01^|^527819^|^015^|^08^|^CD^|^6213^|^FAL^|^08^|^53^|^2^|^003^|^100^|^ A^|^Monev Pelaksanaan Anggaran^|^00^|^^|0|0
^2026^|^01^|^527819^|^015^|^08^|^CD^|^6214^|^FAL^|^08^|^53^|^2^|^002^|^100^|^ A^|^Pelaksanaan Pencairan/Penarikan/Pengesahan Dana^|^00^|^^|0|0
^2026^|^01^|^527819^|^015^|^08^|^CD^|^6214^|^FAL^|^08^|^53^|^2^|^002^|^100^|^ B^|^Penerbitan/Persetujuan/Rekonsiliasi Rekening/SKPP/Konfirmasi Penerimaan Negara, dll^|^00^|^^|0|0
^2026^|^01^|^527819^|^015^|^08^|^CD^|^6215^|^FAH^|^08^|^53^|^2^|^003^|^100^|^ A^|^Penyusunan Laporan Keuangan Tingkat Kuasa BUN Daerah^|^00^|^^|0|0
^2026^|^01^|^527819^|^015^|^08^|^WA^|^4715^|^EBA^|^08^|^53^|^2^|^001^|^100^|^ A^|^TANPA SUB KOMPONEN^|^00^|^^|0|0
^2026^|^01^|^527819^|^015^|^08^|^WA^|^4715^|^EBA^|^08^|^53^|^2^|^001^|^100^|^ B^|^Koordinasi Penyusunan ATK PU^|^00^|^^|0|0
^2026^|^01^|^527819^|^015^|^08^|^WA^|^4715^|^EBA^|^08^|^53^|^2^|^002^|^100^|^ A^|^TANPA SUB KOMPONEN^|^00^|^^|0|0
^2026^|^01^|^527819^|^015^|^08^|^WA^|^4715^|^EBA^|^08^|^53^|^2^|^994^|^002^|^ A^|^Keperluan Sehari-hari Perkantoran^|^00^|^^|0|0
^2026^|^01^|^527819^|^015^|^08^|^WA^|^4715^|^EBA^|^08^|^53^|^2^|^994^|^002^|^ B^|^Langganan Daya dan Jasa^|^00^|^^|0|0
^2026^|^01^|^527819^|^015^|^08^|^WA^|^4715^|^EBA^|^08^|^53^|^2^|^994^|^002^|^ C^|^Pelaksanaan Operasional Kantor^|^00^|^^|0|0
^2026^|^01^|^527819^|^015^|^08^|^WA^|^4715^|^EBA^|^08^|^53^|^2^|^994^|^002^|^ D^|^Pemeliharaan Peralatan dan Mesin^|^00^|^^|0|0
^2026^|^01^|^527819^|^015^|^08^|^WA^|^4715^|^EBA^|^08^|^53^|^2^|^994^|^002^|^ G^|^Pemeliharaan Gedung dan Bangunan^|^00^|^^|0|0
^2026^|^01^|^527819^|^015^|^08^|^WA^|^4715^|^EBA^|^08^|^53^|^2^|^994^|^002^|^TJ^|^Jasa Pemeliharaan/ Annual Technical Support (ATS)^|^00^|^^|0|0
^2026^|^01^|^527819^|^015^|^08^|^WA^|^4715^|^EBD^|^08^|^53^|^2^|^Z36^|^100^|^ B^|^Pelaksanaan Manajemen Kinerja, Risiko, dan Kepatuhan Internal^|^00^|^^|0|0
^2026^|^01^|^527819^|^015^|^08^|^WA^|^4718^|^BMB^|^08^|^53^|^2^|^001^|^100^|^ A^|^TANPA SUB KOMPONEN^|^00^|^^|0|0
^2026^|^01^|^527819^|^015^|^08^|^WA^|^4718^|^BMB^|^08^|^53^|^2^|^002^|^100^|^ A^|^TANPA SUB KOMPONEN^|^00^|^^|0|0
^2026^|^01^|^527819^|^015^|^08^|^WA^|^4719^|^EBA^|^08^|^53^|^2^|^004^|^100^|^ A^|^Survey Kepuasan Pengguna Layanan^|^00^|^^|0|0
^2026^|^01^|^527819^|^015^|^08^|^WA^|^4719^|^EBA^|^08^|^53^|^2^|^994^|^001^|^ A^|^TANPA SUB KOMPONEN^|^00^|^^|0|0
^2026^|^01^|^527819^|^015^|^08^|^WA^|^4719^|^EBC^|^08^|^53^|^2^|^001^|^100^|^XC^|^Penyelenggaraan Capacity Building^|^00^|^^|0|0
