^2026^|^01^|^527336^|^015^|^08^|^CD^|^6212^|^BMB^|^03^|^10^|^2^|^001^|^100^|^ A^|^524111^|^129^|^A^|^0^|^0^|^ ^|^0^|0|0|0|^ ^|^ ^|^ ^|^ ^|^^|^00^|^^|0|0|^^|^ ^
^2026^|^01^|^527336^|^015^|^08^|^CD^|^6212^|^BMB^|^03^|^10^|^2^|^001^|^100^|^ A^|^524113^|^129^|^A^|^0^|^0^|^ ^|^0^|0|0|0|^ ^|^ ^|^ ^|^ ^|^^|^00^|^^|0|0|^^|^ ^
^2026^|^01^|^527336^|^015^|^08^|^CD^|^6212^|^FAC^|^03^|^10^|^2^|^001^|^100^|^ A^|^521211^|^129^|^A^|^0^|^0^|^ ^|^0^|0|0|0|^ ^|^ ^|^ ^|^ ^|^^|^00^|^^|0|0|^^|^ ^
^2026^|^01^|^527336^|^015^|^08^|^CD^|^6212^|^FAC^|^03^|^10^|^2^|^001^|^100^|^ B^|^521211^|^129^|^A^|^0^|^0^|^ ^|^0^|0|0|0|^ ^|^ ^|^ ^|^ ^|^^|^00^|^^|0|0|^^|^ ^
^2026^|^01^|^527336^|^015^|^08^|^CD^|^6212^|^FAH^|^03^|^10^|^2^|^001^|^100^|^ A^|^521211^|^129^|^A^|^0^|^0^|^ ^|^0^|0|0|0|^ ^|^ ^|^ ^|^ ^|^^|^00^|^^|0|0|^^|^ ^
^2026^|^01^|^527336^|^015^|^08^|^CD^|^6212^|^FAL^|^03^|^10^|^2^|^004^|^100^|^ A^|^521211^|^129^|^A^|^0^|^0^|^ ^|^0^|0|0|0|^ ^|^ ^|^ ^|^ ^|^^|^00^|^^|0|0|^^|^ ^
^2026^|^01^|^527336^|^015^|^08^|^CD^|^6212^|^FAL^|^03^|^10^|^2^|^004^|^100^|^ B^|^521211^|^129^|^A^|^0^|^0^|^ ^|^0^|0|0|0|^ ^|^ ^|^ ^|^ ^|^^|^00^|^^|0|0|^^|^ ^
^2026^|^01^|^527336^|^015^|^08^|^CD^|^6212^|^FAL^|^03^|^10^|^2^|^004^|^100^|^ D^|^524111^|^129^|^A^|^0^|^0^|^ ^|^0^|0|0|0|^ ^|^ ^|^ ^|^ ^|^^|^00^|^^|0|0|^^|^ ^
^2026^|^01^|^527336^|^015^|^08^|^CD^|^6212^|^FAL^|^03^|^10^|^2^|^004^|^100^|^ D^|^524113^|^129^|^A^|^0^|^0^|^ ^|^0^|0|0|0|^ ^|^ ^|^ ^|^ ^|^^|^00^|^^|0|0|^^|^ ^
^2026^|^01^|^527336^|^015^|^08^|^CD^|^6213^|^FAC^|^03^|^10^|^2^|^001^|^100^|^ A^|^521211^|^129^|^A^|^0^|^0^|^ ^|^0^|0|0|0|^ ^|^ ^|^ ^|^ ^|^^|^00^|^^|0|0|^^|^ ^
^2026^|^01^|^527336^|^015^|^08^|^CD^|^6213^|^FAE^|^03^|^10^|^2^|^009^|^100^|^ A^|^524111^|^129^|^A^|^0^|^0^|^ ^|^0^|0|0|0|^ ^|^ ^|^ ^|^ ^|^^|^00^|^^|0|0|^^|^ ^
^2026^|^01^|^527336^|^015^|^08^|^CD^|^6213^|^FAE^|^03^|^10^|^2^|^009^|^100^|^ A^|^524113^|^129^|^A^|^0^|^0^|^ ^|^0^|0|0|0|^ ^|^ ^|^ ^|^ ^|^^|^00^|^^|0|0|^^|^ ^
^2026^|^01^|^527336^|^015^|^08^|^CD^|^6213^|^FAL^|^03^|^10^|^2^|^003^|^100^|^ A^|^524111^|^129^|^A^|^0^|^0^|^ ^|^0^|0|0|0|^ ^|^ ^|^ ^|^ ^|^^|^11^|^^|0|0|^^|^ ^
^2026^|^01^|^527336^|^015^|^08^|^CD^|^6213^|^FAL^|^03^|^10^|^2^|^003^|^100^|^ A^|^524113^|^129^|^A^|^0^|^0^|^ ^|^0^|0|0|0|^ ^|^ ^|^ ^|^ ^|^^|^11^|^^|0|0|^^|^ ^
^2026^|^01^|^527336^|^015^|^08^|^CD^|^6214^|^FAL^|^03^|^10^|^2^|^002^|^100^|^ A^|^521211^|^129^|^A^|^0^|^0^|^ ^|^0^|0|0|0|^ ^|^ ^|^ ^|^ ^|^^|^11^|^^|0|0|^^|^ ^
^2026^|^01^|^527336^|^015^|^08^|^CD^|^6214^|^FAL^|^03^|^10^|^2^|^002^|^100^|^ B^|^521211^|^129^|^A^|^0^|^0^|^ ^|^0^|0|0|0|^ ^|^ ^|^ ^|^ ^|^^|^11^|^^|0|0|^^|^ ^
^2026^|^01^|^527336^|^015^|^08^|^CD^|^6215^|^FAH^|^03^|^10^|^2^|^003^|^100^|^ A^|^521211^|^129^|^A^|^0^|^0^|^ ^|^0^|0|0|0|^ ^|^ ^|^ ^|^ ^|^^|^11^|^^|0|0|^^|^ ^
^2026^|^01^|^527336^|^015^|^08^|^CD^|^6215^|^FAH^|^03^|^10^|^2^|^003^|^100^|^ B^|^524111^|^129^|^A^|^0^|^0^|^ ^|^0^|0|0|0|^ ^|^ ^|^ ^|^ ^|^^|^11^|^^|0|0|^^|^ ^
^2026^|^01^|^527336^|^015^|^08^|^WA^|^4715^|^EBA^|^03^|^10^|^2^|^001^|^100^|^ A^|^521811^|^129^|^A^|^0^|^0^|^ ^|^0^|0|0|0|^ ^|^ ^|^ ^|^ ^|^^|^00^|^^|0|0|^^|^ ^
^2026^|^01^|^527336^|^015^|^08^|^WA^|^4715^|^EBA^|^03^|^10^|^2^|^001^|^100^|^ B^|^522151^|^129^|^A^|^0^|^0^|^ ^|^0^|0|0|0|^ ^|^ ^|^ ^|^ ^|^^|^00^|^^|0|0|^^|^ ^
^2026^|^01^|^527336^|^015^|^08^|^WA^|^4715^|^EBA^|^03^|^10^|^2^|^001^|^100^|^ B^|^524111^|^129^|^A^|^0^|^0^|^ ^|^0^|0|0|0|^ ^|^ ^|^ ^|^ ^|^^|^00^|^^|0|0|^^|^ ^
^2026^|^01^|^527336^|^015^|^08^|^WA^|^4715^|^EBA^|^03^|^10^|^2^|^994^|^002^|^ B^|^521114^|^129^|^A^|^0^|^0^|^ ^|^0^|0|0|0|^ ^|^ ^|^ ^|^ ^|^^|^00^|^^|0|0|^^|^ ^
^2026^|^01^|^527336^|^015^|^08^|^WA^|^4715^|^EBA^|^03^|^10^|^2^|^994^|^002^|^ B^|^522113^|^129^|^A^|^0^|^0^|^ ^|^0^|0|0|0|^ ^|^ ^|^ ^|^ ^|^^|^00^|^^|0|0|^^|^ ^
^2026^|^01^|^527336^|^015^|^08^|^WA^|^4715^|^EBA^|^03^|^10^|^2^|^994^|^002^|^ C^|^521113^|^129^|^A^|^0^|^0^|^ ^|^0^|0|0|0|^ ^|^ ^|^ ^|^ ^|^^|^00^|^^|0|0|^^|^ ^
^2026^|^01^|^527336^|^015^|^08^|^WA^|^4715^|^EBA^|^03^|^10^|^2^|^994^|^002^|^ C^|^521115^|^129^|^A^|^0^|^0^|^ ^|^0^|0|0|0|^ ^|^ ^|^ ^|^ ^|^^|^00^|^^|0|0|^^|^ ^
^2026^|^01^|^527336^|^015^|^08^|^WA^|^4715^|^EBA^|^03^|^10^|^2^|^994^|^002^|^ C^|^521119^|^129^|^A^|^0^|^0^|^ ^|^0^|0|0|0|^ ^|^ ^|^ ^|^ ^|^^|^00^|^^|0|0|^^|^ ^
^2026^|^01^|^527336^|^015^|^08^|^WA^|^4715^|^EBA^|^03^|^10^|^2^|^994^|^002^|^ D^|^523121^|^129^|^A^|^0^|^0^|^ ^|^0^|0|0|0|^ ^|^ ^|^ ^|^ ^|^^|^00^|^^|0|0|^^|^ ^
^2026^|^01^|^527336^|^015^|^08^|^WA^|^4715^|^EBA^|^03^|^10^|^2^|^994^|^002^|^ G^|^523111^|^129^|^A^|^0^|^0^|^ ^|^0^|0|0|0|^ ^|^ ^|^ ^|^ ^|^^|^00^|^^|0|0|^^|^ ^
^2026^|^01^|^527336^|^015^|^08^|^WA^|^4715^|^EBA^|^03^|^10^|^2^|^994^|^002^|^ G^|^523119^|^129^|^A^|^0^|^0^|^ ^|^0^|0|0|0|^ ^|^ ^|^ ^|^ ^|^^|^00^|^^|0|0|^^|^ ^
^2026^|^01^|^527336^|^015^|^08^|^WA^|^4715^|^EBA^|^03^|^10^|^2^|^994^|^002^|^AA^|^521111^|^129^|^A^|^0^|^0^|^ ^|^0^|0|0|0|^ ^|^ ^|^ ^|^ ^|^^|^00^|^^|0|0|^^|^ ^
^2026^|^01^|^527336^|^015^|^08^|^WA^|^4715^|^EBA^|^03^|^10^|^2^|^994^|^002^|^AA^|^521119^|^129^|^A^|^0^|^0^|^ ^|^0^|0|0|0|^ ^|^ ^|^ ^|^ ^|^^|^00^|^^|0|0|^^|^ ^
^2026^|^01^|^527336^|^015^|^08^|^WA^|^4715^|^EBA^|^03^|^10^|^2^|^994^|^002^|^AA^|^521811^|^129^|^A^|^0^|^0^|^ ^|^0^|0|0|0|^ ^|^ ^|^ ^|^ ^|^^|^00^|^^|0|0|^^|^ ^
^2026^|^01^|^527336^|^015^|^08^|^WA^|^4715^|^EBA^|^03^|^10^|^2^|^994^|^002^|^TJ^|^523121^|^129^|^A^|^0^|^0^|^ ^|^0^|0|0|0|^ ^|^ ^|^ ^|^ ^|^^|^00^|^^|0|0|^^|^ ^
^2026^|^01^|^527336^|^015^|^08^|^WA^|^4715^|^EBA^|^03^|^10^|^2^|^002^|^100^|^ A^|^524111^|^129^|^A^|^0^|^0^|^ ^|^0^|0|0|0|^ ^|^ ^|^ ^|^ ^|^^|^00^|^^|0|0|^^|^ ^
^2026^|^01^|^527336^|^015^|^08^|^WA^|^4715^|^EBA^|^03^|^10^|^2^|^002^|^100^|^ A^|^524113^|^129^|^A^|^0^|^0^|^ ^|^0^|0|0|0|^ ^|^ ^|^ ^|^ ^|^^|^00^|^^|0|0|^^|^ ^
^2026^|^01^|^527336^|^015^|^08^|^WA^|^4715^|^EBD^|^03^|^10^|^2^|^Z36^|^100^|^ B^|^524111^|^129^|^A^|^0^|^0^|^ ^|^0^|0|0|0|^ ^|^ ^|^ ^|^ ^|^^|^00^|^^|0|0|^^|^ ^
^2026^|^01^|^527336^|^015^|^08^|^WA^|^4718^|^BMB^|^03^|^10^|^2^|^002^|^100^|^ A^|^521219^|^129^|^A^|^0^|^0^|^ ^|^0^|0|0|0|^ ^|^ ^|^ ^|^ ^|^^|^00^|^^|0|0|^^|^ ^
^2026^|^01^|^527336^|^015^|^08^|^WA^|^4718^|^BMB^|^03^|^10^|^2^|^001^|^100^|^ A^|^521211^|^129^|^A^|^0^|^0^|^ ^|^0^|0|0|0|^ ^|^ ^|^ ^|^ ^|^^|^00^|^^|0|0|^^|^ ^
^2026^|^01^|^527336^|^015^|^08^|^WA^|^4719^|^EBA^|^03^|^10^|^2^|^994^|^001^|^ A^|^511129^|^129^|^A^|^0^|^0^|^ ^|^0^|0|0|0|^ ^|^ ^|^ ^|^ ^|^^|^00^|^^|0|0|^^|^ ^
^2026^|^01^|^527336^|^015^|^08^|^WA^|^4719^|^EBA^|^03^|^10^|^2^|^994^|^001^|^ A^|^512211^|^129^|^A^|^0^|^0^|^ ^|^0^|0|0|0|^ ^|^ ^|^ ^|^ ^|^^|^00^|^^|0|0|^^|^ ^
^2026^|^01^|^527336^|^015^|^08^|^WA^|^4719^|^EBA^|^03^|^10^|^2^|^004^|^100^|^ A^|^521211^|^129^|^A^|^0^|^0^|^ ^|^0^|0|0|0|^ ^|^ ^|^ ^|^ ^|^^|^00^|^^|0|0|^^|^ ^
^2026^|^01^|^527336^|^015^|^08^|^WA^|^4719^|^EBC^|^03^|^10^|^2^|^001^|^100^|^XC^|^521211^|^129^|^A^|^0^|^0^|^ ^|^0^|0|0|0|^ ^|^ ^|^ ^|^ ^|^^|^00^|^^|0|0|^^|^ ^
^2026^|^01^|^527336^|^015^|^08^|^WA^|^4719^|^EBC^|^03^|^10^|^2^|^001^|^100^|^XC^|^522151^|^129^|^A^|^0^|^0^|^ ^|^0^|0|0|0|^ ^|^ ^|^ ^|^ ^|^^|^00^|^^|0|0|^^|^ ^
^2026^|^01^|^527336^|^015^|^08^|^WA^|^4719^|^EBC^|^03^|^10^|^2^|^001^|^100^|^XC^|^524113^|^129^|^A^|^0^|^0^|^ ^|^0^|0|0|0|^ ^|^ ^|^ ^|^ ^|^^|^00^|^^|0|0|^^|^ ^
^2026^|^01^|^527322^|^015^|^08^|^CD^|^6212^|^BMB^|^03^|^09^|^2^|^001^|^100^|^ A^|^524111^|^097^|^A^|^0^|^0^|^ ^|^0^|0|0|0|^ ^|^ ^|^ ^|^ ^|^^|^00^|^^|0|0|^^|^ ^
^2026^|^01^|^527322^|^015^|^08^|^CD^|^6212^|^BMB^|^03^|^09^|^2^|^001^|^100^|^ A^|^524113^|^097^|^A^|^0^|^0^|^ ^|^0^|0|0|0|^ ^|^ ^|^ ^|^ ^|^^|^00^|^^|0|0|^^|^ ^
^2026^|^01^|^527322^|^015^|^08^|^CD^|^6212^|^FAC^|^03^|^09^|^2^|^001^|^100^|^ A^|^521211^|^097^|^A^|^0^|^0^|^ ^|^0^|0|0|0|^ ^|^ ^|^ ^|^ ^|^^|^00^|^^|0|0|^^|^ ^
^2026^|^01^|^527322^|^015^|^08^|^CD^|^6212^|^FAC^|^03^|^09^|^2^|^001^|^100^|^ B^|^521211^|^097^|^A^|^0^|^0^|^ ^|^0^|0|0|0|^ ^|^ ^|^ ^|^ ^|^^|^00^|^^|0|0|^^|^ ^
^2026^|^01^|^527322^|^015^|^08^|^CD^|^6212^|^FAH^|^03^|^09^|^2^|^001^|^100^|^ A^|^521211^|^097^|^A^|^0^|^0^|^ ^|^0^|0|0|0|^ ^|^ ^|^ ^|^ ^|^^|^00^|^^|0|0|^^|^ ^
^2026^|^01^|^527322^|^015^|^08^|^CD^|^6212^|^FAL^|^03^|^09^|^2^|^004^|^100^|^ A^|^521211^|^097^|^A^|^0^|^0^|^ ^|^0^|0|0|0|^ ^|^ ^|^ ^|^ ^|^^|^00^|^^|0|0|^^|^ ^
^2026^|^01^|^527322^|^015^|^08^|^CD^|^6212^|^FAL^|^03^|^09^|^2^|^004^|^100^|^ B^|^521211^|^097^|^A^|^0^|^0^|^ ^|^0^|0|0|0|^ ^|^ ^|^ ^|^ ^|^^|^00^|^^|0|0|^^|^ ^
^2026^|^01^|^527322^|^015^|^08^|^CD^|^6212^|^FAL^|^03^|^09^|^2^|^004^|^100^|^ D^|^524111^|^097^|^A^|^0^|^0^|^ ^|^0^|0|0|0|^ ^|^ ^|^ ^|^ ^|^^|^00^|^^|0|0|^^|^ ^
^2026^|^01^|^527322^|^015^|^08^|^CD^|^6212^|^FAL^|^03^|^09^|^2^|^004^|^100^|^ D^|^524113^|^097^|^A^|^0^|^0^|^ ^|^0^|0|0|0|^ ^|^ ^|^ ^|^ ^|^^|^00^|^^|0|0|^^|^ ^
^2026^|^01^|^527322^|^015^|^08^|^CD^|^6213^|^FAC^|^03^|^09^|^2^|^001^|^100^|^ A^|^521211^|^097^|^A^|^0^|^0^|^ ^|^0^|0|0|0|^ ^|^ ^|^ ^|^ ^|^^|^00^|^^|0|0|^^|^ ^
^2026^|^01^|^527322^|^015^|^08^|^CD^|^6213^|^FAE^|^03^|^09^|^2^|^009^|^100^|^ A^|^524111^|^097^|^A^|^0^|^0^|^ ^|^0^|0|0|0|^ ^|^ ^|^ ^|^ ^|^^|^00^|^^|0|0|^^|^ ^
^2026^|^01^|^527322^|^015^|^08^|^CD^|^6213^|^FAE^|^03^|^09^|^2^|^009^|^100^|^ A^|^524113^|^097^|^A^|^0^|^0^|^ ^|^0^|0|0|0|^ ^|^ ^|^ ^|^ ^|^^|^00^|^^|0|0|^^|^ ^
^2026^|^01^|^527322^|^015^|^08^|^CD^|^6213^|^FAL^|^03^|^09^|^2^|^003^|^100^|^ A^|^524111^|^097^|^A^|^0^|^0^|^ ^|^0^|0|0|0|^ ^|^ ^|^ ^|^ ^|^^|^00^|^^|0|0|^^|^ ^
^2026^|^01^|^527322^|^015^|^08^|^CD^|^6213^|^FAL^|^03^|^09^|^2^|^003^|^100^|^ A^|^524113^|^097^|^A^|^0^|^0^|^ ^|^0^|0|0|0|^ ^|^ ^|^ ^|^ ^|^^|^00^|^^|0|0|^^|^ ^
^2026^|^01^|^527322^|^015^|^08^|^CD^|^6214^|^FAL^|^03^|^09^|^2^|^002^|^100^|^ A^|^521211^|^097^|^A^|^0^|^0^|^ ^|^0^|0|0|0|^ ^|^ ^|^ ^|^ ^|^^|^00^|^^|0|0|^^|^ ^
^2026^|^01^|^527322^|^015^|^08^|^CD^|^6214^|^FAL^|^03^|^09^|^2^|^002^|^100^|^ B^|^521211^|^097^|^A^|^0^|^0^|^ ^|^0^|0|0|0|^ ^|^ ^|^ ^|^ ^|^^|^00^|^^|0|0|^^|^ ^
^2026^|^01^|^527322^|^015^|^08^|^CD^|^6215^|^FAH^|^03^|^09^|^2^|^003^|^100^|^ A^|^521211^|^097^|^A^|^0^|^0^|^ ^|^0^|0|0|0|^ ^|^ ^|^ ^|^ ^|^^|^00^|^^|0|0|^^|^ ^
^2026^|^01^|^527322^|^015^|^08^|^CD^|^6215^|^FAH^|^03^|^09^|^2^|^003^|^100^|^ B^|^524111^|^097^|^A^|^0^|^0^|^ ^|^0^|0|0|0|^ ^|^ ^|^ ^|^ ^|^^|^00^|^^|0|0|^^|^ ^
^2026^|^01^|^527322^|^015^|^08^|^WA^|^4715^|^EBA^|^03^|^09^|^2^|^001^|^100^|^ A^|^521811^|^097^|^A^|^0^|^0^|^ ^|^0^|0|0|0|^ ^|^ ^|^ ^|^ ^|^^|^00^|^^|0|0|^^|^ ^
^2026^|^01^|^527322^|^015^|^08^|^WA^|^4715^|^EBA^|^03^|^09^|^2^|^001^|^100^|^ B^|^522151^|^097^|^A^|^0^|^0^|^ ^|^0^|0|0|0|^ ^|^ ^|^ ^|^ ^|^^|^00^|^^|0|0|^^|^ ^
^2026^|^01^|^527322^|^015^|^08^|^WA^|^4715^|^EBA^|^03^|^09^|^2^|^001^|^100^|^ B^|^524111^|^097^|^A^|^0^|^0^|^ ^|^0^|0|0|0|^ ^|^ ^|^ ^|^ ^|^^|^00^|^^|0|0|^^|^ ^
^2026^|^01^|^527322^|^015^|^08^|^WA^|^4715^|^EBA^|^03^|^09^|^2^|^994^|^002^|^ A^|^521111^|^097^|^A^|^0^|^0^|^ ^|^0^|0|0|0|^ ^|^ ^|^ ^|^ ^|^^|^00^|^^|0|0|^^|^ ^
^2026^|^01^|^527322^|^015^|^08^|^WA^|^4715^|^EBA^|^03^|^09^|^2^|^994^|^002^|^ A^|^521119^|^097^|^A^|^0^|^0^|^ ^|^0^|0|0|0|^ ^|^ ^|^ ^|^ ^|^^|^00^|^^|0|0|^^|^ ^
^2026^|^01^|^527322^|^015^|^08^|^WA^|^4715^|^EBA^|^03^|^09^|^2^|^994^|^002^|^ A^|^521811^|^097^|^A^|^0^|^0^|^ ^|^0^|0|0|0|^ ^|^ ^|^ ^|^ ^|^^|^00^|^^|0|0|^^|^ ^
^2026^|^01^|^527322^|^015^|^08^|^WA^|^4715^|^EBA^|^03^|^09^|^2^|^994^|^002^|^ B^|^521114^|^097^|^A^|^0^|^0^|^ ^|^0^|0|0|0|^ ^|^ ^|^ ^|^ ^|^^|^00^|^^|0|0|^^|^ ^
^2026^|^01^|^527322^|^015^|^08^|^WA^|^4715^|^EBA^|^03^|^09^|^2^|^994^|^002^|^ B^|^522113^|^097^|^A^|^0^|^0^|^ ^|^0^|0|0|0|^ ^|^ ^|^ ^|^ ^|^^|^00^|^^|0|0|^^|^ ^
^2026^|^01^|^527322^|^015^|^08^|^WA^|^4715^|^EBA^|^03^|^09^|^2^|^994^|^002^|^ C^|^521113^|^097^|^A^|^0^|^0^|^ ^|^0^|0|0|0|^ ^|^ ^|^ ^|^ ^|^^|^00^|^^|0|0|^^|^ ^
^2026^|^01^|^527322^|^015^|^08^|^WA^|^4715^|^EBA^|^03^|^09^|^2^|^994^|^002^|^ C^|^521115^|^097^|^A^|^0^|^0^|^ ^|^0^|0|0|0|^ ^|^ ^|^ ^|^ ^|^^|^00^|^^|0|0|^^|^ ^
^2026^|^01^|^527322^|^015^|^08^|^WA^|^4715^|^EBA^|^03^|^09^|^2^|^994^|^002^|^ C^|^521119^|^097^|^A^|^0^|^0^|^ ^|^0^|0|0|0|^ ^|^ ^|^ ^|^ ^|^^|^00^|^^|0|0|^^|^ ^
^2026^|^01^|^527322^|^015^|^08^|^WA^|^4715^|^EBA^|^03^|^09^|^2^|^994^|^002^|^ D^|^523121^|^097^|^A^|^0^|^0^|^ ^|^0^|0|0|0|^ ^|^ ^|^ ^|^ ^|^^|^00^|^^|0|0|^^|^ ^
^2026^|^01^|^527322^|^015^|^08^|^WA^|^4715^|^EBA^|^03^|^09^|^2^|^994^|^002^|^ G^|^523111^|^097^|^A^|^0^|^0^|^ ^|^0^|0|0|0|^ ^|^ ^|^ ^|^ ^|^^|^00^|^^|0|0|^^|^ ^
^2026^|^01^|^527322^|^015^|^08^|^WA^|^4715^|^EBA^|^03^|^09^|^2^|^994^|^002^|^TJ^|^523121^|^097^|^A^|^0^|^0^|^ ^|^0^|0|0|0|^ ^|^ ^|^ ^|^ ^|^^|^00^|^^|0|0|^^|^ ^
^2026^|^01^|^527322^|^015^|^08^|^WA^|^4715^|^EBA^|^03^|^09^|^2^|^002^|^100^|^ A^|^524111^|^097^|^A^|^0^|^0^|^ ^|^0^|0|0|0|^ ^|^ ^|^ ^|^ ^|^^|^00^|^^|0|0|^^|^ ^
^2026^|^01^|^527322^|^015^|^08^|^WA^|^4715^|^EBA^|^03^|^09^|^2^|^002^|^100^|^ A^|^524113^|^097^|^A^|^0^|^0^|^ ^|^0^|0|0|0|^ ^|^ ^|^ ^|^ ^|^^|^00^|^^|0|0|^^|^ ^
^2026^|^01^|^527322^|^015^|^08^|^WA^|^4715^|^EBB^|^03^|^09^|^2^|^004^|^100^|^RB^|^533121^|^097^|^A^|^0^|^0^|^ ^|^0^|0|0|0|^ ^|^ ^|^ ^|^ ^|^^|^00^|^^|0|0|^^|^ ^
^2026^|^01^|^527322^|^015^|^08^|^WA^|^4715^|^EBD^|^03^|^09^|^2^|^Z36^|^100^|^ B^|^524111^|^097^|^A^|^0^|^0^|^ ^|^0^|0|0|0|^ ^|^ ^|^ ^|^ ^|^^|^00^|^^|0|0|^^|^ ^
^2026^|^01^|^527322^|^015^|^08^|^WA^|^4718^|^BMB^|^03^|^09^|^2^|^002^|^100^|^ A^|^521219^|^097^|^A^|^0^|^0^|^ ^|^0^|0|0|0|^ ^|^ ^|^ ^|^ ^|^^|^00^|^^|0|0|^^|^ ^
^2026^|^01^|^527322^|^015^|^08^|^WA^|^4718^|^BMB^|^03^|^09^|^2^|^001^|^100^|^ A^|^521211^|^097^|^A^|^0^|^0^|^ ^|^0^|0|0|0|^ ^|^ ^|^ ^|^ ^|^^|^00^|^^|0|0|^^|^ ^
^2026^|^01^|^527322^|^015^|^08^|^WA^|^4719^|^EBA^|^03^|^09^|^2^|^994^|^001^|^ A^|^511129^|^097^|^A^|^0^|^0^|^ ^|^0^|0|0|0|^ ^|^ ^|^ ^|^ ^|^^|^00^|^^|0|0|^^|^ ^
^2026^|^01^|^527322^|^015^|^08^|^WA^|^4719^|^EBA^|^03^|^09^|^2^|^994^|^001^|^ A^|^512211^|^097^|^A^|^0^|^0^|^ ^|^0^|0|0|0|^ ^|^ ^|^ ^|^ ^|^^|^00^|^^|0|0|^^|^ ^
^2026^|^01^|^527322^|^015^|^08^|^WA^|^4719^|^EBA^|^03^|^09^|^2^|^004^|^100^|^ A^|^521211^|^097^|^A^|^0^|^0^|^ ^|^0^|0|0|0|^ ^|^ ^|^ ^|^ ^|^^|^00^|^^|0|0|^^|^ ^
^2026^|^01^|^527322^|^015^|^08^|^WA^|^4719^|^EBC^|^03^|^09^|^2^|^001^|^100^|^XC^|^521211^|^097^|^A^|^0^|^0^|^ ^|^0^|0|0|0|^ ^|^ ^|^ ^|^ ^|^^|^00^|^^|0|0|^^|^ ^
^2026^|^01^|^527322^|^015^|^08^|^WA^|^4719^|^EBC^|^03^|^09^|^2^|^001^|^100^|^XC^|^522151^|^097^|^A^|^0^|^0^|^ ^|^0^|0|0|0|^ ^|^ ^|^ ^|^ ^|^^|^00^|^^|0|0|^^|^ ^
^2026^|^01^|^527322^|^015^|^08^|^WA^|^4719^|^EBC^|^03^|^09^|^2^|^001^|^100^|^XC^|^524113^|^097^|^A^|^0^|^0^|^ ^|^0^|0|0|0|^ ^|^ ^|^ ^|^ ^|^^|^00^|^^|0|0|^^|^ ^
^2026^|^01^|^527340^|^015^|^08^|^CD^|^6212^|^BMB^|^03^|^55^|^2^|^001^|^100^|^ A^|^524111^|^115^|^A^|^0^|^0^|^ ^|^0^|0|0|0|^ ^|^ ^|^ ^|^ ^|^^|^00^|^^|0|0|^^|^ ^
^2026^|^01^|^527340^|^015^|^08^|^CD^|^6212^|^BMB^|^03^|^55^|^2^|^001^|^100^|^ A^|^524113^|^115^|^A^|^0^|^0^|^ ^|^0^|0|0|0|^ ^|^ ^|^ ^|^ ^|^^|^00^|^^|0|0|^^|^ ^
^2026^|^01^|^527340^|^015^|^08^|^CD^|^6212^|^FAC^|^03^|^55^|^2^|^001^|^100^|^ A^|^521211^|^115^|^A^|^0^|^0^|^ ^|^0^|0|0|0|^ ^|^ ^|^ ^|^ ^|^^|^00^|^^|0|0|^^|^ ^
^2026^|^01^|^527340^|^015^|^08^|^CD^|^6212^|^FAC^|^03^|^55^|^2^|^001^|^100^|^ B^|^521211^|^115^|^A^|^0^|^0^|^ ^|^0^|0|0|0|^ ^|^ ^|^ ^|^ ^|^^|^00^|^^|0|0|^^|^ ^
^2026^|^01^|^527340^|^015^|^08^|^CD^|^6212^|^FAH^|^03^|^55^|^2^|^001^|^100^|^ A^|^521211^|^115^|^A^|^0^|^0^|^ ^|^0^|0|0|0|^ ^|^ ^|^ ^|^ ^|^^|^00^|^^|0|0|^^|^ ^
^2026^|^01^|^527340^|^015^|^08^|^CD^|^6212^|^FAL^|^03^|^55^|^2^|^004^|^100^|^ A^|^521211^|^115^|^A^|^0^|^0^|^ ^|^0^|0|0|0|^ ^|^ ^|^ ^|^ ^|^^|^00^|^^|0|0|^^|^ ^
^2026^|^01^|^527340^|^015^|^08^|^CD^|^6212^|^FAL^|^03^|^55^|^2^|^004^|^100^|^ B^|^521211^|^115^|^A^|^0^|^0^|^ ^|^0^|0|0|0|^ ^|^ ^|^ ^|^ ^|^^|^00^|^^|0|0|^^|^ ^
^2026^|^01^|^527340^|^015^|^08^|^CD^|^6212^|^FAL^|^03^|^55^|^2^|^004^|^100^|^ D^|^524111^|^115^|^A^|^0^|^0^|^ ^|^0^|0|0|0|^ ^|^ ^|^ ^|^ ^|^^|^00^|^^|0|0|^^|^ ^
^2026^|^01^|^527340^|^015^|^08^|^CD^|^6212^|^FAL^|^03^|^55^|^2^|^004^|^100^|^ D^|^524113^|^115^|^A^|^0^|^0^|^ ^|^0^|0|0|0|^ ^|^ ^|^ ^|^ ^|^^|^00^|^^|0|0|^^|^ ^
^2026^|^01^|^527340^|^015^|^08^|^CD^|^6213^|^FAC^|^03^|^55^|^2^|^001^|^100^|^ A^|^521211^|^115^|^A^|^0^|^0^|^ ^|^0^|0|0|0|^ ^|^ ^|^ ^|^ ^|^^|^00^|^^|0|0|^^|^ ^
^2026^|^01^|^527340^|^015^|^08^|^CD^|^6213^|^FAE^|^03^|^55^|^2^|^009^|^100^|^ A^|^524111^|^115^|^A^|^0^|^0^|^ ^|^0^|0|0|0|^ ^|^ ^|^ ^|^ ^|^^|^00^|^^|0|0|^^|^ ^
^2026^|^01^|^527340^|^015^|^08^|^CD^|^6213^|^FAE^|^03^|^55^|^2^|^009^|^100^|^ A^|^524113^|^115^|^A^|^0^|^0^|^ ^|^0^|0|0|0|^ ^|^ ^|^ ^|^ ^|^^|^00^|^^|0|0|^^|^ ^
^2026^|^01^|^527340^|^015^|^08^|^CD^|^6213^|^FAL^|^03^|^55^|^2^|^003^|^100^|^ A^|^524111^|^115^|^A^|^0^|^0^|^ ^|^0^|0|0|0|^ ^|^ ^|^ ^|^ ^|^^|^00^|^^|0|0|^^|^ ^
^2026^|^01^|^527340^|^015^|^08^|^CD^|^6213^|^FAL^|^03^|^55^|^2^|^003^|^100^|^ A^|^524113^|^115^|^A^|^0^|^0^|^ ^|^0^|0|0|0|^ ^|^ ^|^ ^|^ ^|^^|^00^|^^|0|0|^^|^ ^
^2026^|^01^|^527340^|^015^|^08^|^CD^|^6214^|^FAL^|^03^|^55^|^2^|^002^|^100^|^ A^|^521211^|^115^|^A^|^0^|^0^|^ ^|^0^|0|0|0|^ ^|^ ^|^ ^|^ ^|^^|^00^|^^|0|0|^^|^ ^
^2026^|^01^|^527340^|^015^|^08^|^CD^|^6214^|^FAL^|^03^|^55^|^2^|^002^|^100^|^ B^|^521211^|^115^|^A^|^0^|^0^|^ ^|^0^|0|0|0|^ ^|^ ^|^ ^|^ ^|^^|^00^|^^|0|0|^^|^ ^
^2026^|^01^|^527340^|^015^|^08^|^CD^|^6215^|^FAH^|^03^|^55^|^2^|^003^|^100^|^ A^|^521211^|^115^|^A^|^0^|^0^|^ ^|^0^|0|0|0|^ ^|^ ^|^ ^|^ ^|^^|^00^|^^|0|0|^^|^ ^
^2026^|^01^|^527340^|^015^|^08^|^CD^|^6215^|^FAH^|^03^|^55^|^2^|^003^|^100^|^ B^|^524111^|^115^|^A^|^0^|^0^|^ ^|^0^|0|0|0|^ ^|^ ^|^ ^|^ ^|^^|^00^|^^|0|0|^^|^ ^
^2026^|^01^|^527340^|^015^|^08^|^WA^|^4715^|^EBA^|^03^|^55^|^2^|^001^|^100^|^ A^|^521811^|^115^|^A^|^0^|^0^|^ ^|^0^|0|0|0|^ ^|^ ^|^ ^|^ ^|^^|^00^|^^|0|0|^^|^ ^
^2026^|^01^|^527340^|^015^|^08^|^WA^|^4715^|^EBA^|^03^|^55^|^2^|^001^|^100^|^ B^|^522151^|^115^|^A^|^0^|^0^|^ ^|^0^|0|0|0|^ ^|^ ^|^ ^|^ ^|^^|^00^|^^|0|0|^^|^ ^
^2026^|^01^|^527340^|^015^|^08^|^WA^|^4715^|^EBA^|^03^|^55^|^2^|^001^|^100^|^ B^|^524111^|^115^|^A^|^0^|^0^|^ ^|^0^|0|0|0|^ ^|^ ^|^ ^|^ ^|^^|^00^|^^|0|0|^^|^ ^
^2026^|^01^|^527340^|^015^|^08^|^WA^|^4715^|^EBA^|^03^|^55^|^2^|^994^|^002^|^ A^|^521111^|^115^|^A^|^0^|^0^|^ ^|^0^|0|0|0|^ ^|^ ^|^ ^|^ ^|^^|^00^|^^|0|0|^^|^ ^
^2026^|^01^|^527340^|^015^|^08^|^WA^|^4715^|^EBA^|^03^|^55^|^2^|^994^|^002^|^ A^|^521119^|^115^|^A^|^0^|^0^|^ ^|^0^|0|0|0|^ ^|^ ^|^ ^|^ ^|^^|^00^|^^|0|0|^^|^ ^
^2026^|^01^|^527340^|^015^|^08^|^WA^|^4715^|^EBA^|^03^|^55^|^2^|^994^|^002^|^ A^|^521811^|^115^|^A^|^0^|^0^|^ ^|^0^|0|0|0|^ ^|^ ^|^ ^|^ ^|^^|^00^|^^|0|0|^^|^ ^
^2026^|^01^|^527340^|^015^|^08^|^WA^|^4715^|^EBA^|^03^|^55^|^2^|^994^|^002^|^ B^|^521114^|^115^|^A^|^0^|^0^|^ ^|^0^|0|0|0|^ ^|^ ^|^ ^|^ ^|^^|^00^|^^|0|0|^^|^ ^
^2026^|^01^|^527340^|^015^|^08^|^WA^|^4715^|^EBA^|^03^|^55^|^2^|^994^|^002^|^ B^|^522113^|^115^|^A^|^0^|^0^|^ ^|^0^|0|0|0|^ ^|^ ^|^ ^|^ ^|^^|^00^|^^|0|0|^^|^ ^
^2026^|^01^|^527340^|^015^|^08^|^WA^|^4715^|^EBA^|^03^|^55^|^2^|^994^|^002^|^ C^|^521113^|^115^|^A^|^0^|^0^|^ ^|^0^|0|0|0|^ ^|^ ^|^ ^|^ ^|^^|^00^|^^|0|0|^^|^ ^
^2026^|^01^|^527340^|^015^|^08^|^WA^|^4715^|^EBA^|^03^|^55^|^2^|^994^|^002^|^ C^|^521115^|^115^|^A^|^0^|^0^|^ ^|^0^|0|0|0|^ ^|^ ^|^ ^|^ ^|^^|^00^|^^|0|0|^^|^ ^
^2026^|^01^|^527340^|^015^|^08^|^WA^|^4715^|^EBA^|^03^|^55^|^2^|^994^|^002^|^ C^|^521119^|^115^|^A^|^0^|^0^|^ ^|^0^|0|0|0|^ ^|^ ^|^ ^|^ ^|^^|^00^|^^|0|0|^^|^ ^
^2026^|^01^|^527340^|^015^|^08^|^WA^|^4715^|^EBA^|^03^|^55^|^2^|^994^|^002^|^ D^|^523121^|^115^|^A^|^0^|^0^|^ ^|^0^|0|0|0|^ ^|^ ^|^ ^|^ ^|^^|^00^|^^|0|0|^^|^ ^
^2026^|^01^|^527340^|^015^|^08^|^WA^|^4715^|^EBA^|^03^|^55^|^2^|^994^|^002^|^ G^|^523111^|^115^|^A^|^0^|^0^|^ ^|^0^|0|0|0|^ ^|^ ^|^ ^|^ ^|^^|^00^|^^|0|0|^^|^ ^
^2026^|^01^|^527340^|^015^|^08^|^WA^|^4715^|^EBA^|^03^|^55^|^2^|^994^|^002^|^ G^|^523119^|^115^|^A^|^0^|^0^|^ ^|^0^|0|0|0|^ ^|^ ^|^ ^|^ ^|^^|^00^|^^|0|0|^^|^ ^
^2026^|^01^|^527340^|^015^|^08^|^WA^|^4715^|^EBA^|^03^|^55^|^2^|^994^|^002^|^TJ^|^523121^|^115^|^A^|^0^|^0^|^ ^|^0^|0|0|0|^ ^|^ ^|^ ^|^ ^|^^|^00^|^^|0|0|^^|^ ^
^2026^|^01^|^527340^|^015^|^08^|^WA^|^4715^|^EBA^|^03^|^55^|^2^|^002^|^100^|^ A^|^524111^|^115^|^A^|^0^|^0^|^ ^|^0^|0|0|0|^ ^|^ ^|^ ^|^ ^|^^|^00^|^^|0|0|^^|^ ^
^2026^|^01^|^527340^|^015^|^08^|^WA^|^4715^|^EBA^|^03^|^55^|^2^|^002^|^100^|^ A^|^524113^|^115^|^A^|^0^|^0^|^ ^|^0^|0|0|0|^ ^|^ ^|^ ^|^ ^|^^|^00^|^^|0|0|^^|^ ^
^2026^|^01^|^527340^|^015^|^08^|^WA^|^4715^|^EBB^|^03^|^55^|^2^|^002^|^100^|^ A^|^532111^|^115^|^A^|^0^|^0^|^ ^|^0^|0|0|0|^ ^|^ ^|^ ^|^ ^|^^|^00^|^^|0|0|^^|^ ^
^2026^|^01^|^527340^|^015^|^08^|^WA^|^4715^|^EBD^|^03^|^55^|^2^|^Z36^|^100^|^ B^|^524111^|^115^|^A^|^0^|^0^|^ ^|^0^|0|0|0|^ ^|^ ^|^ ^|^ ^|^^|^00^|^^|0|0|^^|^ ^
^2026^|^01^|^527340^|^015^|^08^|^WA^|^4718^|^BMB^|^03^|^55^|^2^|^002^|^100^|^ A^|^521219^|^115^|^A^|^0^|^0^|^ ^|^0^|0|0|0|^ ^|^ ^|^ ^|^ ^|^^|^00^|^^|0|0|^^|^ ^
^2026^|^01^|^527340^|^015^|^08^|^WA^|^4718^|^BMB^|^03^|^55^|^2^|^001^|^100^|^ A^|^521211^|^115^|^A^|^0^|^0^|^ ^|^0^|0|0|0|^ ^|^ ^|^ ^|^ ^|^^|^00^|^^|0|0|^^|^ ^
^2026^|^01^|^527340^|^015^|^08^|^WA^|^4719^|^EBA^|^03^|^55^|^2^|^994^|^001^|^ A^|^511129^|^115^|^A^|^0^|^0^|^ ^|^0^|0|0|0|^ ^|^ ^|^ ^|^ ^|^^|^00^|^^|0|0|^^|^ ^
^2026^|^01^|^527340^|^015^|^08^|^WA^|^4719^|^EBA^|^03^|^55^|^2^|^994^|^001^|^ A^|^512211^|^115^|^A^|^0^|^0^|^ ^|^0^|0|0|0|^ ^|^ ^|^ ^|^ ^|^^|^00^|^^|0|0|^^|^ ^
^2026^|^01^|^527340^|^015^|^08^|^WA^|^4719^|^EBA^|^03^|^55^|^2^|^004^|^100^|^ A^|^521211^|^115^|^A^|^0^|^0^|^ ^|^0^|0|0|0|^ ^|^ ^|^ ^|^ ^|^^|^00^|^^|0|0|^^|^ ^
^2026^|^01^|^527340^|^015^|^08^|^WA^|^4719^|^EBC^|^03^|^55^|^2^|^001^|^100^|^XC^|^521211^|^115^|^A^|^0^|^0^|^ ^|^0^|0|0|0|^ ^|^ ^|^ ^|^ ^|^^|^00^|^^|0|0|^^|^ ^
^2026^|^01^|^527340^|^015^|^08^|^WA^|^4719^|^EBC^|^03^|^55^|^2^|^001^|^100^|^XC^|^522151^|^115^|^A^|^0^|^0^|^ ^|^0^|0|0|0|^ ^|^ ^|^ ^|^ ^|^^|^00^|^^|0|0|^^|^ ^
^2026^|^01^|^527340^|^015^|^08^|^WA^|^4719^|^EBC^|^03^|^55^|^2^|^001^|^100^|^XC^|^524113^|^115^|^A^|^0^|^0^|^ ^|^0^|0|0|0|^ ^|^ ^|^ ^|^ ^|^^|^00^|^^|0|0|^^|^ ^
^2026^|^01^|^527357^|^015^|^08^|^CD^|^6212^|^BMB^|^03^|^54^|^2^|^001^|^100^|^ A^|^524111^|^118^|^A^|^0^|^0^|^ ^|^0^|0|0|0|^ ^|^ ^|^ ^|^ ^|^^|^00^|^^|0|0|^^|^ ^
^2026^|^01^|^527357^|^015^|^08^|^CD^|^6212^|^BMB^|^03^|^54^|^2^|^001^|^100^|^ A^|^524113^|^118^|^A^|^0^|^0^|^ ^|^0^|0|0|0|^ ^|^ ^|^ ^|^ ^|^^|^00^|^^|0|0|^^|^ ^
^2026^|^01^|^527357^|^015^|^08^|^CD^|^6212^|^FAC^|^03^|^54^|^2^|^001^|^100^|^ A^|^521211^|^118^|^A^|^0^|^0^|^ ^|^0^|0|0|0|^ ^|^ ^|^ ^|^ ^|^^|^00^|^^|0|0|^^|^ ^
^2026^|^01^|^527357^|^015^|^08^|^CD^|^6212^|^FAC^|^03^|^54^|^2^|^001^|^100^|^ B^|^521211^|^118^|^A^|^0^|^0^|^ ^|^0^|0|0|0|^ ^|^ ^|^ ^|^ ^|^^|^00^|^^|0|0|^^|^ ^
^2026^|^01^|^527357^|^015^|^08^|^CD^|^6212^|^FAH^|^03^|^54^|^2^|^001^|^100^|^ A^|^521211^|^118^|^A^|^0^|^0^|^ ^|^0^|0|0|0|^ ^|^ ^|^ ^|^ ^|^^|^00^|^^|0|0|^^|^ ^
^2026^|^01^|^527357^|^015^|^08^|^CD^|^6212^|^FAL^|^03^|^54^|^2^|^004^|^100^|^ A^|^521211^|^118^|^A^|^0^|^0^|^ ^|^0^|0|0|0|^ ^|^ ^|^ ^|^ ^|^^|^00^|^^|0|0|^^|^ ^
^2026^|^01^|^527357^|^015^|^08^|^CD^|^6212^|^FAL^|^03^|^54^|^2^|^004^|^100^|^ B^|^521211^|^118^|^A^|^0^|^0^|^ ^|^0^|0|0|0|^ ^|^ ^|^ ^|^ ^|^^|^00^|^^|0|0|^^|^ ^
^2026^|^01^|^527357^|^015^|^08^|^CD^|^6212^|^FAL^|^03^|^54^|^2^|^004^|^100^|^ D^|^524111^|^118^|^A^|^0^|^0^|^ ^|^0^|0|0|0|^ ^|^ ^|^ ^|^ ^|^^|^00^|^^|0|0|^^|^ ^
^2026^|^01^|^527357^|^015^|^08^|^CD^|^6212^|^FAL^|^03^|^54^|^2^|^004^|^100^|^ D^|^524113^|^118^|^A^|^0^|^0^|^ ^|^0^|0|0|0|^ ^|^ ^|^ ^|^ ^|^^|^00^|^^|0|0|^^|^ ^
^2026^|^01^|^527357^|^015^|^08^|^CD^|^6213^|^FAC^|^03^|^54^|^2^|^001^|^100^|^ A^|^521211^|^118^|^A^|^0^|^0^|^ ^|^0^|0|0|0|^ ^|^ ^|^ ^|^ ^|^^|^00^|^^|0|0|^^|^ ^
^2026^|^01^|^527357^|^015^|^08^|^CD^|^6213^|^FAE^|^03^|^54^|^2^|^009^|^100^|^ A^|^524111^|^118^|^A^|^0^|^0^|^ ^|^0^|0|0|0|^ ^|^ ^|^ ^|^ ^|^^|^00^|^^|0|0|^^|^ ^
^2026^|^01^|^527357^|^015^|^08^|^CD^|^6213^|^FAE^|^03^|^54^|^2^|^009^|^100^|^ A^|^524113^|^118^|^A^|^0^|^0^|^ ^|^0^|0|0|0|^ ^|^ ^|^ ^|^ ^|^^|^00^|^^|0|0|^^|^ ^
^2026^|^01^|^527357^|^015^|^08^|^CD^|^6213^|^FAL^|^03^|^54^|^2^|^003^|^100^|^ A^|^524111^|^118^|^A^|^0^|^0^|^ ^|^0^|0|0|0|^ ^|^ ^|^ ^|^ ^|^^|^00^|^^|0|0|^^|^ ^
^2026^|^01^|^527357^|^015^|^08^|^CD^|^6213^|^FAL^|^03^|^54^|^2^|^003^|^100^|^ A^|^524113^|^118^|^A^|^0^|^0^|^ ^|^0^|0|0|0|^ ^|^ ^|^ ^|^ ^|^^|^00^|^^|0|0|^^|^ ^
^2026^|^01^|^527357^|^015^|^08^|^CD^|^6214^|^FAL^|^03^|^54^|^2^|^002^|^100^|^ A^|^521211^|^118^|^A^|^0^|^0^|^ ^|^0^|0|0|0|^ ^|^ ^|^ ^|^ ^|^^|^00^|^^|0|0|^^|^ ^
^2026^|^01^|^527357^|^015^|^08^|^CD^|^6214^|^FAL^|^03^|^54^|^2^|^002^|^100^|^ B^|^521211^|^118^|^A^|^0^|^0^|^ ^|^0^|0|0|0|^ ^|^ ^|^ ^|^ ^|^^|^00^|^^|0|0|^^|^ ^
^2026^|^01^|^527357^|^015^|^08^|^CD^|^6215^|^FAH^|^03^|^54^|^2^|^003^|^100^|^ A^|^521211^|^118^|^A^|^0^|^0^|^ ^|^0^|0|0|0|^ ^|^ ^|^ ^|^ ^|^^|^00^|^^|0|0|^^|^ ^
^2026^|^01^|^527357^|^015^|^08^|^CD^|^6215^|^FAH^|^03^|^54^|^2^|^003^|^100^|^ B^|^524111^|^118^|^A^|^0^|^0^|^ ^|^0^|0|0|0|^ ^|^ ^|^ ^|^ ^|^^|^00^|^^|0|0|^^|^ ^
^2026^|^01^|^527357^|^015^|^08^|^WA^|^4715^|^EBA^|^03^|^54^|^2^|^001^|^100^|^ A^|^521811^|^118^|^A^|^0^|^0^|^ ^|^0^|0|0|0|^ ^|^ ^|^ ^|^ ^|^^|^00^|^^|0|0|^^|^ ^
^2026^|^01^|^527357^|^015^|^08^|^WA^|^4715^|^EBA^|^03^|^54^|^2^|^001^|^100^|^ B^|^522151^|^118^|^A^|^0^|^0^|^ ^|^0^|0|0|0|^ ^|^ ^|^ ^|^ ^|^^|^00^|^^|0|0|^^|^ ^
^2026^|^01^|^527357^|^015^|^08^|^WA^|^4715^|^EBA^|^03^|^54^|^2^|^001^|^100^|^ B^|^524111^|^118^|^A^|^0^|^0^|^ ^|^0^|0|0|0|^ ^|^ ^|^ ^|^ ^|^^|^00^|^^|0|0|^^|^ ^
^2026^|^01^|^527357^|^015^|^08^|^WA^|^4715^|^EBA^|^03^|^54^|^2^|^994^|^002^|^ A^|^521111^|^118^|^A^|^0^|^0^|^ ^|^0^|0|0|0|^ ^|^ ^|^ ^|^ ^|^^|^00^|^^|0|0|^^|^ ^
^2026^|^01^|^527357^|^015^|^08^|^WA^|^4715^|^EBA^|^03^|^54^|^2^|^994^|^002^|^ A^|^521119^|^118^|^A^|^0^|^0^|^ ^|^0^|0|0|0|^ ^|^ ^|^ ^|^ ^|^^|^00^|^^|0|0|^^|^ ^
^2026^|^01^|^527357^|^015^|^08^|^WA^|^4715^|^EBA^|^03^|^54^|^2^|^994^|^002^|^ A^|^521811^|^118^|^A^|^0^|^0^|^ ^|^0^|0|0|0|^ ^|^ ^|^ ^|^ ^|^^|^00^|^^|0|0|^^|^ ^
^2026^|^01^|^527357^|^015^|^08^|^WA^|^4715^|^EBA^|^03^|^54^|^2^|^994^|^002^|^ B^|^521114^|^118^|^A^|^0^|^0^|^ ^|^0^|0|0|0|^ ^|^ ^|^ ^|^ ^|^^|^00^|^^|0|0|^^|^ ^
^2026^|^01^|^527357^|^015^|^08^|^WA^|^4715^|^EBA^|^03^|^54^|^2^|^994^|^002^|^ B^|^522113^|^118^|^A^|^0^|^0^|^ ^|^0^|0|0|0|^ ^|^ ^|^ ^|^ ^|^^|^00^|^^|0|0|^^|^ ^
^2026^|^01^|^527357^|^015^|^08^|^WA^|^4715^|^EBA^|^03^|^54^|^2^|^994^|^002^|^ C^|^521113^|^118^|^A^|^0^|^0^|^ ^|^0^|0|0|0|^ ^|^ ^|^ ^|^ ^|^^|^00^|^^|0|0|^^|^ ^
^2026^|^01^|^527357^|^015^|^08^|^WA^|^4715^|^EBA^|^03^|^54^|^2^|^994^|^002^|^ C^|^521115^|^118^|^A^|^0^|^0^|^ ^|^0^|0|0|0|^ ^|^ ^|^ ^|^ ^|^^|^00^|^^|0|0|^^|^ ^
^2026^|^01^|^527357^|^015^|^08^|^WA^|^4715^|^EBA^|^03^|^54^|^2^|^994^|^002^|^ C^|^521119^|^118^|^A^|^0^|^0^|^ ^|^0^|0|0|0|^ ^|^ ^|^ ^|^ ^|^^|^00^|^^|0|0|^^|^ ^
^2026^|^01^|^527357^|^015^|^08^|^WA^|^4715^|^EBA^|^03^|^54^|^2^|^994^|^002^|^ D^|^523121^|^118^|^A^|^0^|^0^|^ ^|^0^|0|0|0|^ ^|^ ^|^ ^|^ ^|^^|^00^|^^|0|0|^^|^ ^
^2026^|^01^|^527357^|^015^|^08^|^WA^|^4715^|^EBA^|^03^|^54^|^2^|^994^|^002^|^ G^|^523111^|^118^|^A^|^0^|^0^|^ ^|^0^|0|0|0|^ ^|^ ^|^ ^|^ ^|^^|^00^|^^|0|0|^^|^ ^
^2026^|^01^|^527357^|^015^|^08^|^WA^|^4715^|^EBA^|^03^|^54^|^2^|^994^|^002^|^ G^|^523119^|^118^|^A^|^0^|^0^|^ ^|^0^|0|0|0|^ ^|^ ^|^ ^|^ ^|^^|^00^|^^|0|0|^^|^ ^
^2026^|^01^|^527357^|^015^|^08^|^WA^|^4715^|^EBA^|^03^|^54^|^2^|^994^|^002^|^TJ^|^523121^|^118^|^A^|^0^|^0^|^ ^|^0^|0|0|0|^ ^|^ ^|^ ^|^ ^|^^|^00^|^^|0|0|^^|^ ^
^2026^|^01^|^527357^|^015^|^08^|^WA^|^4715^|^EBA^|^03^|^54^|^2^|^002^|^100^|^ A^|^524111^|^118^|^A^|^0^|^0^|^ ^|^0^|0|0|0|^ ^|^ ^|^ ^|^ ^|^^|^00^|^^|0|0|^^|^ ^
^2026^|^01^|^527357^|^015^|^08^|^WA^|^4715^|^EBA^|^03^|^54^|^2^|^002^|^100^|^ A^|^524113^|^118^|^A^|^0^|^0^|^ ^|^0^|0|0|0|^ ^|^ ^|^ ^|^ ^|^^|^00^|^^|0|0|^^|^ ^
^2026^|^01^|^527357^|^015^|^08^|^WA^|^4715^|^EBD^|^03^|^54^|^2^|^Z36^|^100^|^ B^|^524111^|^118^|^A^|^0^|^0^|^ ^|^0^|0|0|0|^ ^|^ ^|^ ^|^ ^|^^|^00^|^^|0|0|^^|^ ^
^2026^|^01^|^527357^|^015^|^08^|^WA^|^4718^|^BMB^|^03^|^54^|^2^|^002^|^100^|^ A^|^521219^|^118^|^A^|^0^|^0^|^ ^|^0^|0|0|0|^ ^|^ ^|^ ^|^ ^|^^|^00^|^^|0|0|^^|^ ^
^2026^|^01^|^527357^|^015^|^08^|^WA^|^4718^|^BMB^|^03^|^54^|^2^|^001^|^100^|^ A^|^521211^|^118^|^A^|^0^|^0^|^ ^|^0^|0|0|0|^ ^|^ ^|^ ^|^ ^|^^|^00^|^^|0|0|^^|^ ^
^2026^|^01^|^527357^|^015^|^08^|^WA^|^4719^|^EBA^|^03^|^54^|^2^|^994^|^001^|^ A^|^511129^|^118^|^A^|^0^|^0^|^ ^|^0^|0|0|0|^ ^|^ ^|^ ^|^ ^|^^|^00^|^^|0|0|^^|^ ^
^2026^|^01^|^527357^|^015^|^08^|^WA^|^4719^|^EBA^|^03^|^54^|^2^|^994^|^001^|^ A^|^512211^|^118^|^A^|^0^|^0^|^ ^|^0^|0|0|0|^ ^|^ ^|^ ^|^ ^|^^|^00^|^^|0|0|^^|^ ^
^2026^|^01^|^527357^|^015^|^08^|^WA^|^4719^|^EBA^|^03^|^54^|^2^|^004^|^100^|^ A^|^521211^|^118^|^A^|^0^|^0^|^ ^|^0^|0|0|0|^ ^|^ ^|^ ^|^ ^|^^|^00^|^^|0|0|^^|^ ^
^2026^|^01^|^527357^|^015^|^08^|^WA^|^4719^|^EBC^|^03^|^54^|^2^|^001^|^100^|^XC^|^521211^|^118^|^A^|^0^|^0^|^ ^|^0^|0|0|0|^ ^|^ ^|^ ^|^ ^|^^|^00^|^^|0|0|^^|^ ^
^2026^|^01^|^527357^|^015^|^08^|^WA^|^4719^|^EBC^|^03^|^54^|^2^|^001^|^100^|^XC^|^522151^|^118^|^A^|^0^|^0^|^ ^|^0^|0|0|0|^ ^|^ ^|^ ^|^ ^|^^|^00^|^^|0|0|^^|^ ^
^2026^|^01^|^527357^|^015^|^08^|^WA^|^4719^|^EBC^|^03^|^54^|^2^|^001^|^100^|^XC^|^524113^|^118^|^A^|^0^|^0^|^ ^|^0^|0|0|0|^ ^|^ ^|^ ^|^ ^|^^|^00^|^^|0|0|^^|^ ^
^2026^|^01^|^527361^|^015^|^08^|^CD^|^6212^|^BMB^|^03^|^16^|^2^|^001^|^100^|^ A^|^524113^|^130^|^A^|^0^|^0^|^ ^|^0^|0|0|0|^ ^|^ ^|^ ^|^ ^|^^|^00^|^^|0|0|^^|^ ^
^2026^|^01^|^527361^|^015^|^08^|^CD^|^6212^|^FAC^|^03^|^16^|^2^|^001^|^100^|^ A^|^521211^|^130^|^A^|^0^|^0^|^ ^|^0^|0|0|0|^ ^|^ ^|^ ^|^ ^|^^|^00^|^^|0|0|^^|^ ^
^2026^|^01^|^527361^|^015^|^08^|^CD^|^6212^|^FAC^|^03^|^16^|^2^|^001^|^100^|^ B^|^521211^|^130^|^A^|^0^|^0^|^ ^|^0^|0|0|0|^ ^|^ ^|^ ^|^ ^|^^|^00^|^^|0|0|^^|^ ^
^2026^|^01^|^527361^|^015^|^08^|^CD^|^6212^|^FAH^|^03^|^16^|^2^|^001^|^100^|^ A^|^521211^|^130^|^A^|^0^|^0^|^ ^|^0^|0|0|0|^ ^|^ ^|^ ^|^ ^|^^|^00^|^^|0|0|^^|^ ^
^2026^|^01^|^527361^|^015^|^08^|^CD^|^6212^|^FAL^|^03^|^16^|^2^|^004^|^100^|^ A^|^521211^|^130^|^A^|^0^|^0^|^ ^|^0^|0|0|0|^ ^|^ ^|^ ^|^ ^|^^|^00^|^^|0|0|^^|^ ^
^2026^|^01^|^527361^|^015^|^08^|^CD^|^6212^|^FAL^|^03^|^16^|^2^|^004^|^100^|^ B^|^521211^|^130^|^A^|^0^|^0^|^ ^|^0^|0|0|0|^ ^|^ ^|^ ^|^ ^|^^|^00^|^^|0|0|^^|^ ^
^2026^|^01^|^527361^|^015^|^08^|^CD^|^6212^|^FAL^|^03^|^16^|^2^|^004^|^100^|^ D^|^524113^|^130^|^A^|^0^|^0^|^ ^|^0^|0|0|0|^ ^|^ ^|^ ^|^ ^|^^|^00^|^^|0|0|^^|^ ^
^2026^|^01^|^527361^|^015^|^08^|^CD^|^6213^|^FAC^|^03^|^16^|^2^|^001^|^100^|^ A^|^521211^|^130^|^A^|^0^|^0^|^ ^|^0^|0|0|0|^ ^|^ ^|^ ^|^ ^|^^|^00^|^^|0|0|^^|^ ^
^2026^|^01^|^527361^|^015^|^08^|^CD^|^6213^|^FAE^|^03^|^16^|^2^|^009^|^100^|^ A^|^524113^|^130^|^A^|^0^|^0^|^ ^|^0^|0|0|0|^ ^|^ ^|^ ^|^ ^|^^|^00^|^^|0|0|^^|^ ^
^2026^|^01^|^527361^|^015^|^08^|^CD^|^6213^|^FAL^|^03^|^16^|^2^|^003^|^100^|^ A^|^524113^|^130^|^A^|^0^|^0^|^ ^|^0^|0|0|0|^ ^|^ ^|^ ^|^ ^|^^|^00^|^^|0|0|^^|^ ^
^2026^|^01^|^527361^|^015^|^08^|^CD^|^6214^|^FAL^|^03^|^16^|^2^|^002^|^100^|^ A^|^521211^|^130^|^A^|^0^|^0^|^ ^|^0^|0|0|0|^ ^|^ ^|^ ^|^ ^|^^|^00^|^^|0|0|^^|^ ^
^2026^|^01^|^527361^|^015^|^08^|^CD^|^6214^|^FAL^|^03^|^16^|^2^|^002^|^100^|^ B^|^521211^|^130^|^A^|^0^|^0^|^ ^|^0^|0|0|0|^ ^|^ ^|^ ^|^ ^|^^|^00^|^^|0|0|^^|^ ^
^2026^|^01^|^527361^|^015^|^08^|^CD^|^6215^|^FAH^|^03^|^16^|^2^|^003^|^100^|^ A^|^521211^|^130^|^A^|^0^|^0^|^ ^|^0^|0|0|0|^ ^|^ ^|^ ^|^ ^|^^|^00^|^^|0|0|^^|^ ^
^2026^|^01^|^527361^|^015^|^08^|^CD^|^6215^|^FAH^|^03^|^16^|^2^|^003^|^100^|^ B^|^524111^|^130^|^A^|^0^|^0^|^ ^|^0^|0|0|0|^ ^|^ ^|^ ^|^ ^|^^|^00^|^^|0|0|^^|^ ^
^2026^|^01^|^527361^|^015^|^08^|^WA^|^4715^|^EBA^|^03^|^16^|^2^|^001^|^100^|^ A^|^521811^|^130^|^A^|^0^|^0^|^ ^|^0^|0|0|0|^ ^|^ ^|^ ^|^ ^|^^|^00^|^^|0|0|^^|^ ^
^2026^|^01^|^527361^|^015^|^08^|^WA^|^4715^|^EBA^|^03^|^16^|^2^|^001^|^100^|^ B^|^522151^|^130^|^A^|^0^|^0^|^ ^|^0^|0|0|0|^ ^|^ ^|^ ^|^ ^|^^|^00^|^^|0|0|^^|^ ^
^2026^|^01^|^527361^|^015^|^08^|^WA^|^4715^|^EBA^|^03^|^16^|^2^|^001^|^100^|^ B^|^524111^|^130^|^A^|^0^|^0^|^ ^|^0^|0|0|0|^ ^|^ ^|^ ^|^ ^|^^|^00^|^^|0|0|^^|^ ^
^2026^|^01^|^527361^|^015^|^08^|^WA^|^4715^|^EBA^|^03^|^16^|^2^|^994^|^002^|^ A^|^521111^|^130^|^A^|^0^|^0^|^ ^|^0^|0|0|0|^ ^|^ ^|^ ^|^ ^|^^|^00^|^^|0|0|^^|^ ^
^2026^|^01^|^527361^|^015^|^08^|^WA^|^4715^|^EBA^|^03^|^16^|^2^|^994^|^002^|^ A^|^521119^|^130^|^A^|^0^|^0^|^ ^|^0^|0|0|0|^ ^|^ ^|^ ^|^ ^|^^|^00^|^^|0|0|^^|^ ^
^2026^|^01^|^527361^|^015^|^08^|^WA^|^4715^|^EBA^|^03^|^16^|^2^|^994^|^002^|^ A^|^521811^|^130^|^A^|^0^|^0^|^ ^|^0^|0|0|0|^ ^|^ ^|^ ^|^ ^|^^|^00^|^^|0|0|^^|^ ^
^2026^|^01^|^527361^|^015^|^08^|^WA^|^4715^|^EBA^|^03^|^16^|^2^|^994^|^002^|^ B^|^521114^|^130^|^A^|^0^|^0^|^ ^|^0^|0|0|0|^ ^|^ ^|^ ^|^ ^|^^|^00^|^^|0|0|^^|^ ^
^2026^|^01^|^527361^|^015^|^08^|^WA^|^4715^|^EBA^|^03^|^16^|^2^|^994^|^002^|^ B^|^522112^|^130^|^A^|^0^|^0^|^ ^|^0^|0|0|0|^ ^|^ ^|^ ^|^ ^|^^|^00^|^^|0|0|^^|^ ^
^2026^|^01^|^527361^|^015^|^08^|^WA^|^4715^|^EBA^|^03^|^16^|^2^|^994^|^002^|^ B^|^522113^|^130^|^A^|^0^|^0^|^ ^|^0^|0|0|0|^ ^|^ ^|^ ^|^ ^|^^|^00^|^^|0|0|^^|^ ^
^2026^|^01^|^527361^|^015^|^08^|^WA^|^4715^|^EBA^|^03^|^16^|^2^|^994^|^002^|^ C^|^521113^|^130^|^A^|^0^|^0^|^ ^|^0^|0|0|0|^ ^|^ ^|^ ^|^ ^|^^|^00^|^^|0|0|^^|^ ^
^2026^|^01^|^527361^|^015^|^08^|^WA^|^4715^|^EBA^|^03^|^16^|^2^|^994^|^002^|^ C^|^521115^|^130^|^A^|^0^|^0^|^ ^|^0^|0|0|0|^ ^|^ ^|^ ^|^ ^|^^|^00^|^^|0|0|^^|^ ^
^2026^|^01^|^527361^|^015^|^08^|^WA^|^4715^|^EBA^|^03^|^16^|^2^|^994^|^002^|^ C^|^521119^|^130^|^A^|^0^|^0^|^ ^|^0^|0|0|0|^ ^|^ ^|^ ^|^ ^|^^|^00^|^^|0|0|^^|^ ^
^2026^|^01^|^527361^|^015^|^08^|^WA^|^4715^|^EBA^|^03^|^16^|^2^|^994^|^002^|^ D^|^523121^|^130^|^A^|^0^|^0^|^ ^|^0^|0|0|0|^ ^|^ ^|^ ^|^ ^|^^|^00^|^^|0|0|^^|^ ^
^2026^|^01^|^527361^|^015^|^08^|^WA^|^4715^|^EBA^|^03^|^16^|^2^|^994^|^002^|^ G^|^523111^|^130^|^A^|^0^|^0^|^ ^|^0^|0|0|0|^ ^|^ ^|^ ^|^ ^|^^|^00^|^^|0|0|^^|^ ^
^2026^|^01^|^527361^|^015^|^08^|^WA^|^4715^|^EBA^|^03^|^16^|^2^|^994^|^002^|^ G^|^523119^|^130^|^A^|^0^|^0^|^ ^|^0^|0|0|0|^ ^|^ ^|^ ^|^ ^|^^|^00^|^^|0|0|^^|^ ^
^2026^|^01^|^527361^|^015^|^08^|^WA^|^4715^|^EBA^|^03^|^16^|^2^|^994^|^002^|^TJ^|^523121^|^130^|^A^|^0^|^0^|^ ^|^0^|0|0|0|^ ^|^ ^|^ ^|^ ^|^^|^00^|^^|0|0|^^|^ ^
^2026^|^01^|^527361^|^015^|^08^|^WA^|^4715^|^EBA^|^03^|^16^|^2^|^002^|^100^|^ A^|^524111^|^130^|^A^|^0^|^0^|^ ^|^0^|0|0|0|^ ^|^ ^|^ ^|^ ^|^^|^00^|^^|0|0|^^|^ ^
^2026^|^01^|^527361^|^015^|^08^|^WA^|^4715^|^EBA^|^03^|^16^|^2^|^002^|^100^|^ A^|^524113^|^130^|^A^|^0^|^0^|^ ^|^0^|0|0|0|^ ^|^ ^|^ ^|^ ^|^^|^00^|^^|0|0|^^|^ ^
^2026^|^01^|^527361^|^015^|^08^|^WA^|^4715^|^EBB^|^03^|^16^|^2^|^002^|^100^|^ A^|^532111^|^130^|^A^|^0^|^0^|^ ^|^0^|0|0|0|^ ^|^ ^|^ ^|^ ^|^^|^00^|^^|0|0|^^|^ ^
^2026^|^01^|^527361^|^015^|^08^|^WA^|^4715^|^EBD^|^03^|^16^|^2^|^Z36^|^100^|^ B^|^524111^|^130^|^A^|^0^|^0^|^ ^|^0^|0|0|0|^ ^|^ ^|^ ^|^ ^|^^|^00^|^^|0|0|^^|^ ^
^2026^|^01^|^527361^|^015^|^08^|^WA^|^4718^|^BMB^|^03^|^16^|^2^|^002^|^100^|^ A^|^521219^|^130^|^A^|^0^|^0^|^ ^|^0^|0|0|0|^ ^|^ ^|^ ^|^ ^|^^|^00^|^^|0|0|^^|^ ^
^2026^|^01^|^527361^|^015^|^08^|^WA^|^4718^|^BMB^|^03^|^16^|^2^|^001^|^100^|^ A^|^521211^|^130^|^A^|^0^|^0^|^ ^|^0^|0|0|0|^ ^|^ ^|^ ^|^ ^|^^|^00^|^^|0|0|^^|^ ^
^2026^|^01^|^527361^|^015^|^08^|^WA^|^4719^|^EBA^|^03^|^16^|^2^|^994^|^001^|^ A^|^511129^|^130^|^A^|^0^|^0^|^ ^|^0^|0|0|0|^ ^|^ ^|^ ^|^ ^|^^|^00^|^^|0|0|^^|^ ^
^2026^|^01^|^527361^|^015^|^08^|^WA^|^4719^|^EBA^|^03^|^16^|^2^|^994^|^001^|^ A^|^512211^|^130^|^A^|^0^|^0^|^ ^|^0^|0|0|0|^ ^|^ ^|^ ^|^ ^|^^|^00^|^^|0|0|^^|^ ^
^2026^|^01^|^527361^|^015^|^08^|^WA^|^4719^|^EBA^|^03^|^16^|^2^|^004^|^100^|^ A^|^521211^|^130^|^A^|^0^|^0^|^ ^|^0^|0|0|0|^ ^|^ ^|^ ^|^ ^|^^|^00^|^^|0|0|^^|^ ^
^2026^|^01^|^527361^|^015^|^08^|^WA^|^4719^|^EBC^|^03^|^16^|^2^|^001^|^100^|^XC^|^521211^|^130^|^A^|^0^|^0^|^ ^|^0^|0|0|0|^ ^|^ ^|^ ^|^ ^|^^|^00^|^^|0|0|^^|^ ^
^2026^|^01^|^527361^|^015^|^08^|^WA^|^4719^|^EBC^|^03^|^16^|^2^|^001^|^100^|^XC^|^522151^|^130^|^A^|^0^|^0^|^ ^|^0^|0|0|0|^ ^|^ ^|^ ^|^ ^|^^|^00^|^^|0|0|^^|^ ^
^2026^|^01^|^527361^|^015^|^08^|^WA^|^4719^|^EBC^|^03^|^16^|^2^|^001^|^100^|^XC^|^524113^|^130^|^A^|^0^|^0^|^ ^|^0^|0|0|0|^ ^|^ ^|^ ^|^ ^|^^|^00^|^^|0|0|^^|^ ^
^2026^|^01^|^527399^|^015^|^08^|^CD^|^6212^|^BMB^|^04^|^51^|^2^|^001^|^100^|^ A^|^524111^|^030^|^A^|^0^|^0^|^ ^|^0^|0|0|0|^ ^|^ ^|^ ^|^ ^|^^|^00^|^^|0|0|^^|^ ^
^2026^|^01^|^527399^|^015^|^08^|^CD^|^6212^|^BMB^|^04^|^51^|^2^|^001^|^100^|^ A^|^524113^|^030^|^A^|^0^|^0^|^ ^|^0^|0|0|0|^ ^|^ ^|^ ^|^ ^|^^|^00^|^^|0|0|^^|^ ^
^2026^|^01^|^527399^|^015^|^08^|^CD^|^6212^|^FAC^|^04^|^51^|^2^|^001^|^100^|^ A^|^521211^|^030^|^A^|^0^|^0^|^ ^|^0^|0|0|0|^ ^|^ ^|^ ^|^ ^|^^|^00^|^^|0|0|^^|^ ^
^2026^|^01^|^527399^|^015^|^08^|^CD^|^6212^|^FAC^|^04^|^51^|^2^|^001^|^100^|^ B^|^521211^|^030^|^A^|^0^|^0^|^ ^|^0^|0|0|0|^ ^|^ ^|^ ^|^ ^|^^|^00^|^^|0|0|^^|^ ^
^2026^|^01^|^527399^|^015^|^08^|^CD^|^6212^|^FAH^|^04^|^51^|^2^|^001^|^100^|^ A^|^521211^|^030^|^A^|^0^|^0^|^ ^|^0^|0|0|0|^ ^|^ ^|^ ^|^ ^|^^|^00^|^^|0|0|^^|^ ^
^2026^|^01^|^527399^|^015^|^08^|^CD^|^6212^|^FAL^|^04^|^51^|^2^|^004^|^100^|^ A^|^521211^|^030^|^A^|^0^|^0^|^ ^|^0^|0|0|0|^ ^|^ ^|^ ^|^ ^|^^|^00^|^^|0|0|^^|^ ^
^2026^|^01^|^527399^|^015^|^08^|^CD^|^6212^|^FAL^|^04^|^51^|^2^|^004^|^100^|^ B^|^521211^|^030^|^A^|^0^|^0^|^ ^|^0^|0|0|0|^ ^|^ ^|^ ^|^ ^|^^|^00^|^^|0|0|^^|^ ^
^2026^|^01^|^527399^|^015^|^08^|^CD^|^6212^|^FAL^|^04^|^51^|^2^|^004^|^100^|^ D^|^524111^|^030^|^A^|^0^|^0^|^ ^|^0^|0|0|0|^ ^|^ ^|^ ^|^ ^|^^|^00^|^^|0|0|^^|^ ^
^2026^|^01^|^527399^|^015^|^08^|^CD^|^6212^|^FAL^|^04^|^51^|^2^|^004^|^100^|^ D^|^524113^|^030^|^A^|^0^|^0^|^ ^|^0^|0|0|0|^ ^|^ ^|^ ^|^ ^|^^|^00^|^^|0|0|^^|^ ^
^2026^|^01^|^527399^|^015^|^08^|^CD^|^6213^|^FAC^|^04^|^51^|^2^|^001^|^100^|^ A^|^521211^|^030^|^A^|^0^|^0^|^ ^|^0^|0|0|0|^ ^|^ ^|^ ^|^ ^|^^|^00^|^^|0|0|^^|^ ^
^2026^|^01^|^527399^|^015^|^08^|^CD^|^6213^|^FAE^|^04^|^51^|^2^|^009^|^100^|^ A^|^524111^|^030^|^A^|^0^|^0^|^ ^|^0^|0|0|0|^ ^|^ ^|^ ^|^ ^|^^|^00^|^^|0|0|^^|^ ^
^2026^|^01^|^527399^|^015^|^08^|^CD^|^6213^|^FAE^|^04^|^51^|^2^|^009^|^100^|^ A^|^524113^|^030^|^A^|^0^|^0^|^ ^|^0^|0|0|0|^ ^|^ ^|^ ^|^ ^|^^|^00^|^^|0|0|^^|^ ^
^2026^|^01^|^527399^|^015^|^08^|^CD^|^6213^|^FAL^|^04^|^51^|^2^|^003^|^100^|^ A^|^524111^|^030^|^A^|^0^|^0^|^ ^|^0^|0|0|0|^ ^|^ ^|^ ^|^ ^|^^|^00^|^^|0|0|^^|^ ^
^2026^|^01^|^527399^|^015^|^08^|^CD^|^6213^|^FAL^|^04^|^51^|^2^|^003^|^100^|^ A^|^524113^|^030^|^A^|^0^|^0^|^ ^|^0^|0|0|0|^ ^|^ ^|^ ^|^ ^|^^|^00^|^^|0|0|^^|^ ^
^2026^|^01^|^527399^|^015^|^08^|^CD^|^6214^|^FAL^|^04^|^51^|^2^|^002^|^100^|^ A^|^521211^|^030^|^A^|^0^|^0^|^ ^|^0^|0|0|0|^ ^|^ ^|^ ^|^ ^|^^|^00^|^^|0|0|^^|^ ^
^2026^|^01^|^527399^|^015^|^08^|^CD^|^6214^|^FAL^|^04^|^51^|^2^|^002^|^100^|^ B^|^521211^|^030^|^A^|^0^|^0^|^ ^|^0^|0|0|0|^ ^|^ ^|^ ^|^ ^|^^|^00^|^^|0|0|^^|^ ^
^2026^|^01^|^527399^|^015^|^08^|^CD^|^6215^|^FAH^|^04^|^51^|^2^|^003^|^100^|^ A^|^521211^|^030^|^A^|^0^|^0^|^ ^|^0^|0|0|0|^ ^|^ ^|^ ^|^ ^|^^|^00^|^^|0|0|^^|^ ^
^2026^|^01^|^527399^|^015^|^08^|^CD^|^6215^|^FAH^|^04^|^51^|^2^|^003^|^100^|^ B^|^524113^|^030^|^A^|^0^|^0^|^ ^|^0^|0|0|0|^ ^|^ ^|^ ^|^ ^|^^|^00^|^^|0|0|^^|^ ^
^2026^|^01^|^527399^|^015^|^08^|^WA^|^4715^|^EBA^|^04^|^51^|^2^|^001^|^100^|^ A^|^521811^|^030^|^A^|^0^|^0^|^ ^|^0^|0|0|0|^ ^|^ ^|^ ^|^ ^|^^|^00^|^^|0|0|^^|^ ^
^2026^|^01^|^527399^|^015^|^08^|^WA^|^4715^|^EBA^|^04^|^51^|^2^|^001^|^100^|^ B^|^522151^|^030^|^A^|^0^|^0^|^ ^|^0^|0|0|0|^ ^|^ ^|^ ^|^ ^|^^|^00^|^^|0|0|^^|^ ^
^2026^|^01^|^527399^|^015^|^08^|^WA^|^4715^|^EBA^|^04^|^51^|^2^|^001^|^100^|^ B^|^524113^|^030^|^A^|^0^|^0^|^ ^|^0^|0|0|0|^ ^|^ ^|^ ^|^ ^|^^|^00^|^^|0|0|^^|^ ^
^2026^|^01^|^527399^|^015^|^08^|^WA^|^4715^|^EBA^|^04^|^51^|^2^|^994^|^002^|^ A^|^521111^|^030^|^A^|^0^|^0^|^ ^|^0^|0|0|0|^ ^|^ ^|^ ^|^ ^|^^|^00^|^^|0|0|^^|^ ^
^2026^|^01^|^527399^|^015^|^08^|^WA^|^4715^|^EBA^|^04^|^51^|^2^|^994^|^002^|^ A^|^521119^|^030^|^A^|^0^|^0^|^ ^|^0^|0|0|0|^ ^|^ ^|^ ^|^ ^|^^|^00^|^^|0|0|^^|^ ^
^2026^|^01^|^527399^|^015^|^08^|^WA^|^4715^|^EBA^|^04^|^51^|^2^|^994^|^002^|^ A^|^521811^|^030^|^A^|^0^|^0^|^ ^|^0^|0|0|0|^ ^|^ ^|^ ^|^ ^|^^|^00^|^^|0|0|^^|^ ^
^2026^|^01^|^527399^|^015^|^08^|^WA^|^4715^|^EBA^|^04^|^51^|^2^|^994^|^002^|^ B^|^521114^|^030^|^A^|^0^|^0^|^ ^|^0^|0|0|0|^ ^|^ ^|^ ^|^ ^|^^|^00^|^^|0|0|^^|^ ^
^2026^|^01^|^527399^|^015^|^08^|^WA^|^4715^|^EBA^|^04^|^51^|^2^|^994^|^002^|^ C^|^521113^|^030^|^A^|^0^|^0^|^ ^|^0^|0|0|0|^ ^|^ ^|^ ^|^ ^|^^|^00^|^^|0|0|^^|^ ^
^2026^|^01^|^527399^|^015^|^08^|^WA^|^4715^|^EBA^|^04^|^51^|^2^|^994^|^002^|^ C^|^521115^|^030^|^A^|^0^|^0^|^ ^|^0^|0|0|0|^ ^|^ ^|^ ^|^ ^|^^|^00^|^^|0|0|^^|^ ^
^2026^|^01^|^527399^|^015^|^08^|^WA^|^4715^|^EBA^|^04^|^51^|^2^|^994^|^002^|^ C^|^521119^|^030^|^A^|^0^|^0^|^ ^|^0^|0|0|0|^ ^|^ ^|^ ^|^ ^|^^|^00^|^^|0|0|^^|^ ^
^2026^|^01^|^527399^|^015^|^08^|^WA^|^4715^|^EBA^|^04^|^51^|^2^|^994^|^002^|^ D^|^523121^|^030^|^A^|^0^|^0^|^ ^|^0^|0|0|0|^ ^|^ ^|^ ^|^ ^|^^|^00^|^^|0|0|^^|^ ^
^2026^|^01^|^527399^|^015^|^08^|^WA^|^4715^|^EBA^|^04^|^51^|^2^|^994^|^002^|^TJ^|^523121^|^030^|^A^|^0^|^0^|^ ^|^0^|0|0|0|^ ^|^ ^|^ ^|^ ^|^^|^00^|^^|0|0|^^|^ ^
^2026^|^01^|^527399^|^015^|^08^|^WA^|^4715^|^EBA^|^04^|^51^|^2^|^002^|^100^|^ A^|^524111^|^030^|^A^|^0^|^0^|^ ^|^0^|0|0|0|^ ^|^ ^|^ ^|^ ^|^^|^00^|^^|0|0|^^|^ ^
^2026^|^01^|^527399^|^015^|^08^|^WA^|^4715^|^EBA^|^04^|^51^|^2^|^002^|^100^|^ A^|^524113^|^030^|^A^|^0^|^0^|^ ^|^0^|0|0|0|^ ^|^ ^|^ ^|^ ^|^^|^00^|^^|0|0|^^|^ ^
^2026^|^01^|^527399^|^015^|^08^|^WA^|^4715^|^EBD^|^04^|^51^|^2^|^Z36^|^100^|^ B^|^524113^|^030^|^A^|^0^|^0^|^ ^|^0^|0|0|0|^ ^|^ ^|^ ^|^ ^|^^|^00^|^^|0|0|^^|^ ^
^2026^|^01^|^527399^|^015^|^08^|^WA^|^4718^|^BMB^|^04^|^51^|^2^|^002^|^100^|^ A^|^521219^|^030^|^A^|^0^|^0^|^ ^|^0^|0|0|0|^ ^|^ ^|^ ^|^ ^|^^|^00^|^^|0|0|^^|^ ^
^2026^|^01^|^527399^|^015^|^08^|^WA^|^4718^|^BMB^|^04^|^51^|^2^|^001^|^100^|^ A^|^521211^|^030^|^A^|^0^|^0^|^ ^|^0^|0|0|0|^ ^|^ ^|^ ^|^ ^|^^|^00^|^^|0|0|^^|^ ^
^2026^|^01^|^527399^|^015^|^08^|^WA^|^4719^|^EBA^|^04^|^51^|^2^|^994^|^001^|^ A^|^511129^|^030^|^A^|^0^|^0^|^ ^|^0^|0|0|0|^ ^|^ ^|^ ^|^ ^|^^|^00^|^^|0|0|^^|^ ^
^2026^|^01^|^527399^|^015^|^08^|^WA^|^4719^|^EBA^|^04^|^51^|^2^|^994^|^001^|^ A^|^512211^|^030^|^A^|^0^|^0^|^ ^|^0^|0|0|0|^ ^|^ ^|^ ^|^ ^|^^|^00^|^^|0|0|^^|^ ^
^2026^|^01^|^527399^|^015^|^08^|^WA^|^4719^|^EBA^|^04^|^51^|^2^|^004^|^100^|^ A^|^521211^|^030^|^A^|^0^|^0^|^ ^|^0^|0|0|0|^ ^|^ ^|^ ^|^ ^|^^|^00^|^^|0|0|^^|^ ^
^2026^|^01^|^527399^|^015^|^08^|^WA^|^4719^|^EBC^|^04^|^51^|^2^|^001^|^100^|^XC^|^521211^|^030^|^A^|^0^|^0^|^ ^|^0^|0|0|0|^ ^|^ ^|^ ^|^ ^|^^|^00^|^^|0|0|^^|^ ^
^2026^|^01^|^527399^|^015^|^08^|^WA^|^4719^|^EBC^|^04^|^51^|^2^|^001^|^100^|^XC^|^522151^|^030^|^A^|^0^|^0^|^ ^|^0^|0|0|0|^ ^|^ ^|^ ^|^ ^|^^|^00^|^^|0|0|^^|^ ^
^2026^|^01^|^527399^|^015^|^08^|^WA^|^4719^|^EBC^|^04^|^51^|^2^|^001^|^100^|^XC^|^524113^|^030^|^A^|^0^|^0^|^ ^|^0^|0|0|0|^ ^|^ ^|^ ^|^ ^|^^|^00^|^^|0|0|^^|^ ^
^2026^|^01^|^527425^|^015^|^08^|^CD^|^6212^|^BMB^|^05^|^51^|^2^|^001^|^100^|^ A^|^524113^|^031^|^A^|^0^|^0^|^ ^|^0^|0|0|0|^ ^|^ ^|^ ^|^ ^|^^|^00^|^^|0|0|^^|^ ^
^2026^|^01^|^527425^|^015^|^08^|^CD^|^6212^|^FAC^|^05^|^51^|^2^|^001^|^100^|^ A^|^521211^|^031^|^A^|^0^|^0^|^ ^|^0^|0|0|0|^ ^|^ ^|^ ^|^ ^|^^|^00^|^^|0|0|^^|^ ^
^2026^|^01^|^527425^|^015^|^08^|^CD^|^6212^|^FAC^|^05^|^51^|^2^|^001^|^100^|^ B^|^521211^|^031^|^A^|^0^|^0^|^ ^|^0^|0|0|0|^ ^|^ ^|^ ^|^ ^|^^|^00^|^^|0|0|^^|^ ^
^2026^|^01^|^527425^|^015^|^08^|^CD^|^6212^|^FAH^|^05^|^51^|^2^|^001^|^100^|^ A^|^521211^|^031^|^A^|^0^|^0^|^ ^|^0^|0|0|0|^ ^|^ ^|^ ^|^ ^|^^|^00^|^^|0|0|^^|^ ^
^2026^|^01^|^527425^|^015^|^08^|^CD^|^6212^|^FAL^|^05^|^51^|^2^|^004^|^100^|^ A^|^521211^|^031^|^A^|^0^|^0^|^ ^|^0^|0|0|0|^ ^|^ ^|^ ^|^ ^|^^|^00^|^^|0|0|^^|^ ^
^2026^|^01^|^527425^|^015^|^08^|^CD^|^6212^|^FAL^|^05^|^51^|^2^|^004^|^100^|^ B^|^521211^|^031^|^A^|^0^|^0^|^ ^|^0^|0|0|0|^ ^|^ ^|^ ^|^ ^|^^|^00^|^^|0|0|^^|^ ^
^2026^|^01^|^527425^|^015^|^08^|^CD^|^6212^|^FAL^|^05^|^51^|^2^|^004^|^100^|^ D^|^524113^|^031^|^A^|^0^|^0^|^ ^|^0^|0|0|0|^ ^|^ ^|^ ^|^ ^|^^|^00^|^^|0|0|^^|^ ^
^2026^|^01^|^527425^|^015^|^08^|^CD^|^6213^|^FAC^|^05^|^51^|^2^|^001^|^100^|^ A^|^521211^|^031^|^A^|^0^|^0^|^ ^|^0^|0|0|0|^ ^|^ ^|^ ^|^ ^|^^|^00^|^^|0|0|^^|^ ^
^2026^|^01^|^527425^|^015^|^08^|^CD^|^6213^|^FAE^|^05^|^51^|^2^|^009^|^100^|^ A^|^524113^|^031^|^A^|^0^|^0^|^ ^|^0^|0|0|0|^ ^|^ ^|^ ^|^ ^|^^|^00^|^^|0|0|^^|^ ^
^2026^|^01^|^527425^|^015^|^08^|^CD^|^6213^|^FAL^|^05^|^51^|^2^|^003^|^100^|^ A^|^524113^|^031^|^A^|^0^|^0^|^ ^|^0^|0|0|0|^ ^|^ ^|^ ^|^ ^|^^|^00^|^^|0|0|^^|^ ^
^2026^|^01^|^527425^|^015^|^08^|^CD^|^6214^|^FAL^|^05^|^51^|^2^|^002^|^100^|^ A^|^521211^|^031^|^A^|^0^|^0^|^ ^|^0^|0|0|0|^ ^|^ ^|^ ^|^ ^|^^|^00^|^^|0|0|^^|^ ^
^2026^|^01^|^527425^|^015^|^08^|^CD^|^6214^|^FAL^|^05^|^51^|^2^|^002^|^100^|^ B^|^521211^|^031^|^A^|^0^|^0^|^ ^|^0^|0|0|0|^ ^|^ ^|^ ^|^ ^|^^|^00^|^^|0|0|^^|^ ^
^2026^|^01^|^527425^|^015^|^08^|^CD^|^6215^|^FAH^|^05^|^51^|^2^|^003^|^100^|^ A^|^521211^|^031^|^A^|^0^|^0^|^ ^|^0^|0|0|0|^ ^|^ ^|^ ^|^ ^|^^|^00^|^^|0|0|^^|^ ^
^2026^|^01^|^527425^|^015^|^08^|^CD^|^6215^|^FAH^|^05^|^51^|^2^|^003^|^100^|^ B^|^524113^|^031^|^A^|^0^|^0^|^ ^|^0^|0|0|0|^ ^|^ ^|^ ^|^ ^|^^|^00^|^^|0|0|^^|^ ^
^2026^|^01^|^527425^|^015^|^08^|^WA^|^4715^|^EBA^|^05^|^51^|^2^|^001^|^100^|^ A^|^521811^|^031^|^A^|^0^|^0^|^ ^|^0^|0|0|0|^ ^|^ ^|^ ^|^ ^|^^|^00^|^^|0|0|^^|^ ^
^2026^|^01^|^527425^|^015^|^08^|^WA^|^4715^|^EBA^|^05^|^51^|^2^|^001^|^100^|^ B^|^522151^|^031^|^A^|^0^|^0^|^ ^|^0^|0|0|0|^ ^|^ ^|^ ^|^ ^|^^|^00^|^^|0|0|^^|^ ^
^2026^|^01^|^527425^|^015^|^08^|^WA^|^4715^|^EBA^|^05^|^51^|^2^|^001^|^100^|^ B^|^524113^|^031^|^A^|^0^|^0^|^ ^|^0^|0|0|0|^ ^|^ ^|^ ^|^ ^|^^|^00^|^^|0|0|^^|^ ^
^2026^|^01^|^527425^|^015^|^08^|^WA^|^4715^|^EBA^|^05^|^51^|^2^|^994^|^002^|^ A^|^521111^|^031^|^A^|^0^|^0^|^ ^|^0^|0|0|0|^ ^|^ ^|^ ^|^ ^|^^|^00^|^^|0|0|^^|^ ^
^2026^|^01^|^527425^|^015^|^08^|^WA^|^4715^|^EBA^|^05^|^51^|^2^|^994^|^002^|^ A^|^521119^|^031^|^A^|^0^|^0^|^ ^|^0^|0|0|0|^ ^|^ ^|^ ^|^ ^|^^|^00^|^^|0|0|^^|^ ^
^2026^|^01^|^527425^|^015^|^08^|^WA^|^4715^|^EBA^|^05^|^51^|^2^|^994^|^002^|^ A^|^521811^|^031^|^A^|^0^|^0^|^ ^|^0^|0|0|0|^ ^|^ ^|^ ^|^ ^|^^|^00^|^^|0|0|^^|^ ^
^2026^|^01^|^527425^|^015^|^08^|^WA^|^4715^|^EBA^|^05^|^51^|^2^|^994^|^002^|^ B^|^521114^|^031^|^A^|^0^|^0^|^ ^|^0^|0|0|0|^ ^|^ ^|^ ^|^ ^|^^|^00^|^^|0|0|^^|^ ^
^2026^|^01^|^527425^|^015^|^08^|^WA^|^4715^|^EBA^|^05^|^51^|^2^|^994^|^002^|^ C^|^521113^|^031^|^A^|^0^|^0^|^ ^|^0^|0|0|0|^ ^|^ ^|^ ^|^ ^|^^|^00^|^^|0|0|^^|^ ^
^2026^|^01^|^527425^|^015^|^08^|^WA^|^4715^|^EBA^|^05^|^51^|^2^|^994^|^002^|^ C^|^521115^|^031^|^A^|^0^|^0^|^ ^|^0^|0|0|0|^ ^|^ ^|^ ^|^ ^|^^|^00^|^^|0|0|^^|^ ^
^2026^|^01^|^527425^|^015^|^08^|^WA^|^4715^|^EBA^|^05^|^51^|^2^|^994^|^002^|^ C^|^521119^|^031^|^A^|^0^|^0^|^ ^|^0^|0|0|0|^ ^|^ ^|^ ^|^ ^|^^|^00^|^^|0|0|^^|^ ^
^2026^|^01^|^527425^|^015^|^08^|^WA^|^4715^|^EBA^|^05^|^51^|^2^|^994^|^002^|^ D^|^523121^|^031^|^A^|^0^|^0^|^ ^|^0^|0|0|0|^ ^|^ ^|^ ^|^ ^|^^|^00^|^^|0|0|^^|^ ^
^2026^|^01^|^527425^|^015^|^08^|^WA^|^4715^|^EBA^|^05^|^51^|^2^|^994^|^002^|^TJ^|^523121^|^031^|^A^|^0^|^0^|^ ^|^0^|0|0|0|^ ^|^ ^|^ ^|^ ^|^^|^00^|^^|0|0|^^|^ ^
^2026^|^01^|^527425^|^015^|^08^|^WA^|^4715^|^EBA^|^05^|^51^|^2^|^002^|^100^|^ A^|^524111^|^031^|^A^|^0^|^0^|^ ^|^0^|0|0|0|^ ^|^ ^|^ ^|^ ^|^^|^00^|^^|0|0|^^|^ ^
^2026^|^01^|^527425^|^015^|^08^|^WA^|^4715^|^EBA^|^05^|^51^|^2^|^002^|^100^|^ A^|^524113^|^031^|^A^|^0^|^0^|^ ^|^0^|0|0|0|^ ^|^ ^|^ ^|^ ^|^^|^00^|^^|0|0|^^|^ ^
^2026^|^01^|^527425^|^015^|^08^|^WA^|^4715^|^EBD^|^05^|^51^|^2^|^Z36^|^100^|^ B^|^524113^|^031^|^A^|^0^|^0^|^ ^|^0^|0|0|0|^ ^|^ ^|^ ^|^ ^|^^|^00^|^^|0|0|^^|^ ^
^2026^|^01^|^527425^|^015^|^08^|^WA^|^4718^|^BMB^|^05^|^51^|^2^|^002^|^100^|^ A^|^521219^|^031^|^A^|^0^|^0^|^ ^|^0^|0|0|0|^ ^|^ ^|^ ^|^ ^|^^|^00^|^^|0|0|^^|^ ^
^2026^|^01^|^527425^|^015^|^08^|^WA^|^4718^|^BMB^|^05^|^51^|^2^|^001^|^100^|^ A^|^521211^|^031^|^A^|^0^|^0^|^ ^|^0^|0|0|0|^ ^|^ ^|^ ^|^ ^|^^|^00^|^^|0|0|^^|^ ^
^2026^|^01^|^527425^|^015^|^08^|^WA^|^4719^|^EBA^|^05^|^51^|^2^|^994^|^001^|^ A^|^511129^|^031^|^A^|^0^|^0^|^ ^|^0^|0|0|0|^ ^|^ ^|^ ^|^ ^|^^|^00^|^^|0|0|^^|^ ^
^2026^|^01^|^527425^|^015^|^08^|^WA^|^4719^|^EBA^|^05^|^51^|^2^|^994^|^001^|^ A^|^512211^|^031^|^A^|^0^|^0^|^ ^|^0^|0|0|0|^ ^|^ ^|^ ^|^ ^|^^|^00^|^^|0|0|^^|^ ^
^2026^|^01^|^527425^|^015^|^08^|^WA^|^4719^|^EBA^|^05^|^51^|^2^|^004^|^100^|^ A^|^521211^|^031^|^A^|^0^|^0^|^ ^|^0^|0|0|0|^ ^|^ ^|^ ^|^ ^|^^|^00^|^^|0|0|^^|^ ^
^2026^|^01^|^527425^|^015^|^08^|^WA^|^4719^|^EBC^|^05^|^51^|^2^|^001^|^100^|^XC^|^521211^|^031^|^A^|^0^|^0^|^ ^|^0^|0|0|0|^ ^|^ ^|^ ^|^ ^|^^|^00^|^^|0|0|^^|^ ^
^2026^|^01^|^527425^|^015^|^08^|^WA^|^4719^|^EBC^|^05^|^51^|^2^|^001^|^100^|^XC^|^522151^|^031^|^A^|^0^|^0^|^ ^|^0^|0|0|0|^ ^|^ ^|^ ^|^ ^|^^|^00^|^^|0|0|^^|^ ^
^2026^|^01^|^527425^|^015^|^08^|^WA^|^4719^|^EBC^|^05^|^51^|^2^|^001^|^100^|^XC^|^524113^|^031^|^A^|^0^|^0^|^ ^|^0^|0|0|0|^ ^|^ ^|^ ^|^ ^|^^|^00^|^^|0|0|^^|^ ^
^2026^|^01^|^527446^|^015^|^08^|^CD^|^6212^|^BMB^|^05^|^57^|^2^|^001^|^100^|^ A^|^524111^|^034^|^A^|^0^|^0^|^ ^|^0^|0|0|0|^ ^|^ ^|^ ^|^ ^|^^|^00^|^^|0|0|^^|^ ^
^2026^|^01^|^527446^|^015^|^08^|^CD^|^6212^|^BMB^|^05^|^57^|^2^|^001^|^100^|^ A^|^524113^|^034^|^A^|^0^|^0^|^ ^|^0^|0|0|0|^ ^|^ ^|^ ^|^ ^|^^|^00^|^^|0|0|^^|^ ^
^2026^|^01^|^527446^|^015^|^08^|^CD^|^6212^|^FAC^|^05^|^57^|^2^|^001^|^100^|^ A^|^521211^|^034^|^A^|^0^|^0^|^ ^|^0^|0|0|0|^ ^|^ ^|^ ^|^ ^|^^|^00^|^^|0|0|^^|^ ^
^2026^|^01^|^527446^|^015^|^08^|^CD^|^6212^|^FAC^|^05^|^57^|^2^|^001^|^100^|^ B^|^521211^|^034^|^A^|^0^|^0^|^ ^|^0^|0|0|0|^ ^|^ ^|^ ^|^ ^|^^|^00^|^^|0|0|^^|^ ^
^2026^|^01^|^527446^|^015^|^08^|^CD^|^6212^|^FAH^|^05^|^57^|^2^|^001^|^100^|^ A^|^521211^|^034^|^A^|^0^|^0^|^ ^|^0^|0|0|0|^ ^|^ ^|^ ^|^ ^|^^|^00^|^^|0|0|^^|^ ^
^2026^|^01^|^527446^|^015^|^08^|^CD^|^6212^|^FAL^|^05^|^57^|^2^|^004^|^100^|^ A^|^521211^|^034^|^A^|^0^|^0^|^ ^|^0^|0|0|0|^ ^|^ ^|^ ^|^ ^|^^|^00^|^^|0|0|^^|^ ^
^2026^|^01^|^527446^|^015^|^08^|^CD^|^6212^|^FAL^|^05^|^57^|^2^|^004^|^100^|^ B^|^521211^|^034^|^A^|^0^|^0^|^ ^|^0^|0|0|0|^ ^|^ ^|^ ^|^ ^|^^|^00^|^^|0|0|^^|^ ^
^2026^|^01^|^527446^|^015^|^08^|^CD^|^6212^|^FAL^|^05^|^57^|^2^|^004^|^100^|^ D^|^524111^|^034^|^A^|^0^|^0^|^ ^|^0^|0|0|0|^ ^|^ ^|^ ^|^ ^|^^|^00^|^^|0|0|^^|^ ^
^2026^|^01^|^527446^|^015^|^08^|^CD^|^6212^|^FAL^|^05^|^57^|^2^|^004^|^100^|^ D^|^524113^|^034^|^A^|^0^|^0^|^ ^|^0^|0|0|0|^ ^|^ ^|^ ^|^ ^|^^|^00^|^^|0|0|^^|^ ^
^2026^|^01^|^527446^|^015^|^08^|^CD^|^6213^|^FAC^|^05^|^57^|^2^|^001^|^100^|^ A^|^521211^|^034^|^A^|^0^|^0^|^ ^|^0^|0|0|0|^ ^|^ ^|^ ^|^ ^|^^|^00^|^^|0|0|^^|^ ^
^2026^|^01^|^527446^|^015^|^08^|^CD^|^6213^|^FAE^|^05^|^57^|^2^|^009^|^100^|^ A^|^524111^|^034^|^A^|^0^|^0^|^ ^|^0^|0|0|0|^ ^|^ ^|^ ^|^ ^|^^|^00^|^^|0|0|^^|^ ^
^2026^|^01^|^527446^|^015^|^08^|^CD^|^6213^|^FAE^|^05^|^57^|^2^|^009^|^100^|^ A^|^524113^|^034^|^A^|^0^|^0^|^ ^|^0^|0|0|0|^ ^|^ ^|^ ^|^ ^|^^|^00^|^^|0|0|^^|^ ^
^2026^|^01^|^527446^|^015^|^08^|^CD^|^6213^|^FAL^|^05^|^57^|^2^|^003^|^100^|^ A^|^524111^|^034^|^A^|^0^|^0^|^ ^|^0^|0|0|0|^ ^|^ ^|^ ^|^ ^|^^|^00^|^^|0|0|^^|^ ^
^2026^|^01^|^527446^|^015^|^08^|^CD^|^6213^|^FAL^|^05^|^57^|^2^|^003^|^100^|^ A^|^524113^|^034^|^A^|^0^|^0^|^ ^|^0^|0|0|0|^ ^|^ ^|^ ^|^ ^|^^|^00^|^^|0|0|^^|^ ^
^2026^|^01^|^527446^|^015^|^08^|^CD^|^6214^|^FAL^|^05^|^57^|^2^|^002^|^100^|^ A^|^521211^|^034^|^A^|^0^|^0^|^ ^|^0^|0|0|0|^ ^|^ ^|^ ^|^ ^|^^|^00^|^^|0|0|^^|^ ^
^2026^|^01^|^527446^|^015^|^08^|^CD^|^6214^|^FAL^|^05^|^57^|^2^|^002^|^100^|^ B^|^521211^|^034^|^A^|^0^|^0^|^ ^|^0^|0|0|0|^ ^|^ ^|^ ^|^ ^|^^|^00^|^^|0|0|^^|^ ^
^2026^|^01^|^527446^|^015^|^08^|^CD^|^6215^|^FAH^|^05^|^57^|^2^|^003^|^100^|^ A^|^521211^|^034^|^A^|^0^|^0^|^ ^|^0^|0|0|0|^ ^|^ ^|^ ^|^ ^|^^|^00^|^^|0|0|^^|^ ^
^2026^|^01^|^527446^|^015^|^08^|^CD^|^6215^|^FAH^|^05^|^57^|^2^|^003^|^100^|^ B^|^524111^|^034^|^A^|^0^|^0^|^ ^|^0^|0|0|0|^ ^|^ ^|^ ^|^ ^|^^|^00^|^^|0|0|^^|^ ^
^2026^|^01^|^527446^|^015^|^08^|^WA^|^4715^|^EBA^|^05^|^57^|^2^|^001^|^100^|^ A^|^521811^|^034^|^A^|^0^|^0^|^ ^|^0^|0|0|0|^ ^|^ ^|^ ^|^ ^|^^|^00^|^^|0|0|^^|^ ^
^2026^|^01^|^527446^|^015^|^08^|^WA^|^4715^|^EBA^|^05^|^57^|^2^|^001^|^100^|^ B^|^522151^|^034^|^A^|^0^|^0^|^ ^|^0^|0|0|0|^ ^|^ ^|^ ^|^ ^|^^|^00^|^^|0|0|^^|^ ^
^2026^|^01^|^527446^|^015^|^08^|^WA^|^4715^|^EBA^|^05^|^57^|^2^|^001^|^100^|^ B^|^524111^|^034^|^A^|^0^|^0^|^ ^|^0^|0|0|0|^ ^|^ ^|^ ^|^ ^|^^|^00^|^^|0|0|^^|^ ^
^2026^|^01^|^527446^|^015^|^08^|^WA^|^4715^|^EBA^|^05^|^57^|^2^|^994^|^002^|^ A^|^521111^|^034^|^A^|^0^|^0^|^ ^|^0^|0|0|0|^ ^|^ ^|^ ^|^ ^|^^|^00^|^^|0|0|^^|^ ^
^2026^|^01^|^527446^|^015^|^08^|^WA^|^4715^|^EBA^|^05^|^57^|^2^|^994^|^002^|^ A^|^521119^|^034^|^A^|^0^|^0^|^ ^|^0^|0|0|0|^ ^|^ ^|^ ^|^ ^|^^|^00^|^^|0|0|^^|^ ^
^2026^|^01^|^527446^|^015^|^08^|^WA^|^4715^|^EBA^|^05^|^57^|^2^|^994^|^002^|^ A^|^521811^|^034^|^A^|^0^|^0^|^ ^|^0^|0|0|0|^ ^|^ ^|^ ^|^ ^|^^|^00^|^^|0|0|^^|^ ^
^2026^|^01^|^527446^|^015^|^08^|^WA^|^4715^|^EBA^|^05^|^57^|^2^|^994^|^002^|^ B^|^521114^|^034^|^A^|^0^|^0^|^ ^|^0^|0|0|0|^ ^|^ ^|^ ^|^ ^|^^|^00^|^^|0|0|^^|^ ^
^2026^|^01^|^527446^|^015^|^08^|^WA^|^4715^|^EBA^|^05^|^57^|^2^|^994^|^002^|^ B^|^522111^|^034^|^A^|^0^|^0^|^ ^|^0^|0|0|0|^ ^|^ ^|^ ^|^ ^|^^|^00^|^^|0|0|^^|^ ^
^2026^|^01^|^527446^|^015^|^08^|^WA^|^4715^|^EBA^|^05^|^57^|^2^|^994^|^002^|^ B^|^522113^|^034^|^A^|^0^|^0^|^ ^|^0^|0|0|0|^ ^|^ ^|^ ^|^ ^|^^|^00^|^^|0|0|^^|^ ^
^2026^|^01^|^527446^|^015^|^08^|^WA^|^4715^|^EBA^|^05^|^57^|^2^|^994^|^002^|^ C^|^521113^|^034^|^A^|^0^|^0^|^ ^|^0^|0|0|0|^ ^|^ ^|^ ^|^ ^|^^|^00^|^^|0|0|^^|^ ^
^2026^|^01^|^527446^|^015^|^08^|^WA^|^4715^|^EBA^|^05^|^57^|^2^|^994^|^002^|^ C^|^521115^|^034^|^A^|^0^|^0^|^ ^|^0^|0|0|0|^ ^|^ ^|^ ^|^ ^|^^|^00^|^^|0|0|^^|^ ^
^2026^|^01^|^527446^|^015^|^08^|^WA^|^4715^|^EBA^|^05^|^57^|^2^|^994^|^002^|^ C^|^521119^|^034^|^A^|^0^|^0^|^ ^|^0^|0|0|0|^ ^|^ ^|^ ^|^ ^|^^|^00^|^^|0|0|^^|^ ^
^2026^|^01^|^527446^|^015^|^08^|^WA^|^4715^|^EBA^|^05^|^57^|^2^|^994^|^002^|^ D^|^523121^|^034^|^A^|^0^|^0^|^ ^|^0^|0|0|0|^ ^|^ ^|^ ^|^ ^|^^|^00^|^^|0|0|^^|^ ^
^2026^|^01^|^527446^|^015^|^08^|^WA^|^4715^|^EBA^|^05^|^57^|^2^|^994^|^002^|^ G^|^523111^|^034^|^A^|^0^|^0^|^ ^|^0^|0|0|0|^ ^|^ ^|^ ^|^ ^|^^|^00^|^^|0|0|^^|^ ^
^2026^|^01^|^527446^|^015^|^08^|^WA^|^4715^|^EBA^|^05^|^57^|^2^|^994^|^002^|^ G^|^523119^|^034^|^A^|^0^|^0^|^ ^|^0^|0|0|0|^ ^|^ ^|^ ^|^ ^|^^|^00^|^^|0|0|^^|^ ^
^2026^|^01^|^527446^|^015^|^08^|^WA^|^4715^|^EBA^|^05^|^57^|^2^|^994^|^002^|^TJ^|^523121^|^034^|^A^|^0^|^0^|^ ^|^0^|0|0|0|^ ^|^ ^|^ ^|^ ^|^^|^00^|^^|0|0|^^|^ ^
^2026^|^01^|^527446^|^015^|^08^|^WA^|^4715^|^EBA^|^05^|^57^|^2^|^002^|^100^|^ A^|^524111^|^034^|^A^|^0^|^0^|^ ^|^0^|0|0|0|^ ^|^ ^|^ ^|^ ^|^^|^00^|^^|0|0|^^|^ ^
^2026^|^01^|^527446^|^015^|^08^|^WA^|^4715^|^EBA^|^05^|^57^|^2^|^002^|^100^|^ A^|^524113^|^034^|^A^|^0^|^0^|^ ^|^0^|0|0|0|^ ^|^ ^|^ ^|^ ^|^^|^00^|^^|0|0|^^|^ ^
^2026^|^01^|^527446^|^015^|^08^|^WA^|^4715^|^EBD^|^05^|^57^|^2^|^Z36^|^100^|^ B^|^524111^|^034^|^A^|^0^|^0^|^ ^|^0^|0|0|0|^ ^|^ ^|^ ^|^ ^|^^|^00^|^^|0|0|^^|^ ^
^2026^|^01^|^527446^|^015^|^08^|^WA^|^4718^|^BMB^|^05^|^57^|^2^|^002^|^100^|^ A^|^521219^|^034^|^A^|^0^|^0^|^ ^|^0^|0|0|0|^ ^|^ ^|^ ^|^ ^|^^|^00^|^^|0|0|^^|^ ^
^2026^|^01^|^527446^|^015^|^08^|^WA^|^4718^|^BMB^|^05^|^57^|^2^|^001^|^100^|^ A^|^521211^|^034^|^A^|^0^|^0^|^ ^|^0^|0|0|0|^ ^|^ ^|^ ^|^ ^|^^|^00^|^^|0|0|^^|^ ^
^2026^|^01^|^527446^|^015^|^08^|^WA^|^4719^|^EBA^|^05^|^57^|^2^|^004^|^100^|^ A^|^521211^|^034^|^A^|^0^|^0^|^ ^|^0^|0|0|0|^ ^|^ ^|^ ^|^ ^|^^|^00^|^^|0|0|^^|^ ^
^2026^|^01^|^527446^|^015^|^08^|^WA^|^4719^|^EBA^|^05^|^57^|^2^|^994^|^001^|^ A^|^511129^|^034^|^A^|^0^|^0^|^ ^|^0^|0|0|0|^ ^|^ ^|^ ^|^ ^|^^|^00^|^^|0|0|^^|^ ^
^2026^|^01^|^527446^|^015^|^08^|^WA^|^4719^|^EBA^|^05^|^57^|^2^|^994^|^001^|^ A^|^512211^|^034^|^A^|^0^|^0^|^ ^|^0^|0|0|0|^ ^|^ ^|^ ^|^ ^|^^|^00^|^^|0|0|^^|^ ^
^2026^|^01^|^527446^|^015^|^08^|^WA^|^4719^|^EBC^|^05^|^57^|^2^|^001^|^100^|^ A^|^521211^|^034^|^A^|^0^|^0^|^ ^|^0^|0|0|0|^ ^|^ ^|^ ^|^ ^|^^|^00^|^^|0|0|^^|^ ^
^2026^|^01^|^527446^|^015^|^08^|^WA^|^4719^|^EBC^|^05^|^57^|^2^|^001^|^100^|^ A^|^522151^|^034^|^A^|^0^|^0^|^ ^|^0^|0|0|0|^ ^|^ ^|^ ^|^ ^|^^|^00^|^^|0|0|^^|^ ^
^2026^|^01^|^527446^|^015^|^08^|^WA^|^4719^|^EBC^|^05^|^57^|^2^|^001^|^100^|^ A^|^524113^|^034^|^A^|^0^|^0^|^ ^|^0^|0|0|0|^ ^|^ ^|^ ^|^ ^|^^|^00^|^^|0|0|^^|^ ^
^2026^|^01^|^527411^|^015^|^08^|^CD^|^6212^|^BMB^|^05^|^51^|^2^|^001^|^100^|^ A^|^524113^|^031^|^A^|^0^|^0^|^ ^|^0^|0|0|0|^ ^|^ ^|^ ^|^ ^|^^|^00^|^^|0|0|^^|^ ^
^2026^|^01^|^527411^|^015^|^08^|^CD^|^6212^|^BMB^|^05^|^51^|^2^|^001^|^100^|^ B^|^521211^|^031^|^A^|^0^|^0^|^ ^|^0^|0|0|0|^ ^|^ ^|^ ^|^ ^|^^|^00^|^^|0|0|^^|^ ^
^2026^|^01^|^527411^|^015^|^08^|^CD^|^6212^|^BMB^|^05^|^51^|^2^|^001^|^100^|^ B^|^522151^|^031^|^A^|^0^|^0^|^ ^|^0^|0|0|0|^ ^|^ ^|^ ^|^ ^|^^|^00^|^^|0|0|^^|^ ^
^2026^|^01^|^527411^|^015^|^08^|^CD^|^6212^|^BMB^|^05^|^51^|^2^|^001^|^100^|^ B^|^524113^|^031^|^A^|^0^|^0^|^ ^|^0^|0|0|0|^ ^|^ ^|^ ^|^ ^|^^|^00^|^^|0|0|^^|^ ^
^2026^|^01^|^527411^|^015^|^08^|^CD^|^6212^|^BMB^|^05^|^51^|^2^|^001^|^100^|^ C^|^524113^|^031^|^A^|^0^|^0^|^ ^|^0^|0|0|0|^ ^|^ ^|^ ^|^ ^|^^|^00^|^^|0|0|^^|^ ^
^2026^|^01^|^527411^|^015^|^08^|^CD^|^6212^|^BMB^|^05^|^51^|^2^|^001^|^100^|^ D^|^521211^|^031^|^A^|^0^|^0^|^ ^|^0^|0|0|0|^ ^|^ ^|^ ^|^ ^|^^|^00^|^^|0|0|^^|^ ^
^2026^|^01^|^527411^|^015^|^08^|^CD^|^6212^|^BMB^|^05^|^51^|^2^|^001^|^100^|^ D^|^522141^|^031^|^A^|^0^|^0^|^ ^|^0^|0|0|0|^ ^|^ ^|^ ^|^ ^|^^|^00^|^^|0|0|^^|^ ^
^2026^|^01^|^527411^|^015^|^08^|^CD^|^6212^|^FAC^|^05^|^51^|^2^|^002^|^100^|^ A^|^524111^|^031^|^A^|^0^|^0^|^ ^|^0^|0|0|0|^ ^|^ ^|^ ^|^ ^|^^|^00^|^^|0|0|^^|^ ^
^2026^|^01^|^527411^|^015^|^08^|^CD^|^6212^|^FAC^|^05^|^51^|^2^|^002^|^100^|^ A^|^524113^|^031^|^A^|^0^|^0^|^ ^|^0^|0|0|0|^ ^|^ ^|^ ^|^ ^|^^|^00^|^^|0|0|^^|^ ^
^2026^|^01^|^527411^|^015^|^08^|^CD^|^6212^|^FAC^|^05^|^51^|^2^|^002^|^100^|^ B^|^524111^|^031^|^A^|^0^|^0^|^ ^|^0^|0|0|0|^ ^|^ ^|^ ^|^ ^|^^|^00^|^^|0|0|^^|^ ^
^2026^|^01^|^527411^|^015^|^08^|^CD^|^6212^|^FAC^|^05^|^51^|^2^|^002^|^100^|^ B^|^524113^|^031^|^A^|^0^|^0^|^ ^|^0^|0|0|0|^ ^|^ ^|^ ^|^ ^|^^|^00^|^^|0|0|^^|^ ^
^2026^|^01^|^527411^|^015^|^08^|^CD^|^6212^|^FAH^|^05^|^51^|^2^|^003^|^100^|^ A^|^524113^|^031^|^A^|^0^|^0^|^ ^|^0^|0|0|0|^ ^|^ ^|^ ^|^ ^|^^|^00^|^^|0|0|^^|^ ^
^2026^|^01^|^527411^|^015^|^08^|^CD^|^6212^|^FAH^|^05^|^51^|^2^|^003^|^100^|^ B^|^524111^|^031^|^A^|^0^|^0^|^ ^|^0^|0|0|0|^ ^|^ ^|^ ^|^ ^|^^|^00^|^^|0|0|^^|^ ^
^2026^|^01^|^527411^|^015^|^08^|^CD^|^6212^|^FAH^|^05^|^51^|^2^|^003^|^100^|^ B^|^524113^|^031^|^A^|^0^|^0^|^ ^|^0^|0|0|0|^ ^|^ ^|^ ^|^ ^|^^|^00^|^^|0|0|^^|^ ^
^2026^|^01^|^527411^|^015^|^08^|^CD^|^6212^|^FAH^|^05^|^51^|^2^|^002^|^100^|^ A^|^521211^|^031^|^A^|^0^|^0^|^ ^|^0^|0|0|0|^ ^|^ ^|^ ^|^ ^|^^|^00^|^^|0|0|^^|^ ^
^2026^|^01^|^527411^|^015^|^08^|^CD^|^6212^|^FAH^|^05^|^51^|^2^|^002^|^100^|^ B^|^524111^|^031^|^A^|^0^|^0^|^ ^|^0^|0|0|0|^ ^|^ ^|^ ^|^ ^|^^|^00^|^^|0|0|^^|^ ^
^2026^|^01^|^527411^|^015^|^08^|^CD^|^6212^|^FAH^|^05^|^51^|^2^|^002^|^100^|^ C^|^521211^|^031^|^A^|^0^|^0^|^ ^|^0^|0|0|0|^ ^|^ ^|^ ^|^ ^|^^|^00^|^^|0|0|^^|^ ^
^2026^|^01^|^527411^|^015^|^08^|^CD^|^6212^|^FAH^|^05^|^51^|^2^|^002^|^100^|^ C^|^522151^|^031^|^A^|^0^|^0^|^ ^|^0^|0|0|0|^ ^|^ ^|^ ^|^ ^|^^|^00^|^^|0|0|^^|^ ^
^2026^|^01^|^527411^|^015^|^08^|^CD^|^6212^|^FAL^|^05^|^51^|^2^|^001^|^100^|^ A^|^524111^|^031^|^A^|^0^|^0^|^ ^|^0^|0|0|0|^ ^|^ ^|^ ^|^ ^|^^|^00^|^^|0|0|^^|^ ^
^2026^|^01^|^527411^|^015^|^08^|^CD^|^6212^|^FAL^|^05^|^51^|^2^|^001^|^100^|^ A^|^524113^|^031^|^A^|^0^|^0^|^ ^|^0^|0|0|0|^ ^|^ ^|^ ^|^ ^|^^|^00^|^^|0|0|^^|^ ^
^2026^|^01^|^527411^|^015^|^08^|^CD^|^6212^|^FAL^|^05^|^51^|^2^|^001^|^100^|^ B^|^521211^|^031^|^A^|^0^|^0^|^ ^|^0^|0|0|0|^ ^|^ ^|^ ^|^ ^|^^|^00^|^^|0|0|^^|^ ^
^2026^|^01^|^527411^|^015^|^08^|^CD^|^6212^|^FAL^|^05^|^51^|^2^|^001^|^100^|^ C^|^524111^|^031^|^A^|^0^|^0^|^ ^|^0^|0|0|0|^ ^|^ ^|^ ^|^ ^|^^|^00^|^^|0|0|^^|^ ^
^2026^|^01^|^527411^|^015^|^08^|^CD^|^6212^|^FAL^|^05^|^51^|^2^|^001^|^100^|^ C^|^524113^|^031^|^A^|^0^|^0^|^ ^|^0^|0|0|0|^ ^|^ ^|^ ^|^ ^|^^|^00^|^^|0|0|^^|^ ^
^2026^|^01^|^527411^|^015^|^08^|^CD^|^6212^|^FAL^|^05^|^51^|^2^|^001^|^100^|^ D^|^521211^|^031^|^A^|^0^|^0^|^ ^|^0^|0|0|0|^ ^|^ ^|^ ^|^ ^|^^|^00^|^^|0|0|^^|^ ^
^2026^|^01^|^527411^|^015^|^08^|^CD^|^6212^|^FAL^|^05^|^51^|^2^|^001^|^100^|^ D^|^521213^|^031^|^A^|^0^|^0^|^ ^|^0^|0|0|0|^ ^|^ ^|^ ^|^ ^|^^|^00^|^^|0|0|^^|^ ^
^2026^|^01^|^527411^|^015^|^08^|^CD^|^6212^|^FAL^|^05^|^51^|^2^|^001^|^100^|^ D^|^522151^|^031^|^A^|^0^|^0^|^ ^|^0^|0|0|0|^ ^|^ ^|^ ^|^ ^|^^|^00^|^^|0|0|^^|^ ^
^2026^|^01^|^527411^|^015^|^08^|^CD^|^6212^|^FAL^|^05^|^51^|^2^|^001^|^100^|^ D^|^524113^|^031^|^A^|^0^|^0^|^ ^|^0^|0|0|0|^ ^|^ ^|^ ^|^ ^|^^|^00^|^^|0|0|^^|^ ^
^2026^|^01^|^527411^|^015^|^08^|^CD^|^6213^|^ABA^|^05^|^51^|^2^|^001^|^100^|^ A^|^522151^|^031^|^A^|^0^|^0^|^ ^|^0^|0|0|0|^ ^|^ ^|^ ^|^ ^|^^|^00^|^^|0|0|^^|^ ^
^2026^|^01^|^527411^|^015^|^08^|^CD^|^6213^|^ABA^|^05^|^51^|^2^|^001^|^100^|^ A^|^524111^|^031^|^A^|^0^|^0^|^ ^|^0^|0|0|0|^ ^|^ ^|^ ^|^ ^|^^|^00^|^^|0|0|^^|^ ^
^2026^|^01^|^527411^|^015^|^08^|^CD^|^6213^|^FAE^|^05^|^51^|^2^|^009^|^100^|^ B^|^524111^|^031^|^A^|^0^|^0^|^ ^|^0^|0|0|0|^ ^|^ ^|^ ^|^ ^|^^|^00^|^^|0|0|^^|^ ^
^2026^|^01^|^527411^|^015^|^08^|^CD^|^6213^|^FAE^|^05^|^51^|^2^|^009^|^100^|^ B^|^524113^|^031^|^A^|^0^|^0^|^ ^|^0^|0|0|0|^ ^|^ ^|^ ^|^ ^|^^|^00^|^^|0|0|^^|^ ^
^2026^|^01^|^527411^|^015^|^08^|^CD^|^6213^|^FAE^|^05^|^51^|^2^|^009^|^100^|^ C^|^524111^|^031^|^A^|^0^|^0^|^ ^|^0^|0|0|0|^ ^|^ ^|^ ^|^ ^|^^|^00^|^^|0|0|^^|^ ^
^2026^|^01^|^527411^|^015^|^08^|^CD^|^6213^|^FAE^|^05^|^51^|^2^|^008^|^100^|^ A^|^521211^|^031^|^A^|^0^|^0^|^ ^|^0^|0|0|0|^ ^|^ ^|^ ^|^ ^|^^|^00^|^^|0|0|^^|^ ^
^2026^|^01^|^527411^|^015^|^08^|^CD^|^6213^|^FAE^|^05^|^51^|^2^|^008^|^100^|^ A^|^522151^|^031^|^A^|^0^|^0^|^ ^|^0^|0|0|0|^ ^|^ ^|^ ^|^ ^|^^|^00^|^^|0|0|^^|^ ^
^2026^|^01^|^527411^|^015^|^08^|^CD^|^6213^|^FAE^|^05^|^51^|^2^|^008^|^100^|^ A^|^524111^|^031^|^A^|^0^|^0^|^ ^|^0^|0|0|0|^ ^|^ ^|^ ^|^ ^|^^|^00^|^^|0|0|^^|^ ^
^2026^|^01^|^527411^|^015^|^08^|^CD^|^6213^|^FAL^|^05^|^51^|^2^|^003^|^100^|^ A^|^521211^|^031^|^A^|^0^|^0^|^ ^|^0^|0|0|0|^ ^|^ ^|^ ^|^ ^|^^|^00^|^^|0|0|^^|^ ^
^2026^|^01^|^527411^|^015^|^08^|^CD^|^6213^|^FAL^|^05^|^51^|^2^|^003^|^100^|^ C^|^521211^|^031^|^A^|^0^|^0^|^ ^|^0^|0|0|0|^ ^|^ ^|^ ^|^ ^|^^|^00^|^^|0|0|^^|^ ^
^2026^|^01^|^527411^|^015^|^08^|^CD^|^6213^|^FAL^|^05^|^51^|^2^|^003^|^100^|^ D^|^524111^|^031^|^A^|^0^|^0^|^ ^|^0^|0|0|0|^ ^|^ ^|^ ^|^ ^|^^|^00^|^^|0|0|^^|^ ^
^2026^|^01^|^527411^|^015^|^08^|^CD^|^6213^|^FAL^|^05^|^51^|^2^|^003^|^100^|^ D^|^524113^|^031^|^A^|^0^|^0^|^ ^|^0^|0|0|0|^ ^|^ ^|^ ^|^ ^|^^|^00^|^^|0|0|^^|^ ^
^2026^|^01^|^527411^|^015^|^08^|^CD^|^6213^|^FAL^|^05^|^51^|^2^|^003^|^100^|^ E^|^521211^|^031^|^A^|^0^|^0^|^ ^|^0^|0|0|0|^ ^|^ ^|^ ^|^ ^|^^|^00^|^^|0|0|^^|^ ^
^2026^|^01^|^527411^|^015^|^08^|^CD^|^6213^|^FAL^|^05^|^51^|^2^|^003^|^100^|^ E^|^522151^|^031^|^A^|^0^|^0^|^ ^|^0^|0|0|0|^ ^|^ ^|^ ^|^ ^|^^|^00^|^^|0|0|^^|^ ^
^2026^|^01^|^527411^|^015^|^08^|^CD^|^6213^|^FAL^|^05^|^51^|^2^|^003^|^100^|^ E^|^524113^|^031^|^A^|^0^|^0^|^ ^|^0^|0|0|0|^ ^|^ ^|^ ^|^ ^|^^|^00^|^^|0|0|^^|^ ^
^2026^|^01^|^527411^|^015^|^08^|^CD^|^6213^|^FAL^|^05^|^51^|^2^|^003^|^100^|^ F^|^521211^|^031^|^A^|^0^|^0^|^ ^|^0^|0|0|0|^ ^|^ ^|^ ^|^ ^|^^|^00^|^^|0|0|^^|^ ^
^2026^|^01^|^527411^|^015^|^08^|^CD^|^6213^|^FAL^|^05^|^51^|^2^|^003^|^100^|^ F^|^522151^|^031^|^A^|^0^|^0^|^ ^|^0^|0|0|0|^ ^|^ ^|^ ^|^ ^|^^|^00^|^^|0|0|^^|^ ^
^2026^|^01^|^527411^|^015^|^08^|^CD^|^6213^|^FAL^|^05^|^51^|^2^|^003^|^100^|^ F^|^524111^|^031^|^A^|^0^|^0^|^ ^|^0^|0|0|0|^ ^|^ ^|^ ^|^ ^|^^|^00^|^^|0|0|^^|^ ^
^2026^|^01^|^527411^|^015^|^08^|^CD^|^6213^|^FAL^|^05^|^51^|^2^|^003^|^100^|^ F^|^524113^|^031^|^A^|^0^|^0^|^ ^|^0^|0|0|0|^ ^|^ ^|^ ^|^ ^|^^|^00^|^^|0|0|^^|^ ^
^2026^|^01^|^527411^|^015^|^08^|^CD^|^6213^|^FAL^|^05^|^51^|^2^|^003^|^100^|^ G^|^521211^|^031^|^A^|^0^|^0^|^ ^|^0^|0|0|0|^ ^|^ ^|^ ^|^ ^|^^|^00^|^^|0|0|^^|^ ^
^2026^|^01^|^527411^|^015^|^08^|^CD^|^6213^|^FAL^|^05^|^51^|^2^|^003^|^100^|^ H^|^524111^|^031^|^A^|^0^|^0^|^ ^|^0^|0|0|0|^ ^|^ ^|^ ^|^ ^|^^|^00^|^^|0|0|^^|^ ^
^2026^|^01^|^527411^|^015^|^08^|^CD^|^6213^|^FAL^|^05^|^51^|^2^|^003^|^100^|^ H^|^524113^|^031^|^A^|^0^|^0^|^ ^|^0^|0|0|0|^ ^|^ ^|^ ^|^ ^|^^|^00^|^^|0|0|^^|^ ^
^2026^|^01^|^527411^|^015^|^08^|^CD^|^6215^|^FAH^|^05^|^51^|^2^|^003^|^100^|^ A^|^524111^|^031^|^A^|^0^|^0^|^ ^|^0^|0|0|0|^ ^|^ ^|^ ^|^ ^|^^|^00^|^^|0|0|^^|^ ^
^2026^|^01^|^527411^|^015^|^08^|^CD^|^6215^|^FAH^|^05^|^51^|^2^|^003^|^100^|^ A^|^524113^|^031^|^A^|^0^|^0^|^ ^|^0^|0|0|0|^ ^|^ ^|^ ^|^ ^|^^|^00^|^^|0|0|^^|^ ^
^2026^|^01^|^527411^|^015^|^08^|^CD^|^6215^|^FAH^|^05^|^51^|^2^|^003^|^100^|^ B^|^521211^|^031^|^A^|^0^|^0^|^ ^|^0^|0|0|0|^ ^|^ ^|^ ^|^ ^|^^|^00^|^^|0|0|^^|^ ^
^2026^|^01^|^527411^|^015^|^08^|^CD^|^6215^|^FAH^|^05^|^51^|^2^|^001^|^100^|^ A^|^524111^|^031^|^A^|^0^|^0^|^ ^|^0^|0|0|0|^ ^|^ ^|^ ^|^ ^|^^|^00^|^^|0|0|^^|^ ^
^2026^|^01^|^527411^|^015^|^08^|^CD^|^6215^|^FAH^|^05^|^51^|^2^|^001^|^100^|^ A^|^524113^|^031^|^A^|^0^|^0^|^ ^|^0^|0|0|0|^ ^|^ ^|^ ^|^ ^|^^|^00^|^^|0|0|^^|^ ^
^2026^|^01^|^527411^|^015^|^08^|^CD^|^6215^|^FAH^|^05^|^51^|^2^|^001^|^100^|^ B^|^521211^|^031^|^A^|^0^|^0^|^ ^|^0^|0|0|0|^ ^|^ ^|^ ^|^ ^|^^|^00^|^^|0|0|^^|^ ^
^2026^|^01^|^527411^|^015^|^08^|^CD^|^6216^|^FAE^|^05^|^51^|^2^|^002^|^100^|^ A^|^524111^|^031^|^A^|^0^|^0^|^ ^|^0^|0|0|0|^ ^|^ ^|^ ^|^ ^|^^|^00^|^^|0|0|^^|^ ^
^2026^|^01^|^527411^|^015^|^08^|^CD^|^6216^|^FAE^|^05^|^51^|^2^|^002^|^100^|^ A^|^524113^|^031^|^A^|^0^|^0^|^ ^|^0^|0|0|0|^ ^|^ ^|^ ^|^ ^|^^|^00^|^^|0|0|^^|^ ^
^2026^|^01^|^527411^|^015^|^08^|^WA^|^4715^|^EBA^|^05^|^51^|^2^|^001^|^100^|^ A^|^521211^|^031^|^A^|^0^|^0^|^ ^|^0^|0|0|0|^ ^|^ ^|^ ^|^ ^|^^|^00^|^^|0|0|^^|^ ^
^2026^|^01^|^527411^|^015^|^08^|^WA^|^4715^|^EBA^|^05^|^51^|^2^|^001^|^100^|^ A^|^521219^|^031^|^A^|^0^|^0^|^ ^|^0^|0|0|0|^ ^|^ ^|^ ^|^ ^|^^|^00^|^^|0|0|^^|^ ^
^2026^|^01^|^527411^|^015^|^08^|^WA^|^4715^|^EBA^|^05^|^51^|^2^|^001^|^100^|^ A^|^521811^|^031^|^A^|^0^|^0^|^ ^|^0^|0|0|0|^ ^|^ ^|^ ^|^ ^|^^|^00^|^^|0|0|^^|^ ^
^2026^|^01^|^527411^|^015^|^08^|^WA^|^4715^|^EBA^|^05^|^51^|^2^|^001^|^100^|^ A^|^522151^|^031^|^A^|^0^|^0^|^ ^|^0^|0|0|0|^ ^|^ ^|^ ^|^ ^|^^|^00^|^^|0|0|^^|^ ^
^2026^|^01^|^527411^|^015^|^08^|^WA^|^4715^|^EBA^|^05^|^51^|^2^|^001^|^100^|^ A^|^524113^|^031^|^A^|^0^|^0^|^ ^|^0^|0|0|0|^ ^|^ ^|^ ^|^ ^|^^|^00^|^^|0|0|^^|^ ^
^2026^|^01^|^527411^|^015^|^08^|^WA^|^4715^|^EBA^|^05^|^51^|^2^|^001^|^100^|^ B^|^522151^|^031^|^A^|^0^|^0^|^ ^|^0^|0|0|0|^ ^|^ ^|^ ^|^ ^|^^|^00^|^^|0|0|^^|^ ^
^2026^|^01^|^527411^|^015^|^08^|^WA^|^4715^|^EBA^|^05^|^51^|^2^|^001^|^100^|^ B^|^524113^|^031^|^A^|^0^|^0^|^ ^|^0^|0|0|0|^ ^|^ ^|^ ^|^ ^|^^|^00^|^^|0|0|^^|^ ^
^2026^|^01^|^527411^|^015^|^08^|^WA^|^4715^|^EBA^|^05^|^51^|^2^|^994^|^002^|^ A^|^521111^|^031^|^A^|^0^|^0^|^ ^|^0^|0|0|0|^ ^|^ ^|^ ^|^ ^|^^|^00^|^^|0|0|^^|^ ^
^2026^|^01^|^527411^|^015^|^08^|^WA^|^4715^|^EBA^|^05^|^51^|^2^|^994^|^002^|^ A^|^521119^|^031^|^A^|^0^|^0^|^ ^|^0^|0|0|0|^ ^|^ ^|^ ^|^ ^|^^|^00^|^^|0|0|^^|^ ^
^2026^|^01^|^527411^|^015^|^08^|^WA^|^4715^|^EBA^|^05^|^51^|^2^|^994^|^002^|^ A^|^521811^|^031^|^A^|^0^|^0^|^ ^|^0^|0|0|0|^ ^|^ ^|^ ^|^ ^|^^|^00^|^^|0|0|^^|^ ^
^2026^|^01^|^527411^|^015^|^08^|^WA^|^4715^|^EBA^|^05^|^51^|^2^|^994^|^002^|^ B^|^521114^|^031^|^A^|^0^|^0^|^ ^|^0^|0|0|0|^ ^|^ ^|^ ^|^ ^|^^|^00^|^^|0|0|^^|^ ^
^2026^|^01^|^527411^|^015^|^08^|^WA^|^4715^|^EBA^|^05^|^51^|^2^|^994^|^002^|^ B^|^522111^|^031^|^A^|^0^|^0^|^ ^|^0^|0|0|0|^ ^|^ ^|^ ^|^ ^|^^|^00^|^^|0|0|^^|^ ^
^2026^|^01^|^527411^|^015^|^08^|^WA^|^4715^|^EBA^|^05^|^51^|^2^|^994^|^002^|^ B^|^522113^|^031^|^A^|^0^|^0^|^ ^|^0^|0|0|0|^ ^|^ ^|^ ^|^ ^|^^|^00^|^^|0|0|^^|^ ^
^2026^|^01^|^527411^|^015^|^08^|^WA^|^4715^|^EBA^|^05^|^51^|^2^|^994^|^002^|^ C^|^521115^|^031^|^A^|^0^|^0^|^ ^|^0^|0|0|0|^ ^|^ ^|^ ^|^ ^|^^|^00^|^^|0|0|^^|^ ^
^2026^|^01^|^527411^|^015^|^08^|^WA^|^4715^|^EBA^|^05^|^51^|^2^|^994^|^002^|^ C^|^521119^|^031^|^A^|^0^|^0^|^ ^|^0^|0|0|0|^ ^|^ ^|^ ^|^ ^|^^|^00^|^^|0|0|^^|^ ^
^2026^|^01^|^527411^|^015^|^08^|^WA^|^4715^|^EBA^|^05^|^51^|^2^|^994^|^002^|^ D^|^523121^|^031^|^A^|^0^|^0^|^ ^|^0^|0|0|0|^ ^|^ ^|^ ^|^ ^|^^|^00^|^^|0|0|^^|^ ^
^2026^|^01^|^527411^|^015^|^08^|^WA^|^4715^|^EBA^|^05^|^51^|^2^|^994^|^002^|^ G^|^523119^|^031^|^A^|^0^|^0^|^ ^|^0^|0|0|0|^ ^|^ ^|^ ^|^ ^|^^|^00^|^^|0|0|^^|^ ^
^2026^|^01^|^527411^|^015^|^08^|^WA^|^4715^|^EBA^|^05^|^51^|^2^|^994^|^002^|^TJ^|^523121^|^031^|^A^|^0^|^0^|^ ^|^0^|0|0|0|^ ^|^ ^|^ ^|^ ^|^^|^00^|^^|0|0|^^|^ ^
^2026^|^01^|^527411^|^015^|^08^|^WA^|^4715^|^EBA^|^05^|^51^|^2^|^002^|^100^|^ A^|^524111^|^031^|^A^|^0^|^0^|^ ^|^0^|0|0|0|^ ^|^ ^|^ ^|^ ^|^^|^00^|^^|0|0|^^|^ ^
^2026^|^01^|^527411^|^015^|^08^|^WA^|^4715^|^EBA^|^05^|^51^|^2^|^002^|^100^|^ A^|^524113^|^031^|^A^|^0^|^0^|^ ^|^0^|0|0|0|^ ^|^ ^|^ ^|^ ^|^^|^00^|^^|0|0|^^|^ ^
^2026^|^01^|^527411^|^015^|^08^|^WA^|^4715^|^EBB^|^05^|^51^|^2^|^004^|^100^|^RB^|^533121^|^031^|^A^|^0^|^0^|^ ^|^0^|0|0|0|^ ^|^ ^|^ ^|^ ^|^^|^00^|^^|0|0|^^|^ ^
^2026^|^01^|^527411^|^015^|^08^|^WA^|^4715^|^EBB^|^05^|^51^|^2^|^002^|^100^|^ A^|^532111^|^031^|^A^|^0^|^0^|^ ^|^0^|0|0|0|^ ^|^ ^|^ ^|^ ^|^^|^00^|^^|0|0|^^|^ ^
^2026^|^01^|^527411^|^015^|^08^|^WA^|^4715^|^EBD^|^05^|^51^|^2^|^Z36^|^100^|^ A^|^521211^|^031^|^A^|^0^|^0^|^ ^|^0^|0|0|0|^ ^|^ ^|^ ^|^ ^|^^|^00^|^^|0|0|^^|^ ^
^2026^|^01^|^527411^|^015^|^08^|^WA^|^4715^|^EBD^|^05^|^51^|^2^|^Z26^|^100^|^ A^|^521211^|^031^|^A^|^0^|^0^|^ ^|^0^|0|0|0|^ ^|^ ^|^ ^|^ ^|^^|^00^|^^|0|0|^^|^ ^
^2026^|^01^|^527411^|^015^|^08^|^WA^|^4715^|^EBD^|^05^|^51^|^2^|^Z26^|^100^|^ A^|^524111^|^031^|^A^|^0^|^0^|^ ^|^0^|0|0|0|^ ^|^ ^|^ ^|^ ^|^^|^00^|^^|0|0|^^|^ ^
^2026^|^01^|^527411^|^015^|^08^|^WA^|^4715^|^EBD^|^05^|^51^|^2^|^Z26^|^100^|^ A^|^524113^|^031^|^A^|^0^|^0^|^ ^|^0^|0|0|0|^ ^|^ ^|^ ^|^ ^|^^|^00^|^^|0|0|^^|^ ^
^2026^|^01^|^527411^|^015^|^08^|^WA^|^4718^|^BMB^|^05^|^51^|^2^|^002^|^100^|^ A^|^521211^|^031^|^A^|^0^|^0^|^ ^|^0^|0|0|0|^ ^|^ ^|^ ^|^ ^|^^|^00^|^^|0|0|^^|^ ^
^2026^|^01^|^527411^|^015^|^08^|^WA^|^4718^|^BMB^|^05^|^51^|^2^|^002^|^100^|^ A^|^521219^|^031^|^A^|^0^|^0^|^ ^|^0^|0|0|0|^ ^|^ ^|^ ^|^ ^|^^|^00^|^^|0|0|^^|^ ^
^2026^|^01^|^527411^|^015^|^08^|^WA^|^4718^|^BMB^|^05^|^51^|^2^|^001^|^100^|^ A^|^521211^|^031^|^A^|^0^|^0^|^ ^|^0^|0|0|0|^ ^|^ ^|^ ^|^ ^|^^|^00^|^^|0|0|^^|^ ^
^2026^|^01^|^527411^|^015^|^08^|^WA^|^4719^|^EBA^|^05^|^51^|^2^|^003^|^100^|^ A^|^524111^|^031^|^A^|^0^|^0^|^ ^|^0^|0|0|0|^ ^|^ ^|^ ^|^ ^|^^|^00^|^^|0|0|^^|^ ^
^2026^|^01^|^527411^|^015^|^08^|^WA^|^4719^|^EBA^|^05^|^51^|^2^|^003^|^100^|^ A^|^524113^|^031^|^A^|^0^|^0^|^ ^|^0^|0|0|0|^ ^|^ ^|^ ^|^ ^|^^|^00^|^^|0|0|^^|^ ^
^2026^|^01^|^527411^|^015^|^08^|^WA^|^4719^|^EBA^|^05^|^51^|^2^|^003^|^100^|^ B^|^521211^|^031^|^A^|^0^|^0^|^ ^|^0^|0|0|0|^ ^|^ ^|^ ^|^ ^|^^|^00^|^^|0|0|^^|^ ^
^2026^|^01^|^527411^|^015^|^08^|^WA^|^4719^|^EBA^|^05^|^51^|^2^|^994^|^001^|^ A^|^511129^|^031^|^A^|^0^|^0^|^ ^|^0^|0|0|0|^ ^|^ ^|^ ^|^ ^|^^|^00^|^^|0|0|^^|^ ^
^2026^|^01^|^527411^|^015^|^08^|^WA^|^4719^|^EBA^|^05^|^51^|^2^|^994^|^001^|^ A^|^512211^|^031^|^A^|^0^|^0^|^ ^|^0^|0|0|0|^ ^|^ ^|^ ^|^ ^|^^|^00^|^^|0|0|^^|^ ^
^2026^|^01^|^527411^|^015^|^08^|^WA^|^4719^|^EBA^|^05^|^51^|^2^|^005^|^100^|^ A^|^524111^|^031^|^A^|^0^|^0^|^ ^|^0^|0|0|0|^ ^|^ ^|^ ^|^ ^|^^|^00^|^^|0|0|^^|^ ^
^2026^|^01^|^527411^|^015^|^08^|^WA^|^4719^|^EBA^|^05^|^51^|^2^|^005^|^100^|^ A^|^524113^|^031^|^A^|^0^|^0^|^ ^|^0^|0|0|0|^ ^|^ ^|^ ^|^ ^|^^|^00^|^^|0|0|^^|^ ^
^2026^|^01^|^527411^|^015^|^08^|^WA^|^4719^|^EBA^|^05^|^51^|^2^|^005^|^100^|^ B^|^524111^|^031^|^A^|^0^|^0^|^ ^|^0^|0|0|0|^ ^|^ ^|^ ^|^ ^|^^|^00^|^^|0|0|^^|^ ^
^2026^|^01^|^527411^|^015^|^08^|^WA^|^4719^|^EBA^|^05^|^51^|^2^|^005^|^100^|^ B^|^524113^|^031^|^A^|^0^|^0^|^ ^|^0^|0|0|0|^ ^|^ ^|^ ^|^ ^|^^|^00^|^^|0|0|^^|^ ^
^2026^|^01^|^527411^|^015^|^08^|^WA^|^4719^|^EBC^|^05^|^51^|^2^|^001^|^100^|^ A^|^521211^|^031^|^A^|^0^|^0^|^ ^|^0^|0|0|0|^ ^|^ ^|^ ^|^ ^|^^|^00^|^^|0|0|^^|^ ^
^2026^|^01^|^527411^|^015^|^08^|^WA^|^4719^|^EBC^|^05^|^51^|^2^|^001^|^100^|^ A^|^522151^|^031^|^A^|^0^|^0^|^ ^|^0^|0|0|0|^ ^|^ ^|^ ^|^ ^|^^|^00^|^^|0|0|^^|^ ^
^2026^|^01^|^527411^|^015^|^08^|^WA^|^4719^|^EBC^|^05^|^51^|^2^|^001^|^100^|^ A^|^524113^|^031^|^A^|^0^|^0^|^ ^|^0^|0|0|0|^ ^|^ ^|^ ^|^ ^|^^|^00^|^^|0|0|^^|^ ^
^2026^|^01^|^527411^|^015^|^08^|^WA^|^4722^|^EBD^|^05^|^51^|^2^|^001^|^100^|^ A^|^521211^|^031^|^A^|^0^|^0^|^ ^|^0^|0|0|0|^ ^|^ ^|^ ^|^ ^|^^|^00^|^^|0|0|^^|^ ^
^2026^|^01^|^527411^|^015^|^08^|^WA^|^4722^|^EBD^|^05^|^51^|^2^|^001^|^100^|^ B^|^524111^|^031^|^A^|^0^|^0^|^ ^|^0^|0|0|0|^ ^|^ ^|^ ^|^ ^|^^|^00^|^^|0|0|^^|^ ^
^2026^|^01^|^527411^|^015^|^08^|^WA^|^4722^|^EBD^|^05^|^51^|^2^|^001^|^100^|^ B^|^524113^|^031^|^A^|^0^|^0^|^ ^|^0^|0|0|0|^ ^|^ ^|^ ^|^ ^|^^|^00^|^^|0|0|^^|^ ^
^2026^|^01^|^527432^|^015^|^08^|^CD^|^6212^|^BMB^|^05^|^53^|^2^|^001^|^100^|^ A^|^524111^|^032^|^A^|^0^|^0^|^ ^|^0^|0|0|0|^ ^|^ ^|^ ^|^ ^|^^|^00^|^^|0|0|^^|^ ^
^2026^|^01^|^527432^|^015^|^08^|^CD^|^6212^|^BMB^|^05^|^53^|^2^|^001^|^100^|^ A^|^524113^|^032^|^A^|^0^|^0^|^ ^|^0^|0|0|0|^ ^|^ ^|^ ^|^ ^|^^|^00^|^^|0|0|^^|^ ^
^2026^|^01^|^527432^|^015^|^08^|^CD^|^6212^|^FAC^|^05^|^53^|^2^|^001^|^100^|^ A^|^521211^|^032^|^A^|^0^|^0^|^ ^|^0^|0|0|0|^ ^|^ ^|^ ^|^ ^|^^|^00^|^^|0|0|^^|^ ^
^2026^|^01^|^527432^|^015^|^08^|^CD^|^6212^|^FAC^|^05^|^53^|^2^|^001^|^100^|^ B^|^521211^|^032^|^A^|^0^|^0^|^ ^|^0^|0|0|0|^ ^|^ ^|^ ^|^ ^|^^|^00^|^^|0|0|^^|^ ^
^2026^|^01^|^527432^|^015^|^08^|^CD^|^6212^|^FAH^|^05^|^53^|^2^|^001^|^100^|^ A^|^521211^|^032^|^A^|^0^|^0^|^ ^|^0^|0|0|0|^ ^|^ ^|^ ^|^ ^|^^|^00^|^^|0|0|^^|^ ^
^2026^|^01^|^527432^|^015^|^08^|^CD^|^6212^|^FAL^|^05^|^53^|^2^|^004^|^100^|^ A^|^521211^|^032^|^A^|^0^|^0^|^ ^|^0^|0|0|0|^ ^|^ ^|^ ^|^ ^|^^|^00^|^^|0|0|^^|^ ^
^2026^|^01^|^527432^|^015^|^08^|^CD^|^6212^|^FAL^|^05^|^53^|^2^|^004^|^100^|^ B^|^521211^|^032^|^A^|^0^|^0^|^ ^|^0^|0|0|0|^ ^|^ ^|^ ^|^ ^|^^|^00^|^^|0|0|^^|^ ^
^2026^|^01^|^527432^|^015^|^08^|^CD^|^6212^|^FAL^|^05^|^53^|^2^|^004^|^100^|^ D^|^524111^|^032^|^A^|^0^|^0^|^ ^|^0^|0|0|0|^ ^|^ ^|^ ^|^ ^|^^|^00^|^^|0|0|^^|^ ^
^2026^|^01^|^527432^|^015^|^08^|^CD^|^6212^|^FAL^|^05^|^53^|^2^|^004^|^100^|^ D^|^524113^|^032^|^A^|^0^|^0^|^ ^|^0^|0|0|0|^ ^|^ ^|^ ^|^ ^|^^|^00^|^^|0|0|^^|^ ^
^2026^|^01^|^527432^|^015^|^08^|^CD^|^6213^|^FAC^|^05^|^53^|^2^|^001^|^100^|^ A^|^521211^|^032^|^A^|^0^|^0^|^ ^|^0^|0|0|0|^ ^|^ ^|^ ^|^ ^|^^|^00^|^^|0|0|^^|^ ^
^2026^|^01^|^527432^|^015^|^08^|^CD^|^6213^|^FAE^|^05^|^53^|^2^|^009^|^100^|^ A^|^524111^|^032^|^A^|^0^|^0^|^ ^|^0^|0|0|0|^ ^|^ ^|^ ^|^ ^|^^|^00^|^^|0|0|^^|^ ^
^2026^|^01^|^527432^|^015^|^08^|^CD^|^6213^|^FAE^|^05^|^53^|^2^|^009^|^100^|^ A^|^524113^|^032^|^A^|^0^|^0^|^ ^|^0^|0|0|0|^ ^|^ ^|^ ^|^ ^|^^|^00^|^^|0|0|^^|^ ^
^2026^|^01^|^527432^|^015^|^08^|^CD^|^6213^|^FAL^|^05^|^53^|^2^|^003^|^100^|^ A^|^524111^|^032^|^A^|^0^|^0^|^ ^|^0^|0|0|0|^ ^|^ ^|^ ^|^ ^|^^|^00^|^^|0|0|^^|^ ^
^2026^|^01^|^527432^|^015^|^08^|^CD^|^6213^|^FAL^|^05^|^53^|^2^|^003^|^100^|^ A^|^524113^|^032^|^A^|^0^|^0^|^ ^|^0^|0|0|0|^ ^|^ ^|^ ^|^ ^|^^|^00^|^^|0|0|^^|^ ^
^2026^|^01^|^527432^|^015^|^08^|^CD^|^6214^|^FAL^|^05^|^53^|^2^|^002^|^100^|^ A^|^521211^|^032^|^A^|^0^|^0^|^ ^|^0^|0|0|0|^ ^|^ ^|^ ^|^ ^|^^|^00^|^^|0|0|^^|^ ^
^2026^|^01^|^527432^|^015^|^08^|^CD^|^6214^|^FAL^|^05^|^53^|^2^|^002^|^100^|^ B^|^521211^|^032^|^A^|^0^|^0^|^ ^|^0^|0|0|0|^ ^|^ ^|^ ^|^ ^|^^|^00^|^^|0|0|^^|^ ^
^2026^|^01^|^527432^|^015^|^08^|^CD^|^6215^|^FAH^|^05^|^53^|^2^|^003^|^100^|^ A^|^521211^|^032^|^A^|^0^|^0^|^ ^|^0^|0|0|0|^ ^|^ ^|^ ^|^ ^|^^|^00^|^^|0|0|^^|^ ^
^2026^|^01^|^527432^|^015^|^08^|^CD^|^6215^|^FAH^|^05^|^53^|^2^|^003^|^100^|^ B^|^524111^|^032^|^A^|^0^|^0^|^ ^|^0^|0|0|0|^ ^|^ ^|^ ^|^ ^|^^|^00^|^^|0|0|^^|^ ^
^2026^|^01^|^527432^|^015^|^08^|^WA^|^4715^|^EBA^|^05^|^53^|^2^|^001^|^100^|^ A^|^521811^|^032^|^A^|^0^|^0^|^ ^|^0^|0|0|0|^ ^|^ ^|^ ^|^ ^|^^|^00^|^^|0|0|^^|^ ^
^2026^|^01^|^527432^|^015^|^08^|^WA^|^4715^|^EBA^|^05^|^53^|^2^|^001^|^100^|^ B^|^522151^|^032^|^A^|^0^|^0^|^ ^|^0^|0|0|0|^ ^|^ ^|^ ^|^ ^|^^|^00^|^^|0|0|^^|^ ^
^2026^|^01^|^527432^|^015^|^08^|^WA^|^4715^|^EBA^|^05^|^53^|^2^|^001^|^100^|^ B^|^524111^|^032^|^A^|^0^|^0^|^ ^|^0^|0|0|0|^ ^|^ ^|^ ^|^ ^|^^|^00^|^^|0|0|^^|^ ^
^2026^|^01^|^527432^|^015^|^08^|^WA^|^4715^|^EBA^|^05^|^53^|^2^|^994^|^002^|^ A^|^521111^|^032^|^A^|^0^|^0^|^ ^|^0^|0|0|0|^ ^|^ ^|^ ^|^ ^|^^|^00^|^^|0|0|^^|^ ^
^2026^|^01^|^527432^|^015^|^08^|^WA^|^4715^|^EBA^|^05^|^53^|^2^|^994^|^002^|^ A^|^521119^|^032^|^A^|^0^|^0^|^ ^|^0^|0|0|0|^ ^|^ ^|^ ^|^ ^|^^|^00^|^^|0|0|^^|^ ^
^2026^|^01^|^527432^|^015^|^08^|^WA^|^4715^|^EBA^|^05^|^53^|^2^|^994^|^002^|^ A^|^521811^|^032^|^A^|^0^|^0^|^ ^|^0^|0|0|0|^ ^|^ ^|^ ^|^ ^|^^|^00^|^^|0|0|^^|^ ^
^2026^|^01^|^527432^|^015^|^08^|^WA^|^4715^|^EBA^|^05^|^53^|^2^|^994^|^002^|^ B^|^521114^|^032^|^A^|^0^|^0^|^ ^|^0^|0|0|0|^ ^|^ ^|^ ^|^ ^|^^|^00^|^^|0|0|^^|^ ^
^2026^|^01^|^527432^|^015^|^08^|^WA^|^4715^|^EBA^|^05^|^53^|^2^|^994^|^002^|^ B^|^522113^|^032^|^A^|^0^|^0^|^ ^|^0^|0|0|0|^ ^|^ ^|^ ^|^ ^|^^|^00^|^^|0|0|^^|^ ^
^2026^|^01^|^527432^|^015^|^08^|^WA^|^4715^|^EBA^|^05^|^53^|^2^|^994^|^002^|^ C^|^521113^|^032^|^A^|^0^|^0^|^ ^|^0^|0|0|0|^ ^|^ ^|^ ^|^ ^|^^|^00^|^^|0|0|^^|^ ^
^2026^|^01^|^527432^|^015^|^08^|^WA^|^4715^|^EBA^|^05^|^53^|^2^|^994^|^002^|^ C^|^521115^|^032^|^A^|^0^|^0^|^ ^|^0^|0|0|0|^ ^|^ ^|^ ^|^ ^|^^|^00^|^^|0|0|^^|^ ^
^2026^|^01^|^527432^|^015^|^08^|^WA^|^4715^|^EBA^|^05^|^53^|^2^|^994^|^002^|^ C^|^521119^|^032^|^A^|^0^|^0^|^ ^|^0^|0|0|0|^ ^|^ ^|^ ^|^ ^|^^|^00^|^^|0|0|^^|^ ^
^2026^|^01^|^527432^|^015^|^08^|^WA^|^4715^|^EBA^|^05^|^53^|^2^|^994^|^002^|^ D^|^523121^|^032^|^A^|^0^|^0^|^ ^|^0^|0|0|0|^ ^|^ ^|^ ^|^ ^|^^|^00^|^^|0|0|^^|^ ^
^2026^|^01^|^527432^|^015^|^08^|^WA^|^4715^|^EBA^|^05^|^53^|^2^|^994^|^002^|^ G^|^523111^|^032^|^A^|^0^|^0^|^ ^|^0^|0|0|0|^ ^|^ ^|^ ^|^ ^|^^|^00^|^^|0|0|^^|^ ^
^2026^|^01^|^527432^|^015^|^08^|^WA^|^4715^|^EBA^|^05^|^53^|^2^|^994^|^002^|^ G^|^523119^|^032^|^A^|^0^|^0^|^ ^|^0^|0|0|0|^ ^|^ ^|^ ^|^ ^|^^|^00^|^^|0|0|^^|^ ^
^2026^|^01^|^527432^|^015^|^08^|^WA^|^4715^|^EBA^|^05^|^53^|^2^|^994^|^002^|^TJ^|^523121^|^032^|^A^|^0^|^0^|^ ^|^0^|0|0|0|^ ^|^ ^|^ ^|^ ^|^^|^00^|^^|0|0|^^|^ ^
^2026^|^01^|^527432^|^015^|^08^|^WA^|^4715^|^EBA^|^05^|^53^|^2^|^002^|^100^|^ A^|^524111^|^032^|^A^|^0^|^0^|^ ^|^0^|0|0|0|^ ^|^ ^|^ ^|^ ^|^^|^00^|^^|0|0|^^|^ ^
^2026^|^01^|^527432^|^015^|^08^|^WA^|^4715^|^EBA^|^05^|^53^|^2^|^002^|^100^|^ A^|^524113^|^032^|^A^|^0^|^0^|^ ^|^0^|0|0|0|^ ^|^ ^|^ ^|^ ^|^^|^00^|^^|0|0|^^|^ ^
^2026^|^01^|^527432^|^015^|^08^|^WA^|^4715^|^EBD^|^05^|^53^|^2^|^Z36^|^100^|^ B^|^524111^|^032^|^A^|^0^|^0^|^ ^|^0^|0|0|0|^ ^|^ ^|^ ^|^ ^|^^|^00^|^^|0|0|^^|^ ^
^2026^|^01^|^527432^|^015^|^08^|^WA^|^4718^|^BMB^|^05^|^53^|^2^|^002^|^100^|^ A^|^521219^|^032^|^A^|^0^|^0^|^ ^|^0^|0|0|0|^ ^|^ ^|^ ^|^ ^|^^|^00^|^^|0|0|^^|^ ^
^2026^|^01^|^527432^|^015^|^08^|^WA^|^4718^|^BMB^|^05^|^53^|^2^|^001^|^100^|^ A^|^521211^|^032^|^A^|^0^|^0^|^ ^|^0^|0|0|0|^ ^|^ ^|^ ^|^ ^|^^|^00^|^^|0|0|^^|^ ^
^2026^|^01^|^527432^|^015^|^08^|^WA^|^4719^|^EBA^|^05^|^53^|^2^|^994^|^001^|^ A^|^511129^|^032^|^A^|^0^|^0^|^ ^|^0^|0|0|0|^ ^|^ ^|^ ^|^ ^|^^|^00^|^^|0|0|^^|^ ^
^2026^|^01^|^527432^|^015^|^08^|^WA^|^4719^|^EBA^|^05^|^53^|^2^|^994^|^001^|^ A^|^512211^|^032^|^A^|^0^|^0^|^ ^|^0^|0|0|0|^ ^|^ ^|^ ^|^ ^|^^|^00^|^^|0|0|^^|^ ^
^2026^|^01^|^527432^|^015^|^08^|^WA^|^4719^|^EBA^|^05^|^53^|^2^|^004^|^100^|^ A^|^521211^|^032^|^A^|^0^|^0^|^ ^|^0^|0|0|0|^ ^|^ ^|^ ^|^ ^|^^|^00^|^^|0|0|^^|^ ^
^2026^|^01^|^527432^|^015^|^08^|^WA^|^4719^|^EBC^|^05^|^53^|^2^|^001^|^100^|^XC^|^521211^|^032^|^A^|^0^|^0^|^ ^|^0^|0|0|0|^ ^|^ ^|^ ^|^ ^|^^|^00^|^^|0|0|^^|^ ^
^2026^|^01^|^527432^|^015^|^08^|^WA^|^4719^|^EBC^|^05^|^53^|^2^|^001^|^100^|^XC^|^522151^|^032^|^A^|^0^|^0^|^ ^|^0^|0|0|0|^ ^|^ ^|^ ^|^ ^|^^|^00^|^^|0|0|^^|^ ^
^2026^|^01^|^527432^|^015^|^08^|^WA^|^4719^|^EBC^|^05^|^53^|^2^|^001^|^100^|^XC^|^524113^|^032^|^A^|^0^|^0^|^ ^|^0^|0|0|0|^ ^|^ ^|^ ^|^ ^|^^|^00^|^^|0|0|^^|^ ^
^2026^|^01^|^527500^|^015^|^08^|^CD^|^6212^|^BMB^|^05^|^52^|^2^|^001^|^100^|^ A^|^524111^|^098^|^A^|^0^|^0^|^ ^|^0^|0|0|0|^ ^|^ ^|^ ^|^ ^|^^|^00^|^^|0|0|^^|^ ^
^2026^|^01^|^527500^|^015^|^08^|^CD^|^6212^|^BMB^|^05^|^52^|^2^|^001^|^100^|^ A^|^524113^|^098^|^A^|^0^|^0^|^ ^|^0^|0|0|0|^ ^|^ ^|^ ^|^ ^|^^|^00^|^^|0|0|^^|^ ^
^2026^|^01^|^527500^|^015^|^08^|^CD^|^6212^|^FAC^|^05^|^52^|^2^|^001^|^100^|^ A^|^521211^|^098^|^A^|^0^|^0^|^ ^|^0^|0|0|0|^ ^|^ ^|^ ^|^ ^|^^|^00^|^^|0|0|^^|^ ^
^2026^|^01^|^527500^|^015^|^08^|^CD^|^6212^|^FAC^|^05^|^52^|^2^|^001^|^100^|^ B^|^521211^|^098^|^A^|^0^|^0^|^ ^|^0^|0|0|0|^ ^|^ ^|^ ^|^ ^|^^|^00^|^^|0|0|^^|^ ^
^2026^|^01^|^527500^|^015^|^08^|^CD^|^6212^|^FAH^|^05^|^52^|^2^|^001^|^100^|^ A^|^521211^|^098^|^A^|^0^|^0^|^ ^|^0^|0|0|0|^ ^|^ ^|^ ^|^ ^|^^|^00^|^^|0|0|^^|^ ^
^2026^|^01^|^527500^|^015^|^08^|^CD^|^6212^|^FAL^|^05^|^52^|^2^|^004^|^100^|^ A^|^521211^|^098^|^A^|^0^|^0^|^ ^|^0^|0|0|0|^ ^|^ ^|^ ^|^ ^|^^|^00^|^^|0|0|^^|^ ^
^2026^|^01^|^527500^|^015^|^08^|^CD^|^6212^|^FAL^|^05^|^52^|^2^|^004^|^100^|^ B^|^521211^|^098^|^A^|^0^|^0^|^ ^|^0^|0|0|0|^ ^|^ ^|^ ^|^ ^|^^|^00^|^^|0|0|^^|^ ^
^2026^|^01^|^527500^|^015^|^08^|^CD^|^6212^|^FAL^|^05^|^52^|^2^|^004^|^100^|^ D^|^524111^|^098^|^A^|^0^|^0^|^ ^|^0^|0|0|0|^ ^|^ ^|^ ^|^ ^|^^|^00^|^^|0|0|^^|^ ^
^2026^|^01^|^527500^|^015^|^08^|^CD^|^6212^|^FAL^|^05^|^52^|^2^|^004^|^100^|^ D^|^524113^|^098^|^A^|^0^|^0^|^ ^|^0^|0|0|0|^ ^|^ ^|^ ^|^ ^|^^|^00^|^^|0|0|^^|^ ^
^2026^|^01^|^527500^|^015^|^08^|^CD^|^6213^|^FAC^|^05^|^52^|^2^|^001^|^100^|^ A^|^521211^|^098^|^A^|^0^|^0^|^ ^|^0^|0|0|0|^ ^|^ ^|^ ^|^ ^|^^|^00^|^^|0|0|^^|^ ^
^2026^|^01^|^527500^|^015^|^08^|^CD^|^6213^|^FAE^|^05^|^52^|^2^|^009^|^100^|^ A^|^524111^|^098^|^A^|^0^|^0^|^ ^|^0^|0|0|0|^ ^|^ ^|^ ^|^ ^|^^|^00^|^^|0|0|^^|^ ^
^2026^|^01^|^527500^|^015^|^08^|^CD^|^6213^|^FAE^|^05^|^52^|^2^|^009^|^100^|^ A^|^524113^|^098^|^A^|^0^|^0^|^ ^|^0^|0|0|0|^ ^|^ ^|^ ^|^ ^|^^|^00^|^^|0|0|^^|^ ^
^2026^|^01^|^527500^|^015^|^08^|^CD^|^6213^|^FAL^|^05^|^52^|^2^|^003^|^100^|^ A^|^524111^|^098^|^A^|^0^|^0^|^ ^|^0^|0|0|0|^ ^|^ ^|^ ^|^ ^|^^|^00^|^^|0|0|^^|^ ^
^2026^|^01^|^527500^|^015^|^08^|^CD^|^6213^|^FAL^|^05^|^52^|^2^|^003^|^100^|^ A^|^524113^|^098^|^A^|^0^|^0^|^ ^|^0^|0|0|0|^ ^|^ ^|^ ^|^ ^|^^|^00^|^^|0|0|^^|^ ^
^2026^|^01^|^527500^|^015^|^08^|^CD^|^6214^|^FAL^|^05^|^52^|^2^|^002^|^100^|^ A^|^521211^|^098^|^A^|^0^|^0^|^ ^|^0^|0|0|0|^ ^|^ ^|^ ^|^ ^|^^|^00^|^^|0|0|^^|^ ^
^2026^|^01^|^527500^|^015^|^08^|^CD^|^6214^|^FAL^|^05^|^52^|^2^|^002^|^100^|^ B^|^521211^|^098^|^A^|^0^|^0^|^ ^|^0^|0|0|0|^ ^|^ ^|^ ^|^ ^|^^|^00^|^^|0|0|^^|^ ^
^2026^|^01^|^527500^|^015^|^08^|^CD^|^6215^|^FAH^|^05^|^52^|^2^|^003^|^100^|^ A^|^521211^|^098^|^A^|^0^|^0^|^ ^|^0^|0|0|0|^ ^|^ ^|^ ^|^ ^|^^|^00^|^^|0|0|^^|^ ^
^2026^|^01^|^527500^|^015^|^08^|^CD^|^6215^|^FAH^|^05^|^52^|^2^|^003^|^100^|^ B^|^524111^|^098^|^A^|^0^|^0^|^ ^|^0^|0|0|0|^ ^|^ ^|^ ^|^ ^|^^|^00^|^^|0|0|^^|^ ^
^2026^|^01^|^527500^|^015^|^08^|^WA^|^4715^|^EBA^|^05^|^52^|^2^|^001^|^100^|^ A^|^521811^|^098^|^A^|^0^|^0^|^ ^|^0^|0|0|0|^ ^|^ ^|^ ^|^ ^|^^|^00^|^^|0|0|^^|^ ^
^2026^|^01^|^527500^|^015^|^08^|^WA^|^4715^|^EBA^|^05^|^52^|^2^|^001^|^100^|^ B^|^522151^|^098^|^A^|^0^|^0^|^ ^|^0^|0|0|0|^ ^|^ ^|^ ^|^ ^|^^|^00^|^^|0|0|^^|^ ^
^2026^|^01^|^527500^|^015^|^08^|^WA^|^4715^|^EBA^|^05^|^52^|^2^|^001^|^100^|^ B^|^524111^|^098^|^A^|^0^|^0^|^ ^|^0^|0|0|0|^ ^|^ ^|^ ^|^ ^|^^|^00^|^^|0|0|^^|^ ^
^2026^|^01^|^527500^|^015^|^08^|^WA^|^4715^|^EBA^|^05^|^52^|^2^|^994^|^002^|^ A^|^521111^|^098^|^A^|^0^|^0^|^ ^|^0^|0|0|0|^ ^|^ ^|^ ^|^ ^|^^|^00^|^^|0|0|^^|^ ^
^2026^|^01^|^527500^|^015^|^08^|^WA^|^4715^|^EBA^|^05^|^52^|^2^|^994^|^002^|^ A^|^521119^|^098^|^A^|^0^|^0^|^ ^|^0^|0|0|0|^ ^|^ ^|^ ^|^ ^|^^|^00^|^^|0|0|^^|^ ^
^2026^|^01^|^527500^|^015^|^08^|^WA^|^4715^|^EBA^|^05^|^52^|^2^|^994^|^002^|^ A^|^521811^|^098^|^A^|^0^|^0^|^ ^|^0^|0|0|0|^ ^|^ ^|^ ^|^ ^|^^|^00^|^^|0|0|^^|^ ^
^2026^|^01^|^527500^|^015^|^08^|^WA^|^4715^|^EBA^|^05^|^52^|^2^|^994^|^002^|^ B^|^521114^|^098^|^A^|^0^|^0^|^ ^|^0^|0|0|0|^ ^|^ ^|^ ^|^ ^|^^|^00^|^^|0|0|^^|^ ^
^2026^|^01^|^527500^|^015^|^08^|^WA^|^4715^|^EBA^|^05^|^52^|^2^|^994^|^002^|^ B^|^522111^|^098^|^A^|^0^|^0^|^ ^|^0^|0|0|0|^ ^|^ ^|^ ^|^ ^|^^|^00^|^^|0|0|^^|^ ^
^2026^|^01^|^527500^|^015^|^08^|^WA^|^4715^|^EBA^|^05^|^52^|^2^|^994^|^002^|^ B^|^522113^|^098^|^A^|^0^|^0^|^ ^|^0^|0|0|0|^ ^|^ ^|^ ^|^ ^|^^|^00^|^^|0|0|^^|^ ^
^2026^|^01^|^527500^|^015^|^08^|^WA^|^4715^|^EBA^|^05^|^52^|^2^|^994^|^002^|^ C^|^521113^|^098^|^A^|^0^|^0^|^ ^|^0^|0|0|0|^ ^|^ ^|^ ^|^ ^|^^|^00^|^^|0|0|^^|^ ^
^2026^|^01^|^527500^|^015^|^08^|^WA^|^4715^|^EBA^|^05^|^52^|^2^|^994^|^002^|^ C^|^521115^|^098^|^A^|^0^|^0^|^ ^|^0^|0|0|0|^ ^|^ ^|^ ^|^ ^|^^|^00^|^^|0|0|^^|^ ^
^2026^|^01^|^527500^|^015^|^08^|^WA^|^4715^|^EBA^|^05^|^52^|^2^|^994^|^002^|^ C^|^521119^|^098^|^A^|^0^|^0^|^ ^|^0^|0|0|0|^ ^|^ ^|^ ^|^ ^|^^|^00^|^^|0|0|^^|^ ^
^2026^|^01^|^527500^|^015^|^08^|^WA^|^4715^|^EBA^|^05^|^52^|^2^|^994^|^002^|^ D^|^523121^|^098^|^A^|^0^|^0^|^ ^|^0^|0|0|0|^ ^|^ ^|^ ^|^ ^|^^|^00^|^^|0|0|^^|^ ^
^2026^|^01^|^527500^|^015^|^08^|^WA^|^4715^|^EBA^|^05^|^52^|^2^|^994^|^002^|^ G^|^523111^|^098^|^A^|^0^|^0^|^ ^|^0^|0|0|0|^ ^|^ ^|^ ^|^ ^|^^|^00^|^^|0|0|^^|^ ^
^2026^|^01^|^527500^|^015^|^08^|^WA^|^4715^|^EBA^|^05^|^52^|^2^|^994^|^002^|^ G^|^523119^|^098^|^A^|^0^|^0^|^ ^|^0^|0|0|0|^ ^|^ ^|^ ^|^ ^|^^|^00^|^^|0|0|^^|^ ^
^2026^|^01^|^527500^|^015^|^08^|^WA^|^4715^|^EBA^|^05^|^52^|^2^|^994^|^002^|^TJ^|^523121^|^098^|^A^|^0^|^0^|^ ^|^0^|0|0|0|^ ^|^ ^|^ ^|^ ^|^^|^00^|^^|0|0|^^|^ ^
^2026^|^01^|^527500^|^015^|^08^|^WA^|^4715^|^EBA^|^05^|^52^|^2^|^002^|^100^|^ A^|^524111^|^098^|^A^|^0^|^0^|^ ^|^0^|0|0|0|^ ^|^ ^|^ ^|^ ^|^^|^00^|^^|0|0|^^|^ ^
^2026^|^01^|^527500^|^015^|^08^|^WA^|^4715^|^EBA^|^05^|^52^|^2^|^002^|^100^|^ A^|^524113^|^098^|^A^|^0^|^0^|^ ^|^0^|0|0|0|^ ^|^ ^|^ ^|^ ^|^^|^00^|^^|0|0|^^|^ ^
^2026^|^01^|^527500^|^015^|^08^|^WA^|^4715^|^EBD^|^05^|^52^|^2^|^Z36^|^100^|^ B^|^524111^|^098^|^A^|^0^|^0^|^ ^|^0^|0|0|0|^ ^|^ ^|^ ^|^ ^|^^|^00^|^^|0|0|^^|^ ^
^2026^|^01^|^527500^|^015^|^08^|^WA^|^4718^|^BMB^|^05^|^52^|^2^|^002^|^100^|^ A^|^521219^|^098^|^A^|^0^|^0^|^ ^|^0^|0|0|0|^ ^|^ ^|^ ^|^ ^|^^|^00^|^^|0|0|^^|^ ^
^2026^|^01^|^527500^|^015^|^08^|^WA^|^4718^|^BMB^|^05^|^52^|^2^|^001^|^100^|^ A^|^521211^|^098^|^A^|^0^|^0^|^ ^|^0^|0|0|0|^ ^|^ ^|^ ^|^ ^|^^|^00^|^^|0|0|^^|^ ^
^2026^|^01^|^527500^|^015^|^08^|^WA^|^4719^|^EBA^|^05^|^52^|^2^|^994^|^001^|^ A^|^511129^|^098^|^A^|^0^|^0^|^ ^|^0^|0|0|0|^ ^|^ ^|^ ^|^ ^|^^|^00^|^^|0|0|^^|^ ^
^2026^|^01^|^527500^|^015^|^08^|^WA^|^4719^|^EBA^|^05^|^52^|^2^|^994^|^001^|^ A^|^512211^|^098^|^A^|^0^|^0^|^ ^|^0^|0|0|0|^ ^|^ ^|^ ^|^ ^|^^|^00^|^^|0|0|^^|^ ^
^2026^|^01^|^527500^|^015^|^08^|^WA^|^4719^|^EBA^|^05^|^52^|^2^|^004^|^100^|^ A^|^521211^|^098^|^A^|^0^|^0^|^ ^|^0^|0|0|0|^ ^|^ ^|^ ^|^ ^|^^|^00^|^^|0|0|^^|^ ^
^2026^|^01^|^527500^|^015^|^08^|^WA^|^4719^|^EBC^|^05^|^52^|^2^|^001^|^100^|^XC^|^521211^|^098^|^A^|^0^|^0^|^ ^|^0^|0|0|0|^ ^|^ ^|^ ^|^ ^|^^|^00^|^^|0|0|^^|^ ^
^2026^|^01^|^527500^|^015^|^08^|^WA^|^4719^|^EBC^|^05^|^52^|^2^|^001^|^100^|^XC^|^522151^|^098^|^A^|^0^|^0^|^ ^|^0^|0|0|0|^ ^|^ ^|^ ^|^ ^|^^|^00^|^^|0|0|^^|^ ^
^2026^|^01^|^527500^|^015^|^08^|^WA^|^4719^|^EBC^|^05^|^52^|^2^|^001^|^100^|^XC^|^524113^|^098^|^A^|^0^|^0^|^ ^|^0^|0|0|0|^ ^|^ ^|^ ^|^ ^|^^|^00^|^^|0|0|^^|^ ^
^2026^|^01^|^527450^|^015^|^08^|^CD^|^6212^|^BMB^|^05^|^58^|^2^|^001^|^100^|^ A^|^524111^|^033^|^A^|^0^|^0^|^ ^|^0^|0|0|0|^ ^|^ ^|^ ^|^ ^|^^|^00^|^^|0|0|^^|^ ^
^2026^|^01^|^527450^|^015^|^08^|^CD^|^6212^|^BMB^|^05^|^58^|^2^|^001^|^100^|^ A^|^524113^|^033^|^A^|^0^|^0^|^ ^|^0^|0|0|0|^ ^|^ ^|^ ^|^ ^|^^|^00^|^^|0|0|^^|^ ^
^2026^|^01^|^527450^|^015^|^08^|^CD^|^6212^|^FAC^|^05^|^58^|^2^|^001^|^100^|^ A^|^521211^|^033^|^A^|^0^|^0^|^ ^|^0^|0|0|0|^ ^|^ ^|^ ^|^ ^|^^|^00^|^^|0|0|^^|^ ^
^2026^|^01^|^527450^|^015^|^08^|^CD^|^6212^|^FAC^|^05^|^58^|^2^|^001^|^100^|^ B^|^521211^|^033^|^A^|^0^|^0^|^ ^|^0^|0|0|0|^ ^|^ ^|^ ^|^ ^|^^|^00^|^^|0|0|^^|^ ^
^2026^|^01^|^527450^|^015^|^08^|^CD^|^6212^|^FAH^|^05^|^58^|^2^|^001^|^100^|^ A^|^521211^|^033^|^A^|^0^|^0^|^ ^|^0^|0|0|0|^ ^|^ ^|^ ^|^ ^|^^|^00^|^^|0|0|^^|^ ^
^2026^|^01^|^527450^|^015^|^08^|^CD^|^6212^|^FAL^|^05^|^58^|^2^|^004^|^100^|^ A^|^521211^|^033^|^A^|^0^|^0^|^ ^|^0^|0|0|0|^ ^|^ ^|^ ^|^ ^|^^|^00^|^^|0|0|^^|^ ^
^2026^|^01^|^527450^|^015^|^08^|^CD^|^6212^|^FAL^|^05^|^58^|^2^|^004^|^100^|^ B^|^521211^|^033^|^A^|^0^|^0^|^ ^|^0^|0|0|0|^ ^|^ ^|^ ^|^ ^|^^|^00^|^^|0|0|^^|^ ^
^2026^|^01^|^527450^|^015^|^08^|^CD^|^6212^|^FAL^|^05^|^58^|^2^|^004^|^100^|^ D^|^524111^|^033^|^A^|^0^|^0^|^ ^|^0^|0|0|0|^ ^|^ ^|^ ^|^ ^|^^|^00^|^^|0|0|^^|^ ^
^2026^|^01^|^527450^|^015^|^08^|^CD^|^6212^|^FAL^|^05^|^58^|^2^|^004^|^100^|^ D^|^524113^|^033^|^A^|^0^|^0^|^ ^|^0^|0|0|0|^ ^|^ ^|^ ^|^ ^|^^|^00^|^^|0|0|^^|^ ^
^2026^|^01^|^527450^|^015^|^08^|^CD^|^6213^|^FAC^|^05^|^58^|^2^|^001^|^100^|^ A^|^521211^|^033^|^A^|^0^|^0^|^ ^|^0^|0|0|0|^ ^|^ ^|^ ^|^ ^|^^|^00^|^^|0|0|^^|^ ^
^2026^|^01^|^527450^|^015^|^08^|^CD^|^6213^|^FAE^|^05^|^58^|^2^|^009^|^100^|^ A^|^524111^|^033^|^A^|^0^|^0^|^ ^|^0^|0|0|0|^ ^|^ ^|^ ^|^ ^|^^|^00^|^^|0|0|^^|^ ^
^2026^|^01^|^527450^|^015^|^08^|^CD^|^6213^|^FAE^|^05^|^58^|^2^|^009^|^100^|^ A^|^524113^|^033^|^A^|^0^|^0^|^ ^|^0^|0|0|0|^ ^|^ ^|^ ^|^ ^|^^|^00^|^^|0|0|^^|^ ^
^2026^|^01^|^527450^|^015^|^08^|^CD^|^6213^|^FAL^|^05^|^58^|^2^|^003^|^100^|^ A^|^524111^|^033^|^A^|^0^|^0^|^ ^|^0^|0|0|0|^ ^|^ ^|^ ^|^ ^|^^|^00^|^^|0|0|^^|^ ^
^2026^|^01^|^527450^|^015^|^08^|^CD^|^6213^|^FAL^|^05^|^58^|^2^|^003^|^100^|^ A^|^524113^|^033^|^A^|^0^|^0^|^ ^|^0^|0|0|0|^ ^|^ ^|^ ^|^ ^|^^|^00^|^^|0|0|^^|^ ^
^2026^|^01^|^527450^|^015^|^08^|^CD^|^6214^|^FAL^|^05^|^58^|^2^|^002^|^100^|^ A^|^521211^|^033^|^A^|^0^|^0^|^ ^|^0^|0|0|0|^ ^|^ ^|^ ^|^ ^|^^|^00^|^^|0|0|^^|^ ^
^2026^|^01^|^527450^|^015^|^08^|^CD^|^6214^|^FAL^|^05^|^58^|^2^|^002^|^100^|^ B^|^521211^|^033^|^A^|^0^|^0^|^ ^|^0^|0|0|0|^ ^|^ ^|^ ^|^ ^|^^|^00^|^^|0|0|^^|^ ^
^2026^|^01^|^527450^|^015^|^08^|^CD^|^6215^|^FAH^|^05^|^58^|^2^|^003^|^100^|^ A^|^521211^|^033^|^A^|^0^|^0^|^ ^|^0^|0|0|0|^ ^|^ ^|^ ^|^ ^|^^|^00^|^^|0|0|^^|^ ^
^2026^|^01^|^527450^|^015^|^08^|^CD^|^6215^|^FAH^|^05^|^58^|^2^|^003^|^100^|^ B^|^524111^|^033^|^A^|^0^|^0^|^ ^|^0^|0|0|0|^ ^|^ ^|^ ^|^ ^|^^|^00^|^^|0|0|^^|^ ^
^2026^|^01^|^527450^|^015^|^08^|^WA^|^4715^|^EBA^|^05^|^58^|^2^|^001^|^100^|^ A^|^521811^|^033^|^A^|^0^|^0^|^ ^|^0^|0|0|0|^ ^|^ ^|^ ^|^ ^|^^|^00^|^^|0|0|^^|^ ^
^2026^|^01^|^527450^|^015^|^08^|^WA^|^4715^|^EBA^|^05^|^58^|^2^|^001^|^100^|^ B^|^522151^|^033^|^A^|^0^|^0^|^ ^|^0^|0|0|0|^ ^|^ ^|^ ^|^ ^|^^|^00^|^^|0|0|^^|^ ^
^2026^|^01^|^527450^|^015^|^08^|^WA^|^4715^|^EBA^|^05^|^58^|^2^|^001^|^100^|^ B^|^524111^|^033^|^A^|^0^|^0^|^ ^|^0^|0|0|0|^ ^|^ ^|^ ^|^ ^|^^|^00^|^^|0|0|^^|^ ^
^2026^|^01^|^527450^|^015^|^08^|^WA^|^4715^|^EBA^|^05^|^58^|^2^|^994^|^002^|^ A^|^521111^|^033^|^A^|^0^|^0^|^ ^|^0^|0|0|0|^ ^|^ ^|^ ^|^ ^|^^|^00^|^^|0|0|^^|^ ^
^2026^|^01^|^527450^|^015^|^08^|^WA^|^4715^|^EBA^|^05^|^58^|^2^|^994^|^002^|^ A^|^521119^|^033^|^A^|^0^|^0^|^ ^|^0^|0|0|0|^ ^|^ ^|^ ^|^ ^|^^|^00^|^^|0|0|^^|^ ^
^2026^|^01^|^527450^|^015^|^08^|^WA^|^4715^|^EBA^|^05^|^58^|^2^|^994^|^002^|^ A^|^521811^|^033^|^A^|^0^|^0^|^ ^|^0^|0|0|0|^ ^|^ ^|^ ^|^ ^|^^|^00^|^^|0|0|^^|^ ^
^2026^|^01^|^527450^|^015^|^08^|^WA^|^4715^|^EBA^|^05^|^58^|^2^|^994^|^002^|^ B^|^521114^|^033^|^A^|^0^|^0^|^ ^|^0^|0|0|0|^ ^|^ ^|^ ^|^ ^|^^|^00^|^^|0|0|^^|^ ^
^2026^|^01^|^527450^|^015^|^08^|^WA^|^4715^|^EBA^|^05^|^58^|^2^|^994^|^002^|^ B^|^522113^|^033^|^A^|^0^|^0^|^ ^|^0^|0|0|0|^ ^|^ ^|^ ^|^ ^|^^|^00^|^^|0|0|^^|^ ^
^2026^|^01^|^527450^|^015^|^08^|^WA^|^4715^|^EBA^|^05^|^58^|^2^|^994^|^002^|^ C^|^521113^|^033^|^A^|^0^|^0^|^ ^|^0^|0|0|0|^ ^|^ ^|^ ^|^ ^|^^|^00^|^^|0|0|^^|^ ^
^2026^|^01^|^527450^|^015^|^08^|^WA^|^4715^|^EBA^|^05^|^58^|^2^|^994^|^002^|^ C^|^521115^|^033^|^A^|^0^|^0^|^ ^|^0^|0|0|0|^ ^|^ ^|^ ^|^ ^|^^|^00^|^^|0|0|^^|^ ^
^2026^|^01^|^527450^|^015^|^08^|^WA^|^4715^|^EBA^|^05^|^58^|^2^|^994^|^002^|^ C^|^521119^|^033^|^A^|^0^|^0^|^ ^|^0^|0|0|0|^ ^|^ ^|^ ^|^ ^|^^|^00^|^^|0|0|^^|^ ^
^2026^|^01^|^527450^|^015^|^08^|^WA^|^4715^|^EBA^|^05^|^58^|^2^|^994^|^002^|^ D^|^523121^|^033^|^A^|^0^|^0^|^ ^|^0^|0|0|0|^ ^|^ ^|^ ^|^ ^|^^|^00^|^^|0|0|^^|^ ^
^2026^|^01^|^527450^|^015^|^08^|^WA^|^4715^|^EBA^|^05^|^58^|^2^|^994^|^002^|^ G^|^523111^|^033^|^A^|^0^|^0^|^ ^|^0^|0|0|0|^ ^|^ ^|^ ^|^ ^|^^|^00^|^^|0|0|^^|^ ^
^2026^|^01^|^527450^|^015^|^08^|^WA^|^4715^|^EBA^|^05^|^58^|^2^|^994^|^002^|^ G^|^523119^|^033^|^A^|^0^|^0^|^ ^|^0^|0|0|0|^ ^|^ ^|^ ^|^ ^|^^|^00^|^^|0|0|^^|^ ^
^2026^|^01^|^527450^|^015^|^08^|^WA^|^4715^|^EBA^|^05^|^58^|^2^|^994^|^002^|^TJ^|^523121^|^033^|^A^|^0^|^0^|^ ^|^0^|0|0|0|^ ^|^ ^|^ ^|^ ^|^^|^00^|^^|0|0|^^|^ ^
^2026^|^01^|^527450^|^015^|^08^|^WA^|^4715^|^EBA^|^05^|^58^|^2^|^002^|^100^|^ A^|^524111^|^033^|^A^|^0^|^0^|^ ^|^0^|0|0|0|^ ^|^ ^|^ ^|^ ^|^^|^00^|^^|0|0|^^|^ ^
^2026^|^01^|^527450^|^015^|^08^|^WA^|^4715^|^EBA^|^05^|^58^|^2^|^002^|^100^|^ A^|^524113^|^033^|^A^|^0^|^0^|^ ^|^0^|0|0|0|^ ^|^ ^|^ ^|^ ^|^^|^00^|^^|0|0|^^|^ ^
^2026^|^01^|^527450^|^015^|^08^|^WA^|^4715^|^EBD^|^05^|^58^|^2^|^Z36^|^100^|^ B^|^524111^|^033^|^A^|^0^|^0^|^ ^|^0^|0|0|0|^ ^|^ ^|^ ^|^ ^|^^|^00^|^^|0|0|^^|^ ^
^2026^|^01^|^527450^|^015^|^08^|^WA^|^4718^|^BMB^|^05^|^58^|^2^|^002^|^100^|^ A^|^521219^|^033^|^A^|^0^|^0^|^ ^|^0^|0|0|0|^ ^|^ ^|^ ^|^ ^|^^|^00^|^^|0|0|^^|^ ^
^2026^|^01^|^527450^|^015^|^08^|^WA^|^4718^|^BMB^|^05^|^58^|^2^|^001^|^100^|^ A^|^521211^|^033^|^A^|^0^|^0^|^ ^|^0^|0|0|0|^ ^|^ ^|^ ^|^ ^|^^|^00^|^^|0|0|^^|^ ^
^2026^|^01^|^527450^|^015^|^08^|^WA^|^4719^|^EBA^|^05^|^58^|^2^|^994^|^001^|^ A^|^511129^|^033^|^A^|^0^|^0^|^ ^|^0^|0|0|0|^ ^|^ ^|^ ^|^ ^|^^|^00^|^^|0|0|^^|^ ^
^2026^|^01^|^527450^|^015^|^08^|^WA^|^4719^|^EBA^|^05^|^58^|^2^|^994^|^001^|^ A^|^512211^|^033^|^A^|^0^|^0^|^ ^|^0^|0|0|0|^ ^|^ ^|^ ^|^ ^|^^|^00^|^^|0|0|^^|^ ^
^2026^|^01^|^527450^|^015^|^08^|^WA^|^4719^|^EBA^|^05^|^58^|^2^|^004^|^100^|^ A^|^521211^|^033^|^A^|^0^|^0^|^ ^|^0^|0|0|0|^ ^|^ ^|^ ^|^ ^|^^|^00^|^^|0|0|^^|^ ^
^2026^|^01^|^527450^|^015^|^08^|^WA^|^4719^|^EBC^|^05^|^58^|^2^|^001^|^100^|^XC^|^521211^|^033^|^A^|^0^|^0^|^ ^|^0^|0|0|0|^ ^|^ ^|^ ^|^ ^|^^|^00^|^^|0|0|^^|^ ^
^2026^|^01^|^527450^|^015^|^08^|^WA^|^4719^|^EBC^|^05^|^58^|^2^|^001^|^100^|^XC^|^522151^|^033^|^A^|^0^|^0^|^ ^|^0^|0|0|0|^ ^|^ ^|^ ^|^ ^|^^|^00^|^^|0|0|^^|^ ^
^2026^|^01^|^527450^|^015^|^08^|^WA^|^4719^|^EBC^|^05^|^58^|^2^|^001^|^100^|^XC^|^524113^|^033^|^A^|^0^|^0^|^ ^|^0^|0|0|0|^ ^|^ ^|^ ^|^ ^|^^|^00^|^^|0|0|^^|^ ^
^2026^|^01^|^527488^|^015^|^08^|^CD^|^6212^|^BMB^|^05^|^27^|^2^|^001^|^100^|^ A^|^524111^|^073^|^A^|^0^|^0^|^ ^|^0^|0|0|0|^ ^|^ ^|^ ^|^ ^|^^|^00^|^^|0|0|^^|^ ^
^2026^|^01^|^527488^|^015^|^08^|^CD^|^6212^|^BMB^|^05^|^27^|^2^|^001^|^100^|^ A^|^524113^|^073^|^A^|^0^|^0^|^ ^|^0^|0|0|0|^ ^|^ ^|^ ^|^ ^|^^|^00^|^^|0|0|^^|^ ^
^2026^|^01^|^527488^|^015^|^08^|^CD^|^6212^|^FAC^|^05^|^27^|^2^|^001^|^100^|^ A^|^521211^|^073^|^A^|^0^|^0^|^ ^|^0^|0|0|0|^ ^|^ ^|^ ^|^ ^|^^|^00^|^^|0|0|^^|^ ^
^2026^|^01^|^527488^|^015^|^08^|^CD^|^6212^|^FAC^|^05^|^27^|^2^|^001^|^100^|^ B^|^521211^|^073^|^A^|^0^|^0^|^ ^|^0^|0|0|0|^ ^|^ ^|^ ^|^ ^|^^|^00^|^^|0|0|^^|^ ^
^2026^|^01^|^527488^|^015^|^08^|^CD^|^6212^|^FAH^|^05^|^27^|^2^|^001^|^100^|^ A^|^521211^|^073^|^A^|^0^|^0^|^ ^|^0^|0|0|0|^ ^|^ ^|^ ^|^ ^|^^|^00^|^^|0|0|^^|^ ^
^2026^|^01^|^527488^|^015^|^08^|^CD^|^6212^|^FAL^|^05^|^27^|^2^|^004^|^100^|^ A^|^521211^|^073^|^A^|^0^|^0^|^ ^|^0^|0|0|0|^ ^|^ ^|^ ^|^ ^|^^|^00^|^^|0|0|^^|^ ^
^2026^|^01^|^527488^|^015^|^08^|^CD^|^6212^|^FAL^|^05^|^27^|^2^|^004^|^100^|^ B^|^521211^|^073^|^A^|^0^|^0^|^ ^|^0^|0|0|0|^ ^|^ ^|^ ^|^ ^|^^|^00^|^^|0|0|^^|^ ^
^2026^|^01^|^527488^|^015^|^08^|^CD^|^6212^|^FAL^|^05^|^27^|^2^|^004^|^100^|^ D^|^524111^|^073^|^A^|^0^|^0^|^ ^|^0^|0|0|0|^ ^|^ ^|^ ^|^ ^|^^|^00^|^^|0|0|^^|^ ^
^2026^|^01^|^527488^|^015^|^08^|^CD^|^6212^|^FAL^|^05^|^27^|^2^|^004^|^100^|^ D^|^524113^|^073^|^A^|^0^|^0^|^ ^|^0^|0|0|0|^ ^|^ ^|^ ^|^ ^|^^|^00^|^^|0|0|^^|^ ^
^2026^|^01^|^527488^|^015^|^08^|^CD^|^6213^|^FAC^|^05^|^27^|^2^|^001^|^100^|^ A^|^521211^|^073^|^A^|^0^|^0^|^ ^|^0^|0|0|0|^ ^|^ ^|^ ^|^ ^|^^|^00^|^^|0|0|^^|^ ^
^2026^|^01^|^527488^|^015^|^08^|^CD^|^6213^|^FAE^|^05^|^27^|^2^|^009^|^100^|^ A^|^524111^|^073^|^A^|^0^|^0^|^ ^|^0^|0|0|0|^ ^|^ ^|^ ^|^ ^|^^|^00^|^^|0|0|^^|^ ^
^2026^|^01^|^527488^|^015^|^08^|^CD^|^6213^|^FAE^|^05^|^27^|^2^|^009^|^100^|^ A^|^524113^|^073^|^A^|^0^|^0^|^ ^|^0^|0|0|0|^ ^|^ ^|^ ^|^ ^|^^|^00^|^^|0|0|^^|^ ^
^2026^|^01^|^527488^|^015^|^08^|^CD^|^6213^|^FAL^|^05^|^27^|^2^|^003^|^100^|^ A^|^524111^|^073^|^A^|^0^|^0^|^ ^|^0^|0|0|0|^ ^|^ ^|^ ^|^ ^|^^|^00^|^^|0|0|^^|^ ^
^2026^|^01^|^527488^|^015^|^08^|^CD^|^6213^|^FAL^|^05^|^27^|^2^|^003^|^100^|^ A^|^524113^|^073^|^A^|^0^|^0^|^ ^|^0^|0|0|0|^ ^|^ ^|^ ^|^ ^|^^|^00^|^^|0|0|^^|^ ^
^2026^|^01^|^527488^|^015^|^08^|^CD^|^6214^|^FAL^|^05^|^27^|^2^|^002^|^100^|^ A^|^521211^|^073^|^A^|^0^|^0^|^ ^|^0^|0|0|0|^ ^|^ ^|^ ^|^ ^|^^|^00^|^^|0|0|^^|^ ^
^2026^|^01^|^527488^|^015^|^08^|^CD^|^6214^|^FAL^|^05^|^27^|^2^|^002^|^100^|^ B^|^521211^|^073^|^A^|^0^|^0^|^ ^|^0^|0|0|0|^ ^|^ ^|^ ^|^ ^|^^|^00^|^^|0|0|^^|^ ^
^2026^|^01^|^527488^|^015^|^08^|^CD^|^6215^|^FAH^|^05^|^27^|^2^|^003^|^100^|^ A^|^521211^|^073^|^A^|^0^|^0^|^ ^|^0^|0|0|0|^ ^|^ ^|^ ^|^ ^|^^|^00^|^^|0|0|^^|^ ^
^2026^|^01^|^527488^|^015^|^08^|^CD^|^6215^|^FAH^|^05^|^27^|^2^|^003^|^100^|^ B^|^524111^|^073^|^A^|^0^|^0^|^ ^|^0^|0|0|0|^ ^|^ ^|^ ^|^ ^|^^|^00^|^^|0|0|^^|^ ^
^2026^|^01^|^527488^|^015^|^08^|^WA^|^4715^|^EBA^|^05^|^27^|^2^|^001^|^100^|^ A^|^521811^|^073^|^A^|^0^|^0^|^ ^|^0^|0|0|0|^ ^|^ ^|^ ^|^ ^|^^|^00^|^^|0|0|^^|^ ^
^2026^|^01^|^527488^|^015^|^08^|^WA^|^4715^|^EBA^|^05^|^27^|^2^|^001^|^100^|^ B^|^522151^|^073^|^A^|^0^|^0^|^ ^|^0^|0|0|0|^ ^|^ ^|^ ^|^ ^|^^|^00^|^^|0|0|^^|^ ^
^2026^|^01^|^527488^|^015^|^08^|^WA^|^4715^|^EBA^|^05^|^27^|^2^|^001^|^100^|^ B^|^524111^|^073^|^A^|^0^|^0^|^ ^|^0^|0|0|0|^ ^|^ ^|^ ^|^ ^|^^|^00^|^^|0|0|^^|^ ^
^2026^|^01^|^527488^|^015^|^08^|^WA^|^4715^|^EBA^|^05^|^27^|^2^|^994^|^002^|^ A^|^521111^|^073^|^A^|^0^|^0^|^ ^|^0^|0|0|0|^ ^|^ ^|^ ^|^ ^|^^|^00^|^^|0|0|^^|^ ^
^2026^|^01^|^527488^|^015^|^08^|^WA^|^4715^|^EBA^|^05^|^27^|^2^|^994^|^002^|^ A^|^521119^|^073^|^A^|^0^|^0^|^ ^|^0^|0|0|0|^ ^|^ ^|^ ^|^ ^|^^|^00^|^^|0|0|^^|^ ^
^2026^|^01^|^527488^|^015^|^08^|^WA^|^4715^|^EBA^|^05^|^27^|^2^|^994^|^002^|^ A^|^521811^|^073^|^A^|^0^|^0^|^ ^|^0^|0|0|0|^ ^|^ ^|^ ^|^ ^|^^|^00^|^^|0|0|^^|^ ^
^2026^|^01^|^527488^|^015^|^08^|^WA^|^4715^|^EBA^|^05^|^27^|^2^|^994^|^002^|^ B^|^521114^|^073^|^A^|^0^|^0^|^ ^|^0^|0|0|0|^ ^|^ ^|^ ^|^ ^|^^|^00^|^^|0|0|^^|^ ^
^2026^|^01^|^527488^|^015^|^08^|^WA^|^4715^|^EBA^|^05^|^27^|^2^|^994^|^002^|^ B^|^522113^|^073^|^A^|^0^|^0^|^ ^|^0^|0|0|0|^ ^|^ ^|^ ^|^ ^|^^|^00^|^^|0|0|^^|^ ^
^2026^|^01^|^527488^|^015^|^08^|^WA^|^4715^|^EBA^|^05^|^27^|^2^|^994^|^002^|^ C^|^521113^|^073^|^A^|^0^|^0^|^ ^|^0^|0|0|0|^ ^|^ ^|^ ^|^ ^|^^|^00^|^^|0|0|^^|^ ^
^2026^|^01^|^527488^|^015^|^08^|^WA^|^4715^|^EBA^|^05^|^27^|^2^|^994^|^002^|^ C^|^521115^|^073^|^A^|^0^|^0^|^ ^|^0^|0|0|0|^ ^|^ ^|^ ^|^ ^|^^|^00^|^^|0|0|^^|^ ^
^2026^|^01^|^527488^|^015^|^08^|^WA^|^4715^|^EBA^|^05^|^27^|^2^|^994^|^002^|^ C^|^521119^|^073^|^A^|^0^|^0^|^ ^|^0^|0|0|0|^ ^|^ ^|^ ^|^ ^|^^|^00^|^^|0|0|^^|^ ^
^2026^|^01^|^527488^|^015^|^08^|^WA^|^4715^|^EBA^|^05^|^27^|^2^|^994^|^002^|^ D^|^523121^|^073^|^A^|^0^|^0^|^ ^|^0^|0|0|0|^ ^|^ ^|^ ^|^ ^|^^|^00^|^^|0|0|^^|^ ^
^2026^|^01^|^527488^|^015^|^08^|^WA^|^4715^|^EBA^|^05^|^27^|^2^|^994^|^002^|^ G^|^523111^|^073^|^A^|^0^|^0^|^ ^|^0^|0|0|0|^ ^|^ ^|^ ^|^ ^|^^|^00^|^^|0|0|^^|^ ^
^2026^|^01^|^527488^|^015^|^08^|^WA^|^4715^|^EBA^|^05^|^27^|^2^|^994^|^002^|^ G^|^523119^|^073^|^A^|^0^|^0^|^ ^|^0^|0|0|0|^ ^|^ ^|^ ^|^ ^|^^|^00^|^^|0|0|^^|^ ^
^2026^|^01^|^527488^|^015^|^08^|^WA^|^4715^|^EBA^|^05^|^27^|^2^|^994^|^002^|^TJ^|^523121^|^073^|^A^|^0^|^0^|^ ^|^0^|0|0|0|^ ^|^ ^|^ ^|^ ^|^^|^00^|^^|0|0|^^|^ ^
^2026^|^01^|^527488^|^015^|^08^|^WA^|^4715^|^EBA^|^05^|^27^|^2^|^002^|^100^|^ A^|^524111^|^073^|^A^|^0^|^0^|^ ^|^0^|0|0|0|^ ^|^ ^|^ ^|^ ^|^^|^00^|^^|0|0|^^|^ ^
^2026^|^01^|^527488^|^015^|^08^|^WA^|^4715^|^EBA^|^05^|^27^|^2^|^002^|^100^|^ A^|^524113^|^073^|^A^|^0^|^0^|^ ^|^0^|0|0|0|^ ^|^ ^|^ ^|^ ^|^^|^00^|^^|0|0|^^|^ ^
^2026^|^01^|^527488^|^015^|^08^|^WA^|^4715^|^EBB^|^05^|^27^|^2^|^004^|^100^|^GB^|^533121^|^073^|^A^|^0^|^0^|^ ^|^0^|0|0|0|^ ^|^ ^|^ ^|^ ^|^^|^00^|^^|0|0|^^|^ ^
^2026^|^01^|^527488^|^015^|^08^|^WA^|^4715^|^EBB^|^05^|^27^|^2^|^004^|^100^|^RB^|^533121^|^073^|^A^|^0^|^0^|^ ^|^0^|0|0|0|^ ^|^ ^|^ ^|^ ^|^^|^00^|^^|0|0|^^|^ ^
^2026^|^01^|^527488^|^015^|^08^|^WA^|^4715^|^EBD^|^05^|^27^|^2^|^Z36^|^100^|^ B^|^524111^|^073^|^A^|^0^|^0^|^ ^|^0^|0|0|0|^ ^|^ ^|^ ^|^ ^|^^|^00^|^^|0|0|^^|^ ^
^2026^|^01^|^527488^|^015^|^08^|^WA^|^4718^|^BMB^|^05^|^27^|^2^|^002^|^100^|^ A^|^521219^|^073^|^A^|^0^|^0^|^ ^|^0^|0|0|0|^ ^|^ ^|^ ^|^ ^|^^|^00^|^^|0|0|^^|^ ^
^2026^|^01^|^527488^|^015^|^08^|^WA^|^4718^|^BMB^|^05^|^27^|^2^|^001^|^100^|^ A^|^521211^|^073^|^A^|^0^|^0^|^ ^|^0^|0|0|0|^ ^|^ ^|^ ^|^ ^|^^|^00^|^^|0|0|^^|^ ^
^2026^|^01^|^527488^|^015^|^08^|^WA^|^4719^|^EBA^|^05^|^27^|^2^|^994^|^001^|^ A^|^511129^|^073^|^A^|^0^|^0^|^ ^|^0^|0|0|0|^ ^|^ ^|^ ^|^ ^|^^|^00^|^^|0|0|^^|^ ^
^2026^|^01^|^527488^|^015^|^08^|^WA^|^4719^|^EBA^|^05^|^27^|^2^|^994^|^001^|^ A^|^512211^|^073^|^A^|^0^|^0^|^ ^|^0^|0|0|0|^ ^|^ ^|^ ^|^ ^|^^|^00^|^^|0|0|^^|^ ^
^2026^|^01^|^527488^|^015^|^08^|^WA^|^4719^|^EBA^|^05^|^27^|^2^|^004^|^100^|^ A^|^521211^|^073^|^A^|^0^|^0^|^ ^|^0^|0|0|0|^ ^|^ ^|^ ^|^ ^|^^|^00^|^^|0|0|^^|^ ^
^2026^|^01^|^527488^|^015^|^08^|^WA^|^4719^|^EBC^|^05^|^27^|^2^|^001^|^100^|^ A^|^521211^|^073^|^A^|^0^|^0^|^ ^|^0^|0|0|0|^ ^|^ ^|^ ^|^ ^|^^|^00^|^^|0|0|^^|^ ^
^2026^|^01^|^527488^|^015^|^08^|^WA^|^4719^|^EBC^|^05^|^27^|^2^|^001^|^100^|^ A^|^522151^|^073^|^A^|^0^|^0^|^ ^|^0^|0|0|0|^ ^|^ ^|^ ^|^ ^|^^|^00^|^^|0|0|^^|^ ^
^2026^|^01^|^527488^|^015^|^08^|^WA^|^4719^|^EBC^|^05^|^27^|^2^|^001^|^100^|^ A^|^524113^|^073^|^A^|^0^|^0^|^ ^|^0^|0|0|0|^ ^|^ ^|^ ^|^ ^|^^|^00^|^^|0|0|^^|^ ^
^2026^|^01^|^527467^|^015^|^08^|^CD^|^6212^|^BMB^|^05^|^09^|^2^|^001^|^100^|^ A^|^524111^|^035^|^A^|^0^|^0^|^ ^|^0^|0|0|0|^ ^|^ ^|^ ^|^ ^|^^|^00^|^^|0|0|^^|^ ^
^2026^|^01^|^527467^|^015^|^08^|^CD^|^6212^|^FAC^|^05^|^09^|^2^|^001^|^100^|^ A^|^521211^|^035^|^A^|^0^|^0^|^ ^|^0^|0|0|0|^ ^|^ ^|^ ^|^ ^|^^|^00^|^^|0|0|^^|^ ^
^2026^|^01^|^527467^|^015^|^08^|^CD^|^6212^|^FAC^|^05^|^09^|^2^|^001^|^100^|^ B^|^521211^|^035^|^A^|^0^|^0^|^ ^|^0^|0|0|0|^ ^|^ ^|^ ^|^ ^|^^|^00^|^^|0|0|^^|^ ^
^2026^|^01^|^527467^|^015^|^08^|^CD^|^6212^|^FAH^|^05^|^09^|^2^|^001^|^100^|^ A^|^521211^|^035^|^A^|^0^|^0^|^ ^|^0^|0|0|0|^ ^|^ ^|^ ^|^ ^|^^|^00^|^^|0|0|^^|^ ^
^2026^|^01^|^527467^|^015^|^08^|^CD^|^6212^|^FAL^|^05^|^09^|^2^|^004^|^100^|^ A^|^521211^|^035^|^A^|^0^|^0^|^ ^|^0^|0|0|0|^ ^|^ ^|^ ^|^ ^|^^|^00^|^^|0|0|^^|^ ^
^2026^|^01^|^527467^|^015^|^08^|^CD^|^6212^|^FAL^|^05^|^09^|^2^|^004^|^100^|^ B^|^521211^|^035^|^A^|^0^|^0^|^ ^|^0^|0|0|0|^ ^|^ ^|^ ^|^ ^|^^|^00^|^^|0|0|^^|^ ^
^2026^|^01^|^527467^|^015^|^08^|^CD^|^6212^|^FAL^|^05^|^09^|^2^|^004^|^100^|^ D^|^524111^|^035^|^A^|^0^|^0^|^ ^|^0^|0|0|0|^ ^|^ ^|^ ^|^ ^|^^|^00^|^^|0|0|^^|^ ^
^2026^|^01^|^527467^|^015^|^08^|^CD^|^6213^|^FAC^|^05^|^09^|^2^|^001^|^100^|^ A^|^521211^|^035^|^A^|^0^|^0^|^ ^|^0^|0|0|0|^ ^|^ ^|^ ^|^ ^|^^|^00^|^^|0|0|^^|^ ^
^2026^|^01^|^527467^|^015^|^08^|^CD^|^6213^|^FAE^|^05^|^09^|^2^|^009^|^100^|^ A^|^524111^|^035^|^A^|^0^|^0^|^ ^|^0^|0|0|0|^ ^|^ ^|^ ^|^ ^|^^|^00^|^^|0|0|^^|^ ^
^2026^|^01^|^527467^|^015^|^08^|^CD^|^6213^|^FAL^|^05^|^09^|^2^|^003^|^100^|^ A^|^524111^|^035^|^A^|^0^|^0^|^ ^|^0^|0|0|0|^ ^|^ ^|^ ^|^ ^|^^|^00^|^^|0|0|^^|^ ^
^2026^|^01^|^527467^|^015^|^08^|^CD^|^6214^|^FAL^|^05^|^09^|^2^|^002^|^100^|^ A^|^521211^|^035^|^A^|^0^|^0^|^ ^|^0^|0|0|0|^ ^|^ ^|^ ^|^ ^|^^|^00^|^^|0|0|^^|^ ^
^2026^|^01^|^527467^|^015^|^08^|^CD^|^6214^|^FAL^|^05^|^09^|^2^|^002^|^100^|^ B^|^521211^|^035^|^A^|^0^|^0^|^ ^|^0^|0|0|0|^ ^|^ ^|^ ^|^ ^|^^|^00^|^^|0|0|^^|^ ^
^2026^|^01^|^527467^|^015^|^08^|^CD^|^6215^|^FAH^|^05^|^09^|^2^|^003^|^100^|^ A^|^521211^|^035^|^A^|^0^|^0^|^ ^|^0^|0|0|0|^ ^|^ ^|^ ^|^ ^|^^|^00^|^^|0|0|^^|^ ^
^2026^|^01^|^527467^|^015^|^08^|^CD^|^6215^|^FAH^|^05^|^09^|^2^|^003^|^100^|^ B^|^524111^|^035^|^A^|^0^|^0^|^ ^|^0^|0|0|0|^ ^|^ ^|^ ^|^ ^|^^|^00^|^^|0|0|^^|^ ^
^2026^|^01^|^527467^|^015^|^08^|^WA^|^4715^|^EBA^|^05^|^09^|^2^|^001^|^100^|^ A^|^521811^|^035^|^A^|^0^|^0^|^ ^|^0^|0|0|0|^ ^|^ ^|^ ^|^ ^|^^|^00^|^^|0|0|^^|^ ^
^2026^|^01^|^527467^|^015^|^08^|^WA^|^4715^|^EBA^|^05^|^09^|^2^|^001^|^100^|^ B^|^522151^|^035^|^A^|^0^|^0^|^ ^|^0^|0|0|0|^ ^|^ ^|^ ^|^ ^|^^|^00^|^^|0|0|^^|^ ^
^2026^|^01^|^527467^|^015^|^08^|^WA^|^4715^|^EBA^|^05^|^09^|^2^|^001^|^100^|^ B^|^524111^|^035^|^A^|^0^|^0^|^ ^|^0^|0|0|0|^ ^|^ ^|^ ^|^ ^|^^|^00^|^^|0|0|^^|^ ^
^2026^|^01^|^527467^|^015^|^08^|^WA^|^4715^|^EBA^|^05^|^09^|^2^|^994^|^002^|^ A^|^521111^|^035^|^A^|^0^|^0^|^ ^|^0^|0|0|0|^ ^|^ ^|^ ^|^ ^|^^|^00^|^^|0|0|^^|^ ^
^2026^|^01^|^527467^|^015^|^08^|^WA^|^4715^|^EBA^|^05^|^09^|^2^|^994^|^002^|^ A^|^521119^|^035^|^A^|^0^|^0^|^ ^|^0^|0|0|0|^ ^|^ ^|^ ^|^ ^|^^|^00^|^^|0|0|^^|^ ^
^2026^|^01^|^527467^|^015^|^08^|^WA^|^4715^|^EBA^|^05^|^09^|^2^|^994^|^002^|^ A^|^521811^|^035^|^A^|^0^|^0^|^ ^|^0^|0|0|0|^ ^|^ ^|^ ^|^ ^|^^|^00^|^^|0|0|^^|^ ^
^2026^|^01^|^527467^|^015^|^08^|^WA^|^4715^|^EBA^|^05^|^09^|^2^|^994^|^002^|^ B^|^521114^|^035^|^A^|^0^|^0^|^ ^|^0^|0|0|0|^ ^|^ ^|^ ^|^ ^|^^|^00^|^^|0|0|^^|^ ^
^2026^|^01^|^527467^|^015^|^08^|^WA^|^4715^|^EBA^|^05^|^09^|^2^|^994^|^002^|^ B^|^522113^|^035^|^A^|^0^|^0^|^ ^|^0^|0|0|0|^ ^|^ ^|^ ^|^ ^|^^|^00^|^^|0|0|^^|^ ^
^2026^|^01^|^527467^|^015^|^08^|^WA^|^4715^|^EBA^|^05^|^09^|^2^|^994^|^002^|^ C^|^521113^|^035^|^A^|^0^|^0^|^ ^|^0^|0|0|0|^ ^|^ ^|^ ^|^ ^|^^|^00^|^^|0|0|^^|^ ^
^2026^|^01^|^527467^|^015^|^08^|^WA^|^4715^|^EBA^|^05^|^09^|^2^|^994^|^002^|^ C^|^521115^|^035^|^A^|^0^|^0^|^ ^|^0^|0|0|0|^ ^|^ ^|^ ^|^ ^|^^|^00^|^^|0|0|^^|^ ^
^2026^|^01^|^527467^|^015^|^08^|^WA^|^4715^|^EBA^|^05^|^09^|^2^|^994^|^002^|^ C^|^521119^|^035^|^A^|^0^|^0^|^ ^|^0^|0|0|0|^ ^|^ ^|^ ^|^ ^|^^|^00^|^^|0|0|^^|^ ^
^2026^|^01^|^527467^|^015^|^08^|^WA^|^4715^|^EBA^|^05^|^09^|^2^|^994^|^002^|^ D^|^523121^|^035^|^A^|^0^|^0^|^ ^|^0^|0|0|0|^ ^|^ ^|^ ^|^ ^|^^|^00^|^^|0|0|^^|^ ^
^2026^|^01^|^527467^|^015^|^08^|^WA^|^4715^|^EBA^|^05^|^09^|^2^|^994^|^002^|^ G^|^523111^|^035^|^A^|^0^|^0^|^ ^|^0^|0|0|0|^ ^|^ ^|^ ^|^ ^|^^|^00^|^^|0|0|^^|^ ^
^2026^|^01^|^527467^|^015^|^08^|^WA^|^4715^|^EBA^|^05^|^09^|^2^|^994^|^002^|^ G^|^523119^|^035^|^A^|^0^|^0^|^ ^|^0^|0|0|0|^ ^|^ ^|^ ^|^ ^|^^|^00^|^^|0|0|^^|^ ^
^2026^|^01^|^527467^|^015^|^08^|^WA^|^4715^|^EBA^|^05^|^09^|^2^|^994^|^002^|^TJ^|^523121^|^035^|^A^|^0^|^0^|^ ^|^0^|0|0|0|^ ^|^ ^|^ ^|^ ^|^^|^00^|^^|0|0|^^|^ ^
^2026^|^01^|^527467^|^015^|^08^|^WA^|^4715^|^EBA^|^05^|^09^|^2^|^002^|^100^|^ A^|^524111^|^035^|^A^|^0^|^0^|^ ^|^0^|0|0|0|^ ^|^ ^|^ ^|^ ^|^^|^00^|^^|0|0|^^|^ ^
^2026^|^01^|^527467^|^015^|^08^|^WA^|^4715^|^EBD^|^05^|^09^|^2^|^Z36^|^100^|^ B^|^524111^|^035^|^A^|^0^|^0^|^ ^|^0^|0|0|0|^ ^|^ ^|^ ^|^ ^|^^|^00^|^^|0|0|^^|^ ^
^2026^|^01^|^527467^|^015^|^08^|^WA^|^4718^|^BMB^|^05^|^09^|^2^|^002^|^100^|^ A^|^521219^|^035^|^A^|^0^|^0^|^ ^|^0^|0|0|0|^ ^|^ ^|^ ^|^ ^|^^|^00^|^^|0|0|^^|^ ^
^2026^|^01^|^527467^|^015^|^08^|^WA^|^4718^|^BMB^|^05^|^09^|^2^|^001^|^100^|^ A^|^521211^|^035^|^A^|^0^|^0^|^ ^|^0^|0|0|0|^ ^|^ ^|^ ^|^ ^|^^|^00^|^^|0|0|^^|^ ^
^2026^|^01^|^527467^|^015^|^08^|^WA^|^4719^|^EBA^|^05^|^09^|^2^|^994^|^001^|^ A^|^511129^|^035^|^A^|^0^|^0^|^ ^|^0^|0|0|0|^ ^|^ ^|^ ^|^ ^|^^|^00^|^^|0|0|^^|^ ^
^2026^|^01^|^527467^|^015^|^08^|^WA^|^4719^|^EBA^|^05^|^09^|^2^|^994^|^001^|^ A^|^512211^|^035^|^A^|^0^|^0^|^ ^|^0^|0|0|0|^ ^|^ ^|^ ^|^ ^|^^|^00^|^^|0|0|^^|^ ^
^2026^|^01^|^527467^|^015^|^08^|^WA^|^4719^|^EBA^|^05^|^09^|^2^|^004^|^100^|^ A^|^521211^|^035^|^A^|^0^|^0^|^ ^|^0^|0|0|0|^ ^|^ ^|^ ^|^ ^|^^|^00^|^^|0|0|^^|^ ^
^2026^|^01^|^527467^|^015^|^08^|^WA^|^4719^|^EBC^|^05^|^09^|^2^|^001^|^100^|^XC^|^521211^|^035^|^A^|^0^|^0^|^ ^|^0^|0|0|0|^ ^|^ ^|^ ^|^ ^|^^|^00^|^^|0|0|^^|^ ^
^2026^|^01^|^527467^|^015^|^08^|^WA^|^4719^|^EBC^|^05^|^09^|^2^|^001^|^100^|^XC^|^522151^|^035^|^A^|^0^|^0^|^ ^|^0^|0|0|0|^ ^|^ ^|^ ^|^ ^|^^|^00^|^^|0|0|^^|^ ^
^2026^|^01^|^527467^|^015^|^08^|^WA^|^4719^|^EBC^|^05^|^09^|^2^|^001^|^100^|^XC^|^524113^|^035^|^A^|^0^|^0^|^ ^|^0^|0|0|0|^ ^|^ ^|^ ^|^ ^|^^|^00^|^^|0|0|^^|^ ^
^2026^|^01^|^527471^|^015^|^08^|^CD^|^6212^|^BMB^|^05^|^06^|^2^|^001^|^100^|^ A^|^524111^|^036^|^A^|^0^|^0^|^ ^|^0^|0|0|0|^ ^|^ ^|^ ^|^ ^|^^|^00^|^^|0|0|^^|^ ^
^2026^|^01^|^527471^|^015^|^08^|^CD^|^6212^|^BMB^|^05^|^06^|^2^|^001^|^100^|^ A^|^524113^|^036^|^A^|^0^|^0^|^ ^|^0^|0|0|0|^ ^|^ ^|^ ^|^ ^|^^|^00^|^^|0|0|^^|^ ^
^2026^|^01^|^527471^|^015^|^08^|^CD^|^6212^|^FAC^|^05^|^06^|^2^|^001^|^100^|^ A^|^521211^|^036^|^A^|^0^|^0^|^ ^|^0^|0|0|0|^ ^|^ ^|^ ^|^ ^|^^|^00^|^^|0|0|^^|^ ^
^2026^|^01^|^527471^|^015^|^08^|^CD^|^6212^|^FAC^|^05^|^06^|^2^|^001^|^100^|^ B^|^521211^|^036^|^A^|^0^|^0^|^ ^|^0^|0|0|0|^ ^|^ ^|^ ^|^ ^|^^|^00^|^^|0|0|^^|^ ^
^2026^|^01^|^527471^|^015^|^08^|^CD^|^6212^|^FAH^|^05^|^06^|^2^|^001^|^100^|^ A^|^521211^|^036^|^A^|^0^|^0^|^ ^|^0^|0|0|0|^ ^|^ ^|^ ^|^ ^|^^|^00^|^^|0|0|^^|^ ^
^2026^|^01^|^527471^|^015^|^08^|^CD^|^6212^|^FAL^|^05^|^06^|^2^|^004^|^100^|^ A^|^521211^|^036^|^A^|^0^|^0^|^ ^|^0^|0|0|0|^ ^|^ ^|^ ^|^ ^|^^|^00^|^^|0|0|^^|^ ^
^2026^|^01^|^527471^|^015^|^08^|^CD^|^6212^|^FAL^|^05^|^06^|^2^|^004^|^100^|^ B^|^521211^|^036^|^A^|^0^|^0^|^ ^|^0^|0|0|0|^ ^|^ ^|^ ^|^ ^|^^|^00^|^^|0|0|^^|^ ^
^2026^|^01^|^527471^|^015^|^08^|^CD^|^6212^|^FAL^|^05^|^06^|^2^|^004^|^100^|^ D^|^524111^|^036^|^A^|^0^|^0^|^ ^|^0^|0|0|0|^ ^|^ ^|^ ^|^ ^|^^|^00^|^^|0|0|^^|^ ^
^2026^|^01^|^527471^|^015^|^08^|^CD^|^6212^|^FAL^|^05^|^06^|^2^|^004^|^100^|^ D^|^524113^|^036^|^A^|^0^|^0^|^ ^|^0^|0|0|0|^ ^|^ ^|^ ^|^ ^|^^|^00^|^^|0|0|^^|^ ^
^2026^|^01^|^527471^|^015^|^08^|^CD^|^6213^|^FAC^|^05^|^06^|^2^|^001^|^100^|^ A^|^521211^|^036^|^A^|^0^|^0^|^ ^|^0^|0|0|0|^ ^|^ ^|^ ^|^ ^|^^|^00^|^^|0|0|^^|^ ^
^2026^|^01^|^527471^|^015^|^08^|^CD^|^6213^|^FAE^|^05^|^06^|^2^|^009^|^100^|^ A^|^524111^|^036^|^A^|^0^|^0^|^ ^|^0^|0|0|0|^ ^|^ ^|^ ^|^ ^|^^|^00^|^^|0|0|^^|^ ^
^2026^|^01^|^527471^|^015^|^08^|^CD^|^6213^|^FAE^|^05^|^06^|^2^|^009^|^100^|^ A^|^524113^|^036^|^A^|^0^|^0^|^ ^|^0^|0|0|0|^ ^|^ ^|^ ^|^ ^|^^|^00^|^^|0|0|^^|^ ^
^2026^|^01^|^527471^|^015^|^08^|^CD^|^6213^|^FAL^|^05^|^06^|^2^|^003^|^100^|^ A^|^524111^|^036^|^A^|^0^|^0^|^ ^|^0^|0|0|0|^ ^|^ ^|^ ^|^ ^|^^|^00^|^^|0|0|^^|^ ^
^2026^|^01^|^527471^|^015^|^08^|^CD^|^6213^|^FAL^|^05^|^06^|^2^|^003^|^100^|^ A^|^524113^|^036^|^A^|^0^|^0^|^ ^|^0^|0|0|0|^ ^|^ ^|^ ^|^ ^|^^|^00^|^^|0|0|^^|^ ^
^2026^|^01^|^527471^|^015^|^08^|^CD^|^6214^|^FAL^|^05^|^06^|^2^|^002^|^100^|^ A^|^521211^|^036^|^A^|^0^|^0^|^ ^|^0^|0|0|0|^ ^|^ ^|^ ^|^ ^|^^|^00^|^^|0|0|^^|^ ^
^2026^|^01^|^527471^|^015^|^08^|^CD^|^6214^|^FAL^|^05^|^06^|^2^|^002^|^100^|^ B^|^521211^|^036^|^A^|^0^|^0^|^ ^|^0^|0|0|0|^ ^|^ ^|^ ^|^ ^|^^|^00^|^^|0|0|^^|^ ^
^2026^|^01^|^527471^|^015^|^08^|^CD^|^6215^|^FAH^|^05^|^06^|^2^|^003^|^100^|^ A^|^521211^|^036^|^A^|^0^|^0^|^ ^|^0^|0|0|0|^ ^|^ ^|^ ^|^ ^|^^|^00^|^^|0|0|^^|^ ^
^2026^|^01^|^527471^|^015^|^08^|^CD^|^6215^|^FAH^|^05^|^06^|^2^|^003^|^100^|^ B^|^524111^|^036^|^A^|^0^|^0^|^ ^|^0^|0|0|0|^ ^|^ ^|^ ^|^ ^|^^|^00^|^^|0|0|^^|^ ^
^2026^|^01^|^527471^|^015^|^08^|^WA^|^4715^|^EBA^|^05^|^06^|^2^|^001^|^100^|^ A^|^521811^|^036^|^A^|^0^|^0^|^ ^|^0^|0|0|0|^ ^|^ ^|^ ^|^ ^|^^|^00^|^^|0|0|^^|^ ^
^2026^|^01^|^527471^|^015^|^08^|^WA^|^4715^|^EBA^|^05^|^06^|^2^|^001^|^100^|^ B^|^522151^|^036^|^A^|^0^|^0^|^ ^|^0^|0|0|0|^ ^|^ ^|^ ^|^ ^|^^|^00^|^^|0|0|^^|^ ^
^2026^|^01^|^527471^|^015^|^08^|^WA^|^4715^|^EBA^|^05^|^06^|^2^|^001^|^100^|^ B^|^524111^|^036^|^A^|^0^|^0^|^ ^|^0^|0|0|0|^ ^|^ ^|^ ^|^ ^|^^|^00^|^^|0|0|^^|^ ^
^2026^|^01^|^527471^|^015^|^08^|^WA^|^4715^|^EBA^|^05^|^06^|^2^|^994^|^002^|^ A^|^521111^|^036^|^A^|^0^|^0^|^ ^|^0^|0|0|0|^ ^|^ ^|^ ^|^ ^|^^|^00^|^^|0|0|^^|^ ^
^2026^|^01^|^527471^|^015^|^08^|^WA^|^4715^|^EBA^|^05^|^06^|^2^|^994^|^002^|^ A^|^521119^|^036^|^A^|^0^|^0^|^ ^|^0^|0|0|0|^ ^|^ ^|^ ^|^ ^|^^|^00^|^^|0|0|^^|^ ^
^2026^|^01^|^527471^|^015^|^08^|^WA^|^4715^|^EBA^|^05^|^06^|^2^|^994^|^002^|^ A^|^521811^|^036^|^A^|^0^|^0^|^ ^|^0^|0|0|0|^ ^|^ ^|^ ^|^ ^|^^|^00^|^^|0|0|^^|^ ^
^2026^|^01^|^527471^|^015^|^08^|^WA^|^4715^|^EBA^|^05^|^06^|^2^|^994^|^002^|^ B^|^521114^|^036^|^A^|^0^|^0^|^ ^|^0^|0|0|0|^ ^|^ ^|^ ^|^ ^|^^|^00^|^^|0|0|^^|^ ^
^2026^|^01^|^527471^|^015^|^08^|^WA^|^4715^|^EBA^|^05^|^06^|^2^|^994^|^002^|^ B^|^522113^|^036^|^A^|^0^|^0^|^ ^|^0^|0|0|0|^ ^|^ ^|^ ^|^ ^|^^|^00^|^^|0|0|^^|^ ^
^2026^|^01^|^527471^|^015^|^08^|^WA^|^4715^|^EBA^|^05^|^06^|^2^|^994^|^002^|^ C^|^521113^|^036^|^A^|^0^|^0^|^ ^|^0^|0|0|0|^ ^|^ ^|^ ^|^ ^|^^|^00^|^^|0|0|^^|^ ^
^2026^|^01^|^527471^|^015^|^08^|^WA^|^4715^|^EBA^|^05^|^06^|^2^|^994^|^002^|^ C^|^521115^|^036^|^A^|^0^|^0^|^ ^|^0^|0|0|0|^ ^|^ ^|^ ^|^ ^|^^|^00^|^^|0|0|^^|^ ^
^2026^|^01^|^527471^|^015^|^08^|^WA^|^4715^|^EBA^|^05^|^06^|^2^|^994^|^002^|^ C^|^521119^|^036^|^A^|^0^|^0^|^ ^|^0^|0|0|0|^ ^|^ ^|^ ^|^ ^|^^|^00^|^^|0|0|^^|^ ^
^2026^|^01^|^527471^|^015^|^08^|^WA^|^4715^|^EBA^|^05^|^06^|^2^|^994^|^002^|^ D^|^523121^|^036^|^A^|^0^|^0^|^ ^|^0^|0|0|0|^ ^|^ ^|^ ^|^ ^|^^|^00^|^^|0|0|^^|^ ^
^2026^|^01^|^527471^|^015^|^08^|^WA^|^4715^|^EBA^|^05^|^06^|^2^|^994^|^002^|^ G^|^523111^|^036^|^A^|^0^|^0^|^ ^|^0^|0|0|0|^ ^|^ ^|^ ^|^ ^|^^|^00^|^^|0|0|^^|^ ^
^2026^|^01^|^527471^|^015^|^08^|^WA^|^4715^|^EBA^|^05^|^06^|^2^|^994^|^002^|^ G^|^523119^|^036^|^A^|^0^|^0^|^ ^|^0^|0|0|0|^ ^|^ ^|^ ^|^ ^|^^|^00^|^^|0|0|^^|^ ^
^2026^|^01^|^527471^|^015^|^08^|^WA^|^4715^|^EBA^|^05^|^06^|^2^|^994^|^002^|^TJ^|^523121^|^036^|^A^|^0^|^0^|^ ^|^0^|0|0|0|^ ^|^ ^|^ ^|^ ^|^^|^00^|^^|0|0|^^|^ ^
^2026^|^01^|^527471^|^015^|^08^|^WA^|^4715^|^EBA^|^05^|^06^|^2^|^002^|^100^|^ A^|^524111^|^036^|^A^|^0^|^0^|^ ^|^0^|0|0|0|^ ^|^ ^|^ ^|^ ^|^^|^00^|^^|0|0|^^|^ ^
^2026^|^01^|^527471^|^015^|^08^|^WA^|^4715^|^EBA^|^05^|^06^|^2^|^002^|^100^|^ A^|^524113^|^036^|^A^|^0^|^0^|^ ^|^0^|0|0|0|^ ^|^ ^|^ ^|^ ^|^^|^00^|^^|0|0|^^|^ ^
^2026^|^01^|^527471^|^015^|^08^|^WA^|^4715^|^EBD^|^05^|^06^|^2^|^Z36^|^100^|^ A^|^524111^|^036^|^A^|^0^|^0^|^ ^|^0^|0|0|0|^ ^|^ ^|^ ^|^ ^|^^|^00^|^^|0|0|^^|^ ^
^2026^|^01^|^527471^|^015^|^08^|^WA^|^4718^|^BMB^|^05^|^06^|^2^|^002^|^100^|^ A^|^521219^|^036^|^A^|^0^|^0^|^ ^|^0^|0|0|0|^ ^|^ ^|^ ^|^ ^|^^|^00^|^^|0|0|^^|^ ^
^2026^|^01^|^527471^|^015^|^08^|^WA^|^4718^|^BMB^|^05^|^06^|^2^|^001^|^100^|^ A^|^521211^|^036^|^A^|^0^|^0^|^ ^|^0^|0|0|0|^ ^|^ ^|^ ^|^ ^|^^|^00^|^^|0|0|^^|^ ^
^2026^|^01^|^527471^|^015^|^08^|^WA^|^4719^|^EBA^|^05^|^06^|^2^|^994^|^001^|^ A^|^511129^|^036^|^A^|^0^|^0^|^ ^|^0^|0|0|0|^ ^|^ ^|^ ^|^ ^|^^|^00^|^^|0|0|^^|^ ^
^2026^|^01^|^527471^|^015^|^08^|^WA^|^4719^|^EBA^|^05^|^06^|^2^|^994^|^001^|^ A^|^512211^|^036^|^A^|^0^|^0^|^ ^|^0^|0|0|0|^ ^|^ ^|^ ^|^ ^|^^|^00^|^^|0|0|^^|^ ^
^2026^|^01^|^527471^|^015^|^08^|^WA^|^4719^|^EBA^|^05^|^06^|^2^|^004^|^100^|^ A^|^521211^|^036^|^A^|^0^|^0^|^ ^|^0^|0|0|0|^ ^|^ ^|^ ^|^ ^|^^|^00^|^^|0|0|^^|^ ^
^2026^|^01^|^527471^|^015^|^08^|^WA^|^4719^|^EBC^|^05^|^06^|^2^|^001^|^100^|^ A^|^521211^|^036^|^A^|^0^|^0^|^ ^|^0^|0|0|0|^ ^|^ ^|^ ^|^ ^|^^|^00^|^^|0|0|^^|^ ^
^2026^|^01^|^527471^|^015^|^08^|^WA^|^4719^|^EBC^|^05^|^06^|^2^|^001^|^100^|^ A^|^522151^|^036^|^A^|^0^|^0^|^ ^|^0^|0|0|0|^ ^|^ ^|^ ^|^ ^|^^|^00^|^^|0|0|^^|^ ^
^2026^|^01^|^527471^|^015^|^08^|^WA^|^4719^|^EBC^|^05^|^06^|^2^|^001^|^100^|^ A^|^524113^|^036^|^A^|^0^|^0^|^ ^|^0^|0|0|0|^ ^|^ ^|^ ^|^ ^|^^|^00^|^^|0|0|^^|^ ^
^2026^|^01^|^527514^|^015^|^08^|^CD^|^6212^|^BMB^|^05^|^26^|^2^|^001^|^100^|^ A^|^524113^|^099^|^A^|^0^|^0^|^ ^|^0^|0|0|0|^ ^|^ ^|^ ^|^ ^|^^|^00^|^^|0|0|^^|^ ^
^2026^|^01^|^527514^|^015^|^08^|^CD^|^6212^|^FAC^|^05^|^26^|^2^|^001^|^100^|^ A^|^521211^|^099^|^A^|^0^|^0^|^ ^|^0^|0|0|0|^ ^|^ ^|^ ^|^ ^|^^|^00^|^^|0|0|^^|^ ^
^2026^|^01^|^527514^|^015^|^08^|^CD^|^6212^|^FAC^|^05^|^26^|^2^|^001^|^100^|^ B^|^521211^|^099^|^A^|^0^|^0^|^ ^|^0^|0|0|0|^ ^|^ ^|^ ^|^ ^|^^|^00^|^^|0|0|^^|^ ^
^2026^|^01^|^527514^|^015^|^08^|^CD^|^6212^|^FAH^|^05^|^26^|^2^|^001^|^100^|^ A^|^521211^|^099^|^A^|^0^|^0^|^ ^|^0^|0|0|0|^ ^|^ ^|^ ^|^ ^|^^|^00^|^^|0|0|^^|^ ^
^2026^|^01^|^527514^|^015^|^08^|^CD^|^6212^|^FAL^|^05^|^26^|^2^|^004^|^100^|^ A^|^521211^|^099^|^A^|^0^|^0^|^ ^|^0^|0|0|0|^ ^|^ ^|^ ^|^ ^|^^|^00^|^^|0|0|^^|^ ^
^2026^|^01^|^527514^|^015^|^08^|^CD^|^6212^|^FAL^|^05^|^26^|^2^|^004^|^100^|^ B^|^521211^|^099^|^A^|^0^|^0^|^ ^|^0^|0|0|0|^ ^|^ ^|^ ^|^ ^|^^|^00^|^^|0|0|^^|^ ^
^2026^|^01^|^527514^|^015^|^08^|^CD^|^6212^|^FAL^|^05^|^26^|^2^|^004^|^100^|^ D^|^524113^|^099^|^A^|^0^|^0^|^ ^|^0^|0|0|0|^ ^|^ ^|^ ^|^ ^|^^|^00^|^^|0|0|^^|^ ^
^2026^|^01^|^527514^|^015^|^08^|^CD^|^6213^|^FAC^|^05^|^26^|^2^|^001^|^100^|^ A^|^521211^|^099^|^A^|^0^|^0^|^ ^|^0^|0|0|0|^ ^|^ ^|^ ^|^ ^|^^|^00^|^^|0|0|^^|^ ^
^2026^|^01^|^527514^|^015^|^08^|^CD^|^6213^|^FAE^|^05^|^26^|^2^|^009^|^100^|^ A^|^524113^|^099^|^A^|^0^|^0^|^ ^|^0^|0|0|0|^ ^|^ ^|^ ^|^ ^|^^|^00^|^^|0|0|^^|^ ^
^2026^|^01^|^527514^|^015^|^08^|^CD^|^6213^|^FAL^|^05^|^26^|^2^|^003^|^100^|^ A^|^524113^|^099^|^A^|^0^|^0^|^ ^|^0^|0|0|0|^ ^|^ ^|^ ^|^ ^|^^|^00^|^^|0|0|^^|^ ^
^2026^|^01^|^527514^|^015^|^08^|^CD^|^6214^|^FAL^|^05^|^26^|^2^|^002^|^100^|^ A^|^521211^|^099^|^A^|^0^|^0^|^ ^|^0^|0|0|0|^ ^|^ ^|^ ^|^ ^|^^|^00^|^^|0|0|^^|^ ^
^2026^|^01^|^527514^|^015^|^08^|^CD^|^6214^|^FAL^|^05^|^26^|^2^|^002^|^100^|^ B^|^521211^|^099^|^A^|^0^|^0^|^ ^|^0^|0|0|0|^ ^|^ ^|^ ^|^ ^|^^|^00^|^^|0|0|^^|^ ^
^2026^|^01^|^527514^|^015^|^08^|^CD^|^6215^|^FAH^|^05^|^26^|^2^|^003^|^100^|^ A^|^521211^|^099^|^A^|^0^|^0^|^ ^|^0^|0|0|0|^ ^|^ ^|^ ^|^ ^|^^|^00^|^^|0|0|^^|^ ^
^2026^|^01^|^527514^|^015^|^08^|^CD^|^6215^|^FAH^|^05^|^26^|^2^|^003^|^100^|^ B^|^524111^|^099^|^A^|^0^|^0^|^ ^|^0^|0|0|0|^ ^|^ ^|^ ^|^ ^|^^|^00^|^^|0|0|^^|^ ^
^2026^|^01^|^527514^|^015^|^08^|^WA^|^4715^|^EBA^|^05^|^26^|^2^|^001^|^100^|^ A^|^521811^|^099^|^A^|^0^|^0^|^ ^|^0^|0|0|0|^ ^|^ ^|^ ^|^ ^|^^|^00^|^^|0|0|^^|^ ^
^2026^|^01^|^527514^|^015^|^08^|^WA^|^4715^|^EBA^|^05^|^26^|^2^|^001^|^100^|^ B^|^522151^|^099^|^A^|^0^|^0^|^ ^|^0^|0|0|0|^ ^|^ ^|^ ^|^ ^|^^|^00^|^^|0|0|^^|^ ^
^2026^|^01^|^527514^|^015^|^08^|^WA^|^4715^|^EBA^|^05^|^26^|^2^|^001^|^100^|^ B^|^524113^|^099^|^A^|^0^|^0^|^ ^|^0^|0|0|0|^ ^|^ ^|^ ^|^ ^|^^|^00^|^^|0|0|^^|^ ^
^2026^|^01^|^527514^|^015^|^08^|^WA^|^4715^|^EBA^|^05^|^26^|^2^|^994^|^002^|^ A^|^521111^|^099^|^A^|^0^|^0^|^ ^|^0^|0|0|0|^ ^|^ ^|^ ^|^ ^|^^|^00^|^^|0|0|^^|^ ^
^2026^|^01^|^527514^|^015^|^08^|^WA^|^4715^|^EBA^|^05^|^26^|^2^|^994^|^002^|^ A^|^521119^|^099^|^A^|^0^|^0^|^ ^|^0^|0|0|0|^ ^|^ ^|^ ^|^ ^|^^|^00^|^^|0|0|^^|^ ^
^2026^|^01^|^527514^|^015^|^08^|^WA^|^4715^|^EBA^|^05^|^26^|^2^|^994^|^002^|^ A^|^521811^|^099^|^A^|^0^|^0^|^ ^|^0^|0|0|0|^ ^|^ ^|^ ^|^ ^|^^|^00^|^^|0|0|^^|^ ^
^2026^|^01^|^527514^|^015^|^08^|^WA^|^4715^|^EBA^|^05^|^26^|^2^|^994^|^002^|^ B^|^521114^|^099^|^A^|^0^|^0^|^ ^|^0^|0|0|0|^ ^|^ ^|^ ^|^ ^|^^|^00^|^^|0|0|^^|^ ^
^2026^|^01^|^527514^|^015^|^08^|^WA^|^4715^|^EBA^|^05^|^26^|^2^|^994^|^002^|^ B^|^522113^|^099^|^A^|^0^|^0^|^ ^|^0^|0|0|0|^ ^|^ ^|^ ^|^ ^|^^|^00^|^^|0|0|^^|^ ^
^2026^|^01^|^527514^|^015^|^08^|^WA^|^4715^|^EBA^|^05^|^26^|^2^|^994^|^002^|^ C^|^521113^|^099^|^A^|^0^|^0^|^ ^|^0^|0|0|0|^ ^|^ ^|^ ^|^ ^|^^|^00^|^^|0|0|^^|^ ^
^2026^|^01^|^527514^|^015^|^08^|^WA^|^4715^|^EBA^|^05^|^26^|^2^|^994^|^002^|^ C^|^521115^|^099^|^A^|^0^|^0^|^ ^|^0^|0|0|0|^ ^|^ ^|^ ^|^ ^|^^|^00^|^^|0|0|^^|^ ^
^2026^|^01^|^527514^|^015^|^08^|^WA^|^4715^|^EBA^|^05^|^26^|^2^|^994^|^002^|^ C^|^521119^|^099^|^A^|^0^|^0^|^ ^|^0^|0|0|0|^ ^|^ ^|^ ^|^ ^|^^|^00^|^^|0|0|^^|^ ^
^2026^|^01^|^527514^|^015^|^08^|^WA^|^4715^|^EBA^|^05^|^26^|^2^|^994^|^002^|^ D^|^523121^|^099^|^A^|^0^|^0^|^ ^|^0^|0|0|0|^ ^|^ ^|^ ^|^ ^|^^|^00^|^^|0|0|^^|^ ^
^2026^|^01^|^527514^|^015^|^08^|^WA^|^4715^|^EBA^|^05^|^26^|^2^|^994^|^002^|^ G^|^523111^|^099^|^A^|^0^|^0^|^ ^|^0^|0|0|0|^ ^|^ ^|^ ^|^ ^|^^|^00^|^^|0|0|^^|^ ^
^2026^|^01^|^527514^|^015^|^08^|^WA^|^4715^|^EBA^|^05^|^26^|^2^|^994^|^002^|^ G^|^523119^|^099^|^A^|^0^|^0^|^ ^|^0^|0|0|0|^ ^|^ ^|^ ^|^ ^|^^|^00^|^^|0|0|^^|^ ^
^2026^|^01^|^527514^|^015^|^08^|^WA^|^4715^|^EBA^|^05^|^26^|^2^|^994^|^002^|^TJ^|^523121^|^099^|^A^|^0^|^0^|^ ^|^0^|0|0|0|^ ^|^ ^|^ ^|^ ^|^^|^00^|^^|0|0|^^|^ ^
^2026^|^01^|^527514^|^015^|^08^|^WA^|^4715^|^EBA^|^05^|^26^|^2^|^002^|^100^|^ A^|^524111^|^099^|^A^|^0^|^0^|^ ^|^0^|0|0|0|^ ^|^ ^|^ ^|^ ^|^^|^00^|^^|0|0|^^|^ ^
^2026^|^01^|^527514^|^015^|^08^|^WA^|^4715^|^EBA^|^05^|^26^|^2^|^002^|^100^|^ A^|^524113^|^099^|^A^|^0^|^0^|^ ^|^0^|0|0|0|^ ^|^ ^|^ ^|^ ^|^^|^00^|^^|0|0|^^|^ ^
^2026^|^01^|^527514^|^015^|^08^|^WA^|^4715^|^EBD^|^05^|^26^|^2^|^Z36^|^100^|^ B^|^524111^|^099^|^A^|^0^|^0^|^ ^|^0^|0|0|0|^ ^|^ ^|^ ^|^ ^|^^|^00^|^^|0|0|^^|^ ^
^2026^|^01^|^527514^|^015^|^08^|^WA^|^4718^|^BMB^|^05^|^26^|^2^|^002^|^100^|^ A^|^521219^|^099^|^A^|^0^|^0^|^ ^|^0^|0|0|0|^ ^|^ ^|^ ^|^ ^|^^|^00^|^^|0|0|^^|^ ^
^2026^|^01^|^527514^|^015^|^08^|^WA^|^4718^|^BMB^|^05^|^26^|^2^|^001^|^100^|^ A^|^521211^|^099^|^A^|^0^|^0^|^ ^|^0^|0|0|0|^ ^|^ ^|^ ^|^ ^|^^|^00^|^^|0|0|^^|^ ^
^2026^|^01^|^527514^|^015^|^08^|^WA^|^4719^|^EBA^|^05^|^26^|^2^|^994^|^001^|^ A^|^511129^|^099^|^A^|^0^|^0^|^ ^|^0^|0|0|0|^ ^|^ ^|^ ^|^ ^|^^|^00^|^^|0|0|^^|^ ^
^2026^|^01^|^527514^|^015^|^08^|^WA^|^4719^|^EBA^|^05^|^26^|^2^|^994^|^001^|^ A^|^512211^|^099^|^A^|^0^|^0^|^ ^|^0^|0|0|0|^ ^|^ ^|^ ^|^ ^|^^|^00^|^^|0|0|^^|^ ^
^2026^|^01^|^527514^|^015^|^08^|^WA^|^4719^|^EBA^|^05^|^26^|^2^|^004^|^100^|^ A^|^521211^|^099^|^A^|^0^|^0^|^ ^|^0^|0|0|0|^ ^|^ ^|^ ^|^ ^|^^|^00^|^^|0|0|^^|^ ^
^2026^|^01^|^527514^|^015^|^08^|^WA^|^4719^|^EBC^|^05^|^26^|^2^|^001^|^100^|^ A^|^521211^|^099^|^A^|^0^|^0^|^ ^|^0^|0|0|0|^ ^|^ ^|^ ^|^ ^|^^|^00^|^^|0|0|^^|^ ^
^2026^|^01^|^527514^|^015^|^08^|^WA^|^4719^|^EBC^|^05^|^26^|^2^|^001^|^100^|^ A^|^522151^|^099^|^A^|^0^|^0^|^ ^|^0^|0|0|0|^ ^|^ ^|^ ^|^ ^|^^|^00^|^^|0|0|^^|^ ^
^2026^|^01^|^527514^|^015^|^08^|^WA^|^4719^|^EBC^|^05^|^26^|^2^|^001^|^100^|^ A^|^524113^|^099^|^A^|^0^|^0^|^ ^|^0^|0|0|0|^ ^|^ ^|^ ^|^ ^|^^|^00^|^^|0|0|^^|^ ^
^2026^|^01^|^527521^|^015^|^08^|^CD^|^6212^|^BMB^|^05^|^12^|^2^|^001^|^100^|^AA^|^524111^|^131^|^A^|^0^|^0^|^ ^|^0^|0|0|0|^ ^|^ ^|^ ^|^ ^|^^|^00^|^^|0|0|^^|^ ^
^2026^|^01^|^527521^|^015^|^08^|^CD^|^6212^|^BMB^|^05^|^12^|^2^|^001^|^100^|^AA^|^524113^|^131^|^A^|^0^|^0^|^ ^|^0^|0|0|0|^ ^|^ ^|^ ^|^ ^|^^|^00^|^^|0|0|^^|^ ^
^2026^|^01^|^527521^|^015^|^08^|^CD^|^6212^|^BMB^|^05^|^12^|^2^|^001^|^100^|^BA^|^524113^|^131^|^A^|^0^|^0^|^ ^|^0^|0|0|0|^ ^|^ ^|^ ^|^ ^|^^|^00^|^^|0|0|^^|^ ^
^2026^|^01^|^527521^|^015^|^08^|^CD^|^6212^|^FAC^|^05^|^12^|^2^|^001^|^100^|^AA^|^521211^|^131^|^A^|^0^|^0^|^ ^|^0^|0|0|0|^ ^|^ ^|^ ^|^ ^|^^|^00^|^^|0|0|^^|^ ^
^2026^|^01^|^527521^|^015^|^08^|^CD^|^6212^|^FAC^|^05^|^12^|^2^|^001^|^100^|^AB^|^521211^|^131^|^A^|^0^|^0^|^ ^|^0^|0|0|0|^ ^|^ ^|^ ^|^ ^|^^|^00^|^^|0|0|^^|^ ^
^2026^|^01^|^527521^|^015^|^08^|^CD^|^6212^|^FAC^|^05^|^12^|^2^|^001^|^100^|^BA^|^521211^|^131^|^A^|^0^|^0^|^ ^|^0^|0|0|0|^ ^|^ ^|^ ^|^ ^|^^|^00^|^^|0|0|^^|^ ^
^2026^|^01^|^527521^|^015^|^08^|^CD^|^6212^|^FAC^|^05^|^12^|^2^|^001^|^100^|^BB^|^521211^|^131^|^A^|^0^|^0^|^ ^|^0^|0|0|0|^ ^|^ ^|^ ^|^ ^|^^|^00^|^^|0|0|^^|^ ^
^2026^|^01^|^527521^|^015^|^08^|^CD^|^6212^|^FAH^|^05^|^12^|^2^|^001^|^100^|^AA^|^521211^|^131^|^A^|^0^|^0^|^ ^|^0^|0|0|0|^ ^|^ ^|^ ^|^ ^|^^|^00^|^^|0|0|^^|^ ^
^2026^|^01^|^527521^|^015^|^08^|^CD^|^6212^|^FAH^|^05^|^12^|^2^|^001^|^100^|^BA^|^521211^|^131^|^A^|^0^|^0^|^ ^|^0^|0|0|0|^ ^|^ ^|^ ^|^ ^|^^|^00^|^^|0|0|^^|^ ^
^2026^|^01^|^527521^|^015^|^08^|^CD^|^6212^|^FAL^|^05^|^12^|^2^|^004^|^100^|^AA^|^521211^|^131^|^A^|^0^|^0^|^ ^|^0^|0|0|0|^ ^|^ ^|^ ^|^ ^|^^|^00^|^^|0|0|^^|^ ^
^2026^|^01^|^527521^|^015^|^08^|^CD^|^6212^|^FAL^|^05^|^12^|^2^|^004^|^100^|^AB^|^521211^|^131^|^A^|^0^|^0^|^ ^|^0^|0|0|0|^ ^|^ ^|^ ^|^ ^|^^|^00^|^^|0|0|^^|^ ^
^2026^|^01^|^527521^|^015^|^08^|^CD^|^6212^|^FAL^|^05^|^12^|^2^|^004^|^100^|^AD^|^524111^|^131^|^A^|^0^|^0^|^ ^|^0^|0|0|0|^ ^|^ ^|^ ^|^ ^|^^|^00^|^^|0|0|^^|^ ^
^2026^|^01^|^527521^|^015^|^08^|^CD^|^6212^|^FAL^|^05^|^12^|^2^|^004^|^100^|^AD^|^524113^|^131^|^A^|^0^|^0^|^ ^|^0^|0|0|0|^ ^|^ ^|^ ^|^ ^|^^|^00^|^^|0|0|^^|^ ^
^2026^|^01^|^527521^|^015^|^08^|^CD^|^6212^|^FAL^|^05^|^12^|^2^|^004^|^100^|^BA^|^521211^|^131^|^A^|^0^|^0^|^ ^|^0^|0|0|0|^ ^|^ ^|^ ^|^ ^|^^|^00^|^^|0|0|^^|^ ^
^2026^|^01^|^527521^|^015^|^08^|^CD^|^6212^|^FAL^|^05^|^12^|^2^|^004^|^100^|^BB^|^521211^|^131^|^A^|^0^|^0^|^ ^|^0^|0|0|0|^ ^|^ ^|^ ^|^ ^|^^|^00^|^^|0|0|^^|^ ^
^2026^|^01^|^527521^|^015^|^08^|^CD^|^6212^|^FAL^|^05^|^12^|^2^|^004^|^100^|^BD^|^524113^|^131^|^A^|^0^|^0^|^ ^|^0^|0|0|0|^ ^|^ ^|^ ^|^ ^|^^|^00^|^^|0|0|^^|^ ^
^2026^|^01^|^527521^|^015^|^08^|^CD^|^6213^|^FAC^|^05^|^12^|^2^|^001^|^100^|^AA^|^521211^|^131^|^A^|^0^|^0^|^ ^|^0^|0|0|0|^ ^|^ ^|^ ^|^ ^|^^|^00^|^^|0|0|^^|^ ^
^2026^|^01^|^527521^|^015^|^08^|^CD^|^6213^|^FAC^|^05^|^12^|^2^|^001^|^100^|^BA^|^521211^|^131^|^A^|^0^|^0^|^ ^|^0^|0|0|0|^ ^|^ ^|^ ^|^ ^|^^|^00^|^^|0|0|^^|^ ^
^2026^|^01^|^527521^|^015^|^08^|^CD^|^6213^|^FAE^|^05^|^12^|^2^|^009^|^100^|^AA^|^524111^|^131^|^A^|^0^|^0^|^ ^|^0^|0|0|0|^ ^|^ ^|^ ^|^ ^|^^|^00^|^^|0|0|^^|^ ^
^2026^|^01^|^527521^|^015^|^08^|^CD^|^6213^|^FAE^|^05^|^12^|^2^|^009^|^100^|^AA^|^524113^|^131^|^A^|^0^|^0^|^ ^|^0^|0|0|0|^ ^|^ ^|^ ^|^ ^|^^|^00^|^^|0|0|^^|^ ^
^2026^|^01^|^527521^|^015^|^08^|^CD^|^6213^|^FAE^|^05^|^12^|^2^|^009^|^100^|^BA^|^524113^|^131^|^A^|^0^|^0^|^ ^|^0^|0|0|0|^ ^|^ ^|^ ^|^ ^|^^|^00^|^^|0|0|^^|^ ^
^2026^|^01^|^527521^|^015^|^08^|^CD^|^6213^|^FAL^|^05^|^12^|^2^|^003^|^100^|^AA^|^524111^|^131^|^A^|^0^|^0^|^ ^|^0^|0|0|0|^ ^|^ ^|^ ^|^ ^|^^|^00^|^^|0|0|^^|^ ^
^2026^|^01^|^527521^|^015^|^08^|^CD^|^6213^|^FAL^|^05^|^12^|^2^|^003^|^100^|^AA^|^524113^|^131^|^A^|^0^|^0^|^ ^|^0^|0|0|0|^ ^|^ ^|^ ^|^ ^|^^|^00^|^^|0|0|^^|^ ^
^2026^|^01^|^527521^|^015^|^08^|^CD^|^6213^|^FAL^|^05^|^12^|^2^|^003^|^100^|^BA^|^524113^|^131^|^A^|^0^|^0^|^ ^|^0^|0|0|0|^ ^|^ ^|^ ^|^ ^|^^|^00^|^^|0|0|^^|^ ^
^2026^|^01^|^527521^|^015^|^08^|^CD^|^6214^|^FAL^|^05^|^12^|^2^|^002^|^100^|^AA^|^521211^|^131^|^A^|^0^|^0^|^ ^|^0^|0|0|0|^ ^|^ ^|^ ^|^ ^|^^|^00^|^^|0|0|^^|^ ^
^2026^|^01^|^527521^|^015^|^08^|^CD^|^6214^|^FAL^|^05^|^12^|^2^|^002^|^100^|^AB^|^521211^|^131^|^A^|^0^|^0^|^ ^|^0^|0|0|0|^ ^|^ ^|^ ^|^ ^|^^|^00^|^^|0|0|^^|^ ^
^2026^|^01^|^527521^|^015^|^08^|^CD^|^6214^|^FAL^|^05^|^12^|^2^|^002^|^100^|^BA^|^521211^|^131^|^A^|^0^|^0^|^ ^|^0^|0|0|0|^ ^|^ ^|^ ^|^ ^|^^|^00^|^^|0|0|^^|^ ^
^2026^|^01^|^527521^|^015^|^08^|^CD^|^6214^|^FAL^|^05^|^12^|^2^|^002^|^100^|^BB^|^521211^|^131^|^A^|^0^|^0^|^ ^|^0^|0|0|0|^ ^|^ ^|^ ^|^ ^|^^|^00^|^^|0|0|^^|^ ^
^2026^|^01^|^527521^|^015^|^08^|^CD^|^6215^|^FAH^|^05^|^12^|^2^|^003^|^100^|^AA^|^521211^|^131^|^A^|^0^|^0^|^ ^|^0^|0|0|0|^ ^|^ ^|^ ^|^ ^|^^|^00^|^^|0|0|^^|^ ^
^2026^|^01^|^527521^|^015^|^08^|^CD^|^6215^|^FAH^|^05^|^12^|^2^|^003^|^100^|^AB^|^524111^|^131^|^A^|^0^|^0^|^ ^|^0^|0|0|0|^ ^|^ ^|^ ^|^ ^|^^|^00^|^^|0|0|^^|^ ^
^2026^|^01^|^527521^|^015^|^08^|^CD^|^6215^|^FAH^|^05^|^12^|^2^|^003^|^100^|^BA^|^521211^|^131^|^A^|^0^|^0^|^ ^|^0^|0|0|0|^ ^|^ ^|^ ^|^ ^|^^|^00^|^^|0|0|^^|^ ^
^2026^|^01^|^527521^|^015^|^08^|^CD^|^6215^|^FAH^|^05^|^12^|^2^|^003^|^100^|^BB^|^524111^|^131^|^A^|^0^|^0^|^ ^|^0^|0|0|0|^ ^|^ ^|^ ^|^ ^|^^|^00^|^^|0|0|^^|^ ^
^2026^|^01^|^527521^|^015^|^08^|^WA^|^4715^|^EBA^|^05^|^12^|^2^|^001^|^100^|^AA^|^521811^|^131^|^A^|^0^|^0^|^ ^|^0^|0|0|0|^ ^|^ ^|^ ^|^ ^|^^|^00^|^^|0|0|^^|^ ^
^2026^|^01^|^527521^|^015^|^08^|^WA^|^4715^|^EBA^|^05^|^12^|^2^|^001^|^100^|^AB^|^522151^|^131^|^A^|^0^|^0^|^ ^|^0^|0|0|0|^ ^|^ ^|^ ^|^ ^|^^|^00^|^^|0|0|^^|^ ^
^2026^|^01^|^527521^|^015^|^08^|^WA^|^4715^|^EBA^|^05^|^12^|^2^|^001^|^100^|^AB^|^524111^|^131^|^A^|^0^|^0^|^ ^|^0^|0|0|0|^ ^|^ ^|^ ^|^ ^|^^|^00^|^^|0|0|^^|^ ^
^2026^|^01^|^527521^|^015^|^08^|^WA^|^4715^|^EBA^|^05^|^12^|^2^|^001^|^100^|^BA^|^521811^|^131^|^A^|^0^|^0^|^ ^|^0^|0|0|0|^ ^|^ ^|^ ^|^ ^|^^|^00^|^^|0|0|^^|^ ^
^2026^|^01^|^527521^|^015^|^08^|^WA^|^4715^|^EBA^|^05^|^12^|^2^|^001^|^100^|^BB^|^522151^|^131^|^A^|^0^|^0^|^ ^|^0^|0|0|0|^ ^|^ ^|^ ^|^ ^|^^|^00^|^^|0|0|^^|^ ^
^2026^|^01^|^527521^|^015^|^08^|^WA^|^4715^|^EBA^|^05^|^12^|^2^|^001^|^100^|^BB^|^524111^|^131^|^A^|^0^|^0^|^ ^|^0^|0|0|0|^ ^|^ ^|^ ^|^ ^|^^|^00^|^^|0|0|^^|^ ^
^2026^|^01^|^527521^|^015^|^08^|^WA^|^4715^|^EBA^|^05^|^12^|^2^|^994^|^002^|^AA^|^521111^|^131^|^A^|^0^|^0^|^ ^|^0^|0|0|0|^ ^|^ ^|^ ^|^ ^|^^|^00^|^^|0|0|^^|^ ^
^2026^|^01^|^527521^|^015^|^08^|^WA^|^4715^|^EBA^|^05^|^12^|^2^|^994^|^002^|^AA^|^521119^|^131^|^A^|^0^|^0^|^ ^|^0^|0|0|0|^ ^|^ ^|^ ^|^ ^|^^|^00^|^^|0|0|^^|^ ^
^2026^|^01^|^527521^|^015^|^08^|^WA^|^4715^|^EBA^|^05^|^12^|^2^|^994^|^002^|^AA^|^521811^|^131^|^A^|^0^|^0^|^ ^|^0^|0|0|0|^ ^|^ ^|^ ^|^ ^|^^|^00^|^^|0|0|^^|^ ^
^2026^|^01^|^527521^|^015^|^08^|^WA^|^4715^|^EBA^|^05^|^12^|^2^|^994^|^002^|^AB^|^521114^|^131^|^A^|^0^|^0^|^ ^|^0^|0|0|0|^ ^|^ ^|^ ^|^ ^|^^|^00^|^^|0|0|^^|^ ^
^2026^|^01^|^527521^|^015^|^08^|^WA^|^4715^|^EBA^|^05^|^12^|^2^|^994^|^002^|^AB^|^522113^|^131^|^A^|^0^|^0^|^ ^|^0^|0|0|0|^ ^|^ ^|^ ^|^ ^|^^|^00^|^^|0|0|^^|^ ^
^2026^|^01^|^527521^|^015^|^08^|^WA^|^4715^|^EBA^|^05^|^12^|^2^|^994^|^002^|^AC^|^521113^|^131^|^A^|^0^|^0^|^ ^|^0^|0|0|0|^ ^|^ ^|^ ^|^ ^|^^|^00^|^^|0|0|^^|^ ^
^2026^|^01^|^527521^|^015^|^08^|^WA^|^4715^|^EBA^|^05^|^12^|^2^|^994^|^002^|^AC^|^521115^|^131^|^A^|^0^|^0^|^ ^|^0^|0|0|0|^ ^|^ ^|^ ^|^ ^|^^|^00^|^^|0|0|^^|^ ^
^2026^|^01^|^527521^|^015^|^08^|^WA^|^4715^|^EBA^|^05^|^12^|^2^|^994^|^002^|^AC^|^521119^|^131^|^A^|^0^|^0^|^ ^|^0^|0|0|0|^ ^|^ ^|^ ^|^ ^|^^|^00^|^^|0|0|^^|^ ^
^2026^|^01^|^527521^|^015^|^08^|^WA^|^4715^|^EBA^|^05^|^12^|^2^|^994^|^002^|^AD^|^523121^|^131^|^A^|^0^|^0^|^ ^|^0^|0|0|0|^ ^|^ ^|^ ^|^ ^|^^|^00^|^^|0|0|^^|^ ^
^2026^|^01^|^527521^|^015^|^08^|^WA^|^4715^|^EBA^|^05^|^12^|^2^|^994^|^002^|^AE^|^523111^|^131^|^A^|^0^|^0^|^ ^|^0^|0|0|0|^ ^|^ ^|^ ^|^ ^|^^|^00^|^^|0|0|^^|^ ^
^2026^|^01^|^527521^|^015^|^08^|^WA^|^4715^|^EBA^|^05^|^12^|^2^|^994^|^002^|^AE^|^523119^|^131^|^A^|^0^|^0^|^ ^|^0^|0|0|0|^ ^|^ ^|^ ^|^ ^|^^|^00^|^^|0|0|^^|^ ^
^2026^|^01^|^527521^|^015^|^08^|^WA^|^4715^|^EBA^|^05^|^12^|^2^|^994^|^002^|^BA^|^521111^|^131^|^A^|^0^|^0^|^ ^|^0^|0|0|0|^ ^|^ ^|^ ^|^ ^|^^|^00^|^^|0|0|^^|^ ^
^2026^|^01^|^527521^|^015^|^08^|^WA^|^4715^|^EBA^|^05^|^12^|^2^|^994^|^002^|^BA^|^521119^|^131^|^A^|^0^|^0^|^ ^|^0^|0|0|0|^ ^|^ ^|^ ^|^ ^|^^|^00^|^^|0|0|^^|^ ^
^2026^|^01^|^527521^|^015^|^08^|^WA^|^4715^|^EBA^|^05^|^12^|^2^|^994^|^002^|^BA^|^521811^|^131^|^A^|^0^|^0^|^ ^|^0^|0|0|0|^ ^|^ ^|^ ^|^ ^|^^|^00^|^^|0|0|^^|^ ^
^2026^|^01^|^527521^|^015^|^08^|^WA^|^4715^|^EBA^|^05^|^12^|^2^|^994^|^002^|^BC^|^521113^|^131^|^A^|^0^|^0^|^ ^|^0^|0|0|0|^ ^|^ ^|^ ^|^ ^|^^|^00^|^^|0|0|^^|^ ^
^2026^|^01^|^527521^|^015^|^08^|^WA^|^4715^|^EBA^|^05^|^12^|^2^|^994^|^002^|^BC^|^521115^|^131^|^A^|^0^|^0^|^ ^|^0^|0|0|0|^ ^|^ ^|^ ^|^ ^|^^|^00^|^^|0|0|^^|^ ^
^2026^|^01^|^527521^|^015^|^08^|^WA^|^4715^|^EBA^|^05^|^12^|^2^|^994^|^002^|^BC^|^521119^|^131^|^A^|^0^|^0^|^ ^|^0^|0|0|0|^ ^|^ ^|^ ^|^ ^|^^|^00^|^^|0|0|^^|^ ^
^2026^|^01^|^527521^|^015^|^08^|^WA^|^4715^|^EBA^|^05^|^12^|^2^|^994^|^002^|^BD^|^523121^|^131^|^A^|^0^|^0^|^ ^|^0^|0|0|0|^ ^|^ ^|^ ^|^ ^|^^|^00^|^^|0|0|^^|^ ^
^2026^|^01^|^527521^|^015^|^08^|^WA^|^4715^|^EBA^|^05^|^12^|^2^|^994^|^002^|^BE^|^523111^|^131^|^A^|^0^|^0^|^ ^|^0^|0|0|0|^ ^|^ ^|^ ^|^ ^|^^|^00^|^^|0|0|^^|^ ^
^2026^|^01^|^527521^|^015^|^08^|^WA^|^4715^|^EBA^|^05^|^12^|^2^|^994^|^002^|^BE^|^523119^|^131^|^A^|^0^|^0^|^ ^|^0^|0|0|0|^ ^|^ ^|^ ^|^ ^|^^|^00^|^^|0|0|^^|^ ^
^2026^|^01^|^527521^|^015^|^08^|^WA^|^4715^|^EBA^|^05^|^12^|^2^|^994^|^002^|^TJ^|^523121^|^131^|^A^|^0^|^0^|^ ^|^0^|0|0|0|^ ^|^ ^|^ ^|^ ^|^^|^00^|^^|0|0|^^|^ ^
^2026^|^01^|^527521^|^015^|^08^|^WA^|^4715^|^EBA^|^05^|^12^|^2^|^002^|^100^|^AA^|^524111^|^131^|^A^|^0^|^0^|^ ^|^0^|0|0|0|^ ^|^ ^|^ ^|^ ^|^^|^00^|^^|0|0|^^|^ ^
^2026^|^01^|^527521^|^015^|^08^|^WA^|^4715^|^EBA^|^05^|^12^|^2^|^002^|^100^|^AA^|^524113^|^131^|^A^|^0^|^0^|^ ^|^0^|0|0|0|^ ^|^ ^|^ ^|^ ^|^^|^00^|^^|0|0|^^|^ ^
^2026^|^01^|^527521^|^015^|^08^|^WA^|^4715^|^EBA^|^05^|^12^|^2^|^002^|^100^|^AB^|^524111^|^131^|^A^|^0^|^0^|^ ^|^0^|0|0|0|^ ^|^ ^|^ ^|^ ^|^^|^00^|^^|0|0|^^|^ ^
^2026^|^01^|^527521^|^015^|^08^|^WA^|^4715^|^EBA^|^05^|^12^|^2^|^002^|^100^|^BA^|^524111^|^131^|^A^|^0^|^0^|^ ^|^0^|0|0|0|^ ^|^ ^|^ ^|^ ^|^^|^00^|^^|0|0|^^|^ ^
^2026^|^01^|^527521^|^015^|^08^|^WA^|^4715^|^EBA^|^05^|^12^|^2^|^002^|^100^|^BB^|^524111^|^131^|^A^|^0^|^0^|^ ^|^0^|0|0|0|^ ^|^ ^|^ ^|^ ^|^^|^00^|^^|0|0|^^|^ ^
^2026^|^01^|^527521^|^015^|^08^|^WA^|^4715^|^EBB^|^05^|^12^|^2^|^004^|^100^|^GB^|^533121^|^131^|^A^|^0^|^0^|^ ^|^0^|0|0|0|^ ^|^ ^|^ ^|^ ^|^^|^00^|^^|0|0|^^|^ ^
^2026^|^01^|^527521^|^015^|^08^|^WA^|^4715^|^EBD^|^05^|^12^|^2^|^Z36^|^100^|^AB^|^524111^|^131^|^A^|^0^|^0^|^ ^|^0^|0|0|0|^ ^|^ ^|^ ^|^ ^|^^|^00^|^^|0|0|^^|^ ^
^2026^|^01^|^527521^|^015^|^08^|^WA^|^4715^|^EBD^|^05^|^12^|^2^|^Z36^|^100^|^BB^|^524111^|^131^|^A^|^0^|^0^|^ ^|^0^|0|0|0|^ ^|^ ^|^ ^|^ ^|^^|^00^|^^|0|0|^^|^ ^
^2026^|^01^|^527521^|^015^|^08^|^WA^|^4718^|^BMB^|^05^|^12^|^2^|^002^|^100^|^AA^|^521219^|^131^|^A^|^0^|^0^|^ ^|^0^|0|0|0|^ ^|^ ^|^ ^|^ ^|^^|^00^|^^|0|0|^^|^ ^
^2026^|^01^|^527521^|^015^|^08^|^WA^|^4718^|^BMB^|^05^|^12^|^2^|^002^|^100^|^BA^|^521219^|^131^|^A^|^0^|^0^|^ ^|^0^|0|0|0|^ ^|^ ^|^ ^|^ ^|^^|^00^|^^|0|0|^^|^ ^
^2026^|^01^|^527521^|^015^|^08^|^WA^|^4718^|^BMB^|^05^|^12^|^2^|^001^|^100^|^AA^|^521211^|^131^|^A^|^0^|^0^|^ ^|^0^|0|0|0|^ ^|^ ^|^ ^|^ ^|^^|^00^|^^|0|0|^^|^ ^
^2026^|^01^|^527521^|^015^|^08^|^WA^|^4718^|^BMB^|^05^|^12^|^2^|^001^|^100^|^BA^|^521211^|^131^|^A^|^0^|^0^|^ ^|^0^|0|0|0|^ ^|^ ^|^ ^|^ ^|^^|^00^|^^|0|0|^^|^ ^
^2026^|^01^|^527521^|^015^|^08^|^WA^|^4719^|^EBA^|^05^|^12^|^2^|^994^|^001^|^AA^|^511129^|^131^|^A^|^0^|^0^|^ ^|^0^|0|0|0|^ ^|^ ^|^ ^|^ ^|^^|^00^|^^|0|0|^^|^ ^
^2026^|^01^|^527521^|^015^|^08^|^WA^|^4719^|^EBA^|^05^|^12^|^2^|^994^|^001^|^AA^|^512211^|^131^|^A^|^0^|^0^|^ ^|^0^|0|0|0|^ ^|^ ^|^ ^|^ ^|^^|^00^|^^|0|0|^^|^ ^
^2026^|^01^|^527521^|^015^|^08^|^WA^|^4719^|^EBA^|^05^|^12^|^2^|^994^|^001^|^BA^|^511129^|^131^|^A^|^0^|^0^|^ ^|^0^|0|0|0|^ ^|^ ^|^ ^|^ ^|^^|^00^|^^|0|0|^^|^ ^
^2026^|^01^|^527521^|^015^|^08^|^WA^|^4719^|^EBA^|^05^|^12^|^2^|^994^|^001^|^BA^|^512211^|^131^|^A^|^0^|^0^|^ ^|^0^|0|0|0|^ ^|^ ^|^ ^|^ ^|^^|^00^|^^|0|0|^^|^ ^
^2026^|^01^|^527521^|^015^|^08^|^WA^|^4719^|^EBA^|^05^|^12^|^2^|^004^|^100^|^AA^|^521211^|^131^|^A^|^0^|^0^|^ ^|^0^|0|0|0|^ ^|^ ^|^ ^|^ ^|^^|^00^|^^|0|0|^^|^ ^
^2026^|^01^|^527521^|^015^|^08^|^WA^|^4719^|^EBA^|^05^|^12^|^2^|^004^|^100^|^BA^|^521211^|^131^|^A^|^0^|^0^|^ ^|^0^|0|0|0|^ ^|^ ^|^ ^|^ ^|^^|^00^|^^|0|0|^^|^ ^
^2026^|^01^|^527521^|^015^|^08^|^WA^|^4719^|^EBC^|^05^|^12^|^2^|^001^|^100^|^XC^|^521211^|^131^|^A^|^0^|^0^|^ ^|^0^|0|0|0|^ ^|^ ^|^ ^|^ ^|^^|^00^|^^|0|0|^^|^ ^
^2026^|^01^|^527521^|^015^|^08^|^WA^|^4719^|^EBC^|^05^|^12^|^2^|^001^|^100^|^XC^|^522151^|^131^|^A^|^0^|^0^|^ ^|^0^|0|0|0|^ ^|^ ^|^ ^|^ ^|^^|^00^|^^|0|0|^^|^ ^
^2026^|^01^|^527521^|^015^|^08^|^WA^|^4719^|^EBC^|^05^|^12^|^2^|^001^|^100^|^XC^|^524113^|^131^|^A^|^0^|^0^|^ ^|^0^|0|0|0|^ ^|^ ^|^ ^|^ ^|^^|^00^|^^|0|0|^^|^ ^
^2026^|^01^|^527556^|^015^|^08^|^CD^|^6212^|^BMB^|^06^|^51^|^2^|^001^|^100^|^ A^|^524113^|^001^|^A^|^0^|^0^|^ ^|^0^|0|0|0|^ ^|^ ^|^ ^|^ ^|^^|^00^|^^|0|0|^^|^ ^
^2026^|^01^|^527556^|^015^|^08^|^CD^|^6212^|^BMB^|^06^|^51^|^2^|^001^|^100^|^ B^|^521211^|^001^|^A^|^0^|^0^|^ ^|^0^|0|0|0|^ ^|^ ^|^ ^|^ ^|^^|^00^|^^|0|0|^^|^ ^
^2026^|^01^|^527556^|^015^|^08^|^CD^|^6212^|^BMB^|^06^|^51^|^2^|^001^|^100^|^ B^|^522151^|^001^|^A^|^0^|^0^|^ ^|^0^|0|0|0|^ ^|^ ^|^ ^|^ ^|^^|^00^|^^|0|0|^^|^ ^
^2026^|^01^|^527556^|^015^|^08^|^CD^|^6212^|^BMB^|^06^|^51^|^2^|^001^|^100^|^ B^|^524113^|^001^|^A^|^0^|^0^|^ ^|^0^|0|0|0|^ ^|^ ^|^ ^|^ ^|^^|^00^|^^|0|0|^^|^ ^
^2026^|^01^|^527556^|^015^|^08^|^CD^|^6212^|^BMB^|^06^|^51^|^2^|^001^|^100^|^ C^|^524113^|^001^|^A^|^0^|^0^|^ ^|^0^|0|0|0|^ ^|^ ^|^ ^|^ ^|^^|^00^|^^|0|0|^^|^ ^
^2026^|^01^|^527556^|^015^|^08^|^CD^|^6212^|^BMB^|^06^|^51^|^2^|^001^|^100^|^ D^|^521211^|^001^|^A^|^0^|^0^|^ ^|^0^|0|0|0|^ ^|^ ^|^ ^|^ ^|^^|^00^|^^|0|0|^^|^ ^
^2026^|^01^|^527556^|^015^|^08^|^CD^|^6212^|^BMB^|^06^|^51^|^2^|^001^|^100^|^ D^|^522141^|^001^|^A^|^0^|^0^|^ ^|^0^|0|0|0|^ ^|^ ^|^ ^|^ ^|^^|^00^|^^|0|0|^^|^ ^
^2026^|^01^|^527556^|^015^|^08^|^CD^|^6212^|^FAC^|^06^|^51^|^2^|^002^|^100^|^ A^|^524111^|^001^|^A^|^0^|^0^|^ ^|^0^|0|0|0|^ ^|^ ^|^ ^|^ ^|^^|^00^|^^|0|0|^^|^ ^
^2026^|^01^|^527556^|^015^|^08^|^CD^|^6212^|^FAC^|^06^|^51^|^2^|^002^|^100^|^ A^|^524113^|^001^|^A^|^0^|^0^|^ ^|^0^|0|0|0|^ ^|^ ^|^ ^|^ ^|^^|^00^|^^|0|0|^^|^ ^
^2026^|^01^|^527556^|^015^|^08^|^CD^|^6212^|^FAC^|^06^|^51^|^2^|^002^|^100^|^ B^|^524111^|^001^|^A^|^0^|^0^|^ ^|^0^|0|0|0|^ ^|^ ^|^ ^|^ ^|^^|^00^|^^|0|0|^^|^ ^
^2026^|^01^|^527556^|^015^|^08^|^CD^|^6212^|^FAC^|^06^|^51^|^2^|^002^|^100^|^ B^|^524113^|^001^|^A^|^0^|^0^|^ ^|^0^|0|0|0|^ ^|^ ^|^ ^|^ ^|^^|^00^|^^|0|0|^^|^ ^
^2026^|^01^|^527556^|^015^|^08^|^CD^|^6212^|^FAH^|^06^|^51^|^2^|^003^|^100^|^ A^|^524113^|^001^|^A^|^0^|^0^|^ ^|^0^|0|0|0|^ ^|^ ^|^ ^|^ ^|^^|^00^|^^|0|0|^^|^ ^
^2026^|^01^|^527556^|^015^|^08^|^CD^|^6212^|^FAH^|^06^|^51^|^2^|^003^|^100^|^ B^|^524111^|^001^|^A^|^0^|^0^|^ ^|^0^|0|0|0|^ ^|^ ^|^ ^|^ ^|^^|^00^|^^|0|0|^^|^ ^
^2026^|^01^|^527556^|^015^|^08^|^CD^|^6212^|^FAH^|^06^|^51^|^2^|^003^|^100^|^ B^|^524113^|^001^|^A^|^0^|^0^|^ ^|^0^|0|0|0|^ ^|^ ^|^ ^|^ ^|^^|^00^|^^|0|0|^^|^ ^
^2026^|^01^|^527556^|^015^|^08^|^CD^|^6212^|^FAH^|^06^|^51^|^2^|^002^|^100^|^ A^|^521211^|^001^|^A^|^0^|^0^|^ ^|^0^|0|0|0|^ ^|^ ^|^ ^|^ ^|^^|^00^|^^|0|0|^^|^ ^
^2026^|^01^|^527556^|^015^|^08^|^CD^|^6212^|^FAH^|^06^|^51^|^2^|^002^|^100^|^ B^|^524111^|^001^|^A^|^0^|^0^|^ ^|^0^|0|0|0|^ ^|^ ^|^ ^|^ ^|^^|^00^|^^|0|0|^^|^ ^
^2026^|^01^|^527556^|^015^|^08^|^CD^|^6212^|^FAH^|^06^|^51^|^2^|^002^|^100^|^ B^|^524113^|^001^|^A^|^0^|^0^|^ ^|^0^|0|0|0|^ ^|^ ^|^ ^|^ ^|^^|^00^|^^|0|0|^^|^ ^
^2026^|^01^|^527556^|^015^|^08^|^CD^|^6212^|^FAH^|^06^|^51^|^2^|^002^|^100^|^ C^|^522151^|^001^|^A^|^0^|^0^|^ ^|^0^|0|0|0|^ ^|^ ^|^ ^|^ ^|^^|^00^|^^|0|0|^^|^ ^
^2026^|^01^|^527556^|^015^|^08^|^CD^|^6212^|^FAH^|^06^|^51^|^2^|^002^|^100^|^ C^|^524113^|^001^|^A^|^0^|^0^|^ ^|^0^|0|0|0|^ ^|^ ^|^ ^|^ ^|^^|^00^|^^|0|0|^^|^ ^
^2026^|^01^|^527556^|^015^|^08^|^CD^|^6212^|^FAL^|^06^|^51^|^2^|^001^|^100^|^ A^|^524111^|^001^|^A^|^0^|^0^|^ ^|^0^|0|0|0|^ ^|^ ^|^ ^|^ ^|^^|^00^|^^|0|0|^^|^ ^
^2026^|^01^|^527556^|^015^|^08^|^CD^|^6212^|^FAL^|^06^|^51^|^2^|^001^|^100^|^ A^|^524113^|^001^|^A^|^0^|^0^|^ ^|^0^|0|0|0|^ ^|^ ^|^ ^|^ ^|^^|^00^|^^|0|0|^^|^ ^
^2026^|^01^|^527556^|^015^|^08^|^CD^|^6212^|^FAL^|^06^|^51^|^2^|^001^|^100^|^ B^|^521211^|^001^|^A^|^0^|^0^|^ ^|^0^|0|0|0|^ ^|^ ^|^ ^|^ ^|^^|^00^|^^|0|0|^^|^ ^
^2026^|^01^|^527556^|^015^|^08^|^CD^|^6212^|^FAL^|^06^|^51^|^2^|^001^|^100^|^ B^|^522151^|^001^|^A^|^0^|^0^|^ ^|^0^|0|0|0|^ ^|^ ^|^ ^|^ ^|^^|^00^|^^|0|0|^^|^ ^
^2026^|^01^|^527556^|^015^|^08^|^CD^|^6212^|^FAL^|^06^|^51^|^2^|^001^|^100^|^ C^|^524111^|^001^|^A^|^0^|^0^|^ ^|^0^|0|0|0|^ ^|^ ^|^ ^|^ ^|^^|^00^|^^|0|0|^^|^ ^
^2026^|^01^|^527556^|^015^|^08^|^CD^|^6212^|^FAL^|^06^|^51^|^2^|^001^|^100^|^ C^|^524113^|^001^|^A^|^0^|^0^|^ ^|^0^|0|0|0|^ ^|^ ^|^ ^|^ ^|^^|^00^|^^|0|0|^^|^ ^
^2026^|^01^|^527556^|^015^|^08^|^CD^|^6212^|^FAL^|^06^|^51^|^2^|^001^|^100^|^ D^|^521211^|^001^|^A^|^0^|^0^|^ ^|^0^|0|0|0|^ ^|^ ^|^ ^|^ ^|^^|^00^|^^|0|0|^^|^ ^
^2026^|^01^|^527556^|^015^|^08^|^CD^|^6212^|^FAL^|^06^|^51^|^2^|^001^|^100^|^ D^|^521213^|^001^|^A^|^0^|^0^|^ ^|^0^|0|0|0|^ ^|^ ^|^ ^|^ ^|^^|^00^|^^|0|0|^^|^ ^
^2026^|^01^|^527556^|^015^|^08^|^CD^|^6212^|^FAL^|^06^|^51^|^2^|^001^|^100^|^ D^|^522151^|^001^|^A^|^0^|^0^|^ ^|^0^|0|0|0|^ ^|^ ^|^ ^|^ ^|^^|^00^|^^|0|0|^^|^ ^
^2026^|^01^|^527556^|^015^|^08^|^CD^|^6212^|^FAL^|^06^|^51^|^2^|^001^|^100^|^ D^|^524113^|^001^|^A^|^0^|^0^|^ ^|^0^|0|0|0|^ ^|^ ^|^ ^|^ ^|^^|^00^|^^|0|0|^^|^ ^
^2026^|^01^|^527556^|^015^|^08^|^CD^|^6213^|^ABA^|^06^|^51^|^2^|^001^|^100^|^ A^|^522151^|^001^|^A^|^0^|^0^|^ ^|^0^|0|0|0|^ ^|^ ^|^ ^|^ ^|^^|^00^|^^|0|0|^^|^ ^
^2026^|^01^|^527556^|^015^|^08^|^CD^|^6213^|^ABA^|^06^|^51^|^2^|^001^|^100^|^ A^|^524111^|^001^|^A^|^0^|^0^|^ ^|^0^|0|0|0|^ ^|^ ^|^ ^|^ ^|^^|^00^|^^|0|0|^^|^ ^
^2026^|^01^|^527556^|^015^|^08^|^CD^|^6213^|^FAE^|^06^|^51^|^2^|^009^|^100^|^ A^|^524111^|^001^|^A^|^0^|^0^|^ ^|^0^|0|0|0|^ ^|^ ^|^ ^|^ ^|^^|^00^|^^|0|0|^^|^ ^
^2026^|^01^|^527556^|^015^|^08^|^CD^|^6213^|^FAE^|^06^|^51^|^2^|^009^|^100^|^ A^|^524113^|^001^|^A^|^0^|^0^|^ ^|^0^|0|0|0|^ ^|^ ^|^ ^|^ ^|^^|^00^|^^|0|0|^^|^ ^
^2026^|^01^|^527556^|^015^|^08^|^CD^|^6213^|^FAE^|^06^|^51^|^2^|^008^|^100^|^ A^|^521211^|^001^|^A^|^0^|^0^|^ ^|^0^|0|0|0|^ ^|^ ^|^ ^|^ ^|^^|^00^|^^|0|0|^^|^ ^
^2026^|^01^|^527556^|^015^|^08^|^CD^|^6213^|^FAE^|^06^|^51^|^2^|^008^|^100^|^ A^|^522151^|^001^|^A^|^0^|^0^|^ ^|^0^|0|0|0|^ ^|^ ^|^ ^|^ ^|^^|^00^|^^|0|0|^^|^ ^
^2026^|^01^|^527556^|^015^|^08^|^CD^|^6213^|^FAE^|^06^|^51^|^2^|^008^|^100^|^ A^|^524111^|^001^|^A^|^0^|^0^|^ ^|^0^|0|0|0|^ ^|^ ^|^ ^|^ ^|^^|^00^|^^|0|0|^^|^ ^
^2026^|^01^|^527556^|^015^|^08^|^CD^|^6213^|^FAL^|^06^|^51^|^2^|^003^|^100^|^ A^|^521211^|^001^|^A^|^0^|^0^|^ ^|^0^|0|0|0|^ ^|^ ^|^ ^|^ ^|^^|^00^|^^|0|0|^^|^ ^
^2026^|^01^|^527556^|^015^|^08^|^CD^|^6213^|^FAL^|^06^|^51^|^2^|^003^|^100^|^ B^|^521211^|^001^|^A^|^0^|^0^|^ ^|^0^|0|0|0|^ ^|^ ^|^ ^|^ ^|^^|^00^|^^|0|0|^^|^ ^
^2026^|^01^|^527556^|^015^|^08^|^CD^|^6213^|^FAL^|^06^|^51^|^2^|^003^|^100^|^ C^|^524111^|^001^|^A^|^0^|^0^|^ ^|^0^|0|0|0|^ ^|^ ^|^ ^|^ ^|^^|^00^|^^|0|0|^^|^ ^
^2026^|^01^|^527556^|^015^|^08^|^CD^|^6213^|^FAL^|^06^|^51^|^2^|^003^|^100^|^ C^|^524113^|^001^|^A^|^0^|^0^|^ ^|^0^|0|0|0|^ ^|^ ^|^ ^|^ ^|^^|^00^|^^|0|0|^^|^ ^
^2026^|^01^|^527556^|^015^|^08^|^CD^|^6213^|^FAL^|^06^|^51^|^2^|^003^|^100^|^ D^|^521211^|^001^|^A^|^0^|^0^|^ ^|^0^|0|0|0|^ ^|^ ^|^ ^|^ ^|^^|^00^|^^|0|0|^^|^ ^
^2026^|^01^|^527556^|^015^|^08^|^CD^|^6213^|^FAL^|^06^|^51^|^2^|^003^|^100^|^ D^|^522151^|^001^|^A^|^0^|^0^|^ ^|^0^|0|0|0|^ ^|^ ^|^ ^|^ ^|^^|^00^|^^|0|0|^^|^ ^
^2026^|^01^|^527556^|^015^|^08^|^CD^|^6213^|^FAL^|^06^|^51^|^2^|^003^|^100^|^ D^|^524113^|^001^|^A^|^0^|^0^|^ ^|^0^|0|0|0|^ ^|^ ^|^ ^|^ ^|^^|^00^|^^|0|0|^^|^ ^
^2026^|^01^|^527556^|^015^|^08^|^CD^|^6213^|^FAL^|^06^|^51^|^2^|^003^|^100^|^ E^|^521211^|^001^|^A^|^0^|^0^|^ ^|^0^|0|0|0|^ ^|^ ^|^ ^|^ ^|^^|^00^|^^|0|0|^^|^ ^
^2026^|^01^|^527556^|^015^|^08^|^CD^|^6213^|^FAL^|^06^|^51^|^2^|^003^|^100^|^ E^|^522151^|^001^|^A^|^0^|^0^|^ ^|^0^|0|0|0|^ ^|^ ^|^ ^|^ ^|^^|^00^|^^|0|0|^^|^ ^
^2026^|^01^|^527556^|^015^|^08^|^CD^|^6213^|^FAL^|^06^|^51^|^2^|^003^|^100^|^ E^|^524111^|^001^|^A^|^0^|^0^|^ ^|^0^|0|0|0|^ ^|^ ^|^ ^|^ ^|^^|^00^|^^|0|0|^^|^ ^
^2026^|^01^|^527556^|^015^|^08^|^CD^|^6213^|^FAL^|^06^|^51^|^2^|^003^|^100^|^ E^|^524113^|^001^|^A^|^0^|^0^|^ ^|^0^|0|0|0|^ ^|^ ^|^ ^|^ ^|^^|^00^|^^|0|0|^^|^ ^
^2026^|^01^|^527556^|^015^|^08^|^CD^|^6213^|^FAL^|^06^|^51^|^2^|^003^|^100^|^ F^|^521211^|^001^|^A^|^0^|^0^|^ ^|^0^|0|0|0|^ ^|^ ^|^ ^|^ ^|^^|^00^|^^|0|0|^^|^ ^
^2026^|^01^|^527556^|^015^|^08^|^CD^|^6213^|^FAL^|^06^|^51^|^2^|^003^|^100^|^ G^|^524111^|^001^|^A^|^0^|^0^|^ ^|^0^|0|0|0|^ ^|^ ^|^ ^|^ ^|^^|^00^|^^|0|0|^^|^ ^
^2026^|^01^|^527556^|^015^|^08^|^CD^|^6213^|^FAL^|^06^|^51^|^2^|^003^|^100^|^ G^|^524113^|^001^|^A^|^0^|^0^|^ ^|^0^|0|0|0|^ ^|^ ^|^ ^|^ ^|^^|^00^|^^|0|0|^^|^ ^
^2026^|^01^|^527556^|^015^|^08^|^CD^|^6215^|^FAH^|^06^|^51^|^2^|^003^|^100^|^ A^|^524111^|^001^|^A^|^0^|^0^|^ ^|^0^|0|0|0|^ ^|^ ^|^ ^|^ ^|^^|^00^|^^|0|0|^^|^ ^
^2026^|^01^|^527556^|^015^|^08^|^CD^|^6215^|^FAH^|^06^|^51^|^2^|^003^|^100^|^ A^|^524113^|^001^|^A^|^0^|^0^|^ ^|^0^|0|0|0|^ ^|^ ^|^ ^|^ ^|^^|^00^|^^|0|0|^^|^ ^
^2026^|^01^|^527556^|^015^|^08^|^CD^|^6215^|^FAH^|^06^|^51^|^2^|^003^|^100^|^ B^|^521211^|^001^|^A^|^0^|^0^|^ ^|^0^|0|0|0|^ ^|^ ^|^ ^|^ ^|^^|^00^|^^|0|0|^^|^ ^
^2026^|^01^|^527556^|^015^|^08^|^CD^|^6215^|^FAH^|^06^|^51^|^2^|^001^|^100^|^ A^|^524111^|^001^|^A^|^0^|^0^|^ ^|^0^|0|0|0|^ ^|^ ^|^ ^|^ ^|^^|^00^|^^|0|0|^^|^ ^
^2026^|^01^|^527556^|^015^|^08^|^CD^|^6215^|^FAH^|^06^|^51^|^2^|^001^|^100^|^ A^|^524113^|^001^|^A^|^0^|^0^|^ ^|^0^|0|0|0|^ ^|^ ^|^ ^|^ ^|^^|^00^|^^|0|0|^^|^ ^
^2026^|^01^|^527556^|^015^|^08^|^CD^|^6215^|^FAH^|^06^|^51^|^2^|^001^|^100^|^ B^|^521211^|^001^|^A^|^0^|^0^|^ ^|^0^|0|0|0|^ ^|^ ^|^ ^|^ ^|^^|^00^|^^|0|0|^^|^ ^
^2026^|^01^|^527556^|^015^|^08^|^CD^|^6216^|^FAE^|^06^|^51^|^2^|^002^|^100^|^ A^|^524111^|^001^|^A^|^0^|^0^|^ ^|^0^|0|0|0|^ ^|^ ^|^ ^|^ ^|^^|^00^|^^|0|0|^^|^ ^
^2026^|^01^|^527556^|^015^|^08^|^CD^|^6216^|^FAE^|^06^|^51^|^2^|^002^|^100^|^ A^|^524113^|^001^|^A^|^0^|^0^|^ ^|^0^|0|0|0|^ ^|^ ^|^ ^|^ ^|^^|^00^|^^|0|0|^^|^ ^
^2026^|^01^|^527556^|^015^|^08^|^WA^|^4715^|^EBA^|^06^|^51^|^2^|^001^|^100^|^ A^|^521811^|^001^|^A^|^0^|^0^|^ ^|^0^|0|0|0|^ ^|^ ^|^ ^|^ ^|^^|^00^|^^|0|0|^^|^ ^
^2026^|^01^|^527556^|^015^|^08^|^WA^|^4715^|^EBA^|^06^|^51^|^2^|^001^|^100^|^ A^|^522151^|^001^|^A^|^0^|^0^|^ ^|^0^|0|0|0|^ ^|^ ^|^ ^|^ ^|^^|^00^|^^|0|0|^^|^ ^
^2026^|^01^|^527556^|^015^|^08^|^WA^|^4715^|^EBA^|^06^|^51^|^2^|^001^|^100^|^ B^|^522151^|^001^|^A^|^0^|^0^|^ ^|^0^|0|0|0|^ ^|^ ^|^ ^|^ ^|^^|^00^|^^|0|0|^^|^ ^
^2026^|^01^|^527556^|^015^|^08^|^WA^|^4715^|^EBA^|^06^|^51^|^2^|^001^|^100^|^ B^|^524113^|^001^|^A^|^0^|^0^|^ ^|^0^|0|0|0|^ ^|^ ^|^ ^|^ ^|^^|^00^|^^|0|0|^^|^ ^
^2026^|^01^|^527556^|^015^|^08^|^WA^|^4715^|^EBA^|^06^|^51^|^2^|^994^|^002^|^ A^|^521111^|^001^|^A^|^0^|^0^|^ ^|^0^|0|0|0|^ ^|^ ^|^ ^|^ ^|^^|^00^|^^|0|0|^^|^ ^
^2026^|^01^|^527556^|^015^|^08^|^WA^|^4715^|^EBA^|^06^|^51^|^2^|^994^|^002^|^ A^|^521119^|^001^|^A^|^0^|^0^|^ ^|^0^|0|0|0|^ ^|^ ^|^ ^|^ ^|^^|^00^|^^|0|0|^^|^ ^
^2026^|^01^|^527556^|^015^|^08^|^WA^|^4715^|^EBA^|^06^|^51^|^2^|^994^|^002^|^ A^|^521811^|^001^|^A^|^0^|^0^|^ ^|^0^|0|0|0|^ ^|^ ^|^ ^|^ ^|^^|^00^|^^|0|0|^^|^ ^
^2026^|^01^|^527556^|^015^|^08^|^WA^|^4715^|^EBA^|^06^|^51^|^2^|^994^|^002^|^ B^|^521114^|^001^|^A^|^0^|^0^|^ ^|^0^|0|0|0|^ ^|^ ^|^ ^|^ ^|^^|^00^|^^|0|0|^^|^ ^
^2026^|^01^|^527556^|^015^|^08^|^WA^|^4715^|^EBA^|^06^|^51^|^2^|^994^|^002^|^ B^|^522111^|^001^|^A^|^0^|^0^|^ ^|^0^|0|0|0|^ ^|^ ^|^ ^|^ ^|^^|^00^|^^|0|0|^^|^ ^
^2026^|^01^|^527556^|^015^|^08^|^WA^|^4715^|^EBA^|^06^|^51^|^2^|^994^|^002^|^ B^|^522112^|^001^|^A^|^0^|^0^|^ ^|^0^|0|0|0|^ ^|^ ^|^ ^|^ ^|^^|^00^|^^|0|0|^^|^ ^
^2026^|^01^|^527556^|^015^|^08^|^WA^|^4715^|^EBA^|^06^|^51^|^2^|^994^|^002^|^ B^|^522113^|^001^|^A^|^0^|^0^|^ ^|^0^|0|0|0|^ ^|^ ^|^ ^|^ ^|^^|^00^|^^|0|0|^^|^ ^
^2026^|^01^|^527556^|^015^|^08^|^WA^|^4715^|^EBA^|^06^|^51^|^2^|^994^|^002^|^ B^|^522119^|^001^|^A^|^0^|^0^|^ ^|^0^|0|0|0|^ ^|^ ^|^ ^|^ ^|^^|^00^|^^|0|0|^^|^ ^
^2026^|^01^|^527556^|^015^|^08^|^WA^|^4715^|^EBA^|^06^|^51^|^2^|^994^|^002^|^ C^|^521115^|^001^|^A^|^0^|^0^|^ ^|^0^|0|0|0|^ ^|^ ^|^ ^|^ ^|^^|^00^|^^|0|0|^^|^ ^
^2026^|^01^|^527556^|^015^|^08^|^WA^|^4715^|^EBA^|^06^|^51^|^2^|^994^|^002^|^ C^|^521119^|^001^|^A^|^0^|^0^|^ ^|^0^|0|0|0|^ ^|^ ^|^ ^|^ ^|^^|^00^|^^|0|0|^^|^ ^
^2026^|^01^|^527556^|^015^|^08^|^WA^|^4715^|^EBA^|^06^|^51^|^2^|^994^|^002^|^ D^|^523121^|^001^|^A^|^0^|^0^|^ ^|^0^|0|0|0|^ ^|^ ^|^ ^|^ ^|^^|^00^|^^|0|0|^^|^ ^
^2026^|^01^|^527556^|^015^|^08^|^WA^|^4715^|^EBA^|^06^|^51^|^2^|^994^|^002^|^ G^|^523119^|^001^|^A^|^0^|^0^|^ ^|^0^|0|0|0|^ ^|^ ^|^ ^|^ ^|^^|^00^|^^|0|0|^^|^ ^
^2026^|^01^|^527556^|^015^|^08^|^WA^|^4715^|^EBA^|^06^|^51^|^2^|^994^|^002^|^TJ^|^523121^|^001^|^A^|^0^|^0^|^ ^|^0^|0|0|0|^ ^|^ ^|^ ^|^ ^|^^|^00^|^^|0|0|^^|^ ^
^2026^|^01^|^527556^|^015^|^08^|^WA^|^4715^|^EBA^|^06^|^51^|^2^|^002^|^100^|^ A^|^524111^|^001^|^A^|^0^|^0^|^ ^|^0^|0|0|0|^ ^|^ ^|^ ^|^ ^|^^|^00^|^^|0|0|^^|^ ^
^2026^|^01^|^527556^|^015^|^08^|^WA^|^4715^|^EBA^|^06^|^51^|^2^|^002^|^100^|^ A^|^524113^|^001^|^A^|^0^|^0^|^ ^|^0^|0|0|0|^ ^|^ ^|^ ^|^ ^|^^|^00^|^^|0|0|^^|^ ^
^2026^|^01^|^527556^|^015^|^08^|^WA^|^4715^|^EBD^|^06^|^51^|^2^|^Z36^|^100^|^ A^|^521211^|^001^|^A^|^0^|^0^|^ ^|^0^|0|0|0|^ ^|^ ^|^ ^|^ ^|^^|^00^|^^|0|0|^^|^ ^
^2026^|^01^|^527556^|^015^|^08^|^WA^|^4715^|^EBD^|^06^|^51^|^2^|^Z26^|^100^|^ A^|^521211^|^001^|^A^|^0^|^0^|^ ^|^0^|0|0|0|^ ^|^ ^|^ ^|^ ^|^^|^00^|^^|0|0|^^|^ ^
^2026^|^01^|^527556^|^015^|^08^|^WA^|^4715^|^EBD^|^06^|^51^|^2^|^Z26^|^100^|^ A^|^524111^|^001^|^A^|^0^|^0^|^ ^|^0^|0|0|0|^ ^|^ ^|^ ^|^ ^|^^|^00^|^^|0|0|^^|^ ^
^2026^|^01^|^527556^|^015^|^08^|^WA^|^4718^|^BMB^|^06^|^51^|^2^|^002^|^100^|^ A^|^521211^|^001^|^A^|^0^|^0^|^ ^|^0^|0|0|0|^ ^|^ ^|^ ^|^ ^|^^|^00^|^^|0|0|^^|^ ^
^2026^|^01^|^527556^|^015^|^08^|^WA^|^4718^|^BMB^|^06^|^51^|^2^|^002^|^100^|^ A^|^521219^|^001^|^A^|^0^|^0^|^ ^|^0^|0|0|0|^ ^|^ ^|^ ^|^ ^|^^|^00^|^^|0|0|^^|^ ^
^2026^|^01^|^527556^|^015^|^08^|^WA^|^4718^|^BMB^|^06^|^51^|^2^|^001^|^100^|^ A^|^521211^|^001^|^A^|^0^|^0^|^ ^|^0^|0|0|0|^ ^|^ ^|^ ^|^ ^|^^|^00^|^^|0|0|^^|^ ^
^2026^|^01^|^527556^|^015^|^08^|^WA^|^4719^|^EBA^|^06^|^51^|^2^|^003^|^100^|^ A^|^524111^|^001^|^A^|^0^|^0^|^ ^|^0^|0|0|0|^ ^|^ ^|^ ^|^ ^|^^|^00^|^^|0|0|^^|^ ^
^2026^|^01^|^527556^|^015^|^08^|^WA^|^4719^|^EBA^|^06^|^51^|^2^|^003^|^100^|^ B^|^521211^|^001^|^A^|^0^|^0^|^ ^|^0^|0|0|0|^ ^|^ ^|^ ^|^ ^|^^|^00^|^^|0|0|^^|^ ^
^2026^|^01^|^527556^|^015^|^08^|^WA^|^4719^|^EBA^|^06^|^51^|^2^|^994^|^001^|^ A^|^511129^|^001^|^A^|^0^|^0^|^ ^|^0^|0|0|0|^ ^|^ ^|^ ^|^ ^|^^|^00^|^^|0|0|^^|^ ^
^2026^|^01^|^527556^|^015^|^08^|^WA^|^4719^|^EBA^|^06^|^51^|^2^|^994^|^001^|^ A^|^512211^|^001^|^A^|^0^|^0^|^ ^|^0^|0|0|0|^ ^|^ ^|^ ^|^ ^|^^|^00^|^^|0|0|^^|^ ^
^2026^|^01^|^527556^|^015^|^08^|^WA^|^4719^|^EBA^|^06^|^51^|^2^|^005^|^100^|^ A^|^524111^|^001^|^A^|^0^|^0^|^ ^|^0^|0|0|0|^ ^|^ ^|^ ^|^ ^|^^|^00^|^^|0|0|^^|^ ^
^2026^|^01^|^527556^|^015^|^08^|^WA^|^4719^|^EBA^|^06^|^51^|^2^|^005^|^100^|^ B^|^524111^|^001^|^A^|^0^|^0^|^ ^|^0^|0|0|0|^ ^|^ ^|^ ^|^ ^|^^|^00^|^^|0|0|^^|^ ^
^2026^|^01^|^527556^|^015^|^08^|^WA^|^4719^|^EBC^|^06^|^51^|^2^|^001^|^100^|^XC^|^521211^|^001^|^A^|^0^|^0^|^ ^|^0^|0|0|0|^ ^|^ ^|^ ^|^ ^|^^|^00^|^^|0|0|^^|^ ^
^2026^|^01^|^527556^|^015^|^08^|^WA^|^4719^|^EBC^|^06^|^51^|^2^|^001^|^100^|^XC^|^522151^|^001^|^A^|^0^|^0^|^ ^|^0^|0|0|0|^ ^|^ ^|^ ^|^ ^|^^|^00^|^^|0|0|^^|^ ^
^2026^|^01^|^527556^|^015^|^08^|^WA^|^4719^|^EBC^|^06^|^51^|^2^|^001^|^100^|^XC^|^524113^|^001^|^A^|^0^|^0^|^ ^|^0^|0|0|0|^ ^|^ ^|^ ^|^ ^|^^|^00^|^^|0|0|^^|^ ^
^2026^|^01^|^527556^|^015^|^08^|^WA^|^4722^|^EBD^|^06^|^51^|^2^|^001^|^100^|^ A^|^521211^|^001^|^A^|^0^|^0^|^ ^|^0^|0|0|0|^ ^|^ ^|^ ^|^ ^|^^|^00^|^^|0|0|^^|^ ^
^2026^|^01^|^527556^|^015^|^08^|^WA^|^4722^|^EBD^|^06^|^51^|^2^|^001^|^100^|^ B^|^524111^|^001^|^A^|^0^|^0^|^ ^|^0^|0|0|0|^ ^|^ ^|^ ^|^ ^|^^|^00^|^^|0|0|^^|^ ^
^2026^|^01^|^527556^|^015^|^08^|^WA^|^4722^|^EBD^|^06^|^51^|^2^|^001^|^100^|^ B^|^524113^|^001^|^A^|^0^|^0^|^ ^|^0^|0|0|0|^ ^|^ ^|^ ^|^ ^|^^|^00^|^^|0|0|^^|^ ^
^2026^|^01^|^527560^|^015^|^08^|^CD^|^6212^|^BMB^|^06^|^51^|^2^|^001^|^100^|^ A^|^524111^|^001^|^A^|^0^|^0^|^ ^|^0^|0|0|0|^ ^|^ ^|^ ^|^ ^|^^|^00^|^^|0|0|^^|^ ^
^2026^|^01^|^527560^|^015^|^08^|^CD^|^6212^|^BMB^|^06^|^51^|^2^|^001^|^100^|^ A^|^524113^|^001^|^A^|^0^|^0^|^ ^|^0^|0|0|0|^ ^|^ ^|^ ^|^ ^|^^|^00^|^^|0|0|^^|^ ^
^2026^|^01^|^527560^|^015^|^08^|^CD^|^6212^|^FAC^|^06^|^51^|^2^|^001^|^100^|^ A^|^521211^|^001^|^A^|^0^|^0^|^ ^|^0^|0|0|0|^ ^|^ ^|^ ^|^ ^|^^|^00^|^^|0|0|^^|^ ^
^2026^|^01^|^527560^|^015^|^08^|^CD^|^6212^|^FAC^|^06^|^51^|^2^|^001^|^100^|^ B^|^521211^|^001^|^A^|^0^|^0^|^ ^|^0^|0|0|0|^ ^|^ ^|^ ^|^ ^|^^|^00^|^^|0|0|^^|^ ^
^2026^|^01^|^527560^|^015^|^08^|^CD^|^6212^|^FAH^|^06^|^51^|^2^|^001^|^100^|^ A^|^521211^|^001^|^A^|^0^|^0^|^ ^|^0^|0|0|0|^ ^|^ ^|^ ^|^ ^|^^|^00^|^^|0|0|^^|^ ^
^2026^|^01^|^527560^|^015^|^08^|^CD^|^6212^|^FAL^|^06^|^51^|^2^|^004^|^100^|^ A^|^521211^|^001^|^A^|^0^|^0^|^ ^|^0^|0|0|0|^ ^|^ ^|^ ^|^ ^|^^|^00^|^^|0|0|^^|^ ^
^2026^|^01^|^527560^|^015^|^08^|^CD^|^6212^|^FAL^|^06^|^51^|^2^|^004^|^100^|^ B^|^521211^|^001^|^A^|^0^|^0^|^ ^|^0^|0|0|0|^ ^|^ ^|^ ^|^ ^|^^|^00^|^^|0|0|^^|^ ^
^2026^|^01^|^527560^|^015^|^08^|^CD^|^6212^|^FAL^|^06^|^51^|^2^|^004^|^100^|^ C^|^524111^|^001^|^A^|^0^|^0^|^ ^|^0^|0|0|0|^ ^|^ ^|^ ^|^ ^|^^|^00^|^^|0|0|^^|^ ^
^2026^|^01^|^527560^|^015^|^08^|^CD^|^6212^|^FAL^|^06^|^51^|^2^|^004^|^100^|^ C^|^524113^|^001^|^A^|^0^|^0^|^ ^|^0^|0|0|0|^ ^|^ ^|^ ^|^ ^|^^|^00^|^^|0|0|^^|^ ^
^2026^|^01^|^527560^|^015^|^08^|^CD^|^6213^|^FAC^|^06^|^51^|^2^|^001^|^100^|^ A^|^521211^|^001^|^A^|^0^|^0^|^ ^|^0^|0|0|0|^ ^|^ ^|^ ^|^ ^|^^|^00^|^^|0|0|^^|^ ^
^2026^|^01^|^527560^|^015^|^08^|^CD^|^6213^|^FAE^|^06^|^51^|^2^|^009^|^100^|^ A^|^524111^|^001^|^A^|^0^|^0^|^ ^|^0^|0|0|0|^ ^|^ ^|^ ^|^ ^|^^|^00^|^^|0|0|^^|^ ^
^2026^|^01^|^527560^|^015^|^08^|^CD^|^6213^|^FAE^|^06^|^51^|^2^|^009^|^100^|^ A^|^524113^|^001^|^A^|^0^|^0^|^ ^|^0^|0|0|0|^ ^|^ ^|^ ^|^ ^|^^|^00^|^^|0|0|^^|^ ^
^2026^|^01^|^527560^|^015^|^08^|^CD^|^6213^|^FAL^|^06^|^51^|^2^|^003^|^100^|^ A^|^524111^|^001^|^A^|^0^|^0^|^ ^|^0^|0|0|0|^ ^|^ ^|^ ^|^ ^|^^|^00^|^^|0|0|^^|^ ^
^2026^|^01^|^527560^|^015^|^08^|^CD^|^6213^|^FAL^|^06^|^51^|^2^|^003^|^100^|^ A^|^524113^|^001^|^A^|^0^|^0^|^ ^|^0^|0|0|0|^ ^|^ ^|^ ^|^ ^|^^|^00^|^^|0|0|^^|^ ^
^2026^|^01^|^527560^|^015^|^08^|^CD^|^6214^|^FAL^|^06^|^51^|^2^|^002^|^100^|^ A^|^521211^|^001^|^A^|^0^|^0^|^ ^|^0^|0|0|0|^ ^|^ ^|^ ^|^ ^|^^|^00^|^^|0|0|^^|^ ^
^2026^|^01^|^527560^|^015^|^08^|^CD^|^6214^|^FAL^|^06^|^51^|^2^|^002^|^100^|^ B^|^521211^|^001^|^A^|^0^|^0^|^ ^|^0^|0|0|0|^ ^|^ ^|^ ^|^ ^|^^|^00^|^^|0|0|^^|^ ^
^2026^|^01^|^527560^|^015^|^08^|^CD^|^6215^|^FAH^|^06^|^51^|^2^|^003^|^100^|^ A^|^521211^|^001^|^A^|^0^|^0^|^ ^|^0^|0|0|0|^ ^|^ ^|^ ^|^ ^|^^|^00^|^^|0|0|^^|^ ^
^2026^|^01^|^527560^|^015^|^08^|^CD^|^6215^|^FAH^|^06^|^51^|^2^|^003^|^100^|^ B^|^524113^|^001^|^A^|^0^|^0^|^ ^|^0^|0|0|0|^ ^|^ ^|^ ^|^ ^|^^|^00^|^^|0|0|^^|^ ^
^2026^|^01^|^527560^|^015^|^08^|^WA^|^4715^|^EBA^|^06^|^51^|^2^|^001^|^100^|^ A^|^521811^|^001^|^A^|^0^|^0^|^ ^|^0^|0|0|0|^ ^|^ ^|^ ^|^ ^|^^|^00^|^^|0|0|^^|^ ^
^2026^|^01^|^527560^|^015^|^08^|^WA^|^4715^|^EBA^|^06^|^51^|^2^|^001^|^100^|^ A^|^524111^|^001^|^A^|^0^|^0^|^ ^|^0^|0|0|0|^ ^|^ ^|^ ^|^ ^|^^|^00^|^^|0|0|^^|^ ^
^2026^|^01^|^527560^|^015^|^08^|^WA^|^4715^|^EBA^|^06^|^51^|^2^|^001^|^100^|^ B^|^522151^|^001^|^A^|^0^|^0^|^ ^|^0^|0|0|0|^ ^|^ ^|^ ^|^ ^|^^|^00^|^^|0|0|^^|^ ^
^2026^|^01^|^527560^|^015^|^08^|^WA^|^4715^|^EBA^|^06^|^51^|^2^|^001^|^100^|^ B^|^524113^|^001^|^A^|^0^|^0^|^ ^|^0^|0|0|0|^ ^|^ ^|^ ^|^ ^|^^|^00^|^^|0|0|^^|^ ^
^2026^|^01^|^527560^|^015^|^08^|^WA^|^4715^|^EBA^|^06^|^51^|^2^|^994^|^002^|^ A^|^521111^|^001^|^A^|^0^|^0^|^ ^|^0^|0|0|0|^ ^|^ ^|^ ^|^ ^|^^|^00^|^^|0|0|^^|^ ^
^2026^|^01^|^527560^|^015^|^08^|^WA^|^4715^|^EBA^|^06^|^51^|^2^|^994^|^002^|^ A^|^521119^|^001^|^A^|^0^|^0^|^ ^|^0^|0|0|0|^ ^|^ ^|^ ^|^ ^|^^|^00^|^^|0|0|^^|^ ^
^2026^|^01^|^527560^|^015^|^08^|^WA^|^4715^|^EBA^|^06^|^51^|^2^|^994^|^002^|^ A^|^521811^|^001^|^A^|^0^|^0^|^ ^|^0^|0|0|0|^ ^|^ ^|^ ^|^ ^|^^|^00^|^^|0|0|^^|^ ^
^2026^|^01^|^527560^|^015^|^08^|^WA^|^4715^|^EBA^|^06^|^51^|^2^|^994^|^002^|^ B^|^521114^|^001^|^A^|^0^|^0^|^ ^|^0^|0|0|0|^ ^|^ ^|^ ^|^ ^|^^|^00^|^^|0|0|^^|^ ^
^2026^|^01^|^527560^|^015^|^08^|^WA^|^4715^|^EBA^|^06^|^51^|^2^|^994^|^002^|^ B^|^522111^|^001^|^A^|^0^|^0^|^ ^|^0^|0|0|0|^ ^|^ ^|^ ^|^ ^|^^|^00^|^^|0|0|^^|^ ^
^2026^|^01^|^527560^|^015^|^08^|^WA^|^4715^|^EBA^|^06^|^51^|^2^|^994^|^002^|^ B^|^522112^|^001^|^A^|^0^|^0^|^ ^|^0^|0|0|0|^ ^|^ ^|^ ^|^ ^|^^|^00^|^^|0|0|^^|^ ^
^2026^|^01^|^527560^|^015^|^08^|^WA^|^4715^|^EBA^|^06^|^51^|^2^|^994^|^002^|^ B^|^522113^|^001^|^A^|^0^|^0^|^ ^|^0^|0|0|0|^ ^|^ ^|^ ^|^ ^|^^|^00^|^^|0|0|^^|^ ^
^2026^|^01^|^527560^|^015^|^08^|^WA^|^4715^|^EBA^|^06^|^51^|^2^|^994^|^002^|^ B^|^522119^|^001^|^A^|^0^|^0^|^ ^|^0^|0|0|0|^ ^|^ ^|^ ^|^ ^|^^|^00^|^^|0|0|^^|^ ^
^2026^|^01^|^527560^|^015^|^08^|^WA^|^4715^|^EBA^|^06^|^51^|^2^|^994^|^002^|^ C^|^521113^|^001^|^A^|^0^|^0^|^ ^|^0^|0|0|0|^ ^|^ ^|^ ^|^ ^|^^|^00^|^^|0|0|^^|^ ^
^2026^|^01^|^527560^|^015^|^08^|^WA^|^4715^|^EBA^|^06^|^51^|^2^|^994^|^002^|^ C^|^521115^|^001^|^A^|^0^|^0^|^ ^|^0^|0|0|0|^ ^|^ ^|^ ^|^ ^|^^|^00^|^^|0|0|^^|^ ^
^2026^|^01^|^527560^|^015^|^08^|^WA^|^4715^|^EBA^|^06^|^51^|^2^|^994^|^002^|^ C^|^521119^|^001^|^A^|^0^|^0^|^ ^|^0^|0|0|0|^ ^|^ ^|^ ^|^ ^|^^|^00^|^^|0|0|^^|^ ^
^2026^|^01^|^527560^|^015^|^08^|^WA^|^4715^|^EBA^|^06^|^51^|^2^|^994^|^002^|^ D^|^523121^|^001^|^A^|^0^|^0^|^ ^|^0^|0|0|0|^ ^|^ ^|^ ^|^ ^|^^|^00^|^^|0|0|^^|^ ^
^2026^|^01^|^527560^|^015^|^08^|^WA^|^4715^|^EBA^|^06^|^51^|^2^|^994^|^002^|^TJ^|^523121^|^001^|^A^|^0^|^0^|^ ^|^0^|0|0|0|^ ^|^ ^|^ ^|^ ^|^^|^00^|^^|0|0|^^|^ ^
^2026^|^01^|^527560^|^015^|^08^|^WA^|^4715^|^EBA^|^06^|^51^|^2^|^002^|^100^|^ A^|^524111^|^001^|^A^|^0^|^0^|^ ^|^0^|0|0|0|^ ^|^ ^|^ ^|^ ^|^^|^00^|^^|0|0|^^|^ ^
^2026^|^01^|^527560^|^015^|^08^|^WA^|^4715^|^EBA^|^06^|^51^|^2^|^002^|^100^|^ A^|^524113^|^001^|^A^|^0^|^0^|^ ^|^0^|0|0|0|^ ^|^ ^|^ ^|^ ^|^^|^00^|^^|0|0|^^|^ ^
^2026^|^01^|^527560^|^015^|^08^|^WA^|^4715^|^EBD^|^06^|^51^|^2^|^Z36^|^100^|^ B^|^524113^|^001^|^A^|^0^|^0^|^ ^|^0^|0|0|0|^ ^|^ ^|^ ^|^ ^|^^|^00^|^^|0|0|^^|^ ^
^2026^|^01^|^527560^|^015^|^08^|^WA^|^4718^|^BMB^|^06^|^51^|^2^|^002^|^100^|^ A^|^521219^|^001^|^A^|^0^|^0^|^ ^|^0^|0|0|0|^ ^|^ ^|^ ^|^ ^|^^|^00^|^^|0|0|^^|^ ^
^2026^|^01^|^527560^|^015^|^08^|^WA^|^4718^|^BMB^|^06^|^51^|^2^|^001^|^100^|^ A^|^521211^|^001^|^A^|^0^|^0^|^ ^|^0^|0|0|0|^ ^|^ ^|^ ^|^ ^|^^|^00^|^^|0|0|^^|^ ^
^2026^|^01^|^527560^|^015^|^08^|^WA^|^4719^|^EBA^|^06^|^51^|^2^|^994^|^001^|^ A^|^511129^|^001^|^A^|^0^|^0^|^ ^|^0^|0|0|0|^ ^|^ ^|^ ^|^ ^|^^|^00^|^^|0|0|^^|^ ^
^2026^|^01^|^527560^|^015^|^08^|^WA^|^4719^|^EBA^|^06^|^51^|^2^|^994^|^001^|^ A^|^512211^|^001^|^A^|^0^|^0^|^ ^|^0^|0|0|0|^ ^|^ ^|^ ^|^ ^|^^|^00^|^^|0|0|^^|^ ^
^2026^|^01^|^527560^|^015^|^08^|^WA^|^4719^|^EBA^|^06^|^51^|^2^|^004^|^100^|^ A^|^521211^|^001^|^A^|^0^|^0^|^ ^|^0^|0|0|0|^ ^|^ ^|^ ^|^ ^|^^|^00^|^^|0|0|^^|^ ^
^2026^|^01^|^527560^|^015^|^08^|^WA^|^4719^|^EBC^|^06^|^51^|^2^|^001^|^100^|^XC^|^521211^|^001^|^A^|^0^|^0^|^ ^|^0^|0|0|0|^ ^|^ ^|^ ^|^ ^|^^|^00^|^^|0|0|^^|^ ^
^2026^|^01^|^527560^|^015^|^08^|^WA^|^4719^|^EBC^|^06^|^51^|^2^|^001^|^100^|^XC^|^522151^|^001^|^A^|^0^|^0^|^ ^|^0^|0|0|0|^ ^|^ ^|^ ^|^ ^|^^|^00^|^^|0|0|^^|^ ^
^2026^|^01^|^527560^|^015^|^08^|^WA^|^4719^|^EBC^|^06^|^51^|^2^|^001^|^100^|^XC^|^524113^|^001^|^A^|^0^|^0^|^ ^|^0^|0|0|0|^ ^|^ ^|^ ^|^ ^|^^|^00^|^^|0|0|^^|^ ^
^2026^|^01^|^527577^|^015^|^08^|^CD^|^6212^|^BMB^|^06^|^06^|^2^|^001^|^100^|^ A^|^524111^|^003^|^A^|^0^|^0^|^ ^|^0^|0|0|0|^ ^|^ ^|^ ^|^ ^|^^|^00^|^^|0|0|^^|^ ^
^2026^|^01^|^527577^|^015^|^08^|^CD^|^6212^|^BMB^|^06^|^06^|^2^|^001^|^100^|^ A^|^524113^|^003^|^A^|^0^|^0^|^ ^|^0^|0|0|0|^ ^|^ ^|^ ^|^ ^|^^|^00^|^^|0|0|^^|^ ^
^2026^|^01^|^527577^|^015^|^08^|^CD^|^6212^|^FAC^|^06^|^06^|^2^|^001^|^100^|^ A^|^521211^|^003^|^A^|^0^|^0^|^ ^|^0^|0|0|0|^ ^|^ ^|^ ^|^ ^|^^|^00^|^^|0|0|^^|^ ^
^2026^|^01^|^527577^|^015^|^08^|^CD^|^6212^|^FAC^|^06^|^06^|^2^|^001^|^100^|^ B^|^521211^|^003^|^A^|^0^|^0^|^ ^|^0^|0|0|0|^ ^|^ ^|^ ^|^ ^|^^|^00^|^^|0|0|^^|^ ^
^2026^|^01^|^527577^|^015^|^08^|^CD^|^6212^|^FAH^|^06^|^06^|^2^|^001^|^100^|^ A^|^521211^|^003^|^A^|^0^|^0^|^ ^|^0^|0|0|0|^ ^|^ ^|^ ^|^ ^|^^|^00^|^^|0|0|^^|^ ^
^2026^|^01^|^527577^|^015^|^08^|^CD^|^6212^|^FAL^|^06^|^06^|^2^|^004^|^100^|^ A^|^521211^|^003^|^A^|^0^|^0^|^ ^|^0^|0|0|0|^ ^|^ ^|^ ^|^ ^|^^|^00^|^^|0|0|^^|^ ^
^2026^|^01^|^527577^|^015^|^08^|^CD^|^6212^|^FAL^|^06^|^06^|^2^|^004^|^100^|^ B^|^521211^|^003^|^A^|^0^|^0^|^ ^|^0^|0|0|0|^ ^|^ ^|^ ^|^ ^|^^|^00^|^^|0|0|^^|^ ^
^2026^|^01^|^527577^|^015^|^08^|^CD^|^6212^|^FAL^|^06^|^06^|^2^|^004^|^100^|^ D^|^524111^|^003^|^A^|^0^|^0^|^ ^|^0^|0|0|0|^ ^|^ ^|^ ^|^ ^|^^|^00^|^^|0|0|^^|^ ^
^2026^|^01^|^527577^|^015^|^08^|^CD^|^6212^|^FAL^|^06^|^06^|^2^|^004^|^100^|^ D^|^524113^|^003^|^A^|^0^|^0^|^ ^|^0^|0|0|0|^ ^|^ ^|^ ^|^ ^|^^|^00^|^^|0|0|^^|^ ^
^2026^|^01^|^527577^|^015^|^08^|^CD^|^6213^|^FAC^|^06^|^06^|^2^|^001^|^100^|^ A^|^521211^|^003^|^A^|^0^|^0^|^ ^|^0^|0|0|0|^ ^|^ ^|^ ^|^ ^|^^|^00^|^^|0|0|^^|^ ^
^2026^|^01^|^527577^|^015^|^08^|^CD^|^6213^|^FAE^|^06^|^06^|^2^|^009^|^100^|^ A^|^524111^|^003^|^A^|^0^|^0^|^ ^|^0^|0|0|0|^ ^|^ ^|^ ^|^ ^|^^|^00^|^^|0|0|^^|^ ^
^2026^|^01^|^527577^|^015^|^08^|^CD^|^6213^|^FAE^|^06^|^06^|^2^|^009^|^100^|^ A^|^524113^|^003^|^A^|^0^|^0^|^ ^|^0^|0|0|0|^ ^|^ ^|^ ^|^ ^|^^|^00^|^^|0|0|^^|^ ^
^2026^|^01^|^527577^|^015^|^08^|^CD^|^6213^|^FAL^|^06^|^06^|^2^|^003^|^100^|^ A^|^524111^|^003^|^A^|^0^|^0^|^ ^|^0^|0|0|0|^ ^|^ ^|^ ^|^ ^|^^|^00^|^^|0|0|^^|^ ^
^2026^|^01^|^527577^|^015^|^08^|^CD^|^6213^|^FAL^|^06^|^06^|^2^|^003^|^100^|^ A^|^524113^|^003^|^A^|^0^|^0^|^ ^|^0^|0|0|0|^ ^|^ ^|^ ^|^ ^|^^|^00^|^^|0|0|^^|^ ^
^2026^|^01^|^527577^|^015^|^08^|^CD^|^6214^|^FAL^|^06^|^06^|^2^|^002^|^100^|^ A^|^521211^|^003^|^A^|^0^|^0^|^ ^|^0^|0|0|0|^ ^|^ ^|^ ^|^ ^|^^|^00^|^^|0|0|^^|^ ^
^2026^|^01^|^527577^|^015^|^08^|^CD^|^6214^|^FAL^|^06^|^06^|^2^|^002^|^100^|^ B^|^521211^|^003^|^A^|^0^|^0^|^ ^|^0^|0|0|0|^ ^|^ ^|^ ^|^ ^|^^|^00^|^^|0|0|^^|^ ^
^2026^|^01^|^527577^|^015^|^08^|^CD^|^6215^|^FAH^|^06^|^06^|^2^|^003^|^100^|^ A^|^521211^|^003^|^A^|^0^|^0^|^ ^|^0^|0|0|0|^ ^|^ ^|^ ^|^ ^|^^|^00^|^^|0|0|^^|^ ^
^2026^|^01^|^527577^|^015^|^08^|^CD^|^6215^|^FAH^|^06^|^06^|^2^|^003^|^100^|^ B^|^524111^|^003^|^A^|^0^|^0^|^ ^|^0^|0|0|0|^ ^|^ ^|^ ^|^ ^|^^|^00^|^^|0|0|^^|^ ^
^2026^|^01^|^527577^|^015^|^08^|^WA^|^4715^|^EBA^|^06^|^06^|^2^|^001^|^100^|^ A^|^521811^|^003^|^A^|^0^|^0^|^ ^|^0^|0|0|0|^ ^|^ ^|^ ^|^ ^|^^|^00^|^^|0|0|^^|^ ^
^2026^|^01^|^527577^|^015^|^08^|^WA^|^4715^|^EBA^|^06^|^06^|^2^|^001^|^100^|^ A^|^524111^|^003^|^A^|^0^|^0^|^ ^|^0^|0|0|0|^ ^|^ ^|^ ^|^ ^|^^|^00^|^^|0|0|^^|^ ^
^2026^|^01^|^527577^|^015^|^08^|^WA^|^4715^|^EBA^|^06^|^06^|^2^|^001^|^100^|^ B^|^522151^|^003^|^A^|^0^|^0^|^ ^|^0^|0|0|0|^ ^|^ ^|^ ^|^ ^|^^|^00^|^^|0|0|^^|^ ^
^2026^|^01^|^527577^|^015^|^08^|^WA^|^4715^|^EBA^|^06^|^06^|^2^|^001^|^100^|^ B^|^524111^|^003^|^A^|^0^|^0^|^ ^|^0^|0|0|0|^ ^|^ ^|^ ^|^ ^|^^|^00^|^^|0|0|^^|^ ^
^2026^|^01^|^527577^|^015^|^08^|^WA^|^4715^|^EBA^|^06^|^06^|^2^|^994^|^002^|^ A^|^521111^|^003^|^A^|^0^|^0^|^ ^|^0^|0|0|0|^ ^|^ ^|^ ^|^ ^|^^|^00^|^^|0|0|^^|^ ^
^2026^|^01^|^527577^|^015^|^08^|^WA^|^4715^|^EBA^|^06^|^06^|^2^|^994^|^002^|^ A^|^521119^|^003^|^A^|^0^|^0^|^ ^|^0^|0|0|0|^ ^|^ ^|^ ^|^ ^|^^|^00^|^^|0|0|^^|^ ^
^2026^|^01^|^527577^|^015^|^08^|^WA^|^4715^|^EBA^|^06^|^06^|^2^|^994^|^002^|^ A^|^521811^|^003^|^A^|^0^|^0^|^ ^|^0^|0|0|0|^ ^|^ ^|^ ^|^ ^|^^|^00^|^^|0|0|^^|^ ^
^2026^|^01^|^527577^|^015^|^08^|^WA^|^4715^|^EBA^|^06^|^06^|^2^|^994^|^002^|^ B^|^521114^|^003^|^A^|^0^|^0^|^ ^|^0^|0|0|0|^ ^|^ ^|^ ^|^ ^|^^|^00^|^^|0|0|^^|^ ^
^2026^|^01^|^527577^|^015^|^08^|^WA^|^4715^|^EBA^|^06^|^06^|^2^|^994^|^002^|^ B^|^522111^|^003^|^A^|^0^|^0^|^ ^|^0^|0|0|0|^ ^|^ ^|^ ^|^ ^|^^|^00^|^^|0|0|^^|^ ^
^2026^|^01^|^527577^|^015^|^08^|^WA^|^4715^|^EBA^|^06^|^06^|^2^|^994^|^002^|^ B^|^522113^|^003^|^A^|^0^|^0^|^ ^|^0^|0|0|0|^ ^|^ ^|^ ^|^ ^|^^|^00^|^^|0|0|^^|^ ^
^2026^|^01^|^527577^|^015^|^08^|^WA^|^4715^|^EBA^|^06^|^06^|^2^|^994^|^002^|^ C^|^521113^|^003^|^A^|^0^|^0^|^ ^|^0^|0|0|0|^ ^|^ ^|^ ^|^ ^|^^|^00^|^^|0|0|^^|^ ^
^2026^|^01^|^527577^|^015^|^08^|^WA^|^4715^|^EBA^|^06^|^06^|^2^|^994^|^002^|^ C^|^521115^|^003^|^A^|^0^|^0^|^ ^|^0^|0|0|0|^ ^|^ ^|^ ^|^ ^|^^|^00^|^^|0|0|^^|^ ^
^2026^|^01^|^527577^|^015^|^08^|^WA^|^4715^|^EBA^|^06^|^06^|^2^|^994^|^002^|^ C^|^521119^|^003^|^A^|^0^|^0^|^ ^|^0^|0|0|0|^ ^|^ ^|^ ^|^ ^|^^|^00^|^^|0|0|^^|^ ^
^2026^|^01^|^527577^|^015^|^08^|^WA^|^4715^|^EBA^|^06^|^06^|^2^|^994^|^002^|^ D^|^523121^|^003^|^A^|^0^|^0^|^ ^|^0^|0|0|0|^ ^|^ ^|^ ^|^ ^|^^|^00^|^^|0|0|^^|^ ^
^2026^|^01^|^527577^|^015^|^08^|^WA^|^4715^|^EBA^|^06^|^06^|^2^|^994^|^002^|^ G^|^523111^|^003^|^A^|^0^|^0^|^ ^|^0^|0|0|0|^ ^|^ ^|^ ^|^ ^|^^|^00^|^^|0|0|^^|^ ^
^2026^|^01^|^527577^|^015^|^08^|^WA^|^4715^|^EBA^|^06^|^06^|^2^|^994^|^002^|^ G^|^523119^|^003^|^A^|^0^|^0^|^ ^|^0^|0|0|0|^ ^|^ ^|^ ^|^ ^|^^|^00^|^^|0|0|^^|^ ^
^2026^|^01^|^527577^|^015^|^08^|^WA^|^4715^|^EBA^|^06^|^06^|^2^|^994^|^002^|^TJ^|^523121^|^003^|^A^|^0^|^0^|^ ^|^0^|0|0|0|^ ^|^ ^|^ ^|^ ^|^^|^00^|^^|0|0|^^|^ ^
^2026^|^01^|^527577^|^015^|^08^|^WA^|^4715^|^EBA^|^06^|^06^|^2^|^002^|^100^|^ A^|^524111^|^003^|^A^|^0^|^0^|^ ^|^0^|0|0|0|^ ^|^ ^|^ ^|^ ^|^^|^00^|^^|0|0|^^|^ ^
^2026^|^01^|^527577^|^015^|^08^|^WA^|^4715^|^EBA^|^06^|^06^|^2^|^002^|^100^|^ A^|^524113^|^003^|^A^|^0^|^0^|^ ^|^0^|0|0|0|^ ^|^ ^|^ ^|^ ^|^^|^00^|^^|0|0|^^|^ ^
^2026^|^01^|^527577^|^015^|^08^|^WA^|^4715^|^EBD^|^06^|^06^|^2^|^Z36^|^100^|^ B^|^524111^|^003^|^A^|^0^|^0^|^ ^|^0^|0|0|0|^ ^|^ ^|^ ^|^ ^|^^|^00^|^^|0|0|^^|^ ^
^2026^|^01^|^527577^|^015^|^08^|^WA^|^4718^|^BMB^|^06^|^06^|^2^|^002^|^100^|^ A^|^521219^|^003^|^A^|^0^|^0^|^ ^|^0^|0|0|0|^ ^|^ ^|^ ^|^ ^|^^|^00^|^^|0|0|^^|^ ^
^2026^|^01^|^527577^|^015^|^08^|^WA^|^4718^|^BMB^|^06^|^06^|^2^|^001^|^100^|^ A^|^521211^|^003^|^A^|^0^|^0^|^ ^|^0^|0|0|0|^ ^|^ ^|^ ^|^ ^|^^|^00^|^^|0|0|^^|^ ^
^2026^|^01^|^527577^|^015^|^08^|^WA^|^4719^|^EBA^|^06^|^06^|^2^|^994^|^001^|^ A^|^511129^|^003^|^A^|^0^|^0^|^ ^|^0^|0|0|0|^ ^|^ ^|^ ^|^ ^|^^|^00^|^^|0|0|^^|^ ^
^2026^|^01^|^527577^|^015^|^08^|^WA^|^4719^|^EBA^|^06^|^06^|^2^|^994^|^001^|^ A^|^512211^|^003^|^A^|^0^|^0^|^ ^|^0^|0|0|0|^ ^|^ ^|^ ^|^ ^|^^|^00^|^^|0|0|^^|^ ^
^2026^|^01^|^527577^|^015^|^08^|^WA^|^4719^|^EBA^|^06^|^06^|^2^|^004^|^100^|^ A^|^521211^|^003^|^A^|^0^|^0^|^ ^|^0^|0|0|0|^ ^|^ ^|^ ^|^ ^|^^|^00^|^^|0|0|^^|^ ^
^2026^|^01^|^527577^|^015^|^08^|^WA^|^4719^|^EBC^|^06^|^06^|^2^|^001^|^100^|^XC^|^521211^|^003^|^A^|^0^|^0^|^ ^|^0^|0|0|0|^ ^|^ ^|^ ^|^ ^|^^|^00^|^^|0|0|^^|^ ^
^2026^|^01^|^527577^|^015^|^08^|^WA^|^4719^|^EBC^|^06^|^06^|^2^|^001^|^100^|^XC^|^522151^|^003^|^A^|^0^|^0^|^ ^|^0^|0|0|0|^ ^|^ ^|^ ^|^ ^|^^|^00^|^^|0|0|^^|^ ^
^2026^|^01^|^527577^|^015^|^08^|^WA^|^4719^|^EBC^|^06^|^06^|^2^|^001^|^100^|^XC^|^524113^|^003^|^A^|^0^|^0^|^ ^|^0^|0|0|0|^ ^|^ ^|^ ^|^ ^|^^|^00^|^^|0|0|^^|^ ^
^2026^|^01^|^527610^|^015^|^08^|^CD^|^6212^|^BMB^|^06^|^08^|^2^|^001^|^100^|^ A^|^524111^|^105^|^A^|^0^|^0^|^ ^|^0^|0|0|0|^ ^|^ ^|^ ^|^ ^|^^|^00^|^^|0|0|^^|^ ^
^2026^|^01^|^527610^|^015^|^08^|^CD^|^6212^|^BMB^|^06^|^08^|^2^|^001^|^100^|^ A^|^524113^|^105^|^A^|^0^|^0^|^ ^|^0^|0|0|0|^ ^|^ ^|^ ^|^ ^|^^|^00^|^^|0|0|^^|^ ^
^2026^|^01^|^527610^|^015^|^08^|^CD^|^6212^|^FAC^|^06^|^08^|^2^|^001^|^100^|^ A^|^521211^|^105^|^A^|^0^|^0^|^ ^|^0^|0|0|0|^ ^|^ ^|^ ^|^ ^|^^|^00^|^^|0|0|^^|^ ^
^2026^|^01^|^527610^|^015^|^08^|^CD^|^6212^|^FAC^|^06^|^08^|^2^|^001^|^100^|^ B^|^521211^|^105^|^A^|^0^|^0^|^ ^|^0^|0|0|0|^ ^|^ ^|^ ^|^ ^|^^|^00^|^^|0|0|^^|^ ^
^2026^|^01^|^527610^|^015^|^08^|^CD^|^6212^|^FAH^|^06^|^08^|^2^|^001^|^100^|^ A^|^521211^|^105^|^A^|^0^|^0^|^ ^|^0^|0|0|0|^ ^|^ ^|^ ^|^ ^|^^|^00^|^^|0|0|^^|^ ^
^2026^|^01^|^527610^|^015^|^08^|^CD^|^6212^|^FAL^|^06^|^08^|^2^|^004^|^100^|^ A^|^521211^|^105^|^A^|^0^|^0^|^ ^|^0^|0|0|0|^ ^|^ ^|^ ^|^ ^|^^|^00^|^^|0|0|^^|^ ^
^2026^|^01^|^527610^|^015^|^08^|^CD^|^6212^|^FAL^|^06^|^08^|^2^|^004^|^100^|^ B^|^521211^|^105^|^A^|^0^|^0^|^ ^|^0^|0|0|0|^ ^|^ ^|^ ^|^ ^|^^|^00^|^^|0|0|^^|^ ^
^2026^|^01^|^527610^|^015^|^08^|^CD^|^6212^|^FAL^|^06^|^08^|^2^|^004^|^100^|^ D^|^524111^|^105^|^A^|^0^|^0^|^ ^|^0^|0|0|0|^ ^|^ ^|^ ^|^ ^|^^|^00^|^^|0|0|^^|^ ^
^2026^|^01^|^527610^|^015^|^08^|^CD^|^6212^|^FAL^|^06^|^08^|^2^|^004^|^100^|^ D^|^524113^|^105^|^A^|^0^|^0^|^ ^|^0^|0|0|0|^ ^|^ ^|^ ^|^ ^|^^|^00^|^^|0|0|^^|^ ^
^2026^|^01^|^527610^|^015^|^08^|^CD^|^6213^|^FAC^|^06^|^08^|^2^|^001^|^100^|^ A^|^521211^|^105^|^A^|^0^|^0^|^ ^|^0^|0|0|0|^ ^|^ ^|^ ^|^ ^|^^|^00^|^^|0|0|^^|^ ^
^2026^|^01^|^527610^|^015^|^08^|^CD^|^6213^|^FAE^|^06^|^08^|^2^|^009^|^100^|^ A^|^524111^|^105^|^A^|^0^|^0^|^ ^|^0^|0|0|0|^ ^|^ ^|^ ^|^ ^|^^|^00^|^^|0|0|^^|^ ^
^2026^|^01^|^527610^|^015^|^08^|^CD^|^6213^|^FAE^|^06^|^08^|^2^|^009^|^100^|^ A^|^524113^|^105^|^A^|^0^|^0^|^ ^|^0^|0|0|0|^ ^|^ ^|^ ^|^ ^|^^|^00^|^^|0|0|^^|^ ^
^2026^|^01^|^527610^|^015^|^08^|^CD^|^6213^|^FAL^|^06^|^08^|^2^|^003^|^100^|^ A^|^524111^|^105^|^A^|^0^|^0^|^ ^|^0^|0|0|0|^ ^|^ ^|^ ^|^ ^|^^|^00^|^^|0|0|^^|^ ^
^2026^|^01^|^527610^|^015^|^08^|^CD^|^6213^|^FAL^|^06^|^08^|^2^|^003^|^100^|^ A^|^524113^|^105^|^A^|^0^|^0^|^ ^|^0^|0|0|0|^ ^|^ ^|^ ^|^ ^|^^|^00^|^^|0|0|^^|^ ^
^2026^|^01^|^527610^|^015^|^08^|^CD^|^6214^|^FAL^|^06^|^08^|^2^|^002^|^100^|^ A^|^521211^|^105^|^A^|^0^|^0^|^ ^|^0^|0|0|0|^ ^|^ ^|^ ^|^ ^|^^|^00^|^^|0|0|^^|^ ^
^2026^|^01^|^527610^|^015^|^08^|^CD^|^6214^|^FAL^|^06^|^08^|^2^|^002^|^100^|^ B^|^521211^|^105^|^A^|^0^|^0^|^ ^|^0^|0|0|0|^ ^|^ ^|^ ^|^ ^|^^|^00^|^^|0|0|^^|^ ^
^2026^|^01^|^527610^|^015^|^08^|^CD^|^6215^|^FAH^|^06^|^08^|^2^|^003^|^100^|^ A^|^521211^|^105^|^A^|^0^|^0^|^ ^|^0^|0|0|0|^ ^|^ ^|^ ^|^ ^|^^|^00^|^^|0|0|^^|^ ^
^2026^|^01^|^527610^|^015^|^08^|^CD^|^6215^|^FAH^|^06^|^08^|^2^|^003^|^100^|^ B^|^524111^|^105^|^A^|^0^|^0^|^ ^|^0^|0|0|0|^ ^|^ ^|^ ^|^ ^|^^|^00^|^^|0|0|^^|^ ^
^2026^|^01^|^527610^|^015^|^08^|^WA^|^4715^|^EBA^|^06^|^08^|^2^|^001^|^100^|^ A^|^521811^|^105^|^A^|^0^|^0^|^ ^|^0^|0|0|0|^ ^|^ ^|^ ^|^ ^|^^|^00^|^^|0|0|^^|^ ^
^2026^|^01^|^527610^|^015^|^08^|^WA^|^4715^|^EBA^|^06^|^08^|^2^|^001^|^100^|^ B^|^522151^|^105^|^A^|^0^|^0^|^ ^|^0^|0|0|0|^ ^|^ ^|^ ^|^ ^|^^|^00^|^^|0|0|^^|^ ^
^2026^|^01^|^527610^|^015^|^08^|^WA^|^4715^|^EBA^|^06^|^08^|^2^|^001^|^100^|^ B^|^524111^|^105^|^A^|^0^|^0^|^ ^|^0^|0|0|0|^ ^|^ ^|^ ^|^ ^|^^|^00^|^^|0|0|^^|^ ^
^2026^|^01^|^527610^|^015^|^08^|^WA^|^4715^|^EBA^|^06^|^08^|^2^|^994^|^002^|^ A^|^521111^|^105^|^A^|^0^|^0^|^ ^|^0^|0|0|0|^ ^|^ ^|^ ^|^ ^|^^|^00^|^^|0|0|^^|^ ^
^2026^|^01^|^527610^|^015^|^08^|^WA^|^4715^|^EBA^|^06^|^08^|^2^|^994^|^002^|^ A^|^521119^|^105^|^A^|^0^|^0^|^ ^|^0^|0|0|0|^ ^|^ ^|^ ^|^ ^|^^|^00^|^^|0|0|^^|^ ^
^2026^|^01^|^527610^|^015^|^08^|^WA^|^4715^|^EBA^|^06^|^08^|^2^|^994^|^002^|^ A^|^521811^|^105^|^A^|^0^|^0^|^ ^|^0^|0|0|0|^ ^|^ ^|^ ^|^ ^|^^|^00^|^^|0|0|^^|^ ^
^2026^|^01^|^527610^|^015^|^08^|^WA^|^4715^|^EBA^|^06^|^08^|^2^|^994^|^002^|^ B^|^521114^|^105^|^A^|^0^|^0^|^ ^|^0^|0|0|0|^ ^|^ ^|^ ^|^ ^|^^|^00^|^^|0|0|^^|^ ^
^2026^|^01^|^527610^|^015^|^08^|^WA^|^4715^|^EBA^|^06^|^08^|^2^|^994^|^002^|^ C^|^521113^|^105^|^A^|^0^|^0^|^ ^|^0^|0|0|0|^ ^|^ ^|^ ^|^ ^|^^|^00^|^^|0|0|^^|^ ^
^2026^|^01^|^527610^|^015^|^08^|^WA^|^4715^|^EBA^|^06^|^08^|^2^|^994^|^002^|^ C^|^521115^|^105^|^A^|^0^|^0^|^ ^|^0^|0|0|0|^ ^|^ ^|^ ^|^ ^|^^|^00^|^^|0|0|^^|^ ^
^2026^|^01^|^527610^|^015^|^08^|^WA^|^4715^|^EBA^|^06^|^08^|^2^|^994^|^002^|^ C^|^521119^|^105^|^A^|^0^|^0^|^ ^|^0^|0|0|0|^ ^|^ ^|^ ^|^ ^|^^|^00^|^^|0|0|^^|^ ^
^2026^|^01^|^527610^|^015^|^08^|^WA^|^4715^|^EBA^|^06^|^08^|^2^|^994^|^002^|^ D^|^523121^|^105^|^A^|^0^|^0^|^ ^|^0^|0|0|0|^ ^|^ ^|^ ^|^ ^|^^|^00^|^^|0|0|^^|^ ^
^2026^|^01^|^527610^|^015^|^08^|^WA^|^4715^|^EBA^|^06^|^08^|^2^|^994^|^002^|^ G^|^523111^|^105^|^A^|^0^|^0^|^ ^|^0^|0|0|0|^ ^|^ ^|^ ^|^ ^|^^|^00^|^^|0|0|^^|^ ^
^2026^|^01^|^527610^|^015^|^08^|^WA^|^4715^|^EBA^|^06^|^08^|^2^|^994^|^002^|^ G^|^523119^|^105^|^A^|^0^|^0^|^ ^|^0^|0|0|0|^ ^|^ ^|^ ^|^ ^|^^|^00^|^^|0|0|^^|^ ^
^2026^|^01^|^527610^|^015^|^08^|^WA^|^4715^|^EBA^|^06^|^08^|^2^|^994^|^002^|^TJ^|^523121^|^105^|^A^|^0^|^0^|^ ^|^0^|0|0|0|^ ^|^ ^|^ ^|^ ^|^^|^00^|^^|0|0|^^|^ ^
^2026^|^01^|^527610^|^015^|^08^|^WA^|^4715^|^EBA^|^06^|^08^|^2^|^002^|^100^|^ A^|^524111^|^105^|^A^|^0^|^0^|^ ^|^0^|0|0|0|^ ^|^ ^|^ ^|^ ^|^^|^00^|^^|0|0|^^|^ ^
^2026^|^01^|^527610^|^015^|^08^|^WA^|^4715^|^EBA^|^06^|^08^|^2^|^002^|^100^|^ A^|^524113^|^105^|^A^|^0^|^0^|^ ^|^0^|0|0|0|^ ^|^ ^|^ ^|^ ^|^^|^00^|^^|0|0|^^|^ ^
^2026^|^01^|^527610^|^015^|^08^|^WA^|^4715^|^EBD^|^06^|^08^|^2^|^Z36^|^100^|^ B^|^524111^|^105^|^A^|^0^|^0^|^ ^|^0^|0|0|0|^ ^|^ ^|^ ^|^ ^|^^|^00^|^^|0|0|^^|^ ^
^2026^|^01^|^527610^|^015^|^08^|^WA^|^4718^|^BMB^|^06^|^08^|^2^|^002^|^100^|^ A^|^521219^|^105^|^A^|^0^|^0^|^ ^|^0^|0|0|0|^ ^|^ ^|^ ^|^ ^|^^|^00^|^^|0|0|^^|^ ^
^2026^|^01^|^527610^|^015^|^08^|^WA^|^4718^|^BMB^|^06^|^08^|^2^|^001^|^100^|^ A^|^521211^|^105^|^A^|^0^|^0^|^ ^|^0^|0|0|0|^ ^|^ ^|^ ^|^ ^|^^|^00^|^^|0|0|^^|^ ^
^2026^|^01^|^527610^|^015^|^08^|^WA^|^4719^|^EBA^|^06^|^08^|^2^|^994^|^001^|^ A^|^511129^|^105^|^A^|^0^|^0^|^ ^|^0^|0|0|0|^ ^|^ ^|^ ^|^ ^|^^|^00^|^^|0|0|^^|^ ^
^2026^|^01^|^527610^|^015^|^08^|^WA^|^4719^|^EBA^|^06^|^08^|^2^|^994^|^001^|^ A^|^512211^|^105^|^A^|^0^|^0^|^ ^|^0^|0|0|0|^ ^|^ ^|^ ^|^ ^|^^|^00^|^^|0|0|^^|^ ^
^2026^|^01^|^527610^|^015^|^08^|^WA^|^4719^|^EBA^|^06^|^08^|^2^|^004^|^100^|^ A^|^521211^|^105^|^A^|^0^|^0^|^ ^|^0^|0|0|0|^ ^|^ ^|^ ^|^ ^|^^|^00^|^^|0|0|^^|^ ^
^2026^|^01^|^527610^|^015^|^08^|^WA^|^4719^|^EBC^|^06^|^08^|^2^|^001^|^100^|^XC^|^521211^|^105^|^A^|^0^|^0^|^ ^|^0^|0|0|0|^ ^|^ ^|^ ^|^ ^|^^|^00^|^^|0|0|^^|^ ^
^2026^|^01^|^527610^|^015^|^08^|^WA^|^4719^|^EBC^|^06^|^08^|^2^|^001^|^100^|^XC^|^522151^|^105^|^A^|^0^|^0^|^ ^|^0^|0|0|0|^ ^|^ ^|^ ^|^ ^|^^|^00^|^^|0|0|^^|^ ^
^2026^|^01^|^527610^|^015^|^08^|^WA^|^4719^|^EBC^|^06^|^08^|^2^|^001^|^100^|^XC^|^524113^|^105^|^A^|^0^|^0^|^ ^|^0^|0|0|0|^ ^|^ ^|^ ^|^ ^|^^|^00^|^^|0|0|^^|^ ^
^2026^|^01^|^527603^|^015^|^08^|^CD^|^6212^|^BMB^|^06^|^54^|^2^|^001^|^100^|^ A^|^524111^|^089^|^A^|^0^|^0^|^ ^|^0^|0|0|0|^ ^|^ ^|^ ^|^ ^|^^|^00^|^^|0|0|^^|^ ^
^2026^|^01^|^527603^|^015^|^08^|^CD^|^6212^|^FAC^|^06^|^54^|^2^|^001^|^100^|^ A^|^521211^|^089^|^A^|^0^|^0^|^ ^|^0^|0|0|0|^ ^|^ ^|^ ^|^ ^|^^|^00^|^^|0|0|^^|^ ^
^2026^|^01^|^527603^|^015^|^08^|^CD^|^6212^|^FAC^|^06^|^54^|^2^|^001^|^100^|^ B^|^521211^|^089^|^A^|^0^|^0^|^ ^|^0^|0|0|0|^ ^|^ ^|^ ^|^ ^|^^|^00^|^^|0|0|^^|^ ^
^2026^|^01^|^527603^|^015^|^08^|^CD^|^6212^|^FAH^|^06^|^54^|^2^|^001^|^100^|^ A^|^521211^|^089^|^A^|^0^|^0^|^ ^|^0^|0|0|0|^ ^|^ ^|^ ^|^ ^|^^|^00^|^^|0|0|^^|^ ^
^2026^|^01^|^527603^|^015^|^08^|^CD^|^6212^|^FAL^|^06^|^54^|^2^|^004^|^100^|^ A^|^521211^|^089^|^A^|^0^|^0^|^ ^|^0^|0|0|0|^ ^|^ ^|^ ^|^ ^|^^|^00^|^^|0|0|^^|^ ^
^2026^|^01^|^527603^|^015^|^08^|^CD^|^6212^|^FAL^|^06^|^54^|^2^|^004^|^100^|^ B^|^521211^|^089^|^A^|^0^|^0^|^ ^|^0^|0|0|0|^ ^|^ ^|^ ^|^ ^|^^|^00^|^^|0|0|^^|^ ^
^2026^|^01^|^527603^|^015^|^08^|^CD^|^6212^|^FAL^|^06^|^54^|^2^|^004^|^100^|^ C^|^524111^|^089^|^A^|^0^|^0^|^ ^|^0^|0|0|0|^ ^|^ ^|^ ^|^ ^|^^|^00^|^^|0|0|^^|^ ^
^2026^|^01^|^527603^|^015^|^08^|^CD^|^6213^|^FAC^|^06^|^54^|^2^|^001^|^100^|^ A^|^521211^|^089^|^A^|^0^|^0^|^ ^|^0^|0|0|0|^ ^|^ ^|^ ^|^ ^|^^|^00^|^^|0|0|^^|^ ^
^2026^|^01^|^527603^|^015^|^08^|^CD^|^6213^|^FAE^|^06^|^54^|^2^|^009^|^100^|^ A^|^524111^|^089^|^A^|^0^|^0^|^ ^|^0^|0|0|0|^ ^|^ ^|^ ^|^ ^|^^|^00^|^^|0|0|^^|^ ^
^2026^|^01^|^527603^|^015^|^08^|^CD^|^6213^|^FAL^|^06^|^54^|^2^|^003^|^100^|^ A^|^524111^|^089^|^A^|^0^|^0^|^ ^|^0^|0|0|0|^ ^|^ ^|^ ^|^ ^|^^|^00^|^^|0|0|^^|^ ^
^2026^|^01^|^527603^|^015^|^08^|^CD^|^6214^|^FAL^|^06^|^54^|^2^|^002^|^100^|^ A^|^521211^|^089^|^A^|^0^|^0^|^ ^|^0^|0|0|0|^ ^|^ ^|^ ^|^ ^|^^|^00^|^^|0|0|^^|^ ^
^2026^|^01^|^527603^|^015^|^08^|^CD^|^6214^|^FAL^|^06^|^54^|^2^|^002^|^100^|^ B^|^521211^|^089^|^A^|^0^|^0^|^ ^|^0^|0|0|0|^ ^|^ ^|^ ^|^ ^|^^|^00^|^^|0|0|^^|^ ^
^2026^|^01^|^527603^|^015^|^08^|^CD^|^6215^|^FAH^|^06^|^54^|^2^|^003^|^100^|^ A^|^521211^|^089^|^A^|^0^|^0^|^ ^|^0^|0|0|0|^ ^|^ ^|^ ^|^ ^|^^|^00^|^^|0|0|^^|^ ^
^2026^|^01^|^527603^|^015^|^08^|^CD^|^6215^|^FAH^|^06^|^54^|^2^|^003^|^100^|^ B^|^524111^|^089^|^A^|^0^|^0^|^ ^|^0^|0|0|0|^ ^|^ ^|^ ^|^ ^|^^|^00^|^^|0|0|^^|^ ^
^2026^|^01^|^527603^|^015^|^08^|^WA^|^4715^|^EBA^|^06^|^54^|^2^|^001^|^100^|^ A^|^521811^|^089^|^A^|^0^|^0^|^ ^|^0^|0|0|0|^ ^|^ ^|^ ^|^ ^|^^|^00^|^^|0|0|^^|^ ^
^2026^|^01^|^527603^|^015^|^08^|^WA^|^4715^|^EBA^|^06^|^54^|^2^|^001^|^100^|^ B^|^522151^|^089^|^A^|^0^|^0^|^ ^|^0^|0|0|0|^ ^|^ ^|^ ^|^ ^|^^|^00^|^^|0|0|^^|^ ^
^2026^|^01^|^527603^|^015^|^08^|^WA^|^4715^|^EBA^|^06^|^54^|^2^|^001^|^100^|^ B^|^524111^|^089^|^A^|^0^|^0^|^ ^|^0^|0|0|0|^ ^|^ ^|^ ^|^ ^|^^|^00^|^^|0|0|^^|^ ^
^2026^|^01^|^527603^|^015^|^08^|^WA^|^4715^|^EBA^|^06^|^54^|^2^|^994^|^002^|^ A^|^521111^|^089^|^A^|^0^|^0^|^ ^|^0^|0|0|0|^ ^|^ ^|^ ^|^ ^|^^|^00^|^^|0|0|^^|^ ^
^2026^|^01^|^527603^|^015^|^08^|^WA^|^4715^|^EBA^|^06^|^54^|^2^|^994^|^002^|^ A^|^521119^|^089^|^A^|^0^|^0^|^ ^|^0^|0|0|0|^ ^|^ ^|^ ^|^ ^|^^|^00^|^^|0|0|^^|^ ^
^2026^|^01^|^527603^|^015^|^08^|^WA^|^4715^|^EBA^|^06^|^54^|^2^|^994^|^002^|^ A^|^521811^|^089^|^A^|^0^|^0^|^ ^|^0^|0|0|0|^ ^|^ ^|^ ^|^ ^|^^|^00^|^^|0|0|^^|^ ^
^2026^|^01^|^527603^|^015^|^08^|^WA^|^4715^|^EBA^|^06^|^54^|^2^|^994^|^002^|^ B^|^521114^|^089^|^A^|^0^|^0^|^ ^|^0^|0|0|0|^ ^|^ ^|^ ^|^ ^|^^|^00^|^^|0|0|^^|^ ^
^2026^|^01^|^527603^|^015^|^08^|^WA^|^4715^|^EBA^|^06^|^54^|^2^|^994^|^002^|^ C^|^521113^|^089^|^A^|^0^|^0^|^ ^|^0^|0|0|0|^ ^|^ ^|^ ^|^ ^|^^|^00^|^^|0|0|^^|^ ^
^2026^|^01^|^527603^|^015^|^08^|^WA^|^4715^|^EBA^|^06^|^54^|^2^|^994^|^002^|^ C^|^521115^|^089^|^A^|^0^|^0^|^ ^|^0^|0|0|0|^ ^|^ ^|^ ^|^ ^|^^|^00^|^^|0|0|^^|^ ^
^2026^|^01^|^527603^|^015^|^08^|^WA^|^4715^|^EBA^|^06^|^54^|^2^|^994^|^002^|^ C^|^521119^|^089^|^A^|^0^|^0^|^ ^|^0^|0|0|0|^ ^|^ ^|^ ^|^ ^|^^|^00^|^^|0|0|^^|^ ^
^2026^|^01^|^527603^|^015^|^08^|^WA^|^4715^|^EBA^|^06^|^54^|^2^|^994^|^002^|^ D^|^523121^|^089^|^A^|^0^|^0^|^ ^|^0^|0|0|0|^ ^|^ ^|^ ^|^ ^|^^|^00^|^^|0|0|^^|^ ^
^2026^|^01^|^527603^|^015^|^08^|^WA^|^4715^|^EBA^|^06^|^54^|^2^|^994^|^002^|^ E^|^523111^|^089^|^A^|^0^|^0^|^ ^|^0^|0|0|0|^ ^|^ ^|^ ^|^ ^|^^|^00^|^^|0|0|^^|^ ^
^2026^|^01^|^527603^|^015^|^08^|^WA^|^4715^|^EBA^|^06^|^54^|^2^|^994^|^002^|^ E^|^523119^|^089^|^A^|^0^|^0^|^ ^|^0^|0|0|0|^ ^|^ ^|^ ^|^ ^|^^|^00^|^^|0|0|^^|^ ^
^2026^|^01^|^527603^|^015^|^08^|^WA^|^4715^|^EBA^|^06^|^54^|^2^|^994^|^002^|^TJ^|^523121^|^089^|^A^|^0^|^0^|^ ^|^0^|0|0|0|^ ^|^ ^|^ ^|^ ^|^^|^00^|^^|0|0|^^|^ ^
^2026^|^01^|^527603^|^015^|^08^|^WA^|^4715^|^EBA^|^06^|^54^|^2^|^002^|^100^|^ A^|^524111^|^089^|^A^|^0^|^0^|^ ^|^0^|0|0|0|^ ^|^ ^|^ ^|^ ^|^^|^00^|^^|0|0|^^|^ ^
^2026^|^01^|^527603^|^015^|^08^|^WA^|^4715^|^EBD^|^06^|^54^|^2^|^Z36^|^100^|^ B^|^524111^|^089^|^A^|^0^|^0^|^ ^|^0^|0|0|0|^ ^|^ ^|^ ^|^ ^|^^|^00^|^^|0|0|^^|^ ^
^2026^|^01^|^527603^|^015^|^08^|^WA^|^4718^|^BMB^|^06^|^54^|^2^|^002^|^100^|^ A^|^521219^|^089^|^A^|^0^|^0^|^ ^|^0^|0|0|0|^ ^|^ ^|^ ^|^ ^|^^|^00^|^^|0|0|^^|^ ^
^2026^|^01^|^527603^|^015^|^08^|^WA^|^4718^|^BMB^|^06^|^54^|^2^|^001^|^100^|^ A^|^521211^|^089^|^A^|^0^|^0^|^ ^|^0^|0|0|0|^ ^|^ ^|^ ^|^ ^|^^|^00^|^^|0|0|^^|^ ^
^2026^|^01^|^527603^|^015^|^08^|^WA^|^4719^|^EBA^|^06^|^54^|^2^|^994^|^001^|^ A^|^511129^|^089^|^A^|^0^|^0^|^ ^|^0^|0|0|0|^ ^|^ ^|^ ^|^ ^|^^|^00^|^^|0|0|^^|^ ^
^2026^|^01^|^527603^|^015^|^08^|^WA^|^4719^|^EBA^|^06^|^54^|^2^|^994^|^001^|^ A^|^512211^|^089^|^A^|^0^|^0^|^ ^|^0^|0|0|0|^ ^|^ ^|^ ^|^ ^|^^|^00^|^^|0|0|^^|^ ^
^2026^|^01^|^527603^|^015^|^08^|^WA^|^4719^|^EBA^|^06^|^54^|^2^|^004^|^100^|^ A^|^521211^|^089^|^A^|^0^|^0^|^ ^|^0^|0|0|0|^ ^|^ ^|^ ^|^ ^|^^|^00^|^^|0|0|^^|^ ^
^2026^|^01^|^527603^|^015^|^08^|^WA^|^4719^|^EBC^|^06^|^54^|^2^|^001^|^100^|^XC^|^521211^|^089^|^A^|^0^|^0^|^ ^|^0^|0|0|0|^ ^|^ ^|^ ^|^ ^|^^|^00^|^^|0|0|^^|^ ^
^2026^|^01^|^527603^|^015^|^08^|^WA^|^4719^|^EBC^|^06^|^54^|^2^|^001^|^100^|^XC^|^524113^|^089^|^A^|^0^|^0^|^ ^|^0^|0|0|0|^ ^|^ ^|^ ^|^ ^|^^|^00^|^^|0|0|^^|^ ^
^2026^|^01^|^527598^|^015^|^08^|^CD^|^6212^|^BMB^|^06^|^05^|^2^|^001^|^100^|^ A^|^524111^|^074^|^A^|^0^|^0^|^ ^|^0^|0|0|0|^ ^|^ ^|^ ^|^ ^|^^|^00^|^^|0|0|^^|^ ^
^2026^|^01^|^527598^|^015^|^08^|^CD^|^6212^|^BMB^|^06^|^05^|^2^|^001^|^100^|^ A^|^524113^|^074^|^A^|^0^|^0^|^ ^|^0^|0|0|0|^ ^|^ ^|^ ^|^ ^|^^|^00^|^^|0|0|^^|^ ^
^2026^|^01^|^527598^|^015^|^08^|^CD^|^6212^|^FAC^|^06^|^05^|^2^|^001^|^100^|^ A^|^521211^|^074^|^A^|^0^|^0^|^ ^|^0^|0|0|0|^ ^|^ ^|^ ^|^ ^|^^|^00^|^^|0|0|^^|^ ^
^2026^|^01^|^527598^|^015^|^08^|^CD^|^6212^|^FAC^|^06^|^05^|^2^|^001^|^100^|^ B^|^521211^|^074^|^A^|^0^|^0^|^ ^|^0^|0|0|0|^ ^|^ ^|^ ^|^ ^|^^|^00^|^^|0|0|^^|^ ^
^2026^|^01^|^527598^|^015^|^08^|^CD^|^6212^|^FAH^|^06^|^05^|^2^|^001^|^100^|^ A^|^521211^|^074^|^A^|^0^|^0^|^ ^|^0^|0|0|0|^ ^|^ ^|^ ^|^ ^|^^|^00^|^^|0|0|^^|^ ^
^2026^|^01^|^527598^|^015^|^08^|^CD^|^6212^|^FAL^|^06^|^05^|^2^|^004^|^100^|^ A^|^521211^|^074^|^A^|^0^|^0^|^ ^|^0^|0|0|0|^ ^|^ ^|^ ^|^ ^|^^|^00^|^^|0|0|^^|^ ^
^2026^|^01^|^527598^|^015^|^08^|^CD^|^6212^|^FAL^|^06^|^05^|^2^|^004^|^100^|^ B^|^521211^|^074^|^A^|^0^|^0^|^ ^|^0^|0|0|0|^ ^|^ ^|^ ^|^ ^|^^|^00^|^^|0|0|^^|^ ^
^2026^|^01^|^527598^|^015^|^08^|^CD^|^6212^|^FAL^|^06^|^05^|^2^|^004^|^100^|^ D^|^524111^|^074^|^A^|^0^|^0^|^ ^|^0^|0|0|0|^ ^|^ ^|^ ^|^ ^|^^|^00^|^^|0|0|^^|^ ^
^2026^|^01^|^527598^|^015^|^08^|^CD^|^6212^|^FAL^|^06^|^05^|^2^|^004^|^100^|^ D^|^524113^|^074^|^A^|^0^|^0^|^ ^|^0^|0|0|0|^ ^|^ ^|^ ^|^ ^|^^|^00^|^^|0|0|^^|^ ^
^2026^|^01^|^527598^|^015^|^08^|^CD^|^6213^|^FAC^|^06^|^05^|^2^|^001^|^100^|^ A^|^521211^|^074^|^A^|^0^|^0^|^ ^|^0^|0|0|0|^ ^|^ ^|^ ^|^ ^|^^|^00^|^^|0|0|^^|^ ^
^2026^|^01^|^527598^|^015^|^08^|^CD^|^6213^|^FAE^|^06^|^05^|^2^|^009^|^100^|^ A^|^524111^|^074^|^A^|^0^|^0^|^ ^|^0^|0|0|0|^ ^|^ ^|^ ^|^ ^|^^|^00^|^^|0|0|^^|^ ^
^2026^|^01^|^527598^|^015^|^08^|^CD^|^6213^|^FAE^|^06^|^05^|^2^|^009^|^100^|^ A^|^524113^|^074^|^A^|^0^|^0^|^ ^|^0^|0|0|0|^ ^|^ ^|^ ^|^ ^|^^|^00^|^^|0|0|^^|^ ^
^2026^|^01^|^527598^|^015^|^08^|^CD^|^6213^|^FAL^|^06^|^05^|^2^|^003^|^100^|^ A^|^524111^|^074^|^A^|^0^|^0^|^ ^|^0^|0|0|0|^ ^|^ ^|^ ^|^ ^|^^|^00^|^^|0|0|^^|^ ^
^2026^|^01^|^527598^|^015^|^08^|^CD^|^6213^|^FAL^|^06^|^05^|^2^|^003^|^100^|^ A^|^524113^|^074^|^A^|^0^|^0^|^ ^|^0^|0|0|0|^ ^|^ ^|^ ^|^ ^|^^|^00^|^^|0|0|^^|^ ^
^2026^|^01^|^527598^|^015^|^08^|^CD^|^6214^|^FAL^|^06^|^05^|^2^|^002^|^100^|^ A^|^521211^|^074^|^A^|^0^|^0^|^ ^|^0^|0|0|0|^ ^|^ ^|^ ^|^ ^|^^|^00^|^^|0|0|^^|^ ^
^2026^|^01^|^527598^|^015^|^08^|^CD^|^6214^|^FAL^|^06^|^05^|^2^|^002^|^100^|^ B^|^521211^|^074^|^A^|^0^|^0^|^ ^|^0^|0|0|0|^ ^|^ ^|^ ^|^ ^|^^|^00^|^^|0|0|^^|^ ^
^2026^|^01^|^527598^|^015^|^08^|^CD^|^6215^|^FAH^|^06^|^05^|^2^|^003^|^100^|^ A^|^521211^|^074^|^A^|^0^|^0^|^ ^|^0^|0|0|0|^ ^|^ ^|^ ^|^ ^|^^|^00^|^^|0|0|^^|^ ^
^2026^|^01^|^527598^|^015^|^08^|^CD^|^6215^|^FAH^|^06^|^05^|^2^|^003^|^100^|^ B^|^524111^|^074^|^A^|^0^|^0^|^ ^|^0^|0|0|0|^ ^|^ ^|^ ^|^ ^|^^|^00^|^^|0|0|^^|^ ^
^2026^|^01^|^527598^|^015^|^08^|^WA^|^4715^|^EBA^|^06^|^05^|^2^|^001^|^100^|^ A^|^521811^|^074^|^A^|^0^|^0^|^ ^|^0^|0|0|0|^ ^|^ ^|^ ^|^ ^|^^|^00^|^^|0|0|^^|^ ^
^2026^|^01^|^527598^|^015^|^08^|^WA^|^4715^|^EBA^|^06^|^05^|^2^|^001^|^100^|^ B^|^522151^|^074^|^A^|^0^|^0^|^ ^|^0^|0|0|0|^ ^|^ ^|^ ^|^ ^|^^|^00^|^^|0|0|^^|^ ^
^2026^|^01^|^527598^|^015^|^08^|^WA^|^4715^|^EBA^|^06^|^05^|^2^|^001^|^100^|^ B^|^524111^|^074^|^A^|^0^|^0^|^ ^|^0^|0|0|0|^ ^|^ ^|^ ^|^ ^|^^|^00^|^^|0|0|^^|^ ^
^2026^|^01^|^527598^|^015^|^08^|^WA^|^4715^|^EBA^|^06^|^05^|^2^|^994^|^002^|^ A^|^521111^|^074^|^A^|^0^|^0^|^ ^|^0^|0|0|0|^ ^|^ ^|^ ^|^ ^|^^|^00^|^^|0|0|^^|^ ^
^2026^|^01^|^527598^|^015^|^08^|^WA^|^4715^|^EBA^|^06^|^05^|^2^|^994^|^002^|^ A^|^521119^|^074^|^A^|^0^|^0^|^ ^|^0^|0|0|0|^ ^|^ ^|^ ^|^ ^|^^|^00^|^^|0|0|^^|^ ^
^2026^|^01^|^527598^|^015^|^08^|^WA^|^4715^|^EBA^|^06^|^05^|^2^|^994^|^002^|^ A^|^521811^|^074^|^A^|^0^|^0^|^ ^|^0^|0|0|0|^ ^|^ ^|^ ^|^ ^|^^|^00^|^^|0|0|^^|^ ^
^2026^|^01^|^527598^|^015^|^08^|^WA^|^4715^|^EBA^|^06^|^05^|^2^|^994^|^002^|^ B^|^521114^|^074^|^A^|^0^|^0^|^ ^|^0^|0|0|0|^ ^|^ ^|^ ^|^ ^|^^|^00^|^^|0|0|^^|^ ^
^2026^|^01^|^527598^|^015^|^08^|^WA^|^4715^|^EBA^|^06^|^05^|^2^|^994^|^002^|^ B^|^522113^|^074^|^A^|^0^|^0^|^ ^|^0^|0|0|0|^ ^|^ ^|^ ^|^ ^|^^|^00^|^^|0|0|^^|^ ^
^2026^|^01^|^527598^|^015^|^08^|^WA^|^4715^|^EBA^|^06^|^05^|^2^|^994^|^002^|^ C^|^521113^|^074^|^A^|^0^|^0^|^ ^|^0^|0|0|0|^ ^|^ ^|^ ^|^ ^|^^|^00^|^^|0|0|^^|^ ^
^2026^|^01^|^527598^|^015^|^08^|^WA^|^4715^|^EBA^|^06^|^05^|^2^|^994^|^002^|^ C^|^521115^|^074^|^A^|^0^|^0^|^ ^|^0^|0|0|0|^ ^|^ ^|^ ^|^ ^|^^|^00^|^^|0|0|^^|^ ^
^2026^|^01^|^527598^|^015^|^08^|^WA^|^4715^|^EBA^|^06^|^05^|^2^|^994^|^002^|^ C^|^521119^|^074^|^A^|^0^|^0^|^ ^|^0^|0|0|0|^ ^|^ ^|^ ^|^ ^|^^|^00^|^^|0|0|^^|^ ^
^2026^|^01^|^527598^|^015^|^08^|^WA^|^4715^|^EBA^|^06^|^05^|^2^|^994^|^002^|^ D^|^523121^|^074^|^A^|^0^|^0^|^ ^|^0^|0|0|0|^ ^|^ ^|^ ^|^ ^|^^|^00^|^^|0|0|^^|^ ^
^2026^|^01^|^527598^|^015^|^08^|^WA^|^4715^|^EBA^|^06^|^05^|^2^|^994^|^002^|^ G^|^523111^|^074^|^A^|^0^|^0^|^ ^|^0^|0|0|0|^ ^|^ ^|^ ^|^ ^|^^|^00^|^^|0|0|^^|^ ^
^2026^|^01^|^527598^|^015^|^08^|^WA^|^4715^|^EBA^|^06^|^05^|^2^|^994^|^002^|^ G^|^523119^|^074^|^A^|^0^|^0^|^ ^|^0^|0|0|0|^ ^|^ ^|^ ^|^ ^|^^|^00^|^^|0|0|^^|^ ^
^2026^|^01^|^527598^|^015^|^08^|^WA^|^4715^|^EBA^|^06^|^05^|^2^|^994^|^002^|^TJ^|^523121^|^074^|^A^|^0^|^0^|^ ^|^0^|0|0|0|^ ^|^ ^|^ ^|^ ^|^^|^00^|^^|0|0|^^|^ ^
^2026^|^01^|^527598^|^015^|^08^|^WA^|^4715^|^EBA^|^06^|^05^|^2^|^002^|^100^|^ A^|^524111^|^074^|^A^|^0^|^0^|^ ^|^0^|0|0|0|^ ^|^ ^|^ ^|^ ^|^^|^00^|^^|0|0|^^|^ ^
^2026^|^01^|^527598^|^015^|^08^|^WA^|^4715^|^EBA^|^06^|^05^|^2^|^002^|^100^|^ A^|^524113^|^074^|^A^|^0^|^0^|^ ^|^0^|0|0|0|^ ^|^ ^|^ ^|^ ^|^^|^00^|^^|0|0|^^|^ ^
^2026^|^01^|^527598^|^015^|^08^|^WA^|^4715^|^EBD^|^06^|^05^|^2^|^Z36^|^100^|^ B^|^524111^|^074^|^A^|^0^|^0^|^ ^|^0^|0|0|0|^ ^|^ ^|^ ^|^ ^|^^|^00^|^^|0|0|^^|^ ^
^2026^|^01^|^527598^|^015^|^08^|^WA^|^4718^|^BMB^|^06^|^05^|^2^|^002^|^100^|^ A^|^521219^|^074^|^A^|^0^|^0^|^ ^|^0^|0|0|0|^ ^|^ ^|^ ^|^ ^|^^|^00^|^^|0|0|^^|^ ^
^2026^|^01^|^527598^|^015^|^08^|^WA^|^4718^|^BMB^|^06^|^05^|^2^|^001^|^100^|^ A^|^521211^|^074^|^A^|^0^|^0^|^ ^|^0^|0|0|0|^ ^|^ ^|^ ^|^ ^|^^|^00^|^^|0|0|^^|^ ^
^2026^|^01^|^527598^|^015^|^08^|^WA^|^4719^|^EBA^|^06^|^05^|^2^|^994^|^001^|^ A^|^511129^|^074^|^A^|^0^|^0^|^ ^|^0^|0|0|0|^ ^|^ ^|^ ^|^ ^|^^|^00^|^^|0|0|^^|^ ^
^2026^|^01^|^527598^|^015^|^08^|^WA^|^4719^|^EBA^|^06^|^05^|^2^|^994^|^001^|^ A^|^512211^|^074^|^A^|^0^|^0^|^ ^|^0^|0|0|0|^ ^|^ ^|^ ^|^ ^|^^|^00^|^^|0|0|^^|^ ^
^2026^|^01^|^527598^|^015^|^08^|^WA^|^4719^|^EBA^|^06^|^05^|^2^|^004^|^100^|^ A^|^521211^|^074^|^A^|^0^|^0^|^ ^|^0^|0|0|0|^ ^|^ ^|^ ^|^ ^|^^|^00^|^^|0|0|^^|^ ^
^2026^|^01^|^527598^|^015^|^08^|^WA^|^4719^|^EBC^|^06^|^05^|^2^|^001^|^100^|^XC^|^521211^|^074^|^A^|^0^|^0^|^ ^|^0^|0|0|0|^ ^|^ ^|^ ^|^ ^|^^|^00^|^^|0|0|^^|^ ^
^2026^|^01^|^527598^|^015^|^08^|^WA^|^4719^|^EBC^|^06^|^05^|^2^|^001^|^100^|^XC^|^522151^|^074^|^A^|^0^|^0^|^ ^|^0^|0|0|0|^ ^|^ ^|^ ^|^ ^|^^|^00^|^^|0|0|^^|^ ^
^2026^|^01^|^527598^|^015^|^08^|^WA^|^4719^|^EBC^|^06^|^05^|^2^|^001^|^100^|^XC^|^524113^|^074^|^A^|^0^|^0^|^ ^|^0^|0|0|0|^ ^|^ ^|^ ^|^ ^|^^|^00^|^^|0|0|^^|^ ^
^2026^|^01^|^527624^|^015^|^08^|^CD^|^6212^|^BMB^|^06^|^07^|^2^|^001^|^100^|^ A^|^524111^|^122^|^A^|^0^|^0^|^ ^|^0^|0|0|0|^ ^|^ ^|^ ^|^ ^|^^|^00^|^^|0|0|^^|^ ^
^2026^|^01^|^527624^|^015^|^08^|^CD^|^6212^|^BMB^|^06^|^07^|^2^|^001^|^100^|^ A^|^524113^|^122^|^A^|^0^|^0^|^ ^|^0^|0|0|0|^ ^|^ ^|^ ^|^ ^|^^|^00^|^^|0|0|^^|^ ^
^2026^|^01^|^527624^|^015^|^08^|^CD^|^6212^|^FAC^|^06^|^07^|^2^|^001^|^100^|^ A^|^521211^|^122^|^A^|^0^|^0^|^ ^|^0^|0|0|0|^ ^|^ ^|^ ^|^ ^|^^|^00^|^^|0|0|^^|^ ^
^2026^|^01^|^527624^|^015^|^08^|^CD^|^6212^|^FAC^|^06^|^07^|^2^|^001^|^100^|^ B^|^521211^|^122^|^A^|^0^|^0^|^ ^|^0^|0|0|0|^ ^|^ ^|^ ^|^ ^|^^|^00^|^^|0|0|^^|^ ^
^2026^|^01^|^527624^|^015^|^08^|^CD^|^6212^|^FAH^|^06^|^07^|^2^|^001^|^100^|^ A^|^521211^|^122^|^A^|^0^|^0^|^ ^|^0^|0|0|0|^ ^|^ ^|^ ^|^ ^|^^|^00^|^^|0|0|^^|^ ^
^2026^|^01^|^527624^|^015^|^08^|^CD^|^6212^|^FAL^|^06^|^07^|^2^|^004^|^100^|^ A^|^521211^|^122^|^A^|^0^|^0^|^ ^|^0^|0|0|0|^ ^|^ ^|^ ^|^ ^|^^|^00^|^^|0|0|^^|^ ^
^2026^|^01^|^527624^|^015^|^08^|^CD^|^6212^|^FAL^|^06^|^07^|^2^|^004^|^100^|^ B^|^521211^|^122^|^A^|^0^|^0^|^ ^|^0^|0|0|0|^ ^|^ ^|^ ^|^ ^|^^|^00^|^^|0|0|^^|^ ^
^2026^|^01^|^527624^|^015^|^08^|^CD^|^6212^|^FAL^|^06^|^07^|^2^|^004^|^100^|^ C^|^524111^|^122^|^A^|^0^|^0^|^ ^|^0^|0|0|0|^ ^|^ ^|^ ^|^ ^|^^|^00^|^^|0|0|^^|^ ^
^2026^|^01^|^527624^|^015^|^08^|^CD^|^6212^|^FAL^|^06^|^07^|^2^|^004^|^100^|^ D^|^524111^|^122^|^A^|^0^|^0^|^ ^|^0^|0|0|0|^ ^|^ ^|^ ^|^ ^|^^|^00^|^^|0|0|^^|^ ^
^2026^|^01^|^527624^|^015^|^08^|^CD^|^6213^|^FAC^|^06^|^07^|^2^|^001^|^100^|^ A^|^521211^|^122^|^A^|^0^|^0^|^ ^|^0^|0|0|0|^ ^|^ ^|^ ^|^ ^|^^|^00^|^^|0|0|^^|^ ^
^2026^|^01^|^527624^|^015^|^08^|^CD^|^6213^|^FAE^|^06^|^07^|^2^|^009^|^100^|^ A^|^524111^|^122^|^A^|^0^|^0^|^ ^|^0^|0|0|0|^ ^|^ ^|^ ^|^ ^|^^|^00^|^^|0|0|^^|^ ^
^2026^|^01^|^527624^|^015^|^08^|^CD^|^6213^|^FAL^|^06^|^07^|^2^|^003^|^100^|^ A^|^524111^|^122^|^A^|^0^|^0^|^ ^|^0^|0|0|0|^ ^|^ ^|^ ^|^ ^|^^|^00^|^^|0|0|^^|^ ^
^2026^|^01^|^527624^|^015^|^08^|^CD^|^6214^|^FAL^|^06^|^07^|^2^|^002^|^100^|^ A^|^521211^|^122^|^A^|^0^|^0^|^ ^|^0^|0|0|0|^ ^|^ ^|^ ^|^ ^|^^|^00^|^^|0|0|^^|^ ^
^2026^|^01^|^527624^|^015^|^08^|^CD^|^6214^|^FAL^|^06^|^07^|^2^|^002^|^100^|^ B^|^521211^|^122^|^A^|^0^|^0^|^ ^|^0^|0|0|0|^ ^|^ ^|^ ^|^ ^|^^|^00^|^^|0|0|^^|^ ^
^2026^|^01^|^527624^|^015^|^08^|^CD^|^6215^|^FAH^|^06^|^07^|^2^|^003^|^100^|^ A^|^521211^|^122^|^A^|^0^|^0^|^ ^|^0^|0|0|0|^ ^|^ ^|^ ^|^ ^|^^|^00^|^^|0|0|^^|^ ^
^2026^|^01^|^527624^|^015^|^08^|^CD^|^6215^|^FAH^|^06^|^07^|^2^|^003^|^100^|^ B^|^524111^|^122^|^A^|^0^|^0^|^ ^|^0^|0|0|0|^ ^|^ ^|^ ^|^ ^|^^|^00^|^^|0|0|^^|^ ^
^2026^|^01^|^527624^|^015^|^08^|^WA^|^4715^|^EBA^|^06^|^07^|^2^|^001^|^100^|^ A^|^521811^|^122^|^A^|^0^|^0^|^ ^|^0^|0|0|0|^ ^|^ ^|^ ^|^ ^|^^|^00^|^^|0|0|^^|^ ^
^2026^|^01^|^527624^|^015^|^08^|^WA^|^4715^|^EBA^|^06^|^07^|^2^|^001^|^100^|^ B^|^522151^|^122^|^A^|^0^|^0^|^ ^|^0^|0|0|0|^ ^|^ ^|^ ^|^ ^|^^|^00^|^^|0|0|^^|^ ^
^2026^|^01^|^527624^|^015^|^08^|^WA^|^4715^|^EBA^|^06^|^07^|^2^|^994^|^002^|^ A^|^521111^|^122^|^A^|^0^|^0^|^ ^|^0^|0|0|0|^ ^|^ ^|^ ^|^ ^|^^|^00^|^^|0|0|^^|^ ^
^2026^|^01^|^527624^|^015^|^08^|^WA^|^4715^|^EBA^|^06^|^07^|^2^|^994^|^002^|^ A^|^521119^|^122^|^A^|^0^|^0^|^ ^|^0^|0|0|0|^ ^|^ ^|^ ^|^ ^|^^|^00^|^^|0|0|^^|^ ^
^2026^|^01^|^527624^|^015^|^08^|^WA^|^4715^|^EBA^|^06^|^07^|^2^|^994^|^002^|^ A^|^521811^|^122^|^A^|^0^|^0^|^ ^|^0^|0|0|0|^ ^|^ ^|^ ^|^ ^|^^|^00^|^^|0|0|^^|^ ^
^2026^|^01^|^527624^|^015^|^08^|^WA^|^4715^|^EBA^|^06^|^07^|^2^|^994^|^002^|^ B^|^521114^|^122^|^A^|^0^|^0^|^ ^|^0^|0|0|0|^ ^|^ ^|^ ^|^ ^|^^|^00^|^^|0|0|^^|^ ^
^2026^|^01^|^527624^|^015^|^08^|^WA^|^4715^|^EBA^|^06^|^07^|^2^|^994^|^002^|^ B^|^522113^|^122^|^A^|^0^|^0^|^ ^|^0^|0|0|0|^ ^|^ ^|^ ^|^ ^|^^|^00^|^^|0|0|^^|^ ^
^2026^|^01^|^527624^|^015^|^08^|^WA^|^4715^|^EBA^|^06^|^07^|^2^|^994^|^002^|^ B^|^522119^|^122^|^A^|^0^|^0^|^ ^|^0^|0|0|0|^ ^|^ ^|^ ^|^ ^|^^|^00^|^^|0|0|^^|^ ^
^2026^|^01^|^527624^|^015^|^08^|^WA^|^4715^|^EBA^|^06^|^07^|^2^|^994^|^002^|^ C^|^521113^|^122^|^A^|^0^|^0^|^ ^|^0^|0|0|0|^ ^|^ ^|^ ^|^ ^|^^|^00^|^^|0|0|^^|^ ^
^2026^|^01^|^527624^|^015^|^08^|^WA^|^4715^|^EBA^|^06^|^07^|^2^|^994^|^002^|^ C^|^521115^|^122^|^A^|^0^|^0^|^ ^|^0^|0|0|0|^ ^|^ ^|^ ^|^ ^|^^|^00^|^^|0|0|^^|^ ^
^2026^|^01^|^527624^|^015^|^08^|^WA^|^4715^|^EBA^|^06^|^07^|^2^|^994^|^002^|^ C^|^521119^|^122^|^A^|^0^|^0^|^ ^|^0^|0|0|0|^ ^|^ ^|^ ^|^ ^|^^|^00^|^^|0|0|^^|^ ^
^2026^|^01^|^527624^|^015^|^08^|^WA^|^4715^|^EBA^|^06^|^07^|^2^|^994^|^002^|^ D^|^523121^|^122^|^A^|^0^|^0^|^ ^|^0^|0|0|0|^ ^|^ ^|^ ^|^ ^|^^|^00^|^^|0|0|^^|^ ^
^2026^|^01^|^527624^|^015^|^08^|^WA^|^4715^|^EBA^|^06^|^07^|^2^|^994^|^002^|^ G^|^523111^|^122^|^A^|^0^|^0^|^ ^|^0^|0|0|0|^ ^|^ ^|^ ^|^ ^|^^|^00^|^^|0|0|^^|^ ^
^2026^|^01^|^527624^|^015^|^08^|^WA^|^4715^|^EBA^|^06^|^07^|^2^|^994^|^002^|^ G^|^523119^|^122^|^A^|^0^|^0^|^ ^|^0^|0|0|0|^ ^|^ ^|^ ^|^ ^|^^|^00^|^^|0|0|^^|^ ^
^2026^|^01^|^527624^|^015^|^08^|^WA^|^4715^|^EBA^|^06^|^07^|^2^|^994^|^002^|^TJ^|^523121^|^122^|^A^|^0^|^0^|^ ^|^0^|0|0|0|^ ^|^ ^|^ ^|^ ^|^^|^00^|^^|0|0|^^|^ ^
^2026^|^01^|^527624^|^015^|^08^|^WA^|^4715^|^EBA^|^06^|^07^|^2^|^002^|^100^|^ A^|^524111^|^122^|^A^|^0^|^0^|^ ^|^0^|0|0|0|^ ^|^ ^|^ ^|^ ^|^^|^00^|^^|0|0|^^|^ ^
^2026^|^01^|^527624^|^015^|^08^|^WA^|^4715^|^EBB^|^06^|^07^|^2^|^004^|^100^|^GB^|^533121^|^122^|^A^|^0^|^0^|^ ^|^0^|0|0|0|^ ^|^ ^|^ ^|^ ^|^^|^00^|^^|0|0|^^|^ ^
^2026^|^01^|^527624^|^015^|^08^|^WA^|^4715^|^EBB^|^06^|^07^|^2^|^002^|^100^|^ A^|^521252^|^122^|^A^|^0^|^0^|^ ^|^0^|0|0|0|^ ^|^ ^|^ ^|^ ^|^^|^00^|^^|0|0|^^|^ ^
^2026^|^01^|^527624^|^015^|^08^|^WA^|^4715^|^EBB^|^06^|^07^|^2^|^002^|^100^|^ A^|^532111^|^122^|^A^|^0^|^0^|^ ^|^0^|0|0|0|^ ^|^ ^|^ ^|^ ^|^^|^00^|^^|0|0|^^|^ ^
^2026^|^01^|^527624^|^015^|^08^|^WA^|^4715^|^EBD^|^06^|^07^|^2^|^Z36^|^100^|^ A^|^524111^|^122^|^A^|^0^|^0^|^ ^|^0^|0|0|0|^ ^|^ ^|^ ^|^ ^|^^|^00^|^^|0|0|^^|^ ^
^2026^|^01^|^527624^|^015^|^08^|^WA^|^4718^|^BMB^|^06^|^07^|^2^|^002^|^100^|^ A^|^521219^|^122^|^A^|^0^|^0^|^ ^|^0^|0|0|0|^ ^|^ ^|^ ^|^ ^|^^|^00^|^^|0|0|^^|^ ^
^2026^|^01^|^527624^|^015^|^08^|^WA^|^4718^|^BMB^|^06^|^07^|^2^|^001^|^100^|^ A^|^521211^|^122^|^A^|^0^|^0^|^ ^|^0^|0|0|0|^ ^|^ ^|^ ^|^ ^|^^|^00^|^^|0|0|^^|^ ^
^2026^|^01^|^527624^|^015^|^08^|^WA^|^4719^|^EBA^|^06^|^07^|^2^|^994^|^001^|^ A^|^511129^|^122^|^A^|^0^|^0^|^ ^|^0^|0|0|0|^ ^|^ ^|^ ^|^ ^|^^|^00^|^^|0|0|^^|^ ^
^2026^|^01^|^527624^|^015^|^08^|^WA^|^4719^|^EBA^|^06^|^07^|^2^|^994^|^001^|^ A^|^512211^|^122^|^A^|^0^|^0^|^ ^|^0^|0|0|0|^ ^|^ ^|^ ^|^ ^|^^|^00^|^^|0|0|^^|^ ^
^2026^|^01^|^527624^|^015^|^08^|^WA^|^4719^|^EBA^|^06^|^07^|^2^|^004^|^100^|^ A^|^521211^|^122^|^A^|^0^|^0^|^ ^|^0^|0|0|0|^ ^|^ ^|^ ^|^ ^|^^|^00^|^^|0|0|^^|^ ^
^2026^|^01^|^527624^|^015^|^08^|^WA^|^4719^|^EBC^|^06^|^07^|^2^|^001^|^100^|^XC^|^521211^|^122^|^A^|^0^|^0^|^ ^|^0^|0|0|0|^ ^|^ ^|^ ^|^ ^|^^|^00^|^^|0|0|^^|^ ^
^2026^|^01^|^527624^|^015^|^08^|^WA^|^4719^|^EBC^|^06^|^07^|^2^|^001^|^100^|^XC^|^522151^|^122^|^A^|^0^|^0^|^ ^|^0^|0|0|0|^ ^|^ ^|^ ^|^ ^|^^|^00^|^^|0|0|^^|^ ^
^2026^|^01^|^527581^|^015^|^08^|^CD^|^6212^|^BMB^|^06^|^53^|^2^|^001^|^100^|^ A^|^524111^|^002^|^A^|^0^|^0^|^ ^|^0^|0|0|0|^ ^|^ ^|^ ^|^ ^|^^|^00^|^^|0|0|^^|^ ^
^2026^|^01^|^527581^|^015^|^08^|^CD^|^6212^|^BMB^|^06^|^53^|^2^|^001^|^100^|^ A^|^524113^|^002^|^A^|^0^|^0^|^ ^|^0^|0|0|0|^ ^|^ ^|^ ^|^ ^|^^|^00^|^^|0|0|^^|^ ^
^2026^|^01^|^527581^|^015^|^08^|^CD^|^6212^|^FAC^|^06^|^53^|^2^|^001^|^100^|^ A^|^521211^|^002^|^A^|^0^|^0^|^ ^|^0^|0|0|0|^ ^|^ ^|^ ^|^ ^|^^|^00^|^^|0|0|^^|^ ^
^2026^|^01^|^527581^|^015^|^08^|^CD^|^6212^|^FAC^|^06^|^53^|^2^|^001^|^100^|^ B^|^521211^|^002^|^A^|^0^|^0^|^ ^|^0^|0|0|0|^ ^|^ ^|^ ^|^ ^|^^|^00^|^^|0|0|^^|^ ^
^2026^|^01^|^527581^|^015^|^08^|^CD^|^6212^|^FAH^|^06^|^53^|^2^|^001^|^100^|^ A^|^521211^|^002^|^A^|^0^|^0^|^ ^|^0^|0|0|0|^ ^|^ ^|^ ^|^ ^|^^|^00^|^^|0|0|^^|^ ^
^2026^|^01^|^527581^|^015^|^08^|^CD^|^6212^|^FAL^|^06^|^53^|^2^|^004^|^100^|^ A^|^521211^|^002^|^A^|^0^|^0^|^ ^|^0^|0|0|0|^ ^|^ ^|^ ^|^ ^|^^|^00^|^^|0|0|^^|^ ^
^2026^|^01^|^527581^|^015^|^08^|^CD^|^6212^|^FAL^|^06^|^53^|^2^|^004^|^100^|^ B^|^521211^|^002^|^A^|^0^|^0^|^ ^|^0^|0|0|0|^ ^|^ ^|^ ^|^ ^|^^|^00^|^^|0|0|^^|^ ^
^2026^|^01^|^527581^|^015^|^08^|^CD^|^6212^|^FAL^|^06^|^53^|^2^|^004^|^100^|^ D^|^524111^|^002^|^A^|^0^|^0^|^ ^|^0^|0|0|0|^ ^|^ ^|^ ^|^ ^|^^|^00^|^^|0|0|^^|^ ^
^2026^|^01^|^527581^|^015^|^08^|^CD^|^6212^|^FAL^|^06^|^53^|^2^|^004^|^100^|^ D^|^524113^|^002^|^A^|^0^|^0^|^ ^|^0^|0|0|0|^ ^|^ ^|^ ^|^ ^|^^|^00^|^^|0|0|^^|^ ^
^2026^|^01^|^527581^|^015^|^08^|^CD^|^6213^|^FAC^|^06^|^53^|^2^|^001^|^100^|^ A^|^521211^|^002^|^A^|^0^|^0^|^ ^|^0^|0|0|0|^ ^|^ ^|^ ^|^ ^|^^|^00^|^^|0|0|^^|^ ^
^2026^|^01^|^527581^|^015^|^08^|^CD^|^6213^|^FAE^|^06^|^53^|^2^|^009^|^100^|^ A^|^524111^|^002^|^A^|^0^|^0^|^ ^|^0^|0|0|0|^ ^|^ ^|^ ^|^ ^|^^|^00^|^^|0|0|^^|^ ^
^2026^|^01^|^527581^|^015^|^08^|^CD^|^6213^|^FAE^|^06^|^53^|^2^|^009^|^100^|^ A^|^524113^|^002^|^A^|^0^|^0^|^ ^|^0^|0|0|0|^ ^|^ ^|^ ^|^ ^|^^|^00^|^^|0|0|^^|^ ^
^2026^|^01^|^527581^|^015^|^08^|^CD^|^6213^|^FAL^|^06^|^53^|^2^|^003^|^100^|^ A^|^524111^|^002^|^A^|^0^|^0^|^ ^|^0^|0|0|0|^ ^|^ ^|^ ^|^ ^|^^|^00^|^^|0|0|^^|^ ^
^2026^|^01^|^527581^|^015^|^08^|^CD^|^6213^|^FAL^|^06^|^53^|^2^|^003^|^100^|^ A^|^524113^|^002^|^A^|^0^|^0^|^ ^|^0^|0|0|0|^ ^|^ ^|^ ^|^ ^|^^|^00^|^^|0|0|^^|^ ^
^2026^|^01^|^527581^|^015^|^08^|^CD^|^6214^|^FAL^|^06^|^53^|^2^|^002^|^100^|^ A^|^521211^|^002^|^A^|^0^|^0^|^ ^|^0^|0|0|0|^ ^|^ ^|^ ^|^ ^|^^|^00^|^^|0|0|^^|^ ^
^2026^|^01^|^527581^|^015^|^08^|^CD^|^6214^|^FAL^|^06^|^53^|^2^|^002^|^100^|^ B^|^521211^|^002^|^A^|^0^|^0^|^ ^|^0^|0|0|0|^ ^|^ ^|^ ^|^ ^|^^|^00^|^^|0|0|^^|^ ^
^2026^|^01^|^527581^|^015^|^08^|^CD^|^6215^|^FAH^|^06^|^53^|^2^|^003^|^100^|^ A^|^521211^|^002^|^A^|^0^|^0^|^ ^|^0^|0|0|0|^ ^|^ ^|^ ^|^ ^|^^|^00^|^^|0|0|^^|^ ^
^2026^|^01^|^527581^|^015^|^08^|^CD^|^6215^|^FAH^|^06^|^53^|^2^|^003^|^100^|^ B^|^524111^|^002^|^A^|^0^|^0^|^ ^|^0^|0|0|0|^ ^|^ ^|^ ^|^ ^|^^|^00^|^^|0|0|^^|^ ^
^2026^|^01^|^527581^|^015^|^08^|^WA^|^4715^|^EBA^|^06^|^53^|^2^|^001^|^100^|^ A^|^521811^|^002^|^A^|^0^|^0^|^ ^|^0^|0|0|0|^ ^|^ ^|^ ^|^ ^|^^|^00^|^^|0|0|^^|^ ^
^2026^|^01^|^527581^|^015^|^08^|^WA^|^4715^|^EBA^|^06^|^53^|^2^|^001^|^100^|^ B^|^522151^|^002^|^A^|^0^|^0^|^ ^|^0^|0|0|0|^ ^|^ ^|^ ^|^ ^|^^|^00^|^^|0|0|^^|^ ^
^2026^|^01^|^527581^|^015^|^08^|^WA^|^4715^|^EBA^|^06^|^53^|^2^|^994^|^002^|^ A^|^521111^|^002^|^A^|^0^|^0^|^ ^|^0^|0|0|0|^ ^|^ ^|^ ^|^ ^|^^|^00^|^^|0|0|^^|^ ^
^2026^|^01^|^527581^|^015^|^08^|^WA^|^4715^|^EBA^|^06^|^53^|^2^|^994^|^002^|^ A^|^521119^|^002^|^A^|^0^|^0^|^ ^|^0^|0|0|0|^ ^|^ ^|^ ^|^ ^|^^|^00^|^^|0|0|^^|^ ^
^2026^|^01^|^527581^|^015^|^08^|^WA^|^4715^|^EBA^|^06^|^53^|^2^|^994^|^002^|^ A^|^521811^|^002^|^A^|^0^|^0^|^ ^|^0^|0|0|0|^ ^|^ ^|^ ^|^ ^|^^|^00^|^^|0|0|^^|^ ^
^2026^|^01^|^527581^|^015^|^08^|^WA^|^4715^|^EBA^|^06^|^53^|^2^|^994^|^002^|^ B^|^521114^|^002^|^A^|^0^|^0^|^ ^|^0^|0|0|0|^ ^|^ ^|^ ^|^ ^|^^|^00^|^^|0|0|^^|^ ^
^2026^|^01^|^527581^|^015^|^08^|^WA^|^4715^|^EBA^|^06^|^53^|^2^|^994^|^002^|^ B^|^522111^|^002^|^A^|^0^|^0^|^ ^|^0^|0|0|0|^ ^|^ ^|^ ^|^ ^|^^|^00^|^^|0|0|^^|^ ^
^2026^|^01^|^527581^|^015^|^08^|^WA^|^4715^|^EBA^|^06^|^53^|^2^|^994^|^002^|^ B^|^522112^|^002^|^A^|^0^|^0^|^ ^|^0^|0|0|0|^ ^|^ ^|^ ^|^ ^|^^|^00^|^^|0|0|^^|^ ^
^2026^|^01^|^527581^|^015^|^08^|^WA^|^4715^|^EBA^|^06^|^53^|^2^|^994^|^002^|^ B^|^522113^|^002^|^A^|^0^|^0^|^ ^|^0^|0|0|0|^ ^|^ ^|^ ^|^ ^|^^|^00^|^^|0|0|^^|^ ^
^2026^|^01^|^527581^|^015^|^08^|^WA^|^4715^|^EBA^|^06^|^53^|^2^|^994^|^002^|^ B^|^522119^|^002^|^A^|^0^|^0^|^ ^|^0^|0|0|0|^ ^|^ ^|^ ^|^ ^|^^|^00^|^^|0|0|^^|^ ^
^2026^|^01^|^527581^|^015^|^08^|^WA^|^4715^|^EBA^|^06^|^53^|^2^|^994^|^002^|^ C^|^521113^|^002^|^A^|^0^|^0^|^ ^|^0^|0|0|0|^ ^|^ ^|^ ^|^ ^|^^|^00^|^^|0|0|^^|^ ^
^2026^|^01^|^527581^|^015^|^08^|^WA^|^4715^|^EBA^|^06^|^53^|^2^|^994^|^002^|^ C^|^521115^|^002^|^A^|^0^|^0^|^ ^|^0^|0|0|0|^ ^|^ ^|^ ^|^ ^|^^|^00^|^^|0|0|^^|^ ^
^2026^|^01^|^527581^|^015^|^08^|^WA^|^4715^|^EBA^|^06^|^53^|^2^|^994^|^002^|^ C^|^521119^|^002^|^A^|^0^|^0^|^ ^|^0^|0|0|0|^ ^|^ ^|^ ^|^ ^|^^|^00^|^^|0|0|^^|^ ^
^2026^|^01^|^527581^|^015^|^08^|^WA^|^4715^|^EBA^|^06^|^53^|^2^|^994^|^002^|^ C^|^522141^|^002^|^A^|^0^|^0^|^ ^|^0^|0|0|0|^ ^|^ ^|^ ^|^ ^|^^|^00^|^^|0|0|^^|^ ^
^2026^|^01^|^527581^|^015^|^08^|^WA^|^4715^|^EBA^|^06^|^53^|^2^|^994^|^002^|^ D^|^523121^|^002^|^A^|^0^|^0^|^ ^|^0^|0|0|0|^ ^|^ ^|^ ^|^ ^|^^|^00^|^^|0|0|^^|^ ^
^2026^|^01^|^527581^|^015^|^08^|^WA^|^4715^|^EBA^|^06^|^53^|^2^|^994^|^002^|^ G^|^523111^|^002^|^A^|^0^|^0^|^ ^|^0^|0|0|0|^ ^|^ ^|^ ^|^ ^|^^|^00^|^^|0|0|^^|^ ^
^2026^|^01^|^527581^|^015^|^08^|^WA^|^4715^|^EBA^|^06^|^53^|^2^|^994^|^002^|^ G^|^523119^|^002^|^A^|^0^|^0^|^ ^|^0^|0|0|0|^ ^|^ ^|^ ^|^ ^|^^|^00^|^^|0|0|^^|^ ^
^2026^|^01^|^527581^|^015^|^08^|^WA^|^4715^|^EBA^|^06^|^53^|^2^|^994^|^002^|^TJ^|^523121^|^002^|^A^|^0^|^0^|^ ^|^0^|0|0|0|^ ^|^ ^|^ ^|^ ^|^^|^00^|^^|0|0|^^|^ ^
^2026^|^01^|^527581^|^015^|^08^|^WA^|^4715^|^EBA^|^06^|^53^|^2^|^002^|^100^|^ A^|^524111^|^002^|^A^|^0^|^0^|^ ^|^0^|0|0|0|^ ^|^ ^|^ ^|^ ^|^^|^00^|^^|0|0|^^|^ ^
^2026^|^01^|^527581^|^015^|^08^|^WA^|^4715^|^EBA^|^06^|^53^|^2^|^002^|^100^|^ A^|^524113^|^002^|^A^|^0^|^0^|^ ^|^0^|0|0|0|^ ^|^ ^|^ ^|^ ^|^^|^00^|^^|0|0|^^|^ ^
^2026^|^01^|^527581^|^015^|^08^|^WA^|^4715^|^EBB^|^06^|^53^|^2^|^004^|^100^|^RB^|^533121^|^002^|^A^|^0^|^0^|^ ^|^0^|0|0|0|^ ^|^ ^|^ ^|^ ^|^^|^00^|^^|0|0|^^|^ ^
^2026^|^01^|^527581^|^015^|^08^|^WA^|^4715^|^EBD^|^06^|^53^|^2^|^Z36^|^100^|^ B^|^524111^|^002^|^A^|^0^|^0^|^ ^|^0^|0|0|0|^ ^|^ ^|^ ^|^ ^|^^|^00^|^^|0|0|^^|^ ^
^2026^|^01^|^527581^|^015^|^08^|^WA^|^4718^|^BMB^|^06^|^53^|^2^|^002^|^100^|^ A^|^521219^|^002^|^A^|^0^|^0^|^ ^|^0^|0|0|0|^ ^|^ ^|^ ^|^ ^|^^|^00^|^^|0|0|^^|^ ^
^2026^|^01^|^527581^|^015^|^08^|^WA^|^4718^|^BMB^|^06^|^53^|^2^|^001^|^100^|^ A^|^521211^|^002^|^A^|^0^|^0^|^ ^|^0^|0|0|0|^ ^|^ ^|^ ^|^ ^|^^|^00^|^^|0|0|^^|^ ^
^2026^|^01^|^527581^|^015^|^08^|^WA^|^4719^|^EBA^|^06^|^53^|^2^|^994^|^001^|^ A^|^511129^|^002^|^A^|^0^|^0^|^ ^|^0^|0|0|0|^ ^|^ ^|^ ^|^ ^|^^|^00^|^^|0|0|^^|^ ^
^2026^|^01^|^527581^|^015^|^08^|^WA^|^4719^|^EBA^|^06^|^53^|^2^|^994^|^001^|^ A^|^512211^|^002^|^A^|^0^|^0^|^ ^|^0^|0|0|0|^ ^|^ ^|^ ^|^ ^|^^|^00^|^^|0|0|^^|^ ^
^2026^|^01^|^527581^|^015^|^08^|^WA^|^4719^|^EBA^|^06^|^53^|^2^|^004^|^100^|^ A^|^521211^|^002^|^A^|^0^|^0^|^ ^|^0^|0|0|0|^ ^|^ ^|^ ^|^ ^|^^|^00^|^^|0|0|^^|^ ^
^2026^|^01^|^527581^|^015^|^08^|^WA^|^4719^|^EBC^|^06^|^53^|^2^|^001^|^100^|^XC^|^521211^|^002^|^A^|^0^|^0^|^ ^|^0^|0|0|0|^ ^|^ ^|^ ^|^ ^|^^|^00^|^^|0|0|^^|^ ^
^2026^|^01^|^527581^|^015^|^08^|^WA^|^4719^|^EBC^|^06^|^53^|^2^|^001^|^100^|^XC^|^522151^|^002^|^A^|^0^|^0^|^ ^|^0^|0|0|0|^ ^|^ ^|^ ^|^ ^|^^|^00^|^^|0|0|^^|^ ^
^2026^|^01^|^527581^|^015^|^08^|^WA^|^4719^|^EBC^|^06^|^53^|^2^|^001^|^100^|^XC^|^524113^|^002^|^A^|^0^|^0^|^ ^|^0^|0|0|0|^ ^|^ ^|^ ^|^ ^|^^|^00^|^^|0|0|^^|^ ^
^2026^|^01^|^527652^|^015^|^08^|^CD^|^6212^|^BMB^|^07^|^51^|^2^|^001^|^100^|^ A^|^524111^|^123^|^A^|^0^|^0^|^ ^|^0^|0|0|0|^ ^|^ ^|^ ^|^ ^|^^|^00^|^^|0|0|^^|^ ^
^2026^|^01^|^527652^|^015^|^08^|^CD^|^6212^|^BMB^|^07^|^51^|^2^|^001^|^100^|^ A^|^524113^|^123^|^A^|^0^|^0^|^ ^|^0^|0|0|0|^ ^|^ ^|^ ^|^ ^|^^|^00^|^^|0|0|^^|^ ^
^2026^|^01^|^527652^|^015^|^08^|^CD^|^6212^|^FAC^|^07^|^51^|^2^|^001^|^100^|^ A^|^521211^|^123^|^A^|^0^|^0^|^ ^|^0^|0|0|0|^ ^|^ ^|^ ^|^ ^|^^|^00^|^^|0|0|^^|^ ^
^2026^|^01^|^527652^|^015^|^08^|^CD^|^6212^|^FAC^|^07^|^51^|^2^|^001^|^100^|^ B^|^521211^|^123^|^A^|^0^|^0^|^ ^|^0^|0|0|0|^ ^|^ ^|^ ^|^ ^|^^|^00^|^^|0|0|^^|^ ^
^2026^|^01^|^527652^|^015^|^08^|^CD^|^6212^|^FAH^|^07^|^51^|^2^|^001^|^100^|^ A^|^521211^|^123^|^A^|^0^|^0^|^ ^|^0^|0|0|0|^ ^|^ ^|^ ^|^ ^|^^|^00^|^^|0|0|^^|^ ^
^2026^|^01^|^527652^|^015^|^08^|^CD^|^6212^|^FAL^|^07^|^51^|^2^|^004^|^100^|^ A^|^521211^|^123^|^A^|^0^|^0^|^ ^|^0^|0|0|0|^ ^|^ ^|^ ^|^ ^|^^|^00^|^^|0|0|^^|^ ^
^2026^|^01^|^527652^|^015^|^08^|^CD^|^6212^|^FAL^|^07^|^51^|^2^|^004^|^100^|^ B^|^521211^|^123^|^A^|^0^|^0^|^ ^|^0^|0|0|0|^ ^|^ ^|^ ^|^ ^|^^|^00^|^^|0|0|^^|^ ^
^2026^|^01^|^527652^|^015^|^08^|^CD^|^6212^|^FAL^|^07^|^51^|^2^|^004^|^100^|^ D^|^524111^|^123^|^A^|^0^|^0^|^ ^|^0^|0|0|0|^ ^|^ ^|^ ^|^ ^|^^|^00^|^^|0|0|^^|^ ^
^2026^|^01^|^527652^|^015^|^08^|^CD^|^6212^|^FAL^|^07^|^51^|^2^|^004^|^100^|^ D^|^524113^|^123^|^A^|^0^|^0^|^ ^|^0^|0|0|0|^ ^|^ ^|^ ^|^ ^|^^|^00^|^^|0|0|^^|^ ^
^2026^|^01^|^527652^|^015^|^08^|^CD^|^6213^|^FAC^|^07^|^51^|^2^|^001^|^100^|^ A^|^521211^|^123^|^A^|^0^|^0^|^ ^|^0^|0|0|0|^ ^|^ ^|^ ^|^ ^|^^|^00^|^^|0|0|^^|^ ^
^2026^|^01^|^527652^|^015^|^08^|^CD^|^6213^|^FAE^|^07^|^51^|^2^|^009^|^100^|^ A^|^524111^|^123^|^A^|^0^|^0^|^ ^|^0^|0|0|0|^ ^|^ ^|^ ^|^ ^|^^|^00^|^^|0|0|^^|^ ^
^2026^|^01^|^527652^|^015^|^08^|^CD^|^6213^|^FAE^|^07^|^51^|^2^|^009^|^100^|^ A^|^524113^|^123^|^A^|^0^|^0^|^ ^|^0^|0|0|0|^ ^|^ ^|^ ^|^ ^|^^|^00^|^^|0|0|^^|^ ^
^2026^|^01^|^527652^|^015^|^08^|^CD^|^6213^|^FAL^|^07^|^51^|^2^|^003^|^100^|^ A^|^524111^|^123^|^A^|^0^|^0^|^ ^|^0^|0|0|0|^ ^|^ ^|^ ^|^ ^|^^|^00^|^^|0|0|^^|^ ^
^2026^|^01^|^527652^|^015^|^08^|^CD^|^6213^|^FAL^|^07^|^51^|^2^|^003^|^100^|^ A^|^524113^|^123^|^A^|^0^|^0^|^ ^|^0^|0|0|0|^ ^|^ ^|^ ^|^ ^|^^|^00^|^^|0|0|^^|^ ^
^2026^|^01^|^527652^|^015^|^08^|^CD^|^6214^|^FAL^|^07^|^51^|^2^|^002^|^100^|^ A^|^521211^|^123^|^A^|^0^|^0^|^ ^|^0^|0|0|0|^ ^|^ ^|^ ^|^ ^|^^|^00^|^^|0|0|^^|^ ^
^2026^|^01^|^527652^|^015^|^08^|^CD^|^6214^|^FAL^|^07^|^51^|^2^|^002^|^100^|^ B^|^521211^|^123^|^A^|^0^|^0^|^ ^|^0^|0|0|0|^ ^|^ ^|^ ^|^ ^|^^|^00^|^^|0|0|^^|^ ^
^2026^|^01^|^527652^|^015^|^08^|^CD^|^6215^|^FAH^|^07^|^51^|^2^|^003^|^100^|^ A^|^521211^|^123^|^A^|^0^|^0^|^ ^|^0^|0|0|0|^ ^|^ ^|^ ^|^ ^|^^|^00^|^^|0|0|^^|^ ^
^2026^|^01^|^527652^|^015^|^08^|^CD^|^6215^|^FAH^|^07^|^51^|^2^|^003^|^100^|^ B^|^524113^|^123^|^A^|^0^|^0^|^ ^|^0^|0|0|0|^ ^|^ ^|^ ^|^ ^|^^|^00^|^^|0|0|^^|^ ^
^2026^|^01^|^527652^|^015^|^08^|^WA^|^4715^|^EBA^|^07^|^51^|^2^|^002^|^100^|^ A^|^524111^|^123^|^A^|^0^|^0^|^ ^|^0^|0|0|0|^ ^|^ ^|^ ^|^ ^|^^|^00^|^^|0|0|^^|^ ^
^2026^|^01^|^527652^|^015^|^08^|^WA^|^4715^|^EBA^|^07^|^51^|^2^|^002^|^100^|^ A^|^524113^|^123^|^A^|^0^|^0^|^ ^|^0^|0|0|0|^ ^|^ ^|^ ^|^ ^|^^|^00^|^^|0|0|^^|^ ^
^2026^|^01^|^527652^|^015^|^08^|^WA^|^4715^|^EBA^|^07^|^51^|^2^|^001^|^100^|^ A^|^521811^|^123^|^A^|^0^|^0^|^ ^|^0^|0|0|0|^ ^|^ ^|^ ^|^ ^|^^|^00^|^^|0|0|^^|^ ^
^2026^|^01^|^527652^|^015^|^08^|^WA^|^4715^|^EBA^|^07^|^51^|^2^|^001^|^100^|^ B^|^522151^|^123^|^A^|^0^|^0^|^ ^|^0^|0|0|0|^ ^|^ ^|^ ^|^ ^|^^|^00^|^^|0|0|^^|^ ^
^2026^|^01^|^527652^|^015^|^08^|^WA^|^4715^|^EBA^|^07^|^51^|^2^|^001^|^100^|^ B^|^524113^|^123^|^A^|^0^|^0^|^ ^|^0^|0|0|0|^ ^|^ ^|^ ^|^ ^|^^|^00^|^^|0|0|^^|^ ^
^2026^|^01^|^527652^|^015^|^08^|^WA^|^4715^|^EBA^|^07^|^51^|^2^|^994^|^002^|^ A^|^521111^|^123^|^A^|^0^|^0^|^ ^|^0^|0|0|0|^ ^|^ ^|^ ^|^ ^|^^|^00^|^^|0|0|^^|^ ^
^2026^|^01^|^527652^|^015^|^08^|^WA^|^4715^|^EBA^|^07^|^51^|^2^|^994^|^002^|^ A^|^521119^|^123^|^A^|^0^|^0^|^ ^|^0^|0|0|0|^ ^|^ ^|^ ^|^ ^|^^|^00^|^^|0|0|^^|^ ^
^2026^|^01^|^527652^|^015^|^08^|^WA^|^4715^|^EBA^|^07^|^51^|^2^|^994^|^002^|^ A^|^521811^|^123^|^A^|^0^|^0^|^ ^|^0^|0|0|0|^ ^|^ ^|^ ^|^ ^|^^|^00^|^^|0|0|^^|^ ^
^2026^|^01^|^527652^|^015^|^08^|^WA^|^4715^|^EBA^|^07^|^51^|^2^|^994^|^002^|^ B^|^521114^|^123^|^A^|^0^|^0^|^ ^|^0^|0|0|0|^ ^|^ ^|^ ^|^ ^|^^|^00^|^^|0|0|^^|^ ^
^2026^|^01^|^527652^|^015^|^08^|^WA^|^4715^|^EBA^|^07^|^51^|^2^|^994^|^002^|^ C^|^521113^|^123^|^A^|^0^|^0^|^ ^|^0^|0|0|0|^ ^|^ ^|^ ^|^ ^|^^|^00^|^^|0|0|^^|^ ^
^2026^|^01^|^527652^|^015^|^08^|^WA^|^4715^|^EBA^|^07^|^51^|^2^|^994^|^002^|^ C^|^521115^|^123^|^A^|^0^|^0^|^ ^|^0^|0|0|0|^ ^|^ ^|^ ^|^ ^|^^|^00^|^^|0|0|^^|^ ^
^2026^|^01^|^527652^|^015^|^08^|^WA^|^4715^|^EBA^|^07^|^51^|^2^|^994^|^002^|^ C^|^521119^|^123^|^A^|^0^|^0^|^ ^|^0^|0|0|0|^ ^|^ ^|^ ^|^ ^|^^|^00^|^^|0|0|^^|^ ^
^2026^|^01^|^527652^|^015^|^08^|^WA^|^4715^|^EBA^|^07^|^51^|^2^|^994^|^002^|^ D^|^523121^|^123^|^A^|^0^|^0^|^ ^|^0^|0|0|0|^ ^|^ ^|^ ^|^ ^|^^|^00^|^^|0|0|^^|^ ^
^2026^|^01^|^527652^|^015^|^08^|^WA^|^4715^|^EBB^|^07^|^51^|^2^|^002^|^100^|^ A^|^532111^|^123^|^A^|^0^|^0^|^ ^|^0^|0|0|0|^ ^|^ ^|^ ^|^ ^|^^|^00^|^^|0|0|^^|^ ^
^2026^|^01^|^527652^|^015^|^08^|^WA^|^4715^|^EBD^|^07^|^51^|^2^|^Z36^|^100^|^ B^|^524113^|^123^|^A^|^0^|^0^|^ ^|^0^|0|0|0|^ ^|^ ^|^ ^|^ ^|^^|^00^|^^|0|0|^^|^ ^
^2026^|^01^|^527652^|^015^|^08^|^WA^|^4718^|^BMB^|^07^|^51^|^2^|^002^|^100^|^ A^|^521219^|^123^|^A^|^0^|^0^|^ ^|^0^|0|0|0|^ ^|^ ^|^ ^|^ ^|^^|^00^|^^|0|0|^^|^ ^
^2026^|^01^|^527652^|^015^|^08^|^WA^|^4718^|^BMB^|^07^|^51^|^2^|^001^|^100^|^ A^|^521211^|^123^|^A^|^0^|^0^|^ ^|^0^|0|0|0|^ ^|^ ^|^ ^|^ ^|^^|^00^|^^|0|0|^^|^ ^
^2026^|^01^|^527652^|^015^|^08^|^WA^|^4719^|^EBA^|^07^|^51^|^2^|^994^|^001^|^ A^|^511129^|^123^|^A^|^0^|^0^|^ ^|^0^|0|0|0|^ ^|^ ^|^ ^|^ ^|^^|^00^|^^|0|0|^^|^ ^
^2026^|^01^|^527652^|^015^|^08^|^WA^|^4719^|^EBA^|^07^|^51^|^2^|^994^|^001^|^ A^|^512211^|^123^|^A^|^0^|^0^|^ ^|^0^|0|0|0|^ ^|^ ^|^ ^|^ ^|^^|^00^|^^|0|0|^^|^ ^
^2026^|^01^|^527652^|^015^|^08^|^WA^|^4719^|^EBA^|^07^|^51^|^2^|^004^|^100^|^ A^|^521211^|^123^|^A^|^0^|^0^|^ ^|^0^|0|0|0|^ ^|^ ^|^ ^|^ ^|^^|^00^|^^|0|0|^^|^ ^
^2026^|^01^|^527652^|^015^|^08^|^WA^|^4719^|^EBC^|^07^|^51^|^2^|^001^|^100^|^XC^|^521211^|^123^|^A^|^0^|^0^|^ ^|^0^|0|0|0|^ ^|^ ^|^ ^|^ ^|^^|^00^|^^|0|0|^^|^ ^
^2026^|^01^|^527652^|^015^|^08^|^WA^|^4719^|^EBC^|^07^|^51^|^2^|^001^|^100^|^XC^|^522151^|^123^|^A^|^0^|^0^|^ ^|^0^|0|0|0|^ ^|^ ^|^ ^|^ ^|^^|^00^|^^|0|0|^^|^ ^
^2026^|^01^|^527652^|^015^|^08^|^WA^|^4719^|^EBC^|^07^|^51^|^2^|^001^|^100^|^XC^|^524113^|^123^|^A^|^0^|^0^|^ ^|^0^|0|0|0|^ ^|^ ^|^ ^|^ ^|^^|^00^|^^|0|0|^^|^ ^
^2026^|^01^|^527645^|^015^|^08^|^CD^|^6212^|^BMB^|^07^|^51^|^2^|^001^|^100^|^ A^|^524113^|^123^|^A^|^0^|^0^|^ ^|^0^|0|0|0|^ ^|^ ^|^ ^|^ ^|^^|^00^|^^|0|0|^^|^ ^
^2026^|^01^|^527645^|^015^|^08^|^CD^|^6212^|^BMB^|^07^|^51^|^2^|^001^|^100^|^ B^|^521211^|^123^|^A^|^0^|^0^|^ ^|^0^|0|0|0|^ ^|^ ^|^ ^|^ ^|^^|^00^|^^|0|0|^^|^ ^
^2026^|^01^|^527645^|^015^|^08^|^CD^|^6212^|^BMB^|^07^|^51^|^2^|^001^|^100^|^ B^|^522151^|^123^|^A^|^0^|^0^|^ ^|^0^|0|0|0|^ ^|^ ^|^ ^|^ ^|^^|^00^|^^|0|0|^^|^ ^
^2026^|^01^|^527645^|^015^|^08^|^CD^|^6212^|^BMB^|^07^|^51^|^2^|^001^|^100^|^ B^|^524113^|^123^|^A^|^0^|^0^|^ ^|^0^|0|0|0|^ ^|^ ^|^ ^|^ ^|^^|^00^|^^|0|0|^^|^ ^
^2026^|^01^|^527645^|^015^|^08^|^CD^|^6212^|^BMB^|^07^|^51^|^2^|^001^|^100^|^ C^|^524113^|^123^|^A^|^0^|^0^|^ ^|^0^|0|0|0|^ ^|^ ^|^ ^|^ ^|^^|^00^|^^|0|0|^^|^ ^
^2026^|^01^|^527645^|^015^|^08^|^CD^|^6212^|^BMB^|^07^|^51^|^2^|^001^|^100^|^ D^|^521211^|^123^|^A^|^0^|^0^|^ ^|^0^|0|0|0|^ ^|^ ^|^ ^|^ ^|^^|^00^|^^|0|0|^^|^ ^
^2026^|^01^|^527645^|^015^|^08^|^CD^|^6212^|^BMB^|^07^|^51^|^2^|^001^|^100^|^ D^|^522141^|^123^|^A^|^0^|^0^|^ ^|^0^|0|0|0|^ ^|^ ^|^ ^|^ ^|^^|^00^|^^|0|0|^^|^ ^
^2026^|^01^|^527645^|^015^|^08^|^CD^|^6212^|^FAC^|^07^|^51^|^2^|^002^|^100^|^ A^|^524111^|^123^|^A^|^0^|^0^|^ ^|^0^|0|0|0|^ ^|^ ^|^ ^|^ ^|^^|^00^|^^|0|0|^^|^ ^
^2026^|^01^|^527645^|^015^|^08^|^CD^|^6212^|^FAC^|^07^|^51^|^2^|^002^|^100^|^ A^|^524113^|^123^|^A^|^0^|^0^|^ ^|^0^|0|0|0|^ ^|^ ^|^ ^|^ ^|^^|^00^|^^|0|0|^^|^ ^
^2026^|^01^|^527645^|^015^|^08^|^CD^|^6212^|^FAC^|^07^|^51^|^2^|^002^|^100^|^ B^|^524111^|^123^|^A^|^0^|^0^|^ ^|^0^|0|0|0|^ ^|^ ^|^ ^|^ ^|^^|^00^|^^|0|0|^^|^ ^
^2026^|^01^|^527645^|^015^|^08^|^CD^|^6212^|^FAC^|^07^|^51^|^2^|^002^|^100^|^ B^|^524113^|^123^|^A^|^0^|^0^|^ ^|^0^|0|0|0|^ ^|^ ^|^ ^|^ ^|^^|^00^|^^|0|0|^^|^ ^
^2026^|^01^|^527645^|^015^|^08^|^CD^|^6212^|^FAH^|^07^|^51^|^2^|^003^|^100^|^ A^|^524113^|^123^|^A^|^0^|^0^|^ ^|^0^|0|0|0|^ ^|^ ^|^ ^|^ ^|^^|^00^|^^|0|0|^^|^ ^
^2026^|^01^|^527645^|^015^|^08^|^CD^|^6212^|^FAH^|^07^|^51^|^2^|^003^|^100^|^ B^|^524111^|^123^|^A^|^0^|^0^|^ ^|^0^|0|0|0|^ ^|^ ^|^ ^|^ ^|^^|^00^|^^|0|0|^^|^ ^
^2026^|^01^|^527645^|^015^|^08^|^CD^|^6212^|^FAH^|^07^|^51^|^2^|^003^|^100^|^ B^|^524113^|^123^|^A^|^0^|^0^|^ ^|^0^|0|0|0|^ ^|^ ^|^ ^|^ ^|^^|^00^|^^|0|0|^^|^ ^
^2026^|^01^|^527645^|^015^|^08^|^CD^|^6212^|^FAH^|^07^|^51^|^2^|^002^|^100^|^ A^|^521211^|^123^|^A^|^0^|^0^|^ ^|^0^|0|0|0|^ ^|^ ^|^ ^|^ ^|^^|^00^|^^|0|0|^^|^ ^
^2026^|^01^|^527645^|^015^|^08^|^CD^|^6212^|^FAH^|^07^|^51^|^2^|^002^|^100^|^ B^|^524111^|^123^|^A^|^0^|^0^|^ ^|^0^|0|0|0|^ ^|^ ^|^ ^|^ ^|^^|^00^|^^|0|0|^^|^ ^
^2026^|^01^|^527645^|^015^|^08^|^CD^|^6212^|^FAH^|^07^|^51^|^2^|^002^|^100^|^ B^|^524113^|^123^|^A^|^0^|^0^|^ ^|^0^|0|0|0|^ ^|^ ^|^ ^|^ ^|^^|^00^|^^|0|0|^^|^ ^
^2026^|^01^|^527645^|^015^|^08^|^CD^|^6212^|^FAH^|^07^|^51^|^2^|^002^|^100^|^ C^|^522151^|^123^|^A^|^0^|^0^|^ ^|^0^|0|0|0|^ ^|^ ^|^ ^|^ ^|^^|^00^|^^|0|0|^^|^ ^
^2026^|^01^|^527645^|^015^|^08^|^CD^|^6212^|^FAH^|^07^|^51^|^2^|^002^|^100^|^ C^|^524113^|^123^|^A^|^0^|^0^|^ ^|^0^|0|0|0|^ ^|^ ^|^ ^|^ ^|^^|^00^|^^|0|0|^^|^ ^
^2026^|^01^|^527645^|^015^|^08^|^CD^|^6212^|^FAL^|^07^|^51^|^2^|^001^|^100^|^ A^|^524111^|^123^|^A^|^0^|^0^|^ ^|^0^|0|0|0|^ ^|^ ^|^ ^|^ ^|^^|^00^|^^|0|0|^^|^ ^
^2026^|^01^|^527645^|^015^|^08^|^CD^|^6212^|^FAL^|^07^|^51^|^2^|^001^|^100^|^ A^|^524113^|^123^|^A^|^0^|^0^|^ ^|^0^|0|0|0|^ ^|^ ^|^ ^|^ ^|^^|^00^|^^|0|0|^^|^ ^
^2026^|^01^|^527645^|^015^|^08^|^CD^|^6212^|^FAL^|^07^|^51^|^2^|^001^|^100^|^ B^|^521211^|^123^|^A^|^0^|^0^|^ ^|^0^|0|0|0|^ ^|^ ^|^ ^|^ ^|^^|^00^|^^|0|0|^^|^ ^
^2026^|^01^|^527645^|^015^|^08^|^CD^|^6212^|^FAL^|^07^|^51^|^2^|^001^|^100^|^ B^|^522151^|^123^|^A^|^0^|^0^|^ ^|^0^|0|0|0|^ ^|^ ^|^ ^|^ ^|^^|^00^|^^|0|0|^^|^ ^
^2026^|^01^|^527645^|^015^|^08^|^CD^|^6212^|^FAL^|^07^|^51^|^2^|^001^|^100^|^ C^|^524111^|^123^|^A^|^0^|^0^|^ ^|^0^|0|0|0|^ ^|^ ^|^ ^|^ ^|^^|^00^|^^|0|0|^^|^ ^
^2026^|^01^|^527645^|^015^|^08^|^CD^|^6212^|^FAL^|^07^|^51^|^2^|^001^|^100^|^ C^|^524113^|^123^|^A^|^0^|^0^|^ ^|^0^|0|0|0|^ ^|^ ^|^ ^|^ ^|^^|^00^|^^|0|0|^^|^ ^
^2026^|^01^|^527645^|^015^|^08^|^CD^|^6212^|^FAL^|^07^|^51^|^2^|^001^|^100^|^ D^|^521211^|^123^|^A^|^0^|^0^|^ ^|^0^|0|0|0|^ ^|^ ^|^ ^|^ ^|^^|^00^|^^|0|0|^^|^ ^
^2026^|^01^|^527645^|^015^|^08^|^CD^|^6212^|^FAL^|^07^|^51^|^2^|^001^|^100^|^ D^|^521213^|^123^|^A^|^0^|^0^|^ ^|^0^|0|0|0|^ ^|^ ^|^ ^|^ ^|^^|^00^|^^|0|0|^^|^ ^
^2026^|^01^|^527645^|^015^|^08^|^CD^|^6212^|^FAL^|^07^|^51^|^2^|^001^|^100^|^ D^|^522151^|^123^|^A^|^0^|^0^|^ ^|^0^|0|0|0|^ ^|^ ^|^ ^|^ ^|^^|^00^|^^|0|0|^^|^ ^
^2026^|^01^|^527645^|^015^|^08^|^CD^|^6212^|^FAL^|^07^|^51^|^2^|^001^|^100^|^ D^|^524113^|^123^|^A^|^0^|^0^|^ ^|^0^|0|0|0|^ ^|^ ^|^ ^|^ ^|^^|^00^|^^|0|0|^^|^ ^
^2026^|^01^|^527645^|^015^|^08^|^CD^|^6213^|^ABA^|^07^|^51^|^2^|^001^|^100^|^ A^|^522151^|^123^|^A^|^0^|^0^|^ ^|^0^|0|0|0|^ ^|^ ^|^ ^|^ ^|^^|^00^|^^|0|0|^^|^ ^
^2026^|^01^|^527645^|^015^|^08^|^CD^|^6213^|^ABA^|^07^|^51^|^2^|^001^|^100^|^ A^|^524111^|^123^|^A^|^0^|^0^|^ ^|^0^|0|0|0|^ ^|^ ^|^ ^|^ ^|^^|^00^|^^|0|0|^^|^ ^
^2026^|^01^|^527645^|^015^|^08^|^CD^|^6213^|^FAE^|^07^|^51^|^2^|^009^|^100^|^ B^|^524111^|^123^|^A^|^0^|^0^|^ ^|^0^|0|0|0|^ ^|^ ^|^ ^|^ ^|^^|^00^|^^|0|0|^^|^ ^
^2026^|^01^|^527645^|^015^|^08^|^CD^|^6213^|^FAE^|^07^|^51^|^2^|^009^|^100^|^ B^|^524113^|^123^|^A^|^0^|^0^|^ ^|^0^|0|0|0|^ ^|^ ^|^ ^|^ ^|^^|^00^|^^|0|0|^^|^ ^
^2026^|^01^|^527645^|^015^|^08^|^CD^|^6213^|^FAE^|^07^|^51^|^2^|^009^|^100^|^ C^|^524111^|^123^|^A^|^0^|^0^|^ ^|^0^|0|0|0|^ ^|^ ^|^ ^|^ ^|^^|^00^|^^|0|0|^^|^ ^
^2026^|^01^|^527645^|^015^|^08^|^CD^|^6213^|^FAE^|^07^|^51^|^2^|^009^|^100^|^ C^|^524113^|^123^|^A^|^0^|^0^|^ ^|^0^|0|0|0|^ ^|^ ^|^ ^|^ ^|^^|^00^|^^|0|0|^^|^ ^
^2026^|^01^|^527645^|^015^|^08^|^CD^|^6213^|^FAE^|^07^|^51^|^2^|^009^|^100^|^ D^|^521211^|^123^|^A^|^0^|^0^|^ ^|^0^|0|0|0|^ ^|^ ^|^ ^|^ ^|^^|^00^|^^|0|0|^^|^ ^
^2026^|^01^|^527645^|^015^|^08^|^CD^|^6213^|^FAE^|^07^|^51^|^2^|^009^|^100^|^ D^|^522151^|^123^|^A^|^0^|^0^|^ ^|^0^|0|0|0|^ ^|^ ^|^ ^|^ ^|^^|^00^|^^|0|0|^^|^ ^
^2026^|^01^|^527645^|^015^|^08^|^CD^|^6213^|^FAE^|^07^|^51^|^2^|^009^|^100^|^ D^|^524113^|^123^|^A^|^0^|^0^|^ ^|^0^|0|0|0|^ ^|^ ^|^ ^|^ ^|^^|^00^|^^|0|0|^^|^ ^
^2026^|^01^|^527645^|^015^|^08^|^CD^|^6213^|^FAE^|^07^|^51^|^2^|^008^|^100^|^ A^|^522151^|^123^|^A^|^0^|^0^|^ ^|^0^|0|0|0|^ ^|^ ^|^ ^|^ ^|^^|^00^|^^|0|0|^^|^ ^
^2026^|^01^|^527645^|^015^|^08^|^CD^|^6213^|^FAE^|^07^|^51^|^2^|^008^|^100^|^ A^|^524111^|^123^|^A^|^0^|^0^|^ ^|^0^|0|0|0|^ ^|^ ^|^ ^|^ ^|^^|^00^|^^|0|0|^^|^ ^
^2026^|^01^|^527645^|^015^|^08^|^CD^|^6213^|^FAL^|^07^|^51^|^2^|^003^|^100^|^ A^|^521211^|^123^|^A^|^0^|^0^|^ ^|^0^|0|0|0|^ ^|^ ^|^ ^|^ ^|^^|^00^|^^|0|0|^^|^ ^
^2026^|^01^|^527645^|^015^|^08^|^CD^|^6213^|^FAL^|^07^|^51^|^2^|^003^|^100^|^ C^|^521211^|^123^|^A^|^0^|^0^|^ ^|^0^|0|0|0|^ ^|^ ^|^ ^|^ ^|^^|^00^|^^|0|0|^^|^ ^
^2026^|^01^|^527645^|^015^|^08^|^CD^|^6213^|^FAL^|^07^|^51^|^2^|^003^|^100^|^ D^|^524111^|^123^|^A^|^0^|^0^|^ ^|^0^|0|0|0|^ ^|^ ^|^ ^|^ ^|^^|^00^|^^|0|0|^^|^ ^
^2026^|^01^|^527645^|^015^|^08^|^CD^|^6213^|^FAL^|^07^|^51^|^2^|^003^|^100^|^ D^|^524113^|^123^|^A^|^0^|^0^|^ ^|^0^|0|0|0|^ ^|^ ^|^ ^|^ ^|^^|^00^|^^|0|0|^^|^ ^
^2026^|^01^|^527645^|^015^|^08^|^CD^|^6213^|^FAL^|^07^|^51^|^2^|^003^|^100^|^ E^|^521211^|^123^|^A^|^0^|^0^|^ ^|^0^|0|0|0|^ ^|^ ^|^ ^|^ ^|^^|^00^|^^|0|0|^^|^ ^
^2026^|^01^|^527645^|^015^|^08^|^CD^|^6213^|^FAL^|^07^|^51^|^2^|^003^|^100^|^ E^|^522151^|^123^|^A^|^0^|^0^|^ ^|^0^|0|0|0|^ ^|^ ^|^ ^|^ ^|^^|^00^|^^|0|0|^^|^ ^
^2026^|^01^|^527645^|^015^|^08^|^CD^|^6213^|^FAL^|^07^|^51^|^2^|^003^|^100^|^ E^|^524113^|^123^|^A^|^0^|^0^|^ ^|^0^|0|0|0|^ ^|^ ^|^ ^|^ ^|^^|^00^|^^|0|0|^^|^ ^
^2026^|^01^|^527645^|^015^|^08^|^CD^|^6213^|^FAL^|^07^|^51^|^2^|^003^|^100^|^ F^|^521211^|^123^|^A^|^0^|^0^|^ ^|^0^|0|0|0|^ ^|^ ^|^ ^|^ ^|^^|^00^|^^|0|0|^^|^ ^
^2026^|^01^|^527645^|^015^|^08^|^CD^|^6213^|^FAL^|^07^|^51^|^2^|^003^|^100^|^ F^|^522151^|^123^|^A^|^0^|^0^|^ ^|^0^|0|0|0|^ ^|^ ^|^ ^|^ ^|^^|^00^|^^|0|0|^^|^ ^
^2026^|^01^|^527645^|^015^|^08^|^CD^|^6213^|^FAL^|^07^|^51^|^2^|^003^|^100^|^ F^|^524111^|^123^|^A^|^0^|^0^|^ ^|^0^|0|0|0|^ ^|^ ^|^ ^|^ ^|^^|^00^|^^|0|0|^^|^ ^
^2026^|^01^|^527645^|^015^|^08^|^CD^|^6213^|^FAL^|^07^|^51^|^2^|^003^|^100^|^ F^|^524113^|^123^|^A^|^0^|^0^|^ ^|^0^|0|0|0|^ ^|^ ^|^ ^|^ ^|^^|^00^|^^|0|0|^^|^ ^
^2026^|^01^|^527645^|^015^|^08^|^CD^|^6213^|^FAL^|^07^|^51^|^2^|^003^|^100^|^ G^|^521211^|^123^|^A^|^0^|^0^|^ ^|^0^|0|0|0|^ ^|^ ^|^ ^|^ ^|^^|^00^|^^|0|0|^^|^ ^
^2026^|^01^|^527645^|^015^|^08^|^CD^|^6213^|^FAL^|^07^|^51^|^2^|^003^|^100^|^ H^|^524111^|^123^|^A^|^0^|^0^|^ ^|^0^|0|0|0|^ ^|^ ^|^ ^|^ ^|^^|^00^|^^|0|0|^^|^ ^
^2026^|^01^|^527645^|^015^|^08^|^CD^|^6213^|^FAL^|^07^|^51^|^2^|^003^|^100^|^ H^|^524113^|^123^|^A^|^0^|^0^|^ ^|^0^|0|0|0|^ ^|^ ^|^ ^|^ ^|^^|^00^|^^|0|0|^^|^ ^
^2026^|^01^|^527645^|^015^|^08^|^CD^|^6215^|^FAH^|^07^|^51^|^2^|^003^|^100^|^ A^|^524111^|^123^|^A^|^0^|^0^|^ ^|^0^|0|0|0|^ ^|^ ^|^ ^|^ ^|^^|^00^|^^|0|0|^^|^ ^
^2026^|^01^|^527645^|^015^|^08^|^CD^|^6215^|^FAH^|^07^|^51^|^2^|^003^|^100^|^ A^|^524113^|^123^|^A^|^0^|^0^|^ ^|^0^|0|0|0|^ ^|^ ^|^ ^|^ ^|^^|^00^|^^|0|0|^^|^ ^
^2026^|^01^|^527645^|^015^|^08^|^CD^|^6215^|^FAH^|^07^|^51^|^2^|^003^|^100^|^ B^|^521211^|^123^|^A^|^0^|^0^|^ ^|^0^|0|0|0|^ ^|^ ^|^ ^|^ ^|^^|^00^|^^|0|0|^^|^ ^
^2026^|^01^|^527645^|^015^|^08^|^CD^|^6215^|^FAH^|^07^|^51^|^2^|^001^|^100^|^ A^|^524111^|^123^|^A^|^0^|^0^|^ ^|^0^|0|0|0|^ ^|^ ^|^ ^|^ ^|^^|^00^|^^|0|0|^^|^ ^
^2026^|^01^|^527645^|^015^|^08^|^CD^|^6215^|^FAH^|^07^|^51^|^2^|^001^|^100^|^ A^|^524113^|^123^|^A^|^0^|^0^|^ ^|^0^|0|0|0|^ ^|^ ^|^ ^|^ ^|^^|^00^|^^|0|0|^^|^ ^
^2026^|^01^|^527645^|^015^|^08^|^CD^|^6215^|^FAH^|^07^|^51^|^2^|^001^|^100^|^ B^|^521211^|^123^|^A^|^0^|^0^|^ ^|^0^|0|0|0|^ ^|^ ^|^ ^|^ ^|^^|^00^|^^|0|0|^^|^ ^
^2026^|^01^|^527645^|^015^|^08^|^CD^|^6216^|^FAE^|^07^|^51^|^2^|^002^|^100^|^ A^|^524111^|^123^|^A^|^0^|^0^|^ ^|^0^|0|0|0|^ ^|^ ^|^ ^|^ ^|^^|^00^|^^|0|0|^^|^ ^
^2026^|^01^|^527645^|^015^|^08^|^CD^|^6216^|^FAE^|^07^|^51^|^2^|^002^|^100^|^ A^|^524113^|^123^|^A^|^0^|^0^|^ ^|^0^|0|0|0|^ ^|^ ^|^ ^|^ ^|^^|^00^|^^|0|0|^^|^ ^
^2026^|^01^|^527645^|^015^|^08^|^WA^|^4715^|^EBA^|^07^|^51^|^2^|^001^|^100^|^ A^|^521811^|^123^|^A^|^0^|^0^|^ ^|^0^|0|0|0|^ ^|^ ^|^ ^|^ ^|^^|^00^|^^|0|0|^^|^ ^
^2026^|^01^|^527645^|^015^|^08^|^WA^|^4715^|^EBA^|^07^|^51^|^2^|^001^|^100^|^ A^|^522151^|^123^|^A^|^0^|^0^|^ ^|^0^|0|0|0|^ ^|^ ^|^ ^|^ ^|^^|^00^|^^|0|0|^^|^ ^
^2026^|^01^|^527645^|^015^|^08^|^WA^|^4715^|^EBA^|^07^|^51^|^2^|^001^|^100^|^ B^|^522151^|^123^|^A^|^0^|^0^|^ ^|^0^|0|0|0|^ ^|^ ^|^ ^|^ ^|^^|^00^|^^|0|0|^^|^ ^
^2026^|^01^|^527645^|^015^|^08^|^WA^|^4715^|^EBA^|^07^|^51^|^2^|^001^|^100^|^ B^|^524113^|^123^|^A^|^0^|^0^|^ ^|^0^|0|0|0|^ ^|^ ^|^ ^|^ ^|^^|^00^|^^|0|0|^^|^ ^
^2026^|^01^|^527645^|^015^|^08^|^WA^|^4715^|^EBA^|^07^|^51^|^2^|^994^|^002^|^ A^|^521111^|^123^|^A^|^0^|^0^|^ ^|^0^|0|0|0|^ ^|^ ^|^ ^|^ ^|^^|^00^|^^|0|0|^^|^ ^
^2026^|^01^|^527645^|^015^|^08^|^WA^|^4715^|^EBA^|^07^|^51^|^2^|^994^|^002^|^ A^|^521119^|^123^|^A^|^0^|^0^|^ ^|^0^|0|0|0|^ ^|^ ^|^ ^|^ ^|^^|^00^|^^|0|0|^^|^ ^
^2026^|^01^|^527645^|^015^|^08^|^WA^|^4715^|^EBA^|^07^|^51^|^2^|^994^|^002^|^ A^|^521811^|^123^|^A^|^0^|^0^|^ ^|^0^|0|0|0|^ ^|^ ^|^ ^|^ ^|^^|^00^|^^|0|0|^^|^ ^
^2026^|^01^|^527645^|^015^|^08^|^WA^|^4715^|^EBA^|^07^|^51^|^2^|^994^|^002^|^ B^|^521114^|^123^|^A^|^0^|^0^|^ ^|^0^|0|0|0|^ ^|^ ^|^ ^|^ ^|^^|^00^|^^|0|0|^^|^ ^
^2026^|^01^|^527645^|^015^|^08^|^WA^|^4715^|^EBA^|^07^|^51^|^2^|^994^|^002^|^ B^|^522111^|^123^|^A^|^0^|^0^|^ ^|^0^|0|0|0|^ ^|^ ^|^ ^|^ ^|^^|^00^|^^|0|0|^^|^ ^
^2026^|^01^|^527645^|^015^|^08^|^WA^|^4715^|^EBA^|^07^|^51^|^2^|^994^|^002^|^ B^|^522113^|^123^|^A^|^0^|^0^|^ ^|^0^|0|0|0|^ ^|^ ^|^ ^|^ ^|^^|^00^|^^|0|0|^^|^ ^
^2026^|^01^|^527645^|^015^|^08^|^WA^|^4715^|^EBA^|^07^|^51^|^2^|^994^|^002^|^ C^|^521115^|^123^|^A^|^0^|^0^|^ ^|^0^|0|0|0|^ ^|^ ^|^ ^|^ ^|^^|^00^|^^|0|0|^^|^ ^
^2026^|^01^|^527645^|^015^|^08^|^WA^|^4715^|^EBA^|^07^|^51^|^2^|^994^|^002^|^ C^|^521119^|^123^|^A^|^0^|^0^|^ ^|^0^|0|0|0|^ ^|^ ^|^ ^|^ ^|^^|^00^|^^|0|0|^^|^ ^
^2026^|^01^|^527645^|^015^|^08^|^WA^|^4715^|^EBA^|^07^|^51^|^2^|^994^|^002^|^ D^|^523121^|^123^|^A^|^0^|^0^|^ ^|^0^|0|0|0|^ ^|^ ^|^ ^|^ ^|^^|^00^|^^|0|0|^^|^ ^
^2026^|^01^|^527645^|^015^|^08^|^WA^|^4715^|^EBA^|^07^|^51^|^2^|^994^|^002^|^ G^|^523119^|^123^|^A^|^0^|^0^|^ ^|^0^|0|0|0|^ ^|^ ^|^ ^|^ ^|^^|^00^|^^|0|0|^^|^ ^
^2026^|^01^|^527645^|^015^|^08^|^WA^|^4715^|^EBA^|^07^|^51^|^2^|^994^|^002^|^TJ^|^523121^|^123^|^A^|^0^|^0^|^ ^|^0^|0|0|0|^ ^|^ ^|^ ^|^ ^|^^|^00^|^^|0|0|^^|^ ^
^2026^|^01^|^527645^|^015^|^08^|^WA^|^4715^|^EBA^|^07^|^51^|^2^|^002^|^100^|^ A^|^524111^|^123^|^A^|^0^|^0^|^ ^|^0^|0|0|0|^ ^|^ ^|^ ^|^ ^|^^|^00^|^^|0|0|^^|^ ^
^2026^|^01^|^527645^|^015^|^08^|^WA^|^4715^|^EBA^|^07^|^51^|^2^|^002^|^100^|^ A^|^524113^|^123^|^A^|^0^|^0^|^ ^|^0^|0|0|0|^ ^|^ ^|^ ^|^ ^|^^|^00^|^^|0|0|^^|^ ^
^2026^|^01^|^527645^|^015^|^08^|^WA^|^4715^|^EBD^|^07^|^51^|^2^|^Z36^|^100^|^ A^|^521211^|^123^|^A^|^0^|^0^|^ ^|^0^|0|0|0|^ ^|^ ^|^ ^|^ ^|^^|^00^|^^|0|0|^^|^ ^
^2026^|^01^|^527645^|^015^|^08^|^WA^|^4715^|^EBD^|^07^|^51^|^2^|^Z26^|^100^|^ A^|^521211^|^123^|^A^|^0^|^0^|^ ^|^0^|0|0|0|^ ^|^ ^|^ ^|^ ^|^^|^00^|^^|0|0|^^|^ ^
^2026^|^01^|^527645^|^015^|^08^|^WA^|^4715^|^EBD^|^07^|^51^|^2^|^Z26^|^100^|^ A^|^524111^|^123^|^A^|^0^|^0^|^ ^|^0^|0|0|0|^ ^|^ ^|^ ^|^ ^|^^|^00^|^^|0|0|^^|^ ^
^2026^|^01^|^527645^|^015^|^08^|^WA^|^4715^|^EBD^|^07^|^51^|^2^|^Z26^|^100^|^ A^|^524113^|^123^|^A^|^0^|^0^|^ ^|^0^|0|0|0|^ ^|^ ^|^ ^|^ ^|^^|^00^|^^|0|0|^^|^ ^
^2026^|^01^|^527645^|^015^|^08^|^WA^|^4718^|^BMB^|^07^|^51^|^2^|^002^|^100^|^ A^|^521211^|^123^|^A^|^0^|^0^|^ ^|^0^|0|0|0|^ ^|^ ^|^ ^|^ ^|^^|^00^|^^|0|0|^^|^ ^
^2026^|^01^|^527645^|^015^|^08^|^WA^|^4718^|^BMB^|^07^|^51^|^2^|^002^|^100^|^ A^|^521219^|^123^|^A^|^0^|^0^|^ ^|^0^|0|0|0|^ ^|^ ^|^ ^|^ ^|^^|^00^|^^|0|0|^^|^ ^
^2026^|^01^|^527645^|^015^|^08^|^WA^|^4718^|^BMB^|^07^|^51^|^2^|^001^|^100^|^ A^|^521211^|^123^|^A^|^0^|^0^|^ ^|^0^|0|0|0|^ ^|^ ^|^ ^|^ ^|^^|^00^|^^|0|0|^^|^ ^
^2026^|^01^|^527645^|^015^|^08^|^WA^|^4719^|^EBA^|^07^|^51^|^2^|^003^|^100^|^ A^|^524111^|^123^|^A^|^0^|^0^|^ ^|^0^|0|0|0|^ ^|^ ^|^ ^|^ ^|^^|^00^|^^|0|0|^^|^ ^
^2026^|^01^|^527645^|^015^|^08^|^WA^|^4719^|^EBA^|^07^|^51^|^2^|^003^|^100^|^ A^|^524113^|^123^|^A^|^0^|^0^|^ ^|^0^|0|0|0|^ ^|^ ^|^ ^|^ ^|^^|^00^|^^|0|0|^^|^ ^
^2026^|^01^|^527645^|^015^|^08^|^WA^|^4719^|^EBA^|^07^|^51^|^2^|^003^|^100^|^ B^|^521211^|^123^|^A^|^0^|^0^|^ ^|^0^|0|0|0|^ ^|^ ^|^ ^|^ ^|^^|^00^|^^|0|0|^^|^ ^
^2026^|^01^|^527645^|^015^|^08^|^WA^|^4719^|^EBA^|^07^|^51^|^2^|^994^|^001^|^ A^|^511129^|^123^|^A^|^0^|^0^|^ ^|^0^|0|0|0|^ ^|^ ^|^ ^|^ ^|^^|^00^|^^|0|0|^^|^ ^
^2026^|^01^|^527645^|^015^|^08^|^WA^|^4719^|^EBA^|^07^|^51^|^2^|^994^|^001^|^ A^|^512211^|^123^|^A^|^0^|^0^|^ ^|^0^|0|0|0|^ ^|^ ^|^ ^|^ ^|^^|^00^|^^|0|0|^^|^ ^
^2026^|^01^|^527645^|^015^|^08^|^WA^|^4719^|^EBA^|^07^|^51^|^2^|^005^|^100^|^ A^|^524111^|^123^|^A^|^0^|^0^|^ ^|^0^|0|0|0|^ ^|^ ^|^ ^|^ ^|^^|^00^|^^|0|0|^^|^ ^
^2026^|^01^|^527645^|^015^|^08^|^WA^|^4719^|^EBA^|^07^|^51^|^2^|^005^|^100^|^ A^|^524113^|^123^|^A^|^0^|^0^|^ ^|^0^|0|0|0|^ ^|^ ^|^ ^|^ ^|^^|^00^|^^|0|0|^^|^ ^
^2026^|^01^|^527645^|^015^|^08^|^WA^|^4719^|^EBA^|^07^|^51^|^2^|^005^|^100^|^ B^|^524111^|^123^|^A^|^0^|^0^|^ ^|^0^|0|0|0|^ ^|^ ^|^ ^|^ ^|^^|^00^|^^|0|0|^^|^ ^
^2026^|^01^|^527645^|^015^|^08^|^WA^|^4719^|^EBA^|^07^|^51^|^2^|^005^|^100^|^ B^|^524113^|^123^|^A^|^0^|^0^|^ ^|^0^|0|0|0|^ ^|^ ^|^ ^|^ ^|^^|^00^|^^|0|0|^^|^ ^
^2026^|^01^|^527645^|^015^|^08^|^WA^|^4719^|^EBC^|^07^|^51^|^2^|^001^|^100^|^XC^|^521211^|^123^|^A^|^0^|^0^|^ ^|^0^|0|0|0|^ ^|^ ^|^ ^|^ ^|^^|^00^|^^|0|0|^^|^ ^
^2026^|^01^|^527645^|^015^|^08^|^WA^|^4719^|^EBC^|^07^|^51^|^2^|^001^|^100^|^XC^|^522151^|^123^|^A^|^0^|^0^|^ ^|^0^|0|0|0|^ ^|^ ^|^ ^|^ ^|^^|^00^|^^|0|0|^^|^ ^
^2026^|^01^|^527645^|^015^|^08^|^WA^|^4719^|^EBC^|^07^|^51^|^2^|^001^|^100^|^XC^|^524113^|^123^|^A^|^0^|^0^|^ ^|^0^|0|0|0|^ ^|^ ^|^ ^|^ ^|^^|^00^|^^|0|0|^^|^ ^
^2026^|^01^|^527645^|^015^|^08^|^WA^|^4722^|^EBD^|^07^|^51^|^2^|^001^|^100^|^ A^|^521211^|^123^|^A^|^0^|^0^|^ ^|^0^|0|0|0|^ ^|^ ^|^ ^|^ ^|^^|^00^|^^|0|0|^^|^ ^
^2026^|^01^|^527645^|^015^|^08^|^WA^|^4722^|^EBD^|^07^|^51^|^2^|^001^|^100^|^ B^|^524111^|^123^|^A^|^0^|^0^|^ ^|^0^|0|0|0|^ ^|^ ^|^ ^|^ ^|^^|^00^|^^|0|0|^^|^ ^
^2026^|^01^|^527645^|^015^|^08^|^WA^|^4722^|^EBD^|^07^|^51^|^2^|^001^|^100^|^ B^|^524113^|^123^|^A^|^0^|^0^|^ ^|^0^|0|0|0|^ ^|^ ^|^ ^|^ ^|^^|^00^|^^|0|0|^^|^ ^
^2026^|^01^|^527670^|^015^|^08^|^CD^|^6212^|^BMB^|^07^|^57^|^2^|^001^|^100^|^ A^|^524111^|^006^|^A^|^0^|^0^|^ ^|^0^|0|0|0|^ ^|^ ^|^ ^|^ ^|^^|^00^|^^|0|0|^^|^ ^
^2026^|^01^|^527670^|^015^|^08^|^CD^|^6212^|^BMB^|^07^|^57^|^2^|^001^|^100^|^ A^|^524113^|^006^|^A^|^0^|^0^|^ ^|^0^|0|0|0|^ ^|^ ^|^ ^|^ ^|^^|^00^|^^|0|0|^^|^ ^
^2026^|^01^|^527670^|^015^|^08^|^CD^|^6212^|^FAC^|^07^|^57^|^2^|^001^|^100^|^ A^|^521211^|^006^|^A^|^0^|^0^|^ ^|^0^|0|0|0|^ ^|^ ^|^ ^|^ ^|^^|^00^|^^|0|0|^^|^ ^
^2026^|^01^|^527670^|^015^|^08^|^CD^|^6212^|^FAC^|^07^|^57^|^2^|^001^|^100^|^ B^|^521211^|^006^|^A^|^0^|^0^|^ ^|^0^|0|0|0|^ ^|^ ^|^ ^|^ ^|^^|^00^|^^|0|0|^^|^ ^
^2026^|^01^|^527670^|^015^|^08^|^CD^|^6212^|^FAH^|^07^|^57^|^2^|^001^|^100^|^ A^|^521211^|^006^|^A^|^0^|^0^|^ ^|^0^|0|0|0|^ ^|^ ^|^ ^|^ ^|^^|^00^|^^|0|0|^^|^ ^
^2026^|^01^|^527670^|^015^|^08^|^CD^|^6212^|^FAL^|^07^|^57^|^2^|^004^|^100^|^ A^|^521211^|^006^|^A^|^0^|^0^|^ ^|^0^|0|0|0|^ ^|^ ^|^ ^|^ ^|^^|^00^|^^|0|0|^^|^ ^
^2026^|^01^|^527670^|^015^|^08^|^CD^|^6212^|^FAL^|^07^|^57^|^2^|^004^|^100^|^ B^|^521211^|^006^|^A^|^0^|^0^|^ ^|^0^|0|0|0|^ ^|^ ^|^ ^|^ ^|^^|^00^|^^|0|0|^^|^ ^
^2026^|^01^|^527670^|^015^|^08^|^CD^|^6212^|^FAL^|^07^|^57^|^2^|^004^|^100^|^ D^|^524111^|^006^|^A^|^0^|^0^|^ ^|^0^|0|0|0|^ ^|^ ^|^ ^|^ ^|^^|^00^|^^|0|0|^^|^ ^
^2026^|^01^|^527670^|^015^|^08^|^CD^|^6212^|^FAL^|^07^|^57^|^2^|^004^|^100^|^ D^|^524113^|^006^|^A^|^0^|^0^|^ ^|^0^|0|0|0|^ ^|^ ^|^ ^|^ ^|^^|^00^|^^|0|0|^^|^ ^
^2026^|^01^|^527670^|^015^|^08^|^CD^|^6213^|^FAC^|^07^|^57^|^2^|^001^|^100^|^ A^|^521211^|^006^|^A^|^0^|^0^|^ ^|^0^|0|0|0|^ ^|^ ^|^ ^|^ ^|^^|^00^|^^|0|0|^^|^ ^
^2026^|^01^|^527670^|^015^|^08^|^CD^|^6213^|^FAE^|^07^|^57^|^2^|^009^|^100^|^ A^|^524111^|^006^|^A^|^0^|^0^|^ ^|^0^|0|0|0|^ ^|^ ^|^ ^|^ ^|^^|^00^|^^|0|0|^^|^ ^
^2026^|^01^|^527670^|^015^|^08^|^CD^|^6213^|^FAE^|^07^|^57^|^2^|^009^|^100^|^ A^|^524113^|^006^|^A^|^0^|^0^|^ ^|^0^|0|0|0|^ ^|^ ^|^ ^|^ ^|^^|^00^|^^|0|0|^^|^ ^
^2026^|^01^|^527670^|^015^|^08^|^CD^|^6213^|^FAL^|^07^|^57^|^2^|^003^|^100^|^ A^|^524111^|^006^|^A^|^0^|^0^|^ ^|^0^|0|0|0|^ ^|^ ^|^ ^|^ ^|^^|^00^|^^|0|0|^^|^ ^
^2026^|^01^|^527670^|^015^|^08^|^CD^|^6213^|^FAL^|^07^|^57^|^2^|^003^|^100^|^ A^|^524113^|^006^|^A^|^0^|^0^|^ ^|^0^|0|0|0|^ ^|^ ^|^ ^|^ ^|^^|^00^|^^|0|0|^^|^ ^
^2026^|^01^|^527670^|^015^|^08^|^CD^|^6214^|^FAL^|^07^|^57^|^2^|^002^|^100^|^ A^|^521211^|^006^|^A^|^0^|^0^|^ ^|^0^|0|0|0|^ ^|^ ^|^ ^|^ ^|^^|^00^|^^|0|0|^^|^ ^
^2026^|^01^|^527670^|^015^|^08^|^CD^|^6214^|^FAL^|^07^|^57^|^2^|^002^|^100^|^ B^|^521211^|^006^|^A^|^0^|^0^|^ ^|^0^|0|0|0|^ ^|^ ^|^ ^|^ ^|^^|^00^|^^|0|0|^^|^ ^
^2026^|^01^|^527670^|^015^|^08^|^CD^|^6215^|^FAH^|^07^|^57^|^2^|^003^|^100^|^ A^|^521211^|^006^|^A^|^0^|^0^|^ ^|^0^|0|0|0|^ ^|^ ^|^ ^|^ ^|^^|^00^|^^|0|0|^^|^ ^
^2026^|^01^|^527670^|^015^|^08^|^CD^|^6215^|^FAH^|^07^|^57^|^2^|^003^|^100^|^ B^|^524111^|^006^|^A^|^0^|^0^|^ ^|^0^|0|0|0|^ ^|^ ^|^ ^|^ ^|^^|^00^|^^|0|0|^^|^ ^
^2026^|^01^|^527670^|^015^|^08^|^WA^|^4715^|^EBA^|^07^|^57^|^2^|^001^|^100^|^ A^|^521811^|^006^|^A^|^0^|^0^|^ ^|^0^|0|0|0|^ ^|^ ^|^ ^|^ ^|^^|^00^|^^|0|0|^^|^ ^
^2026^|^01^|^527670^|^015^|^08^|^WA^|^4715^|^EBA^|^07^|^57^|^2^|^001^|^100^|^ B^|^522151^|^006^|^A^|^0^|^0^|^ ^|^0^|0|0|0|^ ^|^ ^|^ ^|^ ^|^^|^00^|^^|0|0|^^|^ ^
^2026^|^01^|^527670^|^015^|^08^|^WA^|^4715^|^EBA^|^07^|^57^|^2^|^001^|^100^|^ B^|^524111^|^006^|^A^|^0^|^0^|^ ^|^0^|0|0|0|^ ^|^ ^|^ ^|^ ^|^^|^00^|^^|0|0|^^|^ ^
^2026^|^01^|^527670^|^015^|^08^|^WA^|^4715^|^EBA^|^07^|^57^|^2^|^994^|^002^|^ A^|^521111^|^006^|^A^|^0^|^0^|^ ^|^0^|0|0|0|^ ^|^ ^|^ ^|^ ^|^^|^00^|^^|0|0|^^|^ ^
^2026^|^01^|^527670^|^015^|^08^|^WA^|^4715^|^EBA^|^07^|^57^|^2^|^994^|^002^|^ A^|^521119^|^006^|^A^|^0^|^0^|^ ^|^0^|0|0|0|^ ^|^ ^|^ ^|^ ^|^^|^00^|^^|0|0|^^|^ ^
^2026^|^01^|^527670^|^015^|^08^|^WA^|^4715^|^EBA^|^07^|^57^|^2^|^994^|^002^|^ A^|^521811^|^006^|^A^|^0^|^0^|^ ^|^0^|0|0|0|^ ^|^ ^|^ ^|^ ^|^^|^00^|^^|0|0|^^|^ ^
^2026^|^01^|^527670^|^015^|^08^|^WA^|^4715^|^EBA^|^07^|^57^|^2^|^994^|^002^|^ B^|^521114^|^006^|^A^|^0^|^0^|^ ^|^0^|0|0|0|^ ^|^ ^|^ ^|^ ^|^^|^00^|^^|0|0|^^|^ ^
^2026^|^01^|^527670^|^015^|^08^|^WA^|^4715^|^EBA^|^07^|^57^|^2^|^994^|^002^|^ B^|^522113^|^006^|^A^|^0^|^0^|^ ^|^0^|0|0|0|^ ^|^ ^|^ ^|^ ^|^^|^00^|^^|0|0|^^|^ ^
^2026^|^01^|^527670^|^015^|^08^|^WA^|^4715^|^EBA^|^07^|^57^|^2^|^994^|^002^|^ C^|^521113^|^006^|^A^|^0^|^0^|^ ^|^0^|0|0|0|^ ^|^ ^|^ ^|^ ^|^^|^00^|^^|0|0|^^|^ ^
^2026^|^01^|^527670^|^015^|^08^|^WA^|^4715^|^EBA^|^07^|^57^|^2^|^994^|^002^|^ C^|^521115^|^006^|^A^|^0^|^0^|^ ^|^0^|0|0|0|^ ^|^ ^|^ ^|^ ^|^^|^00^|^^|0|0|^^|^ ^
^2026^|^01^|^527670^|^015^|^08^|^WA^|^4715^|^EBA^|^07^|^57^|^2^|^994^|^002^|^ C^|^521119^|^006^|^A^|^0^|^0^|^ ^|^0^|0|0|0|^ ^|^ ^|^ ^|^ ^|^^|^00^|^^|0|0|^^|^ ^
^2026^|^01^|^527670^|^015^|^08^|^WA^|^4715^|^EBA^|^07^|^57^|^2^|^994^|^002^|^ D^|^523121^|^006^|^A^|^0^|^0^|^ ^|^0^|0|0|0|^ ^|^ ^|^ ^|^ ^|^^|^00^|^^|0|0|^^|^ ^
^2026^|^01^|^527670^|^015^|^08^|^WA^|^4715^|^EBA^|^07^|^57^|^2^|^994^|^002^|^ G^|^523111^|^006^|^A^|^0^|^0^|^ ^|^0^|0|0|0|^ ^|^ ^|^ ^|^ ^|^^|^00^|^^|0|0|^^|^ ^
^2026^|^01^|^527670^|^015^|^08^|^WA^|^4715^|^EBA^|^07^|^57^|^2^|^994^|^002^|^ G^|^523119^|^006^|^A^|^0^|^0^|^ ^|^0^|0|0|0|^ ^|^ ^|^ ^|^ ^|^^|^00^|^^|0|0|^^|^ ^
^2026^|^01^|^527670^|^015^|^08^|^WA^|^4715^|^EBA^|^07^|^57^|^2^|^994^|^002^|^TJ^|^523121^|^006^|^A^|^0^|^0^|^ ^|^0^|0|0|0|^ ^|^ ^|^ ^|^ ^|^^|^00^|^^|0|0|^^|^ ^
^2026^|^01^|^527670^|^015^|^08^|^WA^|^4715^|^EBA^|^07^|^57^|^2^|^002^|^100^|^ A^|^524111^|^006^|^A^|^0^|^0^|^ ^|^0^|0|0|0|^ ^|^ ^|^ ^|^ ^|^^|^00^|^^|0|0|^^|^ ^
^2026^|^01^|^527670^|^015^|^08^|^WA^|^4715^|^EBA^|^07^|^57^|^2^|^002^|^100^|^ A^|^524113^|^006^|^A^|^0^|^0^|^ ^|^0^|0|0|0|^ ^|^ ^|^ ^|^ ^|^^|^00^|^^|0|0|^^|^ ^
^2026^|^01^|^527670^|^015^|^08^|^WA^|^4715^|^EBD^|^07^|^57^|^2^|^Z36^|^100^|^ B^|^524111^|^006^|^A^|^0^|^0^|^ ^|^0^|0|0|0|^ ^|^ ^|^ ^|^ ^|^^|^00^|^^|0|0|^^|^ ^
^2026^|^01^|^527670^|^015^|^08^|^WA^|^4718^|^BMB^|^07^|^57^|^2^|^002^|^100^|^ A^|^521219^|^006^|^A^|^0^|^0^|^ ^|^0^|0|0|0|^ ^|^ ^|^ ^|^ ^|^^|^00^|^^|0|0|^^|^ ^
^2026^|^01^|^527670^|^015^|^08^|^WA^|^4718^|^BMB^|^07^|^57^|^2^|^001^|^100^|^ A^|^521211^|^006^|^A^|^0^|^0^|^ ^|^0^|0|0|0|^ ^|^ ^|^ ^|^ ^|^^|^00^|^^|0|0|^^|^ ^
^2026^|^01^|^527670^|^015^|^08^|^WA^|^4719^|^EBA^|^07^|^57^|^2^|^994^|^001^|^ A^|^511129^|^006^|^A^|^0^|^0^|^ ^|^0^|0|0|0|^ ^|^ ^|^ ^|^ ^|^^|^00^|^^|0|0|^^|^ ^
^2026^|^01^|^527670^|^015^|^08^|^WA^|^4719^|^EBA^|^07^|^57^|^2^|^994^|^001^|^ A^|^512211^|^006^|^A^|^0^|^0^|^ ^|^0^|0|0|0|^ ^|^ ^|^ ^|^ ^|^^|^00^|^^|0|0|^^|^ ^
^2026^|^01^|^527670^|^015^|^08^|^WA^|^4719^|^EBA^|^07^|^57^|^2^|^004^|^100^|^ A^|^521211^|^006^|^A^|^0^|^0^|^ ^|^0^|0|0|0|^ ^|^ ^|^ ^|^ ^|^^|^00^|^^|0|0|^^|^ ^
^2026^|^01^|^527670^|^015^|^08^|^WA^|^4719^|^EBC^|^07^|^57^|^2^|^001^|^100^|^XC^|^521211^|^006^|^A^|^0^|^0^|^ ^|^0^|0|0|0|^ ^|^ ^|^ ^|^ ^|^^|^00^|^^|0|0|^^|^ ^
^2026^|^01^|^527670^|^015^|^08^|^WA^|^4719^|^EBC^|^07^|^57^|^2^|^001^|^100^|^XC^|^522151^|^006^|^A^|^0^|^0^|^ ^|^0^|0|0|0|^ ^|^ ^|^ ^|^ ^|^^|^00^|^^|0|0|^^|^ ^
^2026^|^01^|^527670^|^015^|^08^|^WA^|^4719^|^EBC^|^07^|^57^|^2^|^001^|^100^|^XC^|^524113^|^006^|^A^|^0^|^0^|^ ^|^0^|0|0|0|^ ^|^ ^|^ ^|^ ^|^^|^00^|^^|0|0|^^|^ ^
^2026^|^01^|^527687^|^015^|^08^|^CD^|^6212^|^BMB^|^07^|^61^|^2^|^001^|^100^|^ A^|^524111^|^007^|^A^|^0^|^0^|^ ^|^0^|0|0|0|^ ^|^ ^|^ ^|^ ^|^^|^00^|^^|0|0|^^|^ ^
^2026^|^01^|^527687^|^015^|^08^|^CD^|^6212^|^BMB^|^07^|^61^|^2^|^001^|^100^|^ A^|^524113^|^007^|^A^|^0^|^0^|^ ^|^0^|0|0|0|^ ^|^ ^|^ ^|^ ^|^^|^00^|^^|0|0|^^|^ ^
^2026^|^01^|^527687^|^015^|^08^|^CD^|^6212^|^FAC^|^07^|^61^|^2^|^001^|^100^|^ A^|^521211^|^007^|^A^|^0^|^0^|^ ^|^0^|0|0|0|^ ^|^ ^|^ ^|^ ^|^^|^00^|^^|0|0|^^|^ ^
^2026^|^01^|^527687^|^015^|^08^|^CD^|^6212^|^FAC^|^07^|^61^|^2^|^001^|^100^|^ B^|^521211^|^007^|^A^|^0^|^0^|^ ^|^0^|0|0|0|^ ^|^ ^|^ ^|^ ^|^^|^00^|^^|0|0|^^|^ ^
^2026^|^01^|^527687^|^015^|^08^|^CD^|^6212^|^FAH^|^07^|^61^|^2^|^001^|^100^|^ A^|^521211^|^007^|^A^|^0^|^0^|^ ^|^0^|0|0|0|^ ^|^ ^|^ ^|^ ^|^^|^00^|^^|0|0|^^|^ ^
^2026^|^01^|^527687^|^015^|^08^|^CD^|^6212^|^FAL^|^07^|^61^|^2^|^004^|^100^|^ A^|^521211^|^007^|^A^|^0^|^0^|^ ^|^0^|0|0|0|^ ^|^ ^|^ ^|^ ^|^^|^00^|^^|0|0|^^|^ ^
^2026^|^01^|^527687^|^015^|^08^|^CD^|^6212^|^FAL^|^07^|^61^|^2^|^004^|^100^|^ B^|^521211^|^007^|^A^|^0^|^0^|^ ^|^0^|0|0|0|^ ^|^ ^|^ ^|^ ^|^^|^00^|^^|0|0|^^|^ ^
^2026^|^01^|^527687^|^015^|^08^|^CD^|^6212^|^FAL^|^07^|^61^|^2^|^004^|^100^|^ D^|^524111^|^007^|^A^|^0^|^0^|^ ^|^0^|0|0|0|^ ^|^ ^|^ ^|^ ^|^^|^00^|^^|0|0|^^|^ ^
^2026^|^01^|^527687^|^015^|^08^|^CD^|^6212^|^FAL^|^07^|^61^|^2^|^004^|^100^|^ D^|^524113^|^007^|^A^|^0^|^0^|^ ^|^0^|0|0|0|^ ^|^ ^|^ ^|^ ^|^^|^00^|^^|0|0|^^|^ ^
^2026^|^01^|^527687^|^015^|^08^|^CD^|^6213^|^FAC^|^07^|^61^|^2^|^001^|^100^|^ A^|^521211^|^007^|^A^|^0^|^0^|^ ^|^0^|0|0|0|^ ^|^ ^|^ ^|^ ^|^^|^00^|^^|0|0|^^|^ ^
^2026^|^01^|^527687^|^015^|^08^|^CD^|^6213^|^FAE^|^07^|^61^|^2^|^009^|^100^|^ A^|^524111^|^007^|^A^|^0^|^0^|^ ^|^0^|0|0|0|^ ^|^ ^|^ ^|^ ^|^^|^00^|^^|0|0|^^|^ ^
^2026^|^01^|^527687^|^015^|^08^|^CD^|^6213^|^FAE^|^07^|^61^|^2^|^009^|^100^|^ A^|^524113^|^007^|^A^|^0^|^0^|^ ^|^0^|0|0|0|^ ^|^ ^|^ ^|^ ^|^^|^00^|^^|0|0|^^|^ ^
^2026^|^01^|^527687^|^015^|^08^|^CD^|^6213^|^FAL^|^07^|^61^|^2^|^003^|^100^|^ A^|^524111^|^007^|^A^|^0^|^0^|^ ^|^0^|0|0|0|^ ^|^ ^|^ ^|^ ^|^^|^00^|^^|0|0|^^|^ ^
^2026^|^01^|^527687^|^015^|^08^|^CD^|^6213^|^FAL^|^07^|^61^|^2^|^003^|^100^|^ A^|^524113^|^007^|^A^|^0^|^0^|^ ^|^0^|0|0|0|^ ^|^ ^|^ ^|^ ^|^^|^00^|^^|0|0|^^|^ ^
^2026^|^01^|^527687^|^015^|^08^|^CD^|^6214^|^FAL^|^07^|^61^|^2^|^002^|^100^|^ A^|^521211^|^007^|^A^|^0^|^0^|^ ^|^0^|0|0|0|^ ^|^ ^|^ ^|^ ^|^^|^00^|^^|0|0|^^|^ ^
^2026^|^01^|^527687^|^015^|^08^|^CD^|^6214^|^FAL^|^07^|^61^|^2^|^002^|^100^|^ B^|^521211^|^007^|^A^|^0^|^0^|^ ^|^0^|0|0|0|^ ^|^ ^|^ ^|^ ^|^^|^00^|^^|0|0|^^|^ ^
^2026^|^01^|^527687^|^015^|^08^|^CD^|^6215^|^FAH^|^07^|^61^|^2^|^003^|^100^|^ A^|^521211^|^007^|^A^|^0^|^0^|^ ^|^0^|0|0|0|^ ^|^ ^|^ ^|^ ^|^^|^00^|^^|0|0|^^|^ ^
^2026^|^01^|^527687^|^015^|^08^|^CD^|^6215^|^FAH^|^07^|^61^|^2^|^003^|^100^|^ B^|^524111^|^007^|^A^|^0^|^0^|^ ^|^0^|0|0|0|^ ^|^ ^|^ ^|^ ^|^^|^00^|^^|0|0|^^|^ ^
^2026^|^01^|^527687^|^015^|^08^|^WA^|^4715^|^EBA^|^07^|^61^|^2^|^001^|^100^|^ A^|^521811^|^007^|^A^|^0^|^0^|^ ^|^0^|0|0|0|^ ^|^ ^|^ ^|^ ^|^^|^00^|^^|0|0|^^|^ ^
^2026^|^01^|^527687^|^015^|^08^|^WA^|^4715^|^EBA^|^07^|^61^|^2^|^001^|^100^|^ B^|^522151^|^007^|^A^|^0^|^0^|^ ^|^0^|0|0|0|^ ^|^ ^|^ ^|^ ^|^^|^00^|^^|0|0|^^|^ ^
^2026^|^01^|^527687^|^015^|^08^|^WA^|^4715^|^EBA^|^07^|^61^|^2^|^001^|^100^|^ B^|^524111^|^007^|^A^|^0^|^0^|^ ^|^0^|0|0|0|^ ^|^ ^|^ ^|^ ^|^^|^00^|^^|0|0|^^|^ ^
^2026^|^01^|^527687^|^015^|^08^|^WA^|^4715^|^EBA^|^07^|^61^|^2^|^994^|^002^|^ A^|^521111^|^007^|^A^|^0^|^0^|^ ^|^0^|0|0|0|^ ^|^ ^|^ ^|^ ^|^^|^00^|^^|0|0|^^|^ ^
^2026^|^01^|^527687^|^015^|^08^|^WA^|^4715^|^EBA^|^07^|^61^|^2^|^994^|^002^|^ A^|^521119^|^007^|^A^|^0^|^0^|^ ^|^0^|0|0|0|^ ^|^ ^|^ ^|^ ^|^^|^00^|^^|0|0|^^|^ ^
^2026^|^01^|^527687^|^015^|^08^|^WA^|^4715^|^EBA^|^07^|^61^|^2^|^994^|^002^|^ A^|^521811^|^007^|^A^|^0^|^0^|^ ^|^0^|0|0|0|^ ^|^ ^|^ ^|^ ^|^^|^00^|^^|0|0|^^|^ ^
^2026^|^01^|^527687^|^015^|^08^|^WA^|^4715^|^EBA^|^07^|^61^|^2^|^994^|^002^|^ B^|^521114^|^007^|^A^|^0^|^0^|^ ^|^0^|0|0|0|^ ^|^ ^|^ ^|^ ^|^^|^00^|^^|0|0|^^|^ ^
^2026^|^01^|^527687^|^015^|^08^|^WA^|^4715^|^EBA^|^07^|^61^|^2^|^994^|^002^|^ B^|^522113^|^007^|^A^|^0^|^0^|^ ^|^0^|0|0|0|^ ^|^ ^|^ ^|^ ^|^^|^00^|^^|0|0|^^|^ ^
^2026^|^01^|^527687^|^015^|^08^|^WA^|^4715^|^EBA^|^07^|^61^|^2^|^994^|^002^|^ C^|^521113^|^007^|^A^|^0^|^0^|^ ^|^0^|0|0|0|^ ^|^ ^|^ ^|^ ^|^^|^00^|^^|0|0|^^|^ ^
^2026^|^01^|^527687^|^015^|^08^|^WA^|^4715^|^EBA^|^07^|^61^|^2^|^994^|^002^|^ C^|^521115^|^007^|^A^|^0^|^0^|^ ^|^0^|0|0|0|^ ^|^ ^|^ ^|^ ^|^^|^00^|^^|0|0|^^|^ ^
^2026^|^01^|^527687^|^015^|^08^|^WA^|^4715^|^EBA^|^07^|^61^|^2^|^994^|^002^|^ C^|^521119^|^007^|^A^|^0^|^0^|^ ^|^0^|0|0|0|^ ^|^ ^|^ ^|^ ^|^^|^00^|^^|0|0|^^|^ ^
^2026^|^01^|^527687^|^015^|^08^|^WA^|^4715^|^EBA^|^07^|^61^|^2^|^994^|^002^|^ D^|^523121^|^007^|^A^|^0^|^0^|^ ^|^0^|0|0|0|^ ^|^ ^|^ ^|^ ^|^^|^00^|^^|0|0|^^|^ ^
^2026^|^01^|^527687^|^015^|^08^|^WA^|^4715^|^EBA^|^07^|^61^|^2^|^994^|^002^|^ G^|^523111^|^007^|^A^|^0^|^0^|^ ^|^0^|0|0|0|^ ^|^ ^|^ ^|^ ^|^^|^00^|^^|0|0|^^|^ ^
^2026^|^01^|^527687^|^015^|^08^|^WA^|^4715^|^EBA^|^07^|^61^|^2^|^994^|^002^|^ G^|^523119^|^007^|^A^|^0^|^0^|^ ^|^0^|0|0|0|^ ^|^ ^|^ ^|^ ^|^^|^00^|^^|0|0|^^|^ ^
^2026^|^01^|^527687^|^015^|^08^|^WA^|^4715^|^EBA^|^07^|^61^|^2^|^994^|^002^|^TJ^|^523121^|^007^|^A^|^0^|^0^|^ ^|^0^|0|0|0|^ ^|^ ^|^ ^|^ ^|^^|^00^|^^|0|0|^^|^ ^
^2026^|^01^|^527687^|^015^|^08^|^WA^|^4715^|^EBA^|^07^|^61^|^2^|^002^|^100^|^ A^|^524111^|^007^|^A^|^0^|^0^|^ ^|^0^|0|0|0|^ ^|^ ^|^ ^|^ ^|^^|^00^|^^|0|0|^^|^ ^
^2026^|^01^|^527687^|^015^|^08^|^WA^|^4715^|^EBA^|^07^|^61^|^2^|^002^|^100^|^ A^|^524113^|^007^|^A^|^0^|^0^|^ ^|^0^|0|0|0|^ ^|^ ^|^ ^|^ ^|^^|^00^|^^|0|0|^^|^ ^
^2026^|^01^|^527687^|^015^|^08^|^WA^|^4715^|^EBD^|^07^|^61^|^2^|^Z36^|^100^|^ B^|^524111^|^007^|^A^|^0^|^0^|^ ^|^0^|0|0|0|^ ^|^ ^|^ ^|^ ^|^^|^00^|^^|0|0|^^|^ ^
^2026^|^01^|^527687^|^015^|^08^|^WA^|^4718^|^BMB^|^07^|^61^|^2^|^002^|^100^|^ A^|^521219^|^007^|^A^|^0^|^0^|^ ^|^0^|0|0|0|^ ^|^ ^|^ ^|^ ^|^^|^00^|^^|0|0|^^|^ ^
^2026^|^01^|^527687^|^015^|^08^|^WA^|^4718^|^BMB^|^07^|^61^|^2^|^001^|^100^|^ A^|^521211^|^007^|^A^|^0^|^0^|^ ^|^0^|0|0|0|^ ^|^ ^|^ ^|^ ^|^^|^00^|^^|0|0|^^|^ ^
^2026^|^01^|^527687^|^015^|^08^|^WA^|^4719^|^EBA^|^07^|^61^|^2^|^004^|^100^|^ A^|^521211^|^007^|^A^|^0^|^0^|^ ^|^0^|0|0|0|^ ^|^ ^|^ ^|^ ^|^^|^00^|^^|0|0|^^|^ ^
^2026^|^01^|^527687^|^015^|^08^|^WA^|^4719^|^EBA^|^07^|^61^|^2^|^994^|^001^|^ A^|^511129^|^007^|^A^|^0^|^0^|^ ^|^0^|0|0|0|^ ^|^ ^|^ ^|^ ^|^^|^00^|^^|0|0|^^|^ ^
^2026^|^01^|^527687^|^015^|^08^|^WA^|^4719^|^EBA^|^07^|^61^|^2^|^994^|^001^|^ A^|^512211^|^007^|^A^|^0^|^0^|^ ^|^0^|0|0|0|^ ^|^ ^|^ ^|^ ^|^^|^00^|^^|0|0|^^|^ ^
^2026^|^01^|^527687^|^015^|^08^|^WA^|^4719^|^EBC^|^07^|^61^|^2^|^001^|^100^|^XC^|^521211^|^007^|^A^|^0^|^0^|^ ^|^0^|0|0|0|^ ^|^ ^|^ ^|^ ^|^^|^00^|^^|0|0|^^|^ ^
^2026^|^01^|^527687^|^015^|^08^|^WA^|^4719^|^EBC^|^07^|^61^|^2^|^001^|^100^|^XC^|^522151^|^007^|^A^|^0^|^0^|^ ^|^0^|0|0|0|^ ^|^ ^|^ ^|^ ^|^^|^00^|^^|0|0|^^|^ ^
^2026^|^01^|^527687^|^015^|^08^|^WA^|^4719^|^EBC^|^07^|^61^|^2^|^001^|^100^|^XC^|^524113^|^007^|^A^|^0^|^0^|^ ^|^0^|0|0|0|^ ^|^ ^|^ ^|^ ^|^^|^00^|^^|0|0|^^|^ ^
^2026^|^01^|^527666^|^015^|^08^|^CD^|^6212^|^BMB^|^07^|^54^|^2^|^001^|^100^|^AA^|^524111^|^005^|^A^|^0^|^0^|^ ^|^0^|0|0|0|^ ^|^ ^|^ ^|^ ^|^^|^00^|^^|0|0|^^|^ ^
^2026^|^01^|^527666^|^015^|^08^|^CD^|^6212^|^BMB^|^07^|^54^|^2^|^001^|^100^|^AA^|^524113^|^005^|^A^|^0^|^0^|^ ^|^0^|0|0|0|^ ^|^ ^|^ ^|^ ^|^^|^00^|^^|0|0|^^|^ ^
^2026^|^01^|^527666^|^015^|^08^|^CD^|^6212^|^BMB^|^07^|^54^|^2^|^001^|^100^|^BA^|^524111^|^005^|^A^|^0^|^0^|^ ^|^0^|0|0|0|^ ^|^ ^|^ ^|^ ^|^^|^00^|^^|0|0|^^|^ ^
^2026^|^01^|^527666^|^015^|^08^|^CD^|^6212^|^BMB^|^07^|^54^|^2^|^001^|^100^|^BA^|^524113^|^005^|^A^|^0^|^0^|^ ^|^0^|0|0|0|^ ^|^ ^|^ ^|^ ^|^^|^00^|^^|0|0|^^|^ ^
^2026^|^01^|^527666^|^015^|^08^|^CD^|^6212^|^FAC^|^07^|^54^|^2^|^001^|^100^|^AA^|^521211^|^005^|^A^|^0^|^0^|^ ^|^0^|0|0|0|^ ^|^ ^|^ ^|^ ^|^^|^00^|^^|0|0|^^|^ ^
^2026^|^01^|^527666^|^015^|^08^|^CD^|^6212^|^FAC^|^07^|^54^|^2^|^001^|^100^|^AB^|^521211^|^005^|^A^|^0^|^0^|^ ^|^0^|0|0|0|^ ^|^ ^|^ ^|^ ^|^^|^00^|^^|0|0|^^|^ ^
^2026^|^01^|^527666^|^015^|^08^|^CD^|^6212^|^FAC^|^07^|^54^|^2^|^001^|^100^|^BA^|^521211^|^005^|^A^|^0^|^0^|^ ^|^0^|0|0|0|^ ^|^ ^|^ ^|^ ^|^^|^00^|^^|0|0|^^|^ ^
^2026^|^01^|^527666^|^015^|^08^|^CD^|^6212^|^FAC^|^07^|^54^|^2^|^001^|^100^|^BB^|^521211^|^005^|^A^|^0^|^0^|^ ^|^0^|0|0|0|^ ^|^ ^|^ ^|^ ^|^^|^00^|^^|0|0|^^|^ ^
^2026^|^01^|^527666^|^015^|^08^|^CD^|^6212^|^FAH^|^07^|^54^|^2^|^001^|^100^|^AA^|^521211^|^005^|^A^|^0^|^0^|^ ^|^0^|0|0|0|^ ^|^ ^|^ ^|^ ^|^^|^00^|^^|0|0|^^|^ ^
^2026^|^01^|^527666^|^015^|^08^|^CD^|^6212^|^FAH^|^07^|^54^|^2^|^001^|^100^|^BA^|^521211^|^005^|^A^|^0^|^0^|^ ^|^0^|0|0|0|^ ^|^ ^|^ ^|^ ^|^^|^00^|^^|0|0|^^|^ ^
^2026^|^01^|^527666^|^015^|^08^|^CD^|^6212^|^FAL^|^07^|^54^|^2^|^004^|^100^|^AA^|^521211^|^005^|^A^|^0^|^0^|^ ^|^0^|0|0|0|^ ^|^ ^|^ ^|^ ^|^^|^00^|^^|0|0|^^|^ ^
^2026^|^01^|^527666^|^015^|^08^|^CD^|^6212^|^FAL^|^07^|^54^|^2^|^004^|^100^|^AB^|^521211^|^005^|^A^|^0^|^0^|^ ^|^0^|0|0|0|^ ^|^ ^|^ ^|^ ^|^^|^00^|^^|0|0|^^|^ ^
^2026^|^01^|^527666^|^015^|^08^|^CD^|^6212^|^FAL^|^07^|^54^|^2^|^004^|^100^|^AD^|^524111^|^005^|^A^|^0^|^0^|^ ^|^0^|0|0|0|^ ^|^ ^|^ ^|^ ^|^^|^00^|^^|0|0|^^|^ ^
^2026^|^01^|^527666^|^015^|^08^|^CD^|^6212^|^FAL^|^07^|^54^|^2^|^004^|^100^|^AD^|^524113^|^005^|^A^|^0^|^0^|^ ^|^0^|0|0|0|^ ^|^ ^|^ ^|^ ^|^^|^00^|^^|0|0|^^|^ ^
^2026^|^01^|^527666^|^015^|^08^|^CD^|^6212^|^FAL^|^07^|^54^|^2^|^004^|^100^|^BA^|^521211^|^005^|^A^|^0^|^0^|^ ^|^0^|0|0|0|^ ^|^ ^|^ ^|^ ^|^^|^00^|^^|0|0|^^|^ ^
^2026^|^01^|^527666^|^015^|^08^|^CD^|^6212^|^FAL^|^07^|^54^|^2^|^004^|^100^|^BB^|^521211^|^005^|^A^|^0^|^0^|^ ^|^0^|0|0|0|^ ^|^ ^|^ ^|^ ^|^^|^00^|^^|0|0|^^|^ ^
^2026^|^01^|^527666^|^015^|^08^|^CD^|^6212^|^FAL^|^07^|^54^|^2^|^004^|^100^|^BD^|^524111^|^005^|^A^|^0^|^0^|^ ^|^0^|0|0|0|^ ^|^ ^|^ ^|^ ^|^^|^00^|^^|0|0|^^|^ ^
^2026^|^01^|^527666^|^015^|^08^|^CD^|^6212^|^FAL^|^07^|^54^|^2^|^004^|^100^|^BD^|^524113^|^005^|^A^|^0^|^0^|^ ^|^0^|0|0|0|^ ^|^ ^|^ ^|^ ^|^^|^00^|^^|0|0|^^|^ ^
^2026^|^01^|^527666^|^015^|^08^|^CD^|^6213^|^FAC^|^07^|^54^|^2^|^001^|^100^|^AA^|^521211^|^005^|^A^|^0^|^0^|^ ^|^0^|0|0|0|^ ^|^ ^|^ ^|^ ^|^^|^00^|^^|0|0|^^|^ ^
^2026^|^01^|^527666^|^015^|^08^|^CD^|^6213^|^FAC^|^07^|^54^|^2^|^001^|^100^|^BA^|^521211^|^005^|^A^|^0^|^0^|^ ^|^0^|0|0|0|^ ^|^ ^|^ ^|^ ^|^^|^00^|^^|0|0|^^|^ ^
^2026^|^01^|^527666^|^015^|^08^|^CD^|^6213^|^FAE^|^07^|^54^|^2^|^009^|^100^|^AA^|^524111^|^005^|^A^|^0^|^0^|^ ^|^0^|0|0|0|^ ^|^ ^|^ ^|^ ^|^^|^00^|^^|0|0|^^|^ ^
^2026^|^01^|^527666^|^015^|^08^|^CD^|^6213^|^FAE^|^07^|^54^|^2^|^009^|^100^|^AA^|^524113^|^005^|^A^|^0^|^0^|^ ^|^0^|0|0|0|^ ^|^ ^|^ ^|^ ^|^^|^00^|^^|0|0|^^|^ ^
^2026^|^01^|^527666^|^015^|^08^|^CD^|^6213^|^FAE^|^07^|^54^|^2^|^009^|^100^|^BA^|^524111^|^005^|^A^|^0^|^0^|^ ^|^0^|0|0|0|^ ^|^ ^|^ ^|^ ^|^^|^00^|^^|0|0|^^|^ ^
^2026^|^01^|^527666^|^015^|^08^|^CD^|^6213^|^FAE^|^07^|^54^|^2^|^009^|^100^|^BA^|^524113^|^005^|^A^|^0^|^0^|^ ^|^0^|0|0|0|^ ^|^ ^|^ ^|^ ^|^^|^00^|^^|0|0|^^|^ ^
^2026^|^01^|^527666^|^015^|^08^|^CD^|^6213^|^FAL^|^07^|^54^|^2^|^003^|^100^|^AA^|^524111^|^005^|^A^|^0^|^0^|^ ^|^0^|0|0|0|^ ^|^ ^|^ ^|^ ^|^^|^00^|^^|0|0|^^|^ ^
^2026^|^01^|^527666^|^015^|^08^|^CD^|^6213^|^FAL^|^07^|^54^|^2^|^003^|^100^|^AA^|^524113^|^005^|^A^|^0^|^0^|^ ^|^0^|0|0|0|^ ^|^ ^|^ ^|^ ^|^^|^00^|^^|0|0|^^|^ ^
^2026^|^01^|^527666^|^015^|^08^|^CD^|^6213^|^FAL^|^07^|^54^|^2^|^003^|^100^|^BA^|^524111^|^005^|^A^|^0^|^0^|^ ^|^0^|0|0|0|^ ^|^ ^|^ ^|^ ^|^^|^00^|^^|0|0|^^|^ ^
^2026^|^01^|^527666^|^015^|^08^|^CD^|^6213^|^FAL^|^07^|^54^|^2^|^003^|^100^|^BA^|^524113^|^005^|^A^|^0^|^0^|^ ^|^0^|0|0|0|^ ^|^ ^|^ ^|^ ^|^^|^00^|^^|0|0|^^|^ ^
^2026^|^01^|^527666^|^015^|^08^|^CD^|^6214^|^FAL^|^07^|^54^|^2^|^002^|^100^|^AA^|^521211^|^005^|^A^|^0^|^0^|^ ^|^0^|0|0|0|^ ^|^ ^|^ ^|^ ^|^^|^00^|^^|0|0|^^|^ ^
^2026^|^01^|^527666^|^015^|^08^|^CD^|^6214^|^FAL^|^07^|^54^|^2^|^002^|^100^|^AB^|^521211^|^005^|^A^|^0^|^0^|^ ^|^0^|0|0|0|^ ^|^ ^|^ ^|^ ^|^^|^00^|^^|0|0|^^|^ ^
^2026^|^01^|^527666^|^015^|^08^|^CD^|^6214^|^FAL^|^07^|^54^|^2^|^002^|^100^|^BA^|^521211^|^005^|^A^|^0^|^0^|^ ^|^0^|0|0|0|^ ^|^ ^|^ ^|^ ^|^^|^00^|^^|0|0|^^|^ ^
^2026^|^01^|^527666^|^015^|^08^|^CD^|^6214^|^FAL^|^07^|^54^|^2^|^002^|^100^|^BB^|^521211^|^005^|^A^|^0^|^0^|^ ^|^0^|0|0|0|^ ^|^ ^|^ ^|^ ^|^^|^00^|^^|0|0|^^|^ ^
^2026^|^01^|^527666^|^015^|^08^|^CD^|^6215^|^FAH^|^07^|^54^|^2^|^003^|^100^|^AA^|^521211^|^005^|^A^|^0^|^0^|^ ^|^0^|0|0|0|^ ^|^ ^|^ ^|^ ^|^^|^00^|^^|0|0|^^|^ ^
^2026^|^01^|^527666^|^015^|^08^|^CD^|^6215^|^FAH^|^07^|^54^|^2^|^003^|^100^|^AB^|^524111^|^005^|^A^|^0^|^0^|^ ^|^0^|0|0|0|^ ^|^ ^|^ ^|^ ^|^^|^00^|^^|0|0|^^|^ ^
^2026^|^01^|^527666^|^015^|^08^|^CD^|^6215^|^FAH^|^07^|^54^|^2^|^003^|^100^|^BA^|^521211^|^005^|^A^|^0^|^0^|^ ^|^0^|0|0|0|^ ^|^ ^|^ ^|^ ^|^^|^00^|^^|0|0|^^|^ ^
^2026^|^01^|^527666^|^015^|^08^|^CD^|^6215^|^FAH^|^07^|^54^|^2^|^003^|^100^|^BB^|^524111^|^005^|^A^|^0^|^0^|^ ^|^0^|0|0|0|^ ^|^ ^|^ ^|^ ^|^^|^00^|^^|0|0|^^|^ ^
^2026^|^01^|^527666^|^015^|^08^|^WA^|^4715^|^EBA^|^07^|^54^|^2^|^001^|^100^|^AA^|^521811^|^005^|^A^|^0^|^0^|^ ^|^0^|0|0|0|^ ^|^ ^|^ ^|^ ^|^^|^00^|^^|0|0|^^|^ ^
^2026^|^01^|^527666^|^015^|^08^|^WA^|^4715^|^EBA^|^07^|^54^|^2^|^001^|^100^|^AB^|^522151^|^005^|^A^|^0^|^0^|^ ^|^0^|0|0|0|^ ^|^ ^|^ ^|^ ^|^^|^00^|^^|0|0|^^|^ ^
^2026^|^01^|^527666^|^015^|^08^|^WA^|^4715^|^EBA^|^07^|^54^|^2^|^001^|^100^|^AB^|^524111^|^005^|^A^|^0^|^0^|^ ^|^0^|0|0|0|^ ^|^ ^|^ ^|^ ^|^^|^00^|^^|0|0|^^|^ ^
^2026^|^01^|^527666^|^015^|^08^|^WA^|^4715^|^EBA^|^07^|^54^|^2^|^001^|^100^|^BA^|^521811^|^005^|^A^|^0^|^0^|^ ^|^0^|0|0|0|^ ^|^ ^|^ ^|^ ^|^^|^00^|^^|0|0|^^|^ ^
^2026^|^01^|^527666^|^015^|^08^|^WA^|^4715^|^EBA^|^07^|^54^|^2^|^001^|^100^|^BB^|^522151^|^005^|^A^|^0^|^0^|^ ^|^0^|0|0|0|^ ^|^ ^|^ ^|^ ^|^^|^00^|^^|0|0|^^|^ ^
^2026^|^01^|^527666^|^015^|^08^|^WA^|^4715^|^EBA^|^07^|^54^|^2^|^001^|^100^|^BB^|^524111^|^005^|^A^|^0^|^0^|^ ^|^0^|0|0|0|^ ^|^ ^|^ ^|^ ^|^^|^00^|^^|0|0|^^|^ ^
^2026^|^01^|^527666^|^015^|^08^|^WA^|^4715^|^EBA^|^07^|^54^|^2^|^994^|^002^|^AA^|^521111^|^005^|^A^|^0^|^0^|^ ^|^0^|0|0|0|^ ^|^ ^|^ ^|^ ^|^^|^00^|^^|0|0|^^|^ ^
^2026^|^01^|^527666^|^015^|^08^|^WA^|^4715^|^EBA^|^07^|^54^|^2^|^994^|^002^|^AA^|^521119^|^005^|^A^|^0^|^0^|^ ^|^0^|0|0|0|^ ^|^ ^|^ ^|^ ^|^^|^00^|^^|0|0|^^|^ ^
^2026^|^01^|^527666^|^015^|^08^|^WA^|^4715^|^EBA^|^07^|^54^|^2^|^994^|^002^|^AA^|^521811^|^005^|^A^|^0^|^0^|^ ^|^0^|0|0|0|^ ^|^ ^|^ ^|^ ^|^^|^00^|^^|0|0|^^|^ ^
^2026^|^01^|^527666^|^015^|^08^|^WA^|^4715^|^EBA^|^07^|^54^|^2^|^994^|^002^|^AB^|^521114^|^005^|^A^|^0^|^0^|^ ^|^0^|0|0|0|^ ^|^ ^|^ ^|^ ^|^^|^00^|^^|0|0|^^|^ ^
^2026^|^01^|^527666^|^015^|^08^|^WA^|^4715^|^EBA^|^07^|^54^|^2^|^994^|^002^|^AB^|^522113^|^005^|^A^|^0^|^0^|^ ^|^0^|0|0|0|^ ^|^ ^|^ ^|^ ^|^^|^00^|^^|0|0|^^|^ ^
^2026^|^01^|^527666^|^015^|^08^|^WA^|^4715^|^EBA^|^07^|^54^|^2^|^994^|^002^|^AC^|^521113^|^005^|^A^|^0^|^0^|^ ^|^0^|0|0|0|^ ^|^ ^|^ ^|^ ^|^^|^00^|^^|0|0|^^|^ ^
^2026^|^01^|^527666^|^015^|^08^|^WA^|^4715^|^EBA^|^07^|^54^|^2^|^994^|^002^|^AC^|^521115^|^005^|^A^|^0^|^0^|^ ^|^0^|0|0|0|^ ^|^ ^|^ ^|^ ^|^^|^00^|^^|0|0|^^|^ ^
^2026^|^01^|^527666^|^015^|^08^|^WA^|^4715^|^EBA^|^07^|^54^|^2^|^994^|^002^|^AC^|^521119^|^005^|^A^|^0^|^0^|^ ^|^0^|0|0|0|^ ^|^ ^|^ ^|^ ^|^^|^00^|^^|0|0|^^|^ ^
^2026^|^01^|^527666^|^015^|^08^|^WA^|^4715^|^EBA^|^07^|^54^|^2^|^994^|^002^|^AD^|^523121^|^005^|^A^|^0^|^0^|^ ^|^0^|0|0|0|^ ^|^ ^|^ ^|^ ^|^^|^00^|^^|0|0|^^|^ ^
^2026^|^01^|^527666^|^015^|^08^|^WA^|^4715^|^EBA^|^07^|^54^|^2^|^994^|^002^|^AE^|^523111^|^005^|^A^|^0^|^0^|^ ^|^0^|0|0|0|^ ^|^ ^|^ ^|^ ^|^^|^00^|^^|0|0|^^|^ ^
^2026^|^01^|^527666^|^015^|^08^|^WA^|^4715^|^EBA^|^07^|^54^|^2^|^994^|^002^|^AE^|^523119^|^005^|^A^|^0^|^0^|^ ^|^0^|0|0|0|^ ^|^ ^|^ ^|^ ^|^^|^00^|^^|0|0|^^|^ ^
^2026^|^01^|^527666^|^015^|^08^|^WA^|^4715^|^EBA^|^07^|^54^|^2^|^994^|^002^|^BA^|^521111^|^005^|^A^|^0^|^0^|^ ^|^0^|0|0|0|^ ^|^ ^|^ ^|^ ^|^^|^00^|^^|0|0|^^|^ ^
^2026^|^01^|^527666^|^015^|^08^|^WA^|^4715^|^EBA^|^07^|^54^|^2^|^994^|^002^|^BA^|^521119^|^005^|^A^|^0^|^0^|^ ^|^0^|0|0|0|^ ^|^ ^|^ ^|^ ^|^^|^00^|^^|0|0|^^|^ ^
^2026^|^01^|^527666^|^015^|^08^|^WA^|^4715^|^EBA^|^07^|^54^|^2^|^994^|^002^|^BA^|^521811^|^005^|^A^|^0^|^0^|^ ^|^0^|0|0|0|^ ^|^ ^|^ ^|^ ^|^^|^00^|^^|0|0|^^|^ ^
^2026^|^01^|^527666^|^015^|^08^|^WA^|^4715^|^EBA^|^07^|^54^|^2^|^994^|^002^|^BC^|^521113^|^005^|^A^|^0^|^0^|^ ^|^0^|0|0|0|^ ^|^ ^|^ ^|^ ^|^^|^00^|^^|0|0|^^|^ ^
^2026^|^01^|^527666^|^015^|^08^|^WA^|^4715^|^EBA^|^07^|^54^|^2^|^994^|^002^|^BC^|^521115^|^005^|^A^|^0^|^0^|^ ^|^0^|0|0|0|^ ^|^ ^|^ ^|^ ^|^^|^00^|^^|0|0|^^|^ ^
^2026^|^01^|^527666^|^015^|^08^|^WA^|^4715^|^EBA^|^07^|^54^|^2^|^994^|^002^|^BC^|^521119^|^005^|^A^|^0^|^0^|^ ^|^0^|0|0|0|^ ^|^ ^|^ ^|^ ^|^^|^00^|^^|0|0|^^|^ ^
^2026^|^01^|^527666^|^015^|^08^|^WA^|^4715^|^EBA^|^07^|^54^|^2^|^994^|^002^|^BD^|^523121^|^005^|^A^|^0^|^0^|^ ^|^0^|0|0|0|^ ^|^ ^|^ ^|^ ^|^^|^00^|^^|0|0|^^|^ ^
^2026^|^01^|^527666^|^015^|^08^|^WA^|^4715^|^EBA^|^07^|^54^|^2^|^994^|^002^|^TJ^|^523121^|^005^|^A^|^0^|^0^|^ ^|^0^|0|0|0|^ ^|^ ^|^ ^|^ ^|^^|^00^|^^|0|0|^^|^ ^
^2026^|^01^|^527666^|^015^|^08^|^WA^|^4715^|^EBA^|^07^|^54^|^2^|^002^|^100^|^AA^|^524111^|^005^|^A^|^0^|^0^|^ ^|^0^|0|0|0|^ ^|^ ^|^ ^|^ ^|^^|^00^|^^|0|0|^^|^ ^
^2026^|^01^|^527666^|^015^|^08^|^WA^|^4715^|^EBA^|^07^|^54^|^2^|^002^|^100^|^AA^|^524113^|^005^|^A^|^0^|^0^|^ ^|^0^|0|0|0|^ ^|^ ^|^ ^|^ ^|^^|^00^|^^|0|0|^^|^ ^
^2026^|^01^|^527666^|^015^|^08^|^WA^|^4715^|^EBA^|^07^|^54^|^2^|^002^|^100^|^AB^|^524111^|^005^|^A^|^0^|^0^|^ ^|^0^|0|0|0|^ ^|^ ^|^ ^|^ ^|^^|^00^|^^|0|0|^^|^ ^
^2026^|^01^|^527666^|^015^|^08^|^WA^|^4715^|^EBA^|^07^|^54^|^2^|^002^|^100^|^BA^|^524111^|^005^|^A^|^0^|^0^|^ ^|^0^|0|0|0|^ ^|^ ^|^ ^|^ ^|^^|^00^|^^|0|0|^^|^ ^
^2026^|^01^|^527666^|^015^|^08^|^WA^|^4715^|^EBD^|^07^|^54^|^2^|^Z36^|^100^|^AB^|^524111^|^005^|^A^|^0^|^0^|^ ^|^0^|0|0|0|^ ^|^ ^|^ ^|^ ^|^^|^00^|^^|0|0|^^|^ ^
^2026^|^01^|^527666^|^015^|^08^|^WA^|^4715^|^EBD^|^07^|^54^|^2^|^Z36^|^100^|^BB^|^524111^|^005^|^A^|^0^|^0^|^ ^|^0^|0|0|0|^ ^|^ ^|^ ^|^ ^|^^|^00^|^^|0|0|^^|^ ^
^2026^|^01^|^527666^|^015^|^08^|^WA^|^4718^|^BMB^|^07^|^54^|^2^|^002^|^100^|^AA^|^521219^|^005^|^A^|^0^|^0^|^ ^|^0^|0|0|0|^ ^|^ ^|^ ^|^ ^|^^|^00^|^^|0|0|^^|^ ^
^2026^|^01^|^527666^|^015^|^08^|^WA^|^4718^|^BMB^|^07^|^54^|^2^|^002^|^100^|^BA^|^521219^|^005^|^A^|^0^|^0^|^ ^|^0^|0|0|0|^ ^|^ ^|^ ^|^ ^|^^|^00^|^^|0|0|^^|^ ^
^2026^|^01^|^527666^|^015^|^08^|^WA^|^4718^|^BMB^|^07^|^54^|^2^|^001^|^100^|^AA^|^521211^|^005^|^A^|^0^|^0^|^ ^|^0^|0|0|0|^ ^|^ ^|^ ^|^ ^|^^|^00^|^^|0|0|^^|^ ^
^2026^|^01^|^527666^|^015^|^08^|^WA^|^4718^|^BMB^|^07^|^54^|^2^|^001^|^100^|^BA^|^521211^|^005^|^A^|^0^|^0^|^ ^|^0^|0|0|0|^ ^|^ ^|^ ^|^ ^|^^|^00^|^^|0|0|^^|^ ^
^2026^|^01^|^527666^|^015^|^08^|^WA^|^4719^|^EBA^|^07^|^54^|^2^|^994^|^001^|^AA^|^511129^|^005^|^A^|^0^|^0^|^ ^|^0^|0|0|0|^ ^|^ ^|^ ^|^ ^|^^|^00^|^^|0|0|^^|^ ^
^2026^|^01^|^527666^|^015^|^08^|^WA^|^4719^|^EBA^|^07^|^54^|^2^|^994^|^001^|^AA^|^512211^|^005^|^A^|^0^|^0^|^ ^|^0^|0|0|0|^ ^|^ ^|^ ^|^ ^|^^|^00^|^^|0|0|^^|^ ^
^2026^|^01^|^527666^|^015^|^08^|^WA^|^4719^|^EBA^|^07^|^54^|^2^|^994^|^001^|^BA^|^511129^|^005^|^A^|^0^|^0^|^ ^|^0^|0|0|0|^ ^|^ ^|^ ^|^ ^|^^|^00^|^^|0|0|^^|^ ^
^2026^|^01^|^527666^|^015^|^08^|^WA^|^4719^|^EBA^|^07^|^54^|^2^|^994^|^001^|^BA^|^512211^|^005^|^A^|^0^|^0^|^ ^|^0^|0|0|0|^ ^|^ ^|^ ^|^ ^|^^|^00^|^^|0|0|^^|^ ^
^2026^|^01^|^527666^|^015^|^08^|^WA^|^4719^|^EBA^|^07^|^54^|^2^|^004^|^100^|^AA^|^521211^|^005^|^A^|^0^|^0^|^ ^|^0^|0|0|0|^ ^|^ ^|^ ^|^ ^|^^|^00^|^^|0|0|^^|^ ^
^2026^|^01^|^527666^|^015^|^08^|^WA^|^4719^|^EBA^|^07^|^54^|^2^|^004^|^100^|^BA^|^521211^|^005^|^A^|^0^|^0^|^ ^|^0^|0|0|0|^ ^|^ ^|^ ^|^ ^|^^|^00^|^^|0|0|^^|^ ^
^2026^|^01^|^527666^|^015^|^08^|^WA^|^4719^|^EBC^|^07^|^54^|^2^|^001^|^100^|^XC^|^521211^|^005^|^A^|^0^|^0^|^ ^|^0^|0|0|0|^ ^|^ ^|^ ^|^ ^|^^|^00^|^^|0|0|^^|^ ^
^2026^|^01^|^527666^|^015^|^08^|^WA^|^4719^|^EBC^|^07^|^54^|^2^|^001^|^100^|^XC^|^522151^|^005^|^A^|^0^|^0^|^ ^|^0^|0|0|0|^ ^|^ ^|^ ^|^ ^|^^|^00^|^^|0|0|^^|^ ^
^2026^|^01^|^527666^|^015^|^08^|^WA^|^4719^|^EBC^|^07^|^54^|^2^|^001^|^100^|^XC^|^524113^|^005^|^A^|^0^|^0^|^ ^|^0^|0|0|0|^ ^|^ ^|^ ^|^ ^|^^|^00^|^^|0|0|^^|^ ^
^2026^|^01^|^527741^|^015^|^08^|^CD^|^6212^|^BMB^|^07^|^52^|^2^|^001^|^100^|^ A^|^524111^|^124^|^A^|^0^|^0^|^ ^|^0^|0|0|0|^ ^|^ ^|^ ^|^ ^|^^|^00^|^^|0|0|^^|^ ^
^2026^|^01^|^527741^|^015^|^08^|^CD^|^6212^|^BMB^|^07^|^52^|^2^|^001^|^100^|^ A^|^524113^|^124^|^A^|^0^|^0^|^ ^|^0^|0|0|0|^ ^|^ ^|^ ^|^ ^|^^|^00^|^^|0|0|^^|^ ^
^2026^|^01^|^527741^|^015^|^08^|^CD^|^6212^|^FAC^|^07^|^52^|^2^|^001^|^100^|^ A^|^521211^|^124^|^A^|^0^|^0^|^ ^|^0^|0|0|0|^ ^|^ ^|^ ^|^ ^|^^|^00^|^^|0|0|^^|^ ^
^2026^|^01^|^527741^|^015^|^08^|^CD^|^6212^|^FAC^|^07^|^52^|^2^|^001^|^100^|^ B^|^521211^|^124^|^A^|^0^|^0^|^ ^|^0^|0|0|0|^ ^|^ ^|^ ^|^ ^|^^|^00^|^^|0|0|^^|^ ^
^2026^|^01^|^527741^|^015^|^08^|^CD^|^6212^|^FAH^|^07^|^52^|^2^|^001^|^100^|^ A^|^521211^|^124^|^A^|^0^|^0^|^ ^|^0^|0|0|0|^ ^|^ ^|^ ^|^ ^|^^|^00^|^^|0|0|^^|^ ^
^2026^|^01^|^527741^|^015^|^08^|^CD^|^6212^|^FAL^|^07^|^52^|^2^|^004^|^100^|^ A^|^521211^|^124^|^A^|^0^|^0^|^ ^|^0^|0|0|0|^ ^|^ ^|^ ^|^ ^|^^|^00^|^^|0|0|^^|^ ^
^2026^|^01^|^527741^|^015^|^08^|^CD^|^6212^|^FAL^|^07^|^52^|^2^|^004^|^100^|^ B^|^521211^|^124^|^A^|^0^|^0^|^ ^|^0^|0|0|0|^ ^|^ ^|^ ^|^ ^|^^|^00^|^^|0|0|^^|^ ^
^2026^|^01^|^527741^|^015^|^08^|^CD^|^6212^|^FAL^|^07^|^52^|^2^|^004^|^100^|^ C^|^524111^|^124^|^A^|^0^|^0^|^ ^|^0^|0|0|0|^ ^|^ ^|^ ^|^ ^|^^|^00^|^^|0|0|^^|^ ^
^2026^|^01^|^527741^|^015^|^08^|^CD^|^6212^|^FAL^|^07^|^52^|^2^|^004^|^100^|^ C^|^524113^|^124^|^A^|^0^|^0^|^ ^|^0^|0|0|0|^ ^|^ ^|^ ^|^ ^|^^|^00^|^^|0|0|^^|^ ^
^2026^|^01^|^527741^|^015^|^08^|^CD^|^6212^|^FAL^|^07^|^52^|^2^|^004^|^100^|^ D^|^524111^|^124^|^A^|^0^|^0^|^ ^|^0^|0|0|0|^ ^|^ ^|^ ^|^ ^|^^|^00^|^^|0|0|^^|^ ^
^2026^|^01^|^527741^|^015^|^08^|^CD^|^6212^|^FAL^|^07^|^52^|^2^|^004^|^100^|^ D^|^524113^|^124^|^A^|^0^|^0^|^ ^|^0^|0|0|0|^ ^|^ ^|^ ^|^ ^|^^|^00^|^^|0|0|^^|^ ^
^2026^|^01^|^527741^|^015^|^08^|^CD^|^6213^|^FAC^|^07^|^52^|^2^|^001^|^100^|^ A^|^521211^|^124^|^A^|^0^|^0^|^ ^|^0^|0|0|0|^ ^|^ ^|^ ^|^ ^|^^|^00^|^^|0|0|^^|^ ^
^2026^|^01^|^527741^|^015^|^08^|^CD^|^6213^|^FAE^|^07^|^52^|^2^|^009^|^100^|^ A^|^524111^|^124^|^A^|^0^|^0^|^ ^|^0^|0|0|0|^ ^|^ ^|^ ^|^ ^|^^|^00^|^^|0|0|^^|^ ^
^2026^|^01^|^527741^|^015^|^08^|^CD^|^6213^|^FAE^|^07^|^52^|^2^|^009^|^100^|^ A^|^524113^|^124^|^A^|^0^|^0^|^ ^|^0^|0|0|0|^ ^|^ ^|^ ^|^ ^|^^|^00^|^^|0|0|^^|^ ^
^2026^|^01^|^527741^|^015^|^08^|^CD^|^6213^|^FAL^|^07^|^52^|^2^|^001^|^100^|^ A^|^524111^|^124^|^A^|^0^|^0^|^ ^|^0^|0|0|0|^ ^|^ ^|^ ^|^ ^|^^|^00^|^^|0|0|^^|^ ^
^2026^|^01^|^527741^|^015^|^08^|^CD^|^6213^|^FAL^|^07^|^52^|^2^|^001^|^100^|^ A^|^524113^|^124^|^A^|^0^|^0^|^ ^|^0^|0|0|0|^ ^|^ ^|^ ^|^ ^|^^|^00^|^^|0|0|^^|^ ^
^2026^|^01^|^527741^|^015^|^08^|^CD^|^6214^|^FAL^|^07^|^52^|^2^|^002^|^100^|^ A^|^521211^|^124^|^A^|^0^|^0^|^ ^|^0^|0|0|0|^ ^|^ ^|^ ^|^ ^|^^|^00^|^^|0|0|^^|^ ^
^2026^|^01^|^527741^|^015^|^08^|^CD^|^6214^|^FAL^|^07^|^52^|^2^|^002^|^100^|^ B^|^521211^|^124^|^A^|^0^|^0^|^ ^|^0^|0|0|0|^ ^|^ ^|^ ^|^ ^|^^|^00^|^^|0|0|^^|^ ^
^2026^|^01^|^527741^|^015^|^08^|^CD^|^6215^|^FAH^|^07^|^52^|^2^|^003^|^100^|^ A^|^521211^|^124^|^A^|^0^|^0^|^ ^|^0^|0|0|0|^ ^|^ ^|^ ^|^ ^|^^|^00^|^^|0|0|^^|^ ^
^2026^|^01^|^527741^|^015^|^08^|^CD^|^6215^|^FAH^|^07^|^52^|^2^|^003^|^100^|^ B^|^524111^|^124^|^A^|^0^|^0^|^ ^|^0^|0|0|0|^ ^|^ ^|^ ^|^ ^|^^|^00^|^^|0|0|^^|^ ^
^2026^|^01^|^527741^|^015^|^08^|^WA^|^4715^|^EBA^|^07^|^52^|^2^|^001^|^100^|^ A^|^521811^|^124^|^A^|^0^|^0^|^ ^|^0^|0|0|0|^ ^|^ ^|^ ^|^ ^|^^|^00^|^^|0|0|^^|^ ^
^2026^|^01^|^527741^|^015^|^08^|^WA^|^4715^|^EBA^|^07^|^52^|^2^|^001^|^100^|^ B^|^522151^|^124^|^A^|^0^|^0^|^ ^|^0^|0|0|0|^ ^|^ ^|^ ^|^ ^|^^|^00^|^^|0|0|^^|^ ^
^2026^|^01^|^527741^|^015^|^08^|^WA^|^4715^|^EBA^|^07^|^52^|^2^|^001^|^100^|^ B^|^524111^|^124^|^A^|^0^|^0^|^ ^|^0^|0|0|0|^ ^|^ ^|^ ^|^ ^|^^|^00^|^^|0|0|^^|^ ^
^2026^|^01^|^527741^|^015^|^08^|^WA^|^4715^|^EBA^|^07^|^52^|^2^|^994^|^002^|^ A^|^521111^|^124^|^A^|^0^|^0^|^ ^|^0^|0|0|0|^ ^|^ ^|^ ^|^ ^|^^|^00^|^^|0|0|^^|^ ^
^2026^|^01^|^527741^|^015^|^08^|^WA^|^4715^|^EBA^|^07^|^52^|^2^|^994^|^002^|^ A^|^521119^|^124^|^A^|^0^|^0^|^ ^|^0^|0|0|0|^ ^|^ ^|^ ^|^ ^|^^|^00^|^^|0|0|^^|^ ^
^2026^|^01^|^527741^|^015^|^08^|^WA^|^4715^|^EBA^|^07^|^52^|^2^|^994^|^002^|^ A^|^521811^|^124^|^A^|^0^|^0^|^ ^|^0^|0|0|0|^ ^|^ ^|^ ^|^ ^|^^|^00^|^^|0|0|^^|^ ^
^2026^|^01^|^527741^|^015^|^08^|^WA^|^4715^|^EBA^|^07^|^52^|^2^|^994^|^002^|^ B^|^521114^|^124^|^A^|^0^|^0^|^ ^|^0^|0|0|0|^ ^|^ ^|^ ^|^ ^|^^|^00^|^^|0|0|^^|^ ^
^2026^|^01^|^527741^|^015^|^08^|^WA^|^4715^|^EBA^|^07^|^52^|^2^|^994^|^002^|^ C^|^521113^|^124^|^A^|^0^|^0^|^ ^|^0^|0|0|0|^ ^|^ ^|^ ^|^ ^|^^|^00^|^^|0|0|^^|^ ^
^2026^|^01^|^527741^|^015^|^08^|^WA^|^4715^|^EBA^|^07^|^52^|^2^|^994^|^002^|^ C^|^521115^|^124^|^A^|^0^|^0^|^ ^|^0^|0|0|0|^ ^|^ ^|^ ^|^ ^|^^|^00^|^^|0|0|^^|^ ^
^2026^|^01^|^527741^|^015^|^08^|^WA^|^4715^|^EBA^|^07^|^52^|^2^|^994^|^002^|^ C^|^521119^|^124^|^A^|^0^|^0^|^ ^|^0^|0|0|0|^ ^|^ ^|^ ^|^ ^|^^|^00^|^^|0|0|^^|^ ^
^2026^|^01^|^527741^|^015^|^08^|^WA^|^4715^|^EBA^|^07^|^52^|^2^|^994^|^002^|^ D^|^523121^|^124^|^A^|^0^|^0^|^ ^|^0^|0|0|0|^ ^|^ ^|^ ^|^ ^|^^|^00^|^^|0|0|^^|^ ^
^2026^|^01^|^527741^|^015^|^08^|^WA^|^4715^|^EBA^|^07^|^52^|^2^|^994^|^002^|^ G^|^523111^|^124^|^A^|^0^|^0^|^ ^|^0^|0|0|0|^ ^|^ ^|^ ^|^ ^|^^|^00^|^^|0|0|^^|^ ^
^2026^|^01^|^527741^|^015^|^08^|^WA^|^4715^|^EBA^|^07^|^52^|^2^|^994^|^002^|^ G^|^523119^|^124^|^A^|^0^|^0^|^ ^|^0^|0|0|0|^ ^|^ ^|^ ^|^ ^|^^|^00^|^^|0|0|^^|^ ^
^2026^|^01^|^527741^|^015^|^08^|^WA^|^4715^|^EBA^|^07^|^52^|^2^|^994^|^002^|^TJ^|^523121^|^124^|^A^|^0^|^0^|^ ^|^0^|0|0|0|^ ^|^ ^|^ ^|^ ^|^^|^00^|^^|0|0|^^|^ ^
^2026^|^01^|^527741^|^015^|^08^|^WA^|^4715^|^EBA^|^07^|^52^|^2^|^002^|^100^|^ A^|^524111^|^124^|^A^|^0^|^0^|^ ^|^0^|0|0|0|^ ^|^ ^|^ ^|^ ^|^^|^00^|^^|0|0|^^|^ ^
^2026^|^01^|^527741^|^015^|^08^|^WA^|^4715^|^EBA^|^07^|^52^|^2^|^002^|^100^|^ A^|^524113^|^124^|^A^|^0^|^0^|^ ^|^0^|0|0|0|^ ^|^ ^|^ ^|^ ^|^^|^00^|^^|0|0|^^|^ ^
^2026^|^01^|^527741^|^015^|^08^|^WA^|^4715^|^EBD^|^07^|^52^|^2^|^Z36^|^100^|^ B^|^524111^|^124^|^A^|^0^|^0^|^ ^|^0^|0|0|0|^ ^|^ ^|^ ^|^ ^|^^|^00^|^^|0|0|^^|^ ^
^2026^|^01^|^527741^|^015^|^08^|^WA^|^4718^|^BMB^|^07^|^52^|^2^|^002^|^100^|^ A^|^521219^|^124^|^A^|^0^|^0^|^ ^|^0^|0|0|0|^ ^|^ ^|^ ^|^ ^|^^|^00^|^^|0|0|^^|^ ^
^2026^|^01^|^527741^|^015^|^08^|^WA^|^4718^|^BMB^|^07^|^52^|^2^|^001^|^100^|^ A^|^521211^|^124^|^A^|^0^|^0^|^ ^|^0^|0|0|0|^ ^|^ ^|^ ^|^ ^|^^|^00^|^^|0|0|^^|^ ^
^2026^|^01^|^527741^|^015^|^08^|^WA^|^4719^|^EBA^|^07^|^52^|^2^|^994^|^001^|^ A^|^511129^|^124^|^A^|^0^|^0^|^ ^|^0^|0|0|0|^ ^|^ ^|^ ^|^ ^|^^|^00^|^^|0|0|^^|^ ^
^2026^|^01^|^527741^|^015^|^08^|^WA^|^4719^|^EBA^|^07^|^52^|^2^|^994^|^001^|^ A^|^512211^|^124^|^A^|^0^|^0^|^ ^|^0^|0|0|0|^ ^|^ ^|^ ^|^ ^|^^|^00^|^^|0|0|^^|^ ^
^2026^|^01^|^527741^|^015^|^08^|^WA^|^4719^|^EBA^|^07^|^52^|^2^|^004^|^100^|^ A^|^521211^|^124^|^A^|^0^|^0^|^ ^|^0^|0|0|0|^ ^|^ ^|^ ^|^ ^|^^|^00^|^^|0|0|^^|^ ^
^2026^|^01^|^527741^|^015^|^08^|^WA^|^4719^|^EBC^|^07^|^52^|^2^|^001^|^100^|^XC^|^521211^|^124^|^A^|^0^|^0^|^ ^|^0^|0|0|0|^ ^|^ ^|^ ^|^ ^|^^|^00^|^^|0|0|^^|^ ^
^2026^|^01^|^527741^|^015^|^08^|^WA^|^4719^|^EBC^|^07^|^52^|^2^|^001^|^100^|^XC^|^522151^|^124^|^A^|^0^|^0^|^ ^|^0^|0|0|0|^ ^|^ ^|^ ^|^ ^|^^|^00^|^^|0|0|^^|^ ^
^2026^|^01^|^527741^|^015^|^08^|^WA^|^4719^|^EBC^|^07^|^52^|^2^|^001^|^100^|^XC^|^524113^|^124^|^A^|^0^|^0^|^ ^|^0^|0|0|0|^ ^|^ ^|^ ^|^ ^|^^|^00^|^^|0|0|^^|^ ^
^2026^|^01^|^527691^|^015^|^08^|^CD^|^6212^|^BMB^|^07^|^55^|^2^|^001^|^100^|^ A^|^524111^|^076^|^A^|^0^|^0^|^ ^|^0^|0|0|0|^ ^|^ ^|^ ^|^ ^|^^|^00^|^^|0|0|^^|^ ^
^2026^|^01^|^527691^|^015^|^08^|^CD^|^6212^|^BMB^|^07^|^55^|^2^|^001^|^100^|^ A^|^524113^|^076^|^A^|^0^|^0^|^ ^|^0^|0|0|0|^ ^|^ ^|^ ^|^ ^|^^|^00^|^^|0|0|^^|^ ^
^2026^|^01^|^527691^|^015^|^08^|^CD^|^6212^|^FAC^|^07^|^55^|^2^|^001^|^100^|^ A^|^521211^|^076^|^A^|^0^|^0^|^ ^|^0^|0|0|0|^ ^|^ ^|^ ^|^ ^|^^|^00^|^^|0|0|^^|^ ^
^2026^|^01^|^527691^|^015^|^08^|^CD^|^6212^|^FAC^|^07^|^55^|^2^|^001^|^100^|^ B^|^521211^|^076^|^A^|^0^|^0^|^ ^|^0^|0|0|0|^ ^|^ ^|^ ^|^ ^|^^|^00^|^^|0|0|^^|^ ^
^2026^|^01^|^527691^|^015^|^08^|^CD^|^6212^|^FAH^|^07^|^55^|^2^|^001^|^100^|^ A^|^521211^|^076^|^A^|^0^|^0^|^ ^|^0^|0|0|0|^ ^|^ ^|^ ^|^ ^|^^|^00^|^^|0|0|^^|^ ^
^2026^|^01^|^527691^|^015^|^08^|^CD^|^6212^|^FAL^|^07^|^55^|^2^|^004^|^100^|^ A^|^521211^|^076^|^A^|^0^|^0^|^ ^|^0^|0|0|0|^ ^|^ ^|^ ^|^ ^|^^|^00^|^^|0|0|^^|^ ^
^2026^|^01^|^527691^|^015^|^08^|^CD^|^6212^|^FAL^|^07^|^55^|^2^|^004^|^100^|^ B^|^521211^|^076^|^A^|^0^|^0^|^ ^|^0^|0|0|0|^ ^|^ ^|^ ^|^ ^|^^|^00^|^^|0|0|^^|^ ^
^2026^|^01^|^527691^|^015^|^08^|^CD^|^6212^|^FAL^|^07^|^55^|^2^|^004^|^100^|^ D^|^524111^|^076^|^A^|^0^|^0^|^ ^|^0^|0|0|0|^ ^|^ ^|^ ^|^ ^|^^|^00^|^^|0|0|^^|^ ^
^2026^|^01^|^527691^|^015^|^08^|^CD^|^6212^|^FAL^|^07^|^55^|^2^|^004^|^100^|^ D^|^524113^|^076^|^A^|^0^|^0^|^ ^|^0^|0|0|0|^ ^|^ ^|^ ^|^ ^|^^|^00^|^^|0|0|^^|^ ^
^2026^|^01^|^527691^|^015^|^08^|^CD^|^6213^|^FAC^|^07^|^55^|^2^|^001^|^100^|^ A^|^521211^|^076^|^A^|^0^|^0^|^ ^|^0^|0|0|0|^ ^|^ ^|^ ^|^ ^|^^|^00^|^^|0|0|^^|^ ^
^2026^|^01^|^527691^|^015^|^08^|^CD^|^6213^|^FAE^|^07^|^55^|^2^|^009^|^100^|^ A^|^524111^|^076^|^A^|^0^|^0^|^ ^|^0^|0|0|0|^ ^|^ ^|^ ^|^ ^|^^|^00^|^^|0|0|^^|^ ^
^2026^|^01^|^527691^|^015^|^08^|^CD^|^6213^|^FAE^|^07^|^55^|^2^|^009^|^100^|^ A^|^524113^|^076^|^A^|^0^|^0^|^ ^|^0^|0|0|0|^ ^|^ ^|^ ^|^ ^|^^|^00^|^^|0|0|^^|^ ^
^2026^|^01^|^527691^|^015^|^08^|^CD^|^6213^|^FAL^|^07^|^55^|^2^|^003^|^100^|^ A^|^524111^|^076^|^A^|^0^|^0^|^ ^|^0^|0|0|0|^ ^|^ ^|^ ^|^ ^|^^|^00^|^^|0|0|^^|^ ^
^2026^|^01^|^527691^|^015^|^08^|^CD^|^6213^|^FAL^|^07^|^55^|^2^|^003^|^100^|^ A^|^524113^|^076^|^A^|^0^|^0^|^ ^|^0^|0|0|0|^ ^|^ ^|^ ^|^ ^|^^|^00^|^^|0|0|^^|^ ^
^2026^|^01^|^527691^|^015^|^08^|^CD^|^6214^|^FAL^|^07^|^55^|^2^|^002^|^100^|^ A^|^521211^|^076^|^A^|^0^|^0^|^ ^|^0^|0|0|0|^ ^|^ ^|^ ^|^ ^|^^|^00^|^^|0|0|^^|^ ^
^2026^|^01^|^527691^|^015^|^08^|^CD^|^6214^|^FAL^|^07^|^55^|^2^|^002^|^100^|^ B^|^521211^|^076^|^A^|^0^|^0^|^ ^|^0^|0|0|0|^ ^|^ ^|^ ^|^ ^|^^|^00^|^^|0|0|^^|^ ^
^2026^|^01^|^527691^|^015^|^08^|^CD^|^6215^|^FAH^|^07^|^55^|^2^|^003^|^100^|^ A^|^521211^|^076^|^A^|^0^|^0^|^ ^|^0^|0|0|0|^ ^|^ ^|^ ^|^ ^|^^|^00^|^^|0|0|^^|^ ^
^2026^|^01^|^527691^|^015^|^08^|^CD^|^6215^|^FAH^|^07^|^55^|^2^|^003^|^100^|^ B^|^524111^|^076^|^A^|^0^|^0^|^ ^|^0^|0|0|0|^ ^|^ ^|^ ^|^ ^|^^|^00^|^^|0|0|^^|^ ^
^2026^|^01^|^527691^|^015^|^08^|^WA^|^4715^|^EBA^|^07^|^55^|^2^|^001^|^100^|^ A^|^521811^|^076^|^A^|^0^|^0^|^ ^|^0^|0|0|0|^ ^|^ ^|^ ^|^ ^|^^|^00^|^^|0|0|^^|^ ^
^2026^|^01^|^527691^|^015^|^08^|^WA^|^4715^|^EBA^|^07^|^55^|^2^|^001^|^100^|^ B^|^522151^|^076^|^A^|^0^|^0^|^ ^|^0^|0|0|0|^ ^|^ ^|^ ^|^ ^|^^|^00^|^^|0|0|^^|^ ^
^2026^|^01^|^527691^|^015^|^08^|^WA^|^4715^|^EBA^|^07^|^55^|^2^|^001^|^100^|^ B^|^524111^|^076^|^A^|^0^|^0^|^ ^|^0^|0|0|0|^ ^|^ ^|^ ^|^ ^|^^|^00^|^^|0|0|^^|^ ^
^2026^|^01^|^527691^|^015^|^08^|^WA^|^4715^|^EBA^|^07^|^55^|^2^|^994^|^002^|^ A^|^521111^|^076^|^A^|^0^|^0^|^ ^|^0^|0|0|0|^ ^|^ ^|^ ^|^ ^|^^|^00^|^^|0|0|^^|^ ^
^2026^|^01^|^527691^|^015^|^08^|^WA^|^4715^|^EBA^|^07^|^55^|^2^|^994^|^002^|^ A^|^521119^|^076^|^A^|^0^|^0^|^ ^|^0^|0|0|0|^ ^|^ ^|^ ^|^ ^|^^|^00^|^^|0|0|^^|^ ^
^2026^|^01^|^527691^|^015^|^08^|^WA^|^4715^|^EBA^|^07^|^55^|^2^|^994^|^002^|^ A^|^521811^|^076^|^A^|^0^|^0^|^ ^|^0^|0|0|0|^ ^|^ ^|^ ^|^ ^|^^|^00^|^^|0|0|^^|^ ^
^2026^|^01^|^527691^|^015^|^08^|^WA^|^4715^|^EBA^|^07^|^55^|^2^|^994^|^002^|^ B^|^521114^|^076^|^A^|^0^|^0^|^ ^|^0^|0|0|0|^ ^|^ ^|^ ^|^ ^|^^|^00^|^^|0|0|^^|^ ^
^2026^|^01^|^527691^|^015^|^08^|^WA^|^4715^|^EBA^|^07^|^55^|^2^|^994^|^002^|^ B^|^522113^|^076^|^A^|^0^|^0^|^ ^|^0^|0|0|0|^ ^|^ ^|^ ^|^ ^|^^|^00^|^^|0|0|^^|^ ^
^2026^|^01^|^527691^|^015^|^08^|^WA^|^4715^|^EBA^|^07^|^55^|^2^|^994^|^002^|^ C^|^521113^|^076^|^A^|^0^|^0^|^ ^|^0^|0|0|0|^ ^|^ ^|^ ^|^ ^|^^|^00^|^^|0|0|^^|^ ^
^2026^|^01^|^527691^|^015^|^08^|^WA^|^4715^|^EBA^|^07^|^55^|^2^|^994^|^002^|^ C^|^521115^|^076^|^A^|^0^|^0^|^ ^|^0^|0|0|0|^ ^|^ ^|^ ^|^ ^|^^|^00^|^^|0|0|^^|^ ^
^2026^|^01^|^527691^|^015^|^08^|^WA^|^4715^|^EBA^|^07^|^55^|^2^|^994^|^002^|^ C^|^521119^|^076^|^A^|^0^|^0^|^ ^|^0^|0|0|0|^ ^|^ ^|^ ^|^ ^|^^|^00^|^^|0|0|^^|^ ^
^2026^|^01^|^527691^|^015^|^08^|^WA^|^4715^|^EBA^|^07^|^55^|^2^|^994^|^002^|^ D^|^523121^|^076^|^A^|^0^|^0^|^ ^|^0^|0|0|0|^ ^|^ ^|^ ^|^ ^|^^|^00^|^^|0|0|^^|^ ^
^2026^|^01^|^527691^|^015^|^08^|^WA^|^4715^|^EBA^|^07^|^55^|^2^|^994^|^002^|^ G^|^523111^|^076^|^A^|^0^|^0^|^ ^|^0^|0|0|0|^ ^|^ ^|^ ^|^ ^|^^|^00^|^^|0|0|^^|^ ^
^2026^|^01^|^527691^|^015^|^08^|^WA^|^4715^|^EBA^|^07^|^55^|^2^|^994^|^002^|^TJ^|^523121^|^076^|^A^|^0^|^0^|^ ^|^0^|0|0|0|^ ^|^ ^|^ ^|^ ^|^^|^00^|^^|0|0|^^|^ ^
^2026^|^01^|^527691^|^015^|^08^|^WA^|^4715^|^EBA^|^07^|^55^|^2^|^002^|^100^|^ A^|^524111^|^076^|^A^|^0^|^0^|^ ^|^0^|0|0|0|^ ^|^ ^|^ ^|^ ^|^^|^00^|^^|0|0|^^|^ ^
^2026^|^01^|^527691^|^015^|^08^|^WA^|^4715^|^EBA^|^07^|^55^|^2^|^002^|^100^|^ A^|^524113^|^076^|^A^|^0^|^0^|^ ^|^0^|0|0|0|^ ^|^ ^|^ ^|^ ^|^^|^00^|^^|0|0|^^|^ ^
^2026^|^01^|^527691^|^015^|^08^|^WA^|^4715^|^EBD^|^07^|^55^|^2^|^Z36^|^100^|^ B^|^524111^|^076^|^A^|^0^|^0^|^ ^|^0^|0|0|0|^ ^|^ ^|^ ^|^ ^|^^|^00^|^^|0|0|^^|^ ^
^2026^|^01^|^527691^|^015^|^08^|^WA^|^4718^|^BMB^|^07^|^55^|^2^|^002^|^100^|^ A^|^521219^|^076^|^A^|^0^|^0^|^ ^|^0^|0|0|0|^ ^|^ ^|^ ^|^ ^|^^|^00^|^^|0|0|^^|^ ^
^2026^|^01^|^527691^|^015^|^08^|^WA^|^4718^|^BMB^|^07^|^55^|^2^|^001^|^100^|^ A^|^521211^|^076^|^A^|^0^|^0^|^ ^|^0^|0|0|0|^ ^|^ ^|^ ^|^ ^|^^|^00^|^^|0|0|^^|^ ^
^2026^|^01^|^527691^|^015^|^08^|^WA^|^4719^|^EBA^|^07^|^55^|^2^|^994^|^001^|^ A^|^511129^|^076^|^A^|^0^|^0^|^ ^|^0^|0|0|0|^ ^|^ ^|^ ^|^ ^|^^|^00^|^^|0|0|^^|^ ^
^2026^|^01^|^527691^|^015^|^08^|^WA^|^4719^|^EBA^|^07^|^55^|^2^|^994^|^001^|^ A^|^512211^|^076^|^A^|^0^|^0^|^ ^|^0^|0|0|0|^ ^|^ ^|^ ^|^ ^|^^|^00^|^^|0|0|^^|^ ^
^2026^|^01^|^527691^|^015^|^08^|^WA^|^4719^|^EBA^|^07^|^55^|^2^|^004^|^100^|^ A^|^521211^|^076^|^A^|^0^|^0^|^ ^|^0^|0|0|0|^ ^|^ ^|^ ^|^ ^|^^|^00^|^^|0|0|^^|^ ^
^2026^|^01^|^527691^|^015^|^08^|^WA^|^4719^|^EBC^|^07^|^55^|^2^|^001^|^100^|^XC^|^521211^|^076^|^A^|^0^|^0^|^ ^|^0^|0|0|0|^ ^|^ ^|^ ^|^ ^|^^|^00^|^^|0|0|^^|^ ^
^2026^|^01^|^527691^|^015^|^08^|^WA^|^4719^|^EBC^|^07^|^55^|^2^|^001^|^100^|^XC^|^522151^|^076^|^A^|^0^|^0^|^ ^|^0^|0|0|0|^ ^|^ ^|^ ^|^ ^|^^|^00^|^^|0|0|^^|^ ^
^2026^|^01^|^527691^|^015^|^08^|^WA^|^4719^|^EBC^|^07^|^55^|^2^|^001^|^100^|^XC^|^524113^|^076^|^A^|^0^|^0^|^ ^|^0^|0|0|0|^ ^|^ ^|^ ^|^ ^|^^|^00^|^^|0|0|^^|^ ^
^2026^|^01^|^527709^|^015^|^08^|^CD^|^6212^|^BMB^|^07^|^06^|^2^|^001^|^100^|^ A^|^524111^|^075^|^A^|^0^|^0^|^ ^|^0^|0|0|0|^ ^|^ ^|^ ^|^ ^|^^|^00^|^^|0|0|^^|^ ^
^2026^|^01^|^527709^|^015^|^08^|^CD^|^6212^|^BMB^|^07^|^06^|^2^|^001^|^100^|^ A^|^524113^|^075^|^A^|^0^|^0^|^ ^|^0^|0|0|0|^ ^|^ ^|^ ^|^ ^|^^|^00^|^^|0|0|^^|^ ^
^2026^|^01^|^527709^|^015^|^08^|^CD^|^6212^|^FAC^|^07^|^06^|^2^|^001^|^100^|^ A^|^521211^|^075^|^A^|^0^|^0^|^ ^|^0^|0|0|0|^ ^|^ ^|^ ^|^ ^|^^|^00^|^^|0|0|^^|^ ^
^2026^|^01^|^527709^|^015^|^08^|^CD^|^6212^|^FAC^|^07^|^06^|^2^|^001^|^100^|^ B^|^521211^|^075^|^A^|^0^|^0^|^ ^|^0^|0|0|0|^ ^|^ ^|^ ^|^ ^|^^|^00^|^^|0|0|^^|^ ^
^2026^|^01^|^527709^|^015^|^08^|^CD^|^6212^|^FAH^|^07^|^06^|^2^|^001^|^100^|^ A^|^521211^|^075^|^A^|^0^|^0^|^ ^|^0^|0|0|0|^ ^|^ ^|^ ^|^ ^|^^|^00^|^^|0|0|^^|^ ^
^2026^|^01^|^527709^|^015^|^08^|^CD^|^6212^|^FAL^|^07^|^06^|^2^|^004^|^100^|^ A^|^521211^|^075^|^A^|^0^|^0^|^ ^|^0^|0|0|0|^ ^|^ ^|^ ^|^ ^|^^|^00^|^^|0|0|^^|^ ^
^2026^|^01^|^527709^|^015^|^08^|^CD^|^6212^|^FAL^|^07^|^06^|^2^|^004^|^100^|^ B^|^521211^|^075^|^A^|^0^|^0^|^ ^|^0^|0|0|0|^ ^|^ ^|^ ^|^ ^|^^|^00^|^^|0|0|^^|^ ^
^2026^|^01^|^527709^|^015^|^08^|^CD^|^6212^|^FAL^|^07^|^06^|^2^|^004^|^100^|^ D^|^524111^|^075^|^A^|^0^|^0^|^ ^|^0^|0|0|0|^ ^|^ ^|^ ^|^ ^|^^|^00^|^^|0|0|^^|^ ^
^2026^|^01^|^527709^|^015^|^08^|^CD^|^6212^|^FAL^|^07^|^06^|^2^|^004^|^100^|^ D^|^524113^|^075^|^A^|^0^|^0^|^ ^|^0^|0|0|0|^ ^|^ ^|^ ^|^ ^|^^|^00^|^^|0|0|^^|^ ^
^2026^|^01^|^527709^|^015^|^08^|^CD^|^6213^|^FAC^|^07^|^06^|^2^|^001^|^100^|^ A^|^521211^|^075^|^A^|^0^|^0^|^ ^|^0^|0|0|0|^ ^|^ ^|^ ^|^ ^|^^|^00^|^^|0|0|^^|^ ^
^2026^|^01^|^527709^|^015^|^08^|^CD^|^6213^|^FAE^|^07^|^06^|^2^|^009^|^100^|^ A^|^524111^|^075^|^A^|^0^|^0^|^ ^|^0^|0|0|0|^ ^|^ ^|^ ^|^ ^|^^|^00^|^^|0|0|^^|^ ^
^2026^|^01^|^527709^|^015^|^08^|^CD^|^6213^|^FAE^|^07^|^06^|^2^|^009^|^100^|^ A^|^524113^|^075^|^A^|^0^|^0^|^ ^|^0^|0|0|0|^ ^|^ ^|^ ^|^ ^|^^|^00^|^^|0|0|^^|^ ^
^2026^|^01^|^527709^|^015^|^08^|^CD^|^6213^|^FAL^|^07^|^06^|^2^|^003^|^100^|^ A^|^524111^|^075^|^A^|^0^|^0^|^ ^|^0^|0|0|0|^ ^|^ ^|^ ^|^ ^|^^|^00^|^^|0|0|^^|^ ^
^2026^|^01^|^527709^|^015^|^08^|^CD^|^6213^|^FAL^|^07^|^06^|^2^|^003^|^100^|^ A^|^524113^|^075^|^A^|^0^|^0^|^ ^|^0^|0|0|0|^ ^|^ ^|^ ^|^ ^|^^|^00^|^^|0|0|^^|^ ^
^2026^|^01^|^527709^|^015^|^08^|^CD^|^6214^|^FAL^|^07^|^06^|^2^|^002^|^100^|^ A^|^521211^|^075^|^A^|^0^|^0^|^ ^|^0^|0|0|0|^ ^|^ ^|^ ^|^ ^|^^|^00^|^^|0|0|^^|^ ^
^2026^|^01^|^527709^|^015^|^08^|^CD^|^6214^|^FAL^|^07^|^06^|^2^|^002^|^100^|^ B^|^521211^|^075^|^A^|^0^|^0^|^ ^|^0^|0|0|0|^ ^|^ ^|^ ^|^ ^|^^|^00^|^^|0|0|^^|^ ^
^2026^|^01^|^527709^|^015^|^08^|^CD^|^6215^|^FAH^|^07^|^06^|^2^|^003^|^100^|^ A^|^521211^|^075^|^A^|^0^|^0^|^ ^|^0^|0|0|0|^ ^|^ ^|^ ^|^ ^|^^|^00^|^^|0|0|^^|^ ^
^2026^|^01^|^527709^|^015^|^08^|^CD^|^6215^|^FAH^|^07^|^06^|^2^|^003^|^100^|^ B^|^524111^|^075^|^A^|^0^|^0^|^ ^|^0^|0|0|0|^ ^|^ ^|^ ^|^ ^|^^|^00^|^^|0|0|^^|^ ^
^2026^|^01^|^527709^|^015^|^08^|^WA^|^4715^|^EBA^|^07^|^06^|^2^|^001^|^100^|^ A^|^521811^|^075^|^A^|^0^|^0^|^ ^|^0^|0|0|0|^ ^|^ ^|^ ^|^ ^|^^|^00^|^^|0|0|^^|^ ^
^2026^|^01^|^527709^|^015^|^08^|^WA^|^4715^|^EBA^|^07^|^06^|^2^|^001^|^100^|^ B^|^522151^|^075^|^A^|^0^|^0^|^ ^|^0^|0|0|0|^ ^|^ ^|^ ^|^ ^|^^|^00^|^^|0|0|^^|^ ^
^2026^|^01^|^527709^|^015^|^08^|^WA^|^4715^|^EBA^|^07^|^06^|^2^|^001^|^100^|^ B^|^524111^|^075^|^A^|^0^|^0^|^ ^|^0^|0|0|0|^ ^|^ ^|^ ^|^ ^|^^|^00^|^^|0|0|^^|^ ^
^2026^|^01^|^527709^|^015^|^08^|^WA^|^4715^|^EBA^|^07^|^06^|^2^|^994^|^002^|^ A^|^521111^|^075^|^A^|^0^|^0^|^ ^|^0^|0|0|0|^ ^|^ ^|^ ^|^ ^|^^|^00^|^^|0|0|^^|^ ^
^2026^|^01^|^527709^|^015^|^08^|^WA^|^4715^|^EBA^|^07^|^06^|^2^|^994^|^002^|^ A^|^521119^|^075^|^A^|^0^|^0^|^ ^|^0^|0|0|0|^ ^|^ ^|^ ^|^ ^|^^|^00^|^^|0|0|^^|^ ^
^2026^|^01^|^527709^|^015^|^08^|^WA^|^4715^|^EBA^|^07^|^06^|^2^|^994^|^002^|^ A^|^521811^|^075^|^A^|^0^|^0^|^ ^|^0^|0|0|0|^ ^|^ ^|^ ^|^ ^|^^|^00^|^^|0|0|^^|^ ^
^2026^|^01^|^527709^|^015^|^08^|^WA^|^4715^|^EBA^|^07^|^06^|^2^|^994^|^002^|^ B^|^521114^|^075^|^A^|^0^|^0^|^ ^|^0^|0|0|0|^ ^|^ ^|^ ^|^ ^|^^|^00^|^^|0|0|^^|^ ^
^2026^|^01^|^527709^|^015^|^08^|^WA^|^4715^|^EBA^|^07^|^06^|^2^|^994^|^002^|^ C^|^521113^|^075^|^A^|^0^|^0^|^ ^|^0^|0|0|0|^ ^|^ ^|^ ^|^ ^|^^|^00^|^^|0|0|^^|^ ^
^2026^|^01^|^527709^|^015^|^08^|^WA^|^4715^|^EBA^|^07^|^06^|^2^|^994^|^002^|^ C^|^521115^|^075^|^A^|^0^|^0^|^ ^|^0^|0|0|0|^ ^|^ ^|^ ^|^ ^|^^|^00^|^^|0|0|^^|^ ^
^2026^|^01^|^527709^|^015^|^08^|^WA^|^4715^|^EBA^|^07^|^06^|^2^|^994^|^002^|^ C^|^521119^|^075^|^A^|^0^|^0^|^ ^|^0^|0|0|0|^ ^|^ ^|^ ^|^ ^|^^|^00^|^^|0|0|^^|^ ^
^2026^|^01^|^527709^|^015^|^08^|^WA^|^4715^|^EBA^|^07^|^06^|^2^|^994^|^002^|^ D^|^523121^|^075^|^A^|^0^|^0^|^ ^|^0^|0|0|0|^ ^|^ ^|^ ^|^ ^|^^|^00^|^^|0|0|^^|^ ^
^2026^|^01^|^527709^|^015^|^08^|^WA^|^4715^|^EBA^|^07^|^06^|^2^|^994^|^002^|^ G^|^523111^|^075^|^A^|^0^|^0^|^ ^|^0^|0|0|0|^ ^|^ ^|^ ^|^ ^|^^|^00^|^^|0|0|^^|^ ^
^2026^|^01^|^527709^|^015^|^08^|^WA^|^4715^|^EBA^|^07^|^06^|^2^|^994^|^002^|^ G^|^523119^|^075^|^A^|^0^|^0^|^ ^|^0^|0|0|0|^ ^|^ ^|^ ^|^ ^|^^|^00^|^^|0|0|^^|^ ^
^2026^|^01^|^527709^|^015^|^08^|^WA^|^4715^|^EBA^|^07^|^06^|^2^|^994^|^002^|^TJ^|^523121^|^075^|^A^|^0^|^0^|^ ^|^0^|0|0|0|^ ^|^ ^|^ ^|^ ^|^^|^00^|^^|0|0|^^|^ ^
^2026^|^01^|^527709^|^015^|^08^|^WA^|^4715^|^EBA^|^07^|^06^|^2^|^002^|^100^|^ A^|^524111^|^075^|^A^|^0^|^0^|^ ^|^0^|0|0|0|^ ^|^ ^|^ ^|^ ^|^^|^00^|^^|0|0|^^|^ ^
^2026^|^01^|^527709^|^015^|^08^|^WA^|^4715^|^EBA^|^07^|^06^|^2^|^002^|^100^|^ A^|^524113^|^075^|^A^|^0^|^0^|^ ^|^0^|0|0|0|^ ^|^ ^|^ ^|^ ^|^^|^00^|^^|0|0|^^|^ ^
^2026^|^01^|^527709^|^015^|^08^|^WA^|^4715^|^EBD^|^07^|^06^|^2^|^Z36^|^100^|^ B^|^524111^|^075^|^A^|^0^|^0^|^ ^|^0^|0|0|0|^ ^|^ ^|^ ^|^ ^|^^|^00^|^^|0|0|^^|^ ^
^2026^|^01^|^527709^|^015^|^08^|^WA^|^4718^|^BMB^|^07^|^06^|^2^|^002^|^100^|^ A^|^521219^|^075^|^A^|^0^|^0^|^ ^|^0^|0|0|0|^ ^|^ ^|^ ^|^ ^|^^|^00^|^^|0|0|^^|^ ^
^2026^|^01^|^527709^|^015^|^08^|^WA^|^4718^|^BMB^|^07^|^06^|^2^|^001^|^100^|^ A^|^521211^|^075^|^A^|^0^|^0^|^ ^|^0^|0|0|0|^ ^|^ ^|^ ^|^ ^|^^|^00^|^^|0|0|^^|^ ^
^2026^|^01^|^527709^|^015^|^08^|^WA^|^4719^|^EBA^|^07^|^06^|^2^|^994^|^001^|^ A^|^511129^|^075^|^A^|^0^|^0^|^ ^|^0^|0|0|0|^ ^|^ ^|^ ^|^ ^|^^|^00^|^^|0|0|^^|^ ^
^2026^|^01^|^527709^|^015^|^08^|^WA^|^4719^|^EBA^|^07^|^06^|^2^|^994^|^001^|^ A^|^512211^|^075^|^A^|^0^|^0^|^ ^|^0^|0|0|0|^ ^|^ ^|^ ^|^ ^|^^|^00^|^^|0|0|^^|^ ^
^2026^|^01^|^527709^|^015^|^08^|^WA^|^4719^|^EBA^|^07^|^06^|^2^|^004^|^100^|^ A^|^521211^|^075^|^A^|^0^|^0^|^ ^|^0^|0|0|0|^ ^|^ ^|^ ^|^ ^|^^|^00^|^^|0|0|^^|^ ^
^2026^|^01^|^527709^|^015^|^08^|^WA^|^4719^|^EBC^|^07^|^06^|^2^|^001^|^100^|^XC^|^521211^|^075^|^A^|^0^|^0^|^ ^|^0^|0|0|0|^ ^|^ ^|^ ^|^ ^|^^|^00^|^^|0|0|^^|^ ^
^2026^|^01^|^527709^|^015^|^08^|^WA^|^4719^|^EBC^|^07^|^06^|^2^|^001^|^100^|^XC^|^522151^|^075^|^A^|^0^|^0^|^ ^|^0^|0|0|0|^ ^|^ ^|^ ^|^ ^|^^|^00^|^^|0|0|^^|^ ^
^2026^|^01^|^527709^|^015^|^08^|^WA^|^4719^|^EBC^|^07^|^06^|^2^|^001^|^100^|^XC^|^524113^|^075^|^A^|^0^|^0^|^ ^|^0^|0|0|0|^ ^|^ ^|^ ^|^ ^|^^|^00^|^^|0|0|^^|^ ^
^2026^|^01^|^527755^|^015^|^08^|^CD^|^6212^|^BMB^|^07^|^12^|^2^|^001^|^100^|^ A^|^524111^|^125^|^A^|^0^|^0^|^ ^|^0^|0|0|0|^ ^|^ ^|^ ^|^ ^|^^|^00^|^^|0|0|^^|^ ^
^2026^|^01^|^527755^|^015^|^08^|^CD^|^6212^|^BMB^|^07^|^12^|^2^|^001^|^100^|^ A^|^524113^|^125^|^A^|^0^|^0^|^ ^|^0^|0|0|0|^ ^|^ ^|^ ^|^ ^|^^|^00^|^^|0|0|^^|^ ^
^2026^|^01^|^527755^|^015^|^08^|^CD^|^6212^|^FAC^|^07^|^12^|^2^|^001^|^100^|^ A^|^521211^|^125^|^A^|^0^|^0^|^ ^|^0^|0|0|0|^ ^|^ ^|^ ^|^ ^|^^|^00^|^^|0|0|^^|^ ^
^2026^|^01^|^527755^|^015^|^08^|^CD^|^6212^|^FAC^|^07^|^12^|^2^|^001^|^100^|^ B^|^521211^|^125^|^A^|^0^|^0^|^ ^|^0^|0|0|0|^ ^|^ ^|^ ^|^ ^|^^|^00^|^^|0|0|^^|^ ^
^2026^|^01^|^527755^|^015^|^08^|^CD^|^6212^|^FAH^|^07^|^12^|^2^|^001^|^100^|^ A^|^521211^|^125^|^A^|^0^|^0^|^ ^|^0^|0|0|0|^ ^|^ ^|^ ^|^ ^|^^|^00^|^^|0|0|^^|^ ^
^2026^|^01^|^527755^|^015^|^08^|^CD^|^6212^|^FAL^|^07^|^12^|^2^|^004^|^100^|^ A^|^521211^|^125^|^A^|^0^|^0^|^ ^|^0^|0|0|0|^ ^|^ ^|^ ^|^ ^|^^|^00^|^^|0|0|^^|^ ^
^2026^|^01^|^527755^|^015^|^08^|^CD^|^6212^|^FAL^|^07^|^12^|^2^|^004^|^100^|^ B^|^521211^|^125^|^A^|^0^|^0^|^ ^|^0^|0|0|0|^ ^|^ ^|^ ^|^ ^|^^|^00^|^^|0|0|^^|^ ^
^2026^|^01^|^527755^|^015^|^08^|^CD^|^6212^|^FAL^|^07^|^12^|^2^|^004^|^100^|^ D^|^524111^|^125^|^A^|^0^|^0^|^ ^|^0^|0|0|0|^ ^|^ ^|^ ^|^ ^|^^|^00^|^^|0|0|^^|^ ^
^2026^|^01^|^527755^|^015^|^08^|^CD^|^6212^|^FAL^|^07^|^12^|^2^|^004^|^100^|^ D^|^524113^|^125^|^A^|^0^|^0^|^ ^|^0^|0|0|0|^ ^|^ ^|^ ^|^ ^|^^|^00^|^^|0|0|^^|^ ^
^2026^|^01^|^527755^|^015^|^08^|^CD^|^6213^|^FAC^|^07^|^12^|^2^|^001^|^100^|^ A^|^521211^|^125^|^A^|^0^|^0^|^ ^|^0^|0|0|0|^ ^|^ ^|^ ^|^ ^|^^|^00^|^^|0|0|^^|^ ^
^2026^|^01^|^527755^|^015^|^08^|^CD^|^6213^|^FAE^|^07^|^12^|^2^|^009^|^100^|^ A^|^524111^|^125^|^A^|^0^|^0^|^ ^|^0^|0|0|0|^ ^|^ ^|^ ^|^ ^|^^|^00^|^^|0|0|^^|^ ^
^2026^|^01^|^527755^|^015^|^08^|^CD^|^6213^|^FAE^|^07^|^12^|^2^|^009^|^100^|^ A^|^524113^|^125^|^A^|^0^|^0^|^ ^|^0^|0|0|0|^ ^|^ ^|^ ^|^ ^|^^|^00^|^^|0|0|^^|^ ^
^2026^|^01^|^527755^|^015^|^08^|^CD^|^6213^|^FAL^|^07^|^12^|^2^|^003^|^100^|^ A^|^524111^|^125^|^A^|^0^|^0^|^ ^|^0^|0|0|0|^ ^|^ ^|^ ^|^ ^|^^|^00^|^^|0|0|^^|^ ^
^2026^|^01^|^527755^|^015^|^08^|^CD^|^6213^|^FAL^|^07^|^12^|^2^|^003^|^100^|^ A^|^524113^|^125^|^A^|^0^|^0^|^ ^|^0^|0|0|0|^ ^|^ ^|^ ^|^ ^|^^|^00^|^^|0|0|^^|^ ^
^2026^|^01^|^527755^|^015^|^08^|^CD^|^6214^|^FAL^|^07^|^12^|^2^|^002^|^100^|^ A^|^521211^|^125^|^A^|^0^|^0^|^ ^|^0^|0|0|0|^ ^|^ ^|^ ^|^ ^|^^|^00^|^^|0|0|^^|^ ^
^2026^|^01^|^527755^|^015^|^08^|^CD^|^6214^|^FAL^|^07^|^12^|^2^|^002^|^100^|^ B^|^521211^|^125^|^A^|^0^|^0^|^ ^|^0^|0|0|0|^ ^|^ ^|^ ^|^ ^|^^|^00^|^^|0|0|^^|^ ^
^2026^|^01^|^527755^|^015^|^08^|^CD^|^6215^|^FAH^|^07^|^12^|^2^|^003^|^100^|^ A^|^521211^|^125^|^A^|^0^|^0^|^ ^|^0^|0|0|0|^ ^|^ ^|^ ^|^ ^|^^|^00^|^^|0|0|^^|^ ^
^2026^|^01^|^527755^|^015^|^08^|^CD^|^6215^|^FAH^|^07^|^12^|^2^|^003^|^100^|^ B^|^524111^|^125^|^A^|^0^|^0^|^ ^|^0^|0|0|0|^ ^|^ ^|^ ^|^ ^|^^|^00^|^^|0|0|^^|^ ^
^2026^|^01^|^527755^|^015^|^08^|^WA^|^4715^|^EBA^|^07^|^12^|^2^|^001^|^100^|^ A^|^521811^|^125^|^A^|^0^|^0^|^ ^|^0^|0|0|0|^ ^|^ ^|^ ^|^ ^|^^|^00^|^^|0|0|^^|^ ^
^2026^|^01^|^527755^|^015^|^08^|^WA^|^4715^|^EBA^|^07^|^12^|^2^|^001^|^100^|^ B^|^522151^|^125^|^A^|^0^|^0^|^ ^|^0^|0|0|0|^ ^|^ ^|^ ^|^ ^|^^|^00^|^^|0|0|^^|^ ^
^2026^|^01^|^527755^|^015^|^08^|^WA^|^4715^|^EBA^|^07^|^12^|^2^|^001^|^100^|^ B^|^524111^|^125^|^A^|^0^|^0^|^ ^|^0^|0|0|0|^ ^|^ ^|^ ^|^ ^|^^|^00^|^^|0|0|^^|^ ^
^2026^|^01^|^527755^|^015^|^08^|^WA^|^4715^|^EBA^|^07^|^12^|^2^|^994^|^002^|^ A^|^521111^|^125^|^A^|^0^|^0^|^ ^|^0^|0|0|0|^ ^|^ ^|^ ^|^ ^|^^|^00^|^^|0|0|^^|^ ^
^2026^|^01^|^527755^|^015^|^08^|^WA^|^4715^|^EBA^|^07^|^12^|^2^|^994^|^002^|^ A^|^521119^|^125^|^A^|^0^|^0^|^ ^|^0^|0|0|0|^ ^|^ ^|^ ^|^ ^|^^|^00^|^^|0|0|^^|^ ^
^2026^|^01^|^527755^|^015^|^08^|^WA^|^4715^|^EBA^|^07^|^12^|^2^|^994^|^002^|^ A^|^521811^|^125^|^A^|^0^|^0^|^ ^|^0^|0|0|0|^ ^|^ ^|^ ^|^ ^|^^|^00^|^^|0|0|^^|^ ^
^2026^|^01^|^527755^|^015^|^08^|^WA^|^4715^|^EBA^|^07^|^12^|^2^|^994^|^002^|^ B^|^521114^|^125^|^A^|^0^|^0^|^ ^|^0^|0|0|0|^ ^|^ ^|^ ^|^ ^|^^|^00^|^^|0|0|^^|^ ^
^2026^|^01^|^527755^|^015^|^08^|^WA^|^4715^|^EBA^|^07^|^12^|^2^|^994^|^002^|^ C^|^521113^|^125^|^A^|^0^|^0^|^ ^|^0^|0|0|0|^ ^|^ ^|^ ^|^ ^|^^|^00^|^^|0|0|^^|^ ^
^2026^|^01^|^527755^|^015^|^08^|^WA^|^4715^|^EBA^|^07^|^12^|^2^|^994^|^002^|^ C^|^521115^|^125^|^A^|^0^|^0^|^ ^|^0^|0|0|0|^ ^|^ ^|^ ^|^ ^|^^|^00^|^^|0|0|^^|^ ^
^2026^|^01^|^527755^|^015^|^08^|^WA^|^4715^|^EBA^|^07^|^12^|^2^|^994^|^002^|^ C^|^521119^|^125^|^A^|^0^|^0^|^ ^|^0^|0|0|0|^ ^|^ ^|^ ^|^ ^|^^|^00^|^^|0|0|^^|^ ^
^2026^|^01^|^527755^|^015^|^08^|^WA^|^4715^|^EBA^|^07^|^12^|^2^|^994^|^002^|^ D^|^523121^|^125^|^A^|^0^|^0^|^ ^|^0^|0|0|0|^ ^|^ ^|^ ^|^ ^|^^|^00^|^^|0|0|^^|^ ^
^2026^|^01^|^527755^|^015^|^08^|^WA^|^4715^|^EBA^|^07^|^12^|^2^|^994^|^002^|^ G^|^523111^|^125^|^A^|^0^|^0^|^ ^|^0^|0|0|0|^ ^|^ ^|^ ^|^ ^|^^|^00^|^^|0|0|^^|^ ^
^2026^|^01^|^527755^|^015^|^08^|^WA^|^4715^|^EBA^|^07^|^12^|^2^|^994^|^002^|^ G^|^523119^|^125^|^A^|^0^|^0^|^ ^|^0^|0|0|0|^ ^|^ ^|^ ^|^ ^|^^|^00^|^^|0|0|^^|^ ^
^2026^|^01^|^527755^|^015^|^08^|^WA^|^4715^|^EBA^|^07^|^12^|^2^|^994^|^002^|^TJ^|^523121^|^125^|^A^|^0^|^0^|^ ^|^0^|0|0|0|^ ^|^ ^|^ ^|^ ^|^^|^00^|^^|0|0|^^|^ ^
^2026^|^01^|^527755^|^015^|^08^|^WA^|^4715^|^EBA^|^07^|^12^|^2^|^002^|^100^|^ A^|^524111^|^125^|^A^|^0^|^0^|^ ^|^0^|0|0|0|^ ^|^ ^|^ ^|^ ^|^^|^00^|^^|0|0|^^|^ ^
^2026^|^01^|^527755^|^015^|^08^|^WA^|^4715^|^EBA^|^07^|^12^|^2^|^002^|^100^|^ A^|^524113^|^125^|^A^|^0^|^0^|^ ^|^0^|0|0|0|^ ^|^ ^|^ ^|^ ^|^^|^00^|^^|0|0|^^|^ ^
^2026^|^01^|^527755^|^015^|^08^|^WA^|^4715^|^EBD^|^07^|^12^|^2^|^Z36^|^100^|^ B^|^524111^|^125^|^A^|^0^|^0^|^ ^|^0^|0|0|0|^ ^|^ ^|^ ^|^ ^|^^|^00^|^^|0|0|^^|^ ^
^2026^|^01^|^527755^|^015^|^08^|^WA^|^4718^|^BMB^|^07^|^12^|^2^|^002^|^100^|^ A^|^521219^|^125^|^A^|^0^|^0^|^ ^|^0^|0|0|0|^ ^|^ ^|^ ^|^ ^|^^|^00^|^^|0|0|^^|^ ^
^2026^|^01^|^527755^|^015^|^08^|^WA^|^4718^|^BMB^|^07^|^12^|^2^|^001^|^100^|^ A^|^521211^|^125^|^A^|^0^|^0^|^ ^|^0^|0|0|0|^ ^|^ ^|^ ^|^ ^|^^|^00^|^^|0|0|^^|^ ^
^2026^|^01^|^527755^|^015^|^08^|^WA^|^4719^|^EBA^|^07^|^12^|^2^|^994^|^001^|^ A^|^511129^|^125^|^A^|^0^|^0^|^ ^|^0^|0|0|0|^ ^|^ ^|^ ^|^ ^|^^|^00^|^^|0|0|^^|^ ^
^2026^|^01^|^527755^|^015^|^08^|^WA^|^4719^|^EBA^|^07^|^12^|^2^|^994^|^001^|^ A^|^512211^|^125^|^A^|^0^|^0^|^ ^|^0^|0|0|0|^ ^|^ ^|^ ^|^ ^|^^|^00^|^^|0|0|^^|^ ^
^2026^|^01^|^527755^|^015^|^08^|^WA^|^4719^|^EBA^|^07^|^12^|^2^|^004^|^100^|^ A^|^521211^|^125^|^A^|^0^|^0^|^ ^|^0^|0|0|0|^ ^|^ ^|^ ^|^ ^|^^|^00^|^^|0|0|^^|^ ^
^2026^|^01^|^527755^|^015^|^08^|^WA^|^4719^|^EBC^|^07^|^12^|^2^|^001^|^100^|^XC^|^521211^|^125^|^A^|^0^|^0^|^ ^|^0^|0|0|0|^ ^|^ ^|^ ^|^ ^|^^|^00^|^^|0|0|^^|^ ^
^2026^|^01^|^527755^|^015^|^08^|^WA^|^4719^|^EBC^|^07^|^12^|^2^|^001^|^100^|^XC^|^522151^|^125^|^A^|^0^|^0^|^ ^|^0^|0|0|0|^ ^|^ ^|^ ^|^ ^|^^|^00^|^^|0|0|^^|^ ^
^2026^|^01^|^527755^|^015^|^08^|^WA^|^4719^|^EBC^|^07^|^12^|^2^|^001^|^100^|^XC^|^524113^|^125^|^A^|^0^|^0^|^ ^|^0^|0|0|0|^ ^|^ ^|^ ^|^ ^|^^|^00^|^^|0|0|^^|^ ^
^2026^|^01^|^527713^|^015^|^08^|^CD^|^6212^|^BMB^|^07^|^56^|^2^|^001^|^100^|^ A^|^524111^|^106^|^A^|^0^|^0^|^ ^|^0^|0|0|0|^ ^|^ ^|^ ^|^ ^|^^|^00^|^^|0|0|^^|^ ^
^2026^|^01^|^527713^|^015^|^08^|^CD^|^6212^|^BMB^|^07^|^56^|^2^|^001^|^100^|^ A^|^524113^|^106^|^A^|^0^|^0^|^ ^|^0^|0|0|0|^ ^|^ ^|^ ^|^ ^|^^|^00^|^^|0|0|^^|^ ^
^2026^|^01^|^527713^|^015^|^08^|^CD^|^6212^|^FAC^|^07^|^56^|^2^|^001^|^100^|^ A^|^521211^|^106^|^A^|^0^|^0^|^ ^|^0^|0|0|0|^ ^|^ ^|^ ^|^ ^|^^|^00^|^^|0|0|^^|^ ^
^2026^|^01^|^527713^|^015^|^08^|^CD^|^6212^|^FAC^|^07^|^56^|^2^|^001^|^100^|^ B^|^521211^|^106^|^A^|^0^|^0^|^ ^|^0^|0|0|0|^ ^|^ ^|^ ^|^ ^|^^|^00^|^^|0|0|^^|^ ^
^2026^|^01^|^527713^|^015^|^08^|^CD^|^6212^|^FAH^|^07^|^56^|^2^|^001^|^100^|^ A^|^521211^|^106^|^A^|^0^|^0^|^ ^|^0^|0|0|0|^ ^|^ ^|^ ^|^ ^|^^|^00^|^^|0|0|^^|^ ^
^2026^|^01^|^527713^|^015^|^08^|^CD^|^6212^|^FAL^|^07^|^56^|^2^|^004^|^100^|^ A^|^521211^|^106^|^A^|^0^|^0^|^ ^|^0^|0|0|0|^ ^|^ ^|^ ^|^ ^|^^|^00^|^^|0|0|^^|^ ^
^2026^|^01^|^527713^|^015^|^08^|^CD^|^6212^|^FAL^|^07^|^56^|^2^|^004^|^100^|^ B^|^521211^|^106^|^A^|^0^|^0^|^ ^|^0^|0|0|0|^ ^|^ ^|^ ^|^ ^|^^|^00^|^^|0|0|^^|^ ^
^2026^|^01^|^527713^|^015^|^08^|^CD^|^6212^|^FAL^|^07^|^56^|^2^|^004^|^100^|^ D^|^524111^|^106^|^A^|^0^|^0^|^ ^|^0^|0|0|0|^ ^|^ ^|^ ^|^ ^|^^|^00^|^^|0|0|^^|^ ^
^2026^|^01^|^527713^|^015^|^08^|^CD^|^6212^|^FAL^|^07^|^56^|^2^|^004^|^100^|^ D^|^524113^|^106^|^A^|^0^|^0^|^ ^|^0^|0|0|0|^ ^|^ ^|^ ^|^ ^|^^|^00^|^^|0|0|^^|^ ^
^2026^|^01^|^527713^|^015^|^08^|^CD^|^6213^|^FAC^|^07^|^56^|^2^|^001^|^100^|^ A^|^521211^|^106^|^A^|^0^|^0^|^ ^|^0^|0|0|0|^ ^|^ ^|^ ^|^ ^|^^|^00^|^^|0|0|^^|^ ^
^2026^|^01^|^527713^|^015^|^08^|^CD^|^6213^|^FAE^|^07^|^56^|^2^|^009^|^100^|^ A^|^524111^|^106^|^A^|^0^|^0^|^ ^|^0^|0|0|0|^ ^|^ ^|^ ^|^ ^|^^|^00^|^^|0|0|^^|^ ^
^2026^|^01^|^527713^|^015^|^08^|^CD^|^6213^|^FAE^|^07^|^56^|^2^|^009^|^100^|^ A^|^524113^|^106^|^A^|^0^|^0^|^ ^|^0^|0|0|0|^ ^|^ ^|^ ^|^ ^|^^|^00^|^^|0|0|^^|^ ^
^2026^|^01^|^527713^|^015^|^08^|^CD^|^6213^|^FAL^|^07^|^56^|^2^|^003^|^100^|^ A^|^524111^|^106^|^A^|^0^|^0^|^ ^|^0^|0|0|0|^ ^|^ ^|^ ^|^ ^|^^|^00^|^^|0|0|^^|^ ^
^2026^|^01^|^527713^|^015^|^08^|^CD^|^6213^|^FAL^|^07^|^56^|^2^|^003^|^100^|^ A^|^524113^|^106^|^A^|^0^|^0^|^ ^|^0^|0|0|0|^ ^|^ ^|^ ^|^ ^|^^|^00^|^^|0|0|^^|^ ^
^2026^|^01^|^527713^|^015^|^08^|^CD^|^6214^|^FAL^|^07^|^56^|^2^|^002^|^100^|^ A^|^521211^|^106^|^A^|^0^|^0^|^ ^|^0^|0|0|0|^ ^|^ ^|^ ^|^ ^|^^|^00^|^^|0|0|^^|^ ^
^2026^|^01^|^527713^|^015^|^08^|^CD^|^6214^|^FAL^|^07^|^56^|^2^|^002^|^100^|^ B^|^521211^|^106^|^A^|^0^|^0^|^ ^|^0^|0|0|0|^ ^|^ ^|^ ^|^ ^|^^|^00^|^^|0|0|^^|^ ^
^2026^|^01^|^527713^|^015^|^08^|^CD^|^6215^|^FAH^|^07^|^56^|^2^|^003^|^100^|^ A^|^521211^|^106^|^A^|^0^|^0^|^ ^|^0^|0|0|0|^ ^|^ ^|^ ^|^ ^|^^|^00^|^^|0|0|^^|^ ^
^2026^|^01^|^527713^|^015^|^08^|^CD^|^6215^|^FAH^|^07^|^56^|^2^|^003^|^100^|^ B^|^524111^|^106^|^A^|^0^|^0^|^ ^|^0^|0|0|0|^ ^|^ ^|^ ^|^ ^|^^|^00^|^^|0|0|^^|^ ^
^2026^|^01^|^527713^|^015^|^08^|^WA^|^4715^|^EBA^|^07^|^56^|^2^|^001^|^100^|^ A^|^521811^|^106^|^A^|^0^|^0^|^ ^|^0^|0|0|0|^ ^|^ ^|^ ^|^ ^|^^|^00^|^^|0|0|^^|^ ^
^2026^|^01^|^527713^|^015^|^08^|^WA^|^4715^|^EBA^|^07^|^56^|^2^|^001^|^100^|^ B^|^522151^|^106^|^A^|^0^|^0^|^ ^|^0^|0|0|0|^ ^|^ ^|^ ^|^ ^|^^|^00^|^^|0|0|^^|^ ^
^2026^|^01^|^527713^|^015^|^08^|^WA^|^4715^|^EBA^|^07^|^56^|^2^|^001^|^100^|^ B^|^524111^|^106^|^A^|^0^|^0^|^ ^|^0^|0|0|0|^ ^|^ ^|^ ^|^ ^|^^|^00^|^^|0|0|^^|^ ^
^2026^|^01^|^527713^|^015^|^08^|^WA^|^4715^|^EBA^|^07^|^56^|^2^|^994^|^002^|^ A^|^521111^|^106^|^A^|^0^|^0^|^ ^|^0^|0|0|0|^ ^|^ ^|^ ^|^ ^|^^|^00^|^^|0|0|^^|^ ^
^2026^|^01^|^527713^|^015^|^08^|^WA^|^4715^|^EBA^|^07^|^56^|^2^|^994^|^002^|^ A^|^521119^|^106^|^A^|^0^|^0^|^ ^|^0^|0|0|0|^ ^|^ ^|^ ^|^ ^|^^|^00^|^^|0|0|^^|^ ^
^2026^|^01^|^527713^|^015^|^08^|^WA^|^4715^|^EBA^|^07^|^56^|^2^|^994^|^002^|^ A^|^521811^|^106^|^A^|^0^|^0^|^ ^|^0^|0|0|0|^ ^|^ ^|^ ^|^ ^|^^|^00^|^^|0|0|^^|^ ^
^2026^|^01^|^527713^|^015^|^08^|^WA^|^4715^|^EBA^|^07^|^56^|^2^|^994^|^002^|^ B^|^521114^|^106^|^A^|^0^|^0^|^ ^|^0^|0|0|0|^ ^|^ ^|^ ^|^ ^|^^|^00^|^^|0|0|^^|^ ^
^2026^|^01^|^527713^|^015^|^08^|^WA^|^4715^|^EBA^|^07^|^56^|^2^|^994^|^002^|^ B^|^522113^|^106^|^A^|^0^|^0^|^ ^|^0^|0|0|0|^ ^|^ ^|^ ^|^ ^|^^|^00^|^^|0|0|^^|^ ^
^2026^|^01^|^527713^|^015^|^08^|^WA^|^4715^|^EBA^|^07^|^56^|^2^|^994^|^002^|^ C^|^521113^|^106^|^A^|^0^|^0^|^ ^|^0^|0|0|0|^ ^|^ ^|^ ^|^ ^|^^|^00^|^^|0|0|^^|^ ^
^2026^|^01^|^527713^|^015^|^08^|^WA^|^4715^|^EBA^|^07^|^56^|^2^|^994^|^002^|^ C^|^521115^|^106^|^A^|^0^|^0^|^ ^|^0^|0|0|0|^ ^|^ ^|^ ^|^ ^|^^|^00^|^^|0|0|^^|^ ^
^2026^|^01^|^527713^|^015^|^08^|^WA^|^4715^|^EBA^|^07^|^56^|^2^|^994^|^002^|^ C^|^521119^|^106^|^A^|^0^|^0^|^ ^|^0^|0|0|0|^ ^|^ ^|^ ^|^ ^|^^|^00^|^^|0|0|^^|^ ^
^2026^|^01^|^527713^|^015^|^08^|^WA^|^4715^|^EBA^|^07^|^56^|^2^|^994^|^002^|^ D^|^523121^|^106^|^A^|^0^|^0^|^ ^|^0^|0|0|0|^ ^|^ ^|^ ^|^ ^|^^|^00^|^^|0|0|^^|^ ^
^2026^|^01^|^527713^|^015^|^08^|^WA^|^4715^|^EBA^|^07^|^56^|^2^|^994^|^002^|^ G^|^523111^|^106^|^A^|^0^|^0^|^ ^|^0^|0|0|0|^ ^|^ ^|^ ^|^ ^|^^|^00^|^^|0|0|^^|^ ^
^2026^|^01^|^527713^|^015^|^08^|^WA^|^4715^|^EBA^|^07^|^56^|^2^|^994^|^002^|^ G^|^523119^|^106^|^A^|^0^|^0^|^ ^|^0^|0|0|0|^ ^|^ ^|^ ^|^ ^|^^|^00^|^^|0|0|^^|^ ^
^2026^|^01^|^527713^|^015^|^08^|^WA^|^4715^|^EBA^|^07^|^56^|^2^|^994^|^002^|^TJ^|^523121^|^106^|^A^|^0^|^0^|^ ^|^0^|0|0|0|^ ^|^ ^|^ ^|^ ^|^^|^00^|^^|0|0|^^|^ ^
^2026^|^01^|^527713^|^015^|^08^|^WA^|^4715^|^EBA^|^07^|^56^|^2^|^002^|^100^|^ A^|^524111^|^106^|^A^|^0^|^0^|^ ^|^0^|0|0|0|^ ^|^ ^|^ ^|^ ^|^^|^00^|^^|0|0|^^|^ ^
^2026^|^01^|^527713^|^015^|^08^|^WA^|^4715^|^EBA^|^07^|^56^|^2^|^002^|^100^|^ A^|^524113^|^106^|^A^|^0^|^0^|^ ^|^0^|0|0|0|^ ^|^ ^|^ ^|^ ^|^^|^00^|^^|0|0|^^|^ ^
^2026^|^01^|^527713^|^015^|^08^|^WA^|^4715^|^EBB^|^07^|^56^|^2^|^002^|^100^|^ A^|^532111^|^106^|^A^|^0^|^0^|^ ^|^0^|0|0|0|^ ^|^ ^|^ ^|^ ^|^^|^00^|^^|0|0|^^|^ ^
^2026^|^01^|^527713^|^015^|^08^|^WA^|^4715^|^EBD^|^07^|^56^|^2^|^Z36^|^100^|^ B^|^524111^|^106^|^A^|^0^|^0^|^ ^|^0^|0|0|0|^ ^|^ ^|^ ^|^ ^|^^|^00^|^^|0|0|^^|^ ^
^2026^|^01^|^527713^|^015^|^08^|^WA^|^4718^|^BMB^|^07^|^56^|^2^|^002^|^100^|^ A^|^521219^|^106^|^A^|^0^|^0^|^ ^|^0^|0|0|0|^ ^|^ ^|^ ^|^ ^|^^|^00^|^^|0|0|^^|^ ^
^2026^|^01^|^527713^|^015^|^08^|^WA^|^4718^|^BMB^|^07^|^56^|^2^|^001^|^100^|^ A^|^521211^|^106^|^A^|^0^|^0^|^ ^|^0^|0|0|0|^ ^|^ ^|^ ^|^ ^|^^|^00^|^^|0|0|^^|^ ^
^2026^|^01^|^527713^|^015^|^08^|^WA^|^4719^|^EBA^|^07^|^56^|^2^|^994^|^001^|^ A^|^511129^|^106^|^A^|^0^|^0^|^ ^|^0^|0|0|0|^ ^|^ ^|^ ^|^ ^|^^|^00^|^^|0|0|^^|^ ^
^2026^|^01^|^527713^|^015^|^08^|^WA^|^4719^|^EBA^|^07^|^56^|^2^|^994^|^001^|^ A^|^512211^|^106^|^A^|^0^|^0^|^ ^|^0^|0|0|0|^ ^|^ ^|^ ^|^ ^|^^|^00^|^^|0|0|^^|^ ^
^2026^|^01^|^527713^|^015^|^08^|^WA^|^4719^|^EBA^|^07^|^56^|^2^|^004^|^100^|^ A^|^521211^|^106^|^A^|^0^|^0^|^ ^|^0^|0|0|0|^ ^|^ ^|^ ^|^ ^|^^|^00^|^^|0|0|^^|^ ^
^2026^|^01^|^527713^|^015^|^08^|^WA^|^4719^|^EBC^|^07^|^56^|^2^|^001^|^100^|^XC^|^521211^|^106^|^A^|^0^|^0^|^ ^|^0^|0|0|0|^ ^|^ ^|^ ^|^ ^|^^|^00^|^^|0|0|^^|^ ^
^2026^|^01^|^527713^|^015^|^08^|^WA^|^4719^|^EBC^|^07^|^56^|^2^|^001^|^100^|^XC^|^522151^|^106^|^A^|^0^|^0^|^ ^|^0^|0|0|0|^ ^|^ ^|^ ^|^ ^|^^|^00^|^^|0|0|^^|^ ^
^2026^|^01^|^527713^|^015^|^08^|^WA^|^4719^|^EBC^|^07^|^56^|^2^|^001^|^100^|^XC^|^524113^|^106^|^A^|^0^|^0^|^ ^|^0^|0|0|0|^ ^|^ ^|^ ^|^ ^|^^|^00^|^^|0|0|^^|^ ^
^2026^|^01^|^527797^|^015^|^08^|^CD^|^6212^|^BMB^|^08^|^51^|^2^|^001^|^100^|^ A^|^524111^|^011^|^A^|^0^|^0^|^ ^|^0^|0|0|0|^ ^|^ ^|^ ^|^ ^|^^|^00^|^^|0|0|^^|^ ^
^2026^|^01^|^527797^|^015^|^08^|^CD^|^6212^|^BMB^|^08^|^51^|^2^|^001^|^100^|^ A^|^524113^|^011^|^A^|^0^|^0^|^ ^|^0^|0|0|0|^ ^|^ ^|^ ^|^ ^|^^|^00^|^^|0|0|^^|^ ^
^2026^|^01^|^527797^|^015^|^08^|^CD^|^6212^|^FAC^|^08^|^51^|^2^|^001^|^100^|^ A^|^521211^|^011^|^A^|^0^|^0^|^ ^|^0^|0|0|0|^ ^|^ ^|^ ^|^ ^|^^|^00^|^^|0|0|^^|^ ^
^2026^|^01^|^527797^|^015^|^08^|^CD^|^6212^|^FAC^|^08^|^51^|^2^|^001^|^100^|^ B^|^521211^|^011^|^A^|^0^|^0^|^ ^|^0^|0|0|0|^ ^|^ ^|^ ^|^ ^|^^|^00^|^^|0|0|^^|^ ^
^2026^|^01^|^527797^|^015^|^08^|^CD^|^6212^|^FAH^|^08^|^51^|^2^|^001^|^100^|^ A^|^521211^|^011^|^A^|^0^|^0^|^ ^|^0^|0|0|0|^ ^|^ ^|^ ^|^ ^|^^|^00^|^^|0|0|^^|^ ^
^2026^|^01^|^527797^|^015^|^08^|^CD^|^6212^|^FAL^|^08^|^51^|^2^|^004^|^100^|^ A^|^521211^|^011^|^A^|^0^|^0^|^ ^|^0^|0|0|0|^ ^|^ ^|^ ^|^ ^|^^|^00^|^^|0|0|^^|^ ^
^2026^|^01^|^527797^|^015^|^08^|^CD^|^6212^|^FAL^|^08^|^51^|^2^|^004^|^100^|^ B^|^521211^|^011^|^A^|^0^|^0^|^ ^|^0^|0|0|0|^ ^|^ ^|^ ^|^ ^|^^|^00^|^^|0|0|^^|^ ^
^2026^|^01^|^527797^|^015^|^08^|^CD^|^6212^|^FAL^|^08^|^51^|^2^|^004^|^100^|^ D^|^524111^|^011^|^A^|^0^|^0^|^ ^|^0^|0|0|0|^ ^|^ ^|^ ^|^ ^|^^|^00^|^^|0|0|^^|^ ^
^2026^|^01^|^527797^|^015^|^08^|^CD^|^6212^|^FAL^|^08^|^51^|^2^|^004^|^100^|^ D^|^524113^|^011^|^A^|^0^|^0^|^ ^|^0^|0|0|0|^ ^|^ ^|^ ^|^ ^|^^|^00^|^^|0|0|^^|^ ^
^2026^|^01^|^527797^|^015^|^08^|^CD^|^6213^|^FAC^|^08^|^51^|^2^|^001^|^100^|^ A^|^521211^|^011^|^A^|^0^|^0^|^ ^|^0^|0|0|0|^ ^|^ ^|^ ^|^ ^|^^|^00^|^^|0|0|^^|^ ^
^2026^|^01^|^527797^|^015^|^08^|^CD^|^6213^|^FAE^|^08^|^51^|^2^|^009^|^100^|^ A^|^524111^|^011^|^A^|^0^|^0^|^ ^|^0^|0|0|0|^ ^|^ ^|^ ^|^ ^|^^|^00^|^^|0|0|^^|^ ^
^2026^|^01^|^527797^|^015^|^08^|^CD^|^6213^|^FAE^|^08^|^51^|^2^|^009^|^100^|^ A^|^524113^|^011^|^A^|^0^|^0^|^ ^|^0^|0|0|0|^ ^|^ ^|^ ^|^ ^|^^|^00^|^^|0|0|^^|^ ^
^2026^|^01^|^527797^|^015^|^08^|^CD^|^6213^|^FAL^|^08^|^51^|^2^|^003^|^100^|^ A^|^524111^|^011^|^A^|^0^|^0^|^ ^|^0^|0|0|0|^ ^|^ ^|^ ^|^ ^|^^|^00^|^^|0|0|^^|^ ^
^2026^|^01^|^527797^|^015^|^08^|^CD^|^6213^|^FAL^|^08^|^51^|^2^|^003^|^100^|^ A^|^524113^|^011^|^A^|^0^|^0^|^ ^|^0^|0|0|0|^ ^|^ ^|^ ^|^ ^|^^|^00^|^^|0|0|^^|^ ^
^2026^|^01^|^527797^|^015^|^08^|^CD^|^6214^|^FAL^|^08^|^51^|^2^|^002^|^100^|^ A^|^521211^|^011^|^A^|^0^|^0^|^ ^|^0^|0|0|0|^ ^|^ ^|^ ^|^ ^|^^|^00^|^^|0|0|^^|^ ^
^2026^|^01^|^527797^|^015^|^08^|^CD^|^6214^|^FAL^|^08^|^51^|^2^|^002^|^100^|^ B^|^521211^|^011^|^A^|^0^|^0^|^ ^|^0^|0|0|0|^ ^|^ ^|^ ^|^ ^|^^|^00^|^^|0|0|^^|^ ^
^2026^|^01^|^527797^|^015^|^08^|^CD^|^6215^|^FAH^|^08^|^51^|^2^|^003^|^100^|^ A^|^521211^|^011^|^A^|^0^|^0^|^ ^|^0^|0|0|0|^ ^|^ ^|^ ^|^ ^|^^|^00^|^^|0|0|^^|^ ^
^2026^|^01^|^527797^|^015^|^08^|^CD^|^6215^|^FAH^|^08^|^51^|^2^|^003^|^100^|^ B^|^524111^|^011^|^A^|^0^|^0^|^ ^|^0^|0|0|0|^ ^|^ ^|^ ^|^ ^|^^|^00^|^^|0|0|^^|^ ^
^2026^|^01^|^527797^|^015^|^08^|^WA^|^4715^|^EBA^|^08^|^51^|^2^|^001^|^100^|^ A^|^521811^|^011^|^A^|^0^|^0^|^ ^|^0^|0|0|0|^ ^|^ ^|^ ^|^ ^|^^|^00^|^^|0|0|^^|^ ^
^2026^|^01^|^527797^|^015^|^08^|^WA^|^4715^|^EBA^|^08^|^51^|^2^|^001^|^100^|^ B^|^522151^|^011^|^A^|^0^|^0^|^ ^|^0^|0|0|0|^ ^|^ ^|^ ^|^ ^|^^|^00^|^^|0|0|^^|^ ^
^2026^|^01^|^527797^|^015^|^08^|^WA^|^4715^|^EBA^|^08^|^51^|^2^|^001^|^100^|^ B^|^524111^|^011^|^A^|^0^|^0^|^ ^|^0^|0|0|0|^ ^|^ ^|^ ^|^ ^|^^|^00^|^^|0|0|^^|^ ^
^2026^|^01^|^527797^|^015^|^08^|^WA^|^4715^|^EBA^|^08^|^51^|^2^|^994^|^002^|^ A^|^521111^|^011^|^A^|^0^|^0^|^ ^|^0^|0|0|0|^ ^|^ ^|^ ^|^ ^|^^|^00^|^^|0|0|^^|^ ^
^2026^|^01^|^527797^|^015^|^08^|^WA^|^4715^|^EBA^|^08^|^51^|^2^|^994^|^002^|^ A^|^521119^|^011^|^A^|^0^|^0^|^ ^|^0^|0|0|0|^ ^|^ ^|^ ^|^ ^|^^|^00^|^^|0|0|^^|^ ^
^2026^|^01^|^527797^|^015^|^08^|^WA^|^4715^|^EBA^|^08^|^51^|^2^|^994^|^002^|^ A^|^521811^|^011^|^A^|^0^|^0^|^ ^|^0^|0|0|0|^ ^|^ ^|^ ^|^ ^|^^|^00^|^^|0|0|^^|^ ^
^2026^|^01^|^527797^|^015^|^08^|^WA^|^4715^|^EBA^|^08^|^51^|^2^|^994^|^002^|^ B^|^521114^|^011^|^A^|^0^|^0^|^ ^|^0^|0|0|0|^ ^|^ ^|^ ^|^ ^|^^|^00^|^^|0|0|^^|^ ^
^2026^|^01^|^527797^|^015^|^08^|^WA^|^4715^|^EBA^|^08^|^51^|^2^|^994^|^002^|^ B^|^522113^|^011^|^A^|^0^|^0^|^ ^|^0^|0|0|0|^ ^|^ ^|^ ^|^ ^|^^|^00^|^^|0|0|^^|^ ^
^2026^|^01^|^527797^|^015^|^08^|^WA^|^4715^|^EBA^|^08^|^51^|^2^|^994^|^002^|^ C^|^521113^|^011^|^A^|^0^|^0^|^ ^|^0^|0|0|0|^ ^|^ ^|^ ^|^ ^|^^|^00^|^^|0|0|^^|^ ^
^2026^|^01^|^527797^|^015^|^08^|^WA^|^4715^|^EBA^|^08^|^51^|^2^|^994^|^002^|^ C^|^521115^|^011^|^A^|^0^|^0^|^ ^|^0^|0|0|0|^ ^|^ ^|^ ^|^ ^|^^|^00^|^^|0|0|^^|^ ^
^2026^|^01^|^527797^|^015^|^08^|^WA^|^4715^|^EBA^|^08^|^51^|^2^|^994^|^002^|^ C^|^521119^|^011^|^A^|^0^|^0^|^ ^|^0^|0|0|0|^ ^|^ ^|^ ^|^ ^|^^|^00^|^^|0|0|^^|^ ^
^2026^|^01^|^527797^|^015^|^08^|^WA^|^4715^|^EBA^|^08^|^51^|^2^|^994^|^002^|^ D^|^523121^|^011^|^A^|^0^|^0^|^ ^|^0^|0|0|0|^ ^|^ ^|^ ^|^ ^|^^|^00^|^^|0|0|^^|^ ^
^2026^|^01^|^527797^|^015^|^08^|^WA^|^4715^|^EBA^|^08^|^51^|^2^|^994^|^002^|^ G^|^523111^|^011^|^A^|^0^|^0^|^ ^|^0^|0|0|0|^ ^|^ ^|^ ^|^ ^|^^|^00^|^^|0|0|^^|^ ^
^2026^|^01^|^527797^|^015^|^08^|^WA^|^4715^|^EBA^|^08^|^51^|^2^|^994^|^002^|^ G^|^523119^|^011^|^A^|^0^|^0^|^ ^|^0^|0|0|0|^ ^|^ ^|^ ^|^ ^|^^|^00^|^^|0|0|^^|^ ^
^2026^|^01^|^527797^|^015^|^08^|^WA^|^4715^|^EBA^|^08^|^51^|^2^|^994^|^002^|^TJ^|^523121^|^011^|^A^|^0^|^0^|^ ^|^0^|0|0|0|^ ^|^ ^|^ ^|^ ^|^^|^00^|^^|0|0|^^|^ ^
^2026^|^01^|^527797^|^015^|^08^|^WA^|^4715^|^EBA^|^08^|^51^|^2^|^002^|^100^|^ A^|^524111^|^011^|^A^|^0^|^0^|^ ^|^0^|0|0|0|^ ^|^ ^|^ ^|^ ^|^^|^00^|^^|0|0|^^|^ ^
^2026^|^01^|^527797^|^015^|^08^|^WA^|^4715^|^EBA^|^08^|^51^|^2^|^002^|^100^|^ A^|^524113^|^011^|^A^|^0^|^0^|^ ^|^0^|0|0|0|^ ^|^ ^|^ ^|^ ^|^^|^00^|^^|0|0|^^|^ ^
^2026^|^01^|^527797^|^015^|^08^|^WA^|^4715^|^EBD^|^08^|^51^|^2^|^Z36^|^100^|^ B^|^524111^|^011^|^A^|^0^|^0^|^ ^|^0^|0|0|0|^ ^|^ ^|^ ^|^ ^|^^|^00^|^^|0|0|^^|^ ^
^2026^|^01^|^527797^|^015^|^08^|^WA^|^4718^|^BMB^|^08^|^51^|^2^|^002^|^100^|^ A^|^521219^|^011^|^A^|^0^|^0^|^ ^|^0^|0|0|0|^ ^|^ ^|^ ^|^ ^|^^|^00^|^^|0|0|^^|^ ^
^2026^|^01^|^527797^|^015^|^08^|^WA^|^4718^|^BMB^|^08^|^51^|^2^|^001^|^100^|^ A^|^521211^|^011^|^A^|^0^|^0^|^ ^|^0^|0|0|0|^ ^|^ ^|^ ^|^ ^|^^|^00^|^^|0|0|^^|^ ^
^2026^|^01^|^527797^|^015^|^08^|^WA^|^4719^|^EBA^|^08^|^51^|^2^|^994^|^001^|^ A^|^511129^|^011^|^A^|^0^|^0^|^ ^|^0^|0|0|0|^ ^|^ ^|^ ^|^ ^|^^|^00^|^^|0|0|^^|^ ^
^2026^|^01^|^527797^|^015^|^08^|^WA^|^4719^|^EBA^|^08^|^51^|^2^|^994^|^001^|^ A^|^512211^|^011^|^A^|^0^|^0^|^ ^|^0^|0|0|0|^ ^|^ ^|^ ^|^ ^|^^|^00^|^^|0|0|^^|^ ^
^2026^|^01^|^527797^|^015^|^08^|^WA^|^4719^|^EBA^|^08^|^51^|^2^|^004^|^100^|^ A^|^521211^|^011^|^A^|^0^|^0^|^ ^|^0^|0|0|0|^ ^|^ ^|^ ^|^ ^|^^|^00^|^^|0|0|^^|^ ^
^2026^|^01^|^527797^|^015^|^08^|^WA^|^4719^|^EBC^|^08^|^51^|^2^|^001^|^100^|^XC^|^521211^|^011^|^A^|^0^|^0^|^ ^|^0^|0|0|0|^ ^|^ ^|^ ^|^ ^|^^|^00^|^^|0|0|^^|^ ^
^2026^|^01^|^527797^|^015^|^08^|^WA^|^4719^|^EBC^|^08^|^51^|^2^|^001^|^100^|^XC^|^522151^|^011^|^A^|^0^|^0^|^ ^|^0^|0|0|0|^ ^|^ ^|^ ^|^ ^|^^|^00^|^^|0|0|^^|^ ^
^2026^|^01^|^527797^|^015^|^08^|^WA^|^4719^|^EBC^|^08^|^51^|^2^|^001^|^100^|^XC^|^524113^|^011^|^A^|^0^|^0^|^ ^|^0^|0|0|0|^ ^|^ ^|^ ^|^ ^|^^|^00^|^^|0|0|^^|^ ^
^2026^|^01^|^527776^|^015^|^08^|^CD^|^6212^|^BMB^|^08^|^55^|^2^|^001^|^100^|^ A^|^524113^|^010^|^A^|^0^|^0^|^ ^|^0^|0|0|0|^ ^|^ ^|^ ^|^ ^|^^|^00^|^^|0|0|^^|^ ^
^2026^|^01^|^527776^|^015^|^08^|^CD^|^6212^|^BMB^|^08^|^55^|^2^|^001^|^100^|^ B^|^521211^|^010^|^A^|^0^|^0^|^ ^|^0^|0|0|0|^ ^|^ ^|^ ^|^ ^|^^|^00^|^^|0|0|^^|^ ^
^2026^|^01^|^527776^|^015^|^08^|^CD^|^6212^|^BMB^|^08^|^55^|^2^|^001^|^100^|^ B^|^522151^|^010^|^A^|^0^|^0^|^ ^|^0^|0|0|0|^ ^|^ ^|^ ^|^ ^|^^|^00^|^^|0|0|^^|^ ^
^2026^|^01^|^527776^|^015^|^08^|^CD^|^6212^|^BMB^|^08^|^55^|^2^|^001^|^100^|^ B^|^524113^|^010^|^A^|^0^|^0^|^ ^|^0^|0|0|0|^ ^|^ ^|^ ^|^ ^|^^|^00^|^^|0|0|^^|^ ^
^2026^|^01^|^527776^|^015^|^08^|^CD^|^6212^|^BMB^|^08^|^55^|^2^|^001^|^100^|^ C^|^524113^|^010^|^A^|^0^|^0^|^ ^|^0^|0|0|0|^ ^|^ ^|^ ^|^ ^|^^|^00^|^^|0|0|^^|^ ^
^2026^|^01^|^527776^|^015^|^08^|^CD^|^6212^|^BMB^|^08^|^55^|^2^|^001^|^100^|^ D^|^521211^|^010^|^A^|^0^|^0^|^ ^|^0^|0|0|0|^ ^|^ ^|^ ^|^ ^|^^|^00^|^^|0|0|^^|^ ^
^2026^|^01^|^527776^|^015^|^08^|^CD^|^6212^|^BMB^|^08^|^55^|^2^|^001^|^100^|^ D^|^522141^|^010^|^A^|^0^|^0^|^ ^|^0^|0|0|0|^ ^|^ ^|^ ^|^ ^|^^|^00^|^^|0|0|^^|^ ^
^2026^|^01^|^527776^|^015^|^08^|^CD^|^6212^|^FAC^|^08^|^55^|^2^|^002^|^100^|^ A^|^524111^|^010^|^A^|^0^|^0^|^ ^|^0^|0|0|0|^ ^|^ ^|^ ^|^ ^|^^|^00^|^^|0|0|^^|^ ^
^2026^|^01^|^527776^|^015^|^08^|^CD^|^6212^|^FAC^|^08^|^55^|^2^|^002^|^100^|^ A^|^524113^|^010^|^A^|^0^|^0^|^ ^|^0^|0|0|0|^ ^|^ ^|^ ^|^ ^|^^|^00^|^^|0|0|^^|^ ^
^2026^|^01^|^527776^|^015^|^08^|^CD^|^6212^|^FAC^|^08^|^55^|^2^|^002^|^100^|^ B^|^521211^|^010^|^A^|^0^|^0^|^ ^|^0^|0|0|0|^ ^|^ ^|^ ^|^ ^|^^|^00^|^^|0|0|^^|^ ^
^2026^|^01^|^527776^|^015^|^08^|^CD^|^6212^|^FAC^|^08^|^55^|^2^|^002^|^100^|^ B^|^524111^|^010^|^A^|^0^|^0^|^ ^|^0^|0|0|0|^ ^|^ ^|^ ^|^ ^|^^|^00^|^^|0|0|^^|^ ^
^2026^|^01^|^527776^|^015^|^08^|^CD^|^6212^|^FAH^|^08^|^55^|^2^|^003^|^100^|^ A^|^524113^|^010^|^A^|^0^|^0^|^ ^|^0^|0|0|0|^ ^|^ ^|^ ^|^ ^|^^|^00^|^^|0|0|^^|^ ^
^2026^|^01^|^527776^|^015^|^08^|^CD^|^6212^|^FAH^|^08^|^55^|^2^|^003^|^100^|^ B^|^524111^|^010^|^A^|^0^|^0^|^ ^|^0^|0|0|0|^ ^|^ ^|^ ^|^ ^|^^|^00^|^^|0|0|^^|^ ^
^2026^|^01^|^527776^|^015^|^08^|^CD^|^6212^|^FAH^|^08^|^55^|^2^|^003^|^100^|^ B^|^524113^|^010^|^A^|^0^|^0^|^ ^|^0^|0|0|0|^ ^|^ ^|^ ^|^ ^|^^|^00^|^^|0|0|^^|^ ^
^2026^|^01^|^527776^|^015^|^08^|^CD^|^6212^|^FAH^|^08^|^55^|^2^|^002^|^100^|^ A^|^521211^|^010^|^A^|^0^|^0^|^ ^|^0^|0|0|0|^ ^|^ ^|^ ^|^ ^|^^|^00^|^^|0|0|^^|^ ^
^2026^|^01^|^527776^|^015^|^08^|^CD^|^6212^|^FAH^|^08^|^55^|^2^|^002^|^100^|^ B^|^524111^|^010^|^A^|^0^|^0^|^ ^|^0^|0|0|0|^ ^|^ ^|^ ^|^ ^|^^|^00^|^^|0|0|^^|^ ^
^2026^|^01^|^527776^|^015^|^08^|^CD^|^6212^|^FAH^|^08^|^55^|^2^|^002^|^100^|^ B^|^524113^|^010^|^A^|^0^|^0^|^ ^|^0^|0|0|0|^ ^|^ ^|^ ^|^ ^|^^|^00^|^^|0|0|^^|^ ^
^2026^|^01^|^527776^|^015^|^08^|^CD^|^6212^|^FAH^|^08^|^55^|^2^|^002^|^100^|^ C^|^522151^|^010^|^A^|^0^|^0^|^ ^|^0^|0|0|0|^ ^|^ ^|^ ^|^ ^|^^|^00^|^^|0|0|^^|^ ^
^2026^|^01^|^527776^|^015^|^08^|^CD^|^6212^|^FAH^|^08^|^55^|^2^|^002^|^100^|^ C^|^524113^|^010^|^A^|^0^|^0^|^ ^|^0^|0|0|0|^ ^|^ ^|^ ^|^ ^|^^|^00^|^^|0|0|^^|^ ^
^2026^|^01^|^527776^|^015^|^08^|^CD^|^6212^|^FAL^|^08^|^55^|^2^|^001^|^100^|^ A^|^524111^|^010^|^A^|^0^|^0^|^ ^|^0^|0|0|0|^ ^|^ ^|^ ^|^ ^|^^|^00^|^^|0|0|^^|^ ^
^2026^|^01^|^527776^|^015^|^08^|^CD^|^6212^|^FAL^|^08^|^55^|^2^|^001^|^100^|^ A^|^524113^|^010^|^A^|^0^|^0^|^ ^|^0^|0|0|0|^ ^|^ ^|^ ^|^ ^|^^|^00^|^^|0|0|^^|^ ^
^2026^|^01^|^527776^|^015^|^08^|^CD^|^6212^|^FAL^|^08^|^55^|^2^|^001^|^100^|^ B^|^521211^|^010^|^A^|^0^|^0^|^ ^|^0^|0|0|0|^ ^|^ ^|^ ^|^ ^|^^|^00^|^^|0|0|^^|^ ^
^2026^|^01^|^527776^|^015^|^08^|^CD^|^6212^|^FAL^|^08^|^55^|^2^|^001^|^100^|^ B^|^522151^|^010^|^A^|^0^|^0^|^ ^|^0^|0|0|0|^ ^|^ ^|^ ^|^ ^|^^|^00^|^^|0|0|^^|^ ^
^2026^|^01^|^527776^|^015^|^08^|^CD^|^6212^|^FAL^|^08^|^55^|^2^|^001^|^100^|^ C^|^524111^|^010^|^A^|^0^|^0^|^ ^|^0^|0|0|0|^ ^|^ ^|^ ^|^ ^|^^|^00^|^^|0|0|^^|^ ^
^2026^|^01^|^527776^|^015^|^08^|^CD^|^6212^|^FAL^|^08^|^55^|^2^|^001^|^100^|^ C^|^524113^|^010^|^A^|^0^|^0^|^ ^|^0^|0|0|0|^ ^|^ ^|^ ^|^ ^|^^|^00^|^^|0|0|^^|^ ^
^2026^|^01^|^527776^|^015^|^08^|^CD^|^6212^|^FAL^|^08^|^55^|^2^|^001^|^100^|^ D^|^521211^|^010^|^A^|^0^|^0^|^ ^|^0^|0|0|0|^ ^|^ ^|^ ^|^ ^|^^|^00^|^^|0|0|^^|^ ^
^2026^|^01^|^527776^|^015^|^08^|^CD^|^6212^|^FAL^|^08^|^55^|^2^|^001^|^100^|^ D^|^521213^|^010^|^A^|^0^|^0^|^ ^|^0^|0|0|0|^ ^|^ ^|^ ^|^ ^|^^|^00^|^^|0|0|^^|^ ^
^2026^|^01^|^527776^|^015^|^08^|^CD^|^6212^|^FAL^|^08^|^55^|^2^|^001^|^100^|^ D^|^522151^|^010^|^A^|^0^|^0^|^ ^|^0^|0|0|0|^ ^|^ ^|^ ^|^ ^|^^|^00^|^^|0|0|^^|^ ^
^2026^|^01^|^527776^|^015^|^08^|^CD^|^6212^|^FAL^|^08^|^55^|^2^|^001^|^100^|^ D^|^524113^|^010^|^A^|^0^|^0^|^ ^|^0^|0|0|0|^ ^|^ ^|^ ^|^ ^|^^|^00^|^^|0|0|^^|^ ^
^2026^|^01^|^527776^|^015^|^08^|^CD^|^6213^|^ABA^|^08^|^55^|^2^|^001^|^100^|^ A^|^522151^|^010^|^A^|^0^|^0^|^ ^|^0^|0|0|0|^ ^|^ ^|^ ^|^ ^|^^|^00^|^^|0|0|^^|^ ^
^2026^|^01^|^527776^|^015^|^08^|^CD^|^6213^|^ABA^|^08^|^55^|^2^|^001^|^100^|^ A^|^524111^|^010^|^A^|^0^|^0^|^ ^|^0^|0|0|0|^ ^|^ ^|^ ^|^ ^|^^|^00^|^^|0|0|^^|^ ^
^2026^|^01^|^527776^|^015^|^08^|^CD^|^6213^|^FAE^|^08^|^55^|^2^|^009^|^100^|^ B^|^524111^|^010^|^A^|^0^|^0^|^ ^|^0^|0|0|0|^ ^|^ ^|^ ^|^ ^|^^|^00^|^^|0|0|^^|^ ^
^2026^|^01^|^527776^|^015^|^08^|^CD^|^6213^|^FAE^|^08^|^55^|^2^|^009^|^100^|^ B^|^524113^|^010^|^A^|^0^|^0^|^ ^|^0^|0|0|0|^ ^|^ ^|^ ^|^ ^|^^|^00^|^^|0|0|^^|^ ^
^2026^|^01^|^527776^|^015^|^08^|^CD^|^6213^|^FAE^|^08^|^55^|^2^|^009^|^100^|^ C^|^524111^|^010^|^A^|^0^|^0^|^ ^|^0^|0|0|0|^ ^|^ ^|^ ^|^ ^|^^|^00^|^^|0|0|^^|^ ^
^2026^|^01^|^527776^|^015^|^08^|^CD^|^6213^|^FAE^|^08^|^55^|^2^|^009^|^100^|^ C^|^524113^|^010^|^A^|^0^|^0^|^ ^|^0^|0|0|0|^ ^|^ ^|^ ^|^ ^|^^|^00^|^^|0|0|^^|^ ^
^2026^|^01^|^527776^|^015^|^08^|^CD^|^6213^|^FAE^|^08^|^55^|^2^|^009^|^100^|^ D^|^521211^|^010^|^A^|^0^|^0^|^ ^|^0^|0|0|0|^ ^|^ ^|^ ^|^ ^|^^|^00^|^^|0|0|^^|^ ^
^2026^|^01^|^527776^|^015^|^08^|^CD^|^6213^|^FAE^|^08^|^55^|^2^|^009^|^100^|^ D^|^522151^|^010^|^A^|^0^|^0^|^ ^|^0^|0|0|0|^ ^|^ ^|^ ^|^ ^|^^|^00^|^^|0|0|^^|^ ^
^2026^|^01^|^527776^|^015^|^08^|^CD^|^6213^|^FAE^|^08^|^55^|^2^|^009^|^100^|^ D^|^524113^|^010^|^A^|^0^|^0^|^ ^|^0^|0|0|0|^ ^|^ ^|^ ^|^ ^|^^|^00^|^^|0|0|^^|^ ^
^2026^|^01^|^527776^|^015^|^08^|^CD^|^6213^|^FAE^|^08^|^55^|^2^|^008^|^100^|^ A^|^521211^|^010^|^A^|^0^|^0^|^ ^|^0^|0|0|0|^ ^|^ ^|^ ^|^ ^|^^|^00^|^^|0|0|^^|^ ^
^2026^|^01^|^527776^|^015^|^08^|^CD^|^6213^|^FAE^|^08^|^55^|^2^|^008^|^100^|^ A^|^522151^|^010^|^A^|^0^|^0^|^ ^|^0^|0|0|0|^ ^|^ ^|^ ^|^ ^|^^|^00^|^^|0|0|^^|^ ^
^2026^|^01^|^527776^|^015^|^08^|^CD^|^6213^|^FAE^|^08^|^55^|^2^|^008^|^100^|^ A^|^524111^|^010^|^A^|^0^|^0^|^ ^|^0^|0|0|0|^ ^|^ ^|^ ^|^ ^|^^|^00^|^^|0|0|^^|^ ^
^2026^|^01^|^527776^|^015^|^08^|^CD^|^6213^|^FAL^|^08^|^55^|^2^|^003^|^100^|^ A^|^521211^|^010^|^A^|^0^|^0^|^ ^|^0^|0|0|0|^ ^|^ ^|^ ^|^ ^|^^|^00^|^^|0|0|^^|^ ^
^2026^|^01^|^527776^|^015^|^08^|^CD^|^6213^|^FAL^|^08^|^55^|^2^|^003^|^100^|^ C^|^521211^|^010^|^A^|^0^|^0^|^ ^|^0^|0|0|0|^ ^|^ ^|^ ^|^ ^|^^|^00^|^^|0|0|^^|^ ^
^2026^|^01^|^527776^|^015^|^08^|^CD^|^6213^|^FAL^|^08^|^55^|^2^|^003^|^100^|^ D^|^524111^|^010^|^A^|^0^|^0^|^ ^|^0^|0|0|0|^ ^|^ ^|^ ^|^ ^|^^|^00^|^^|0|0|^^|^ ^
^2026^|^01^|^527776^|^015^|^08^|^CD^|^6213^|^FAL^|^08^|^55^|^2^|^003^|^100^|^ D^|^524113^|^010^|^A^|^0^|^0^|^ ^|^0^|0|0|0|^ ^|^ ^|^ ^|^ ^|^^|^00^|^^|0|0|^^|^ ^
^2026^|^01^|^527776^|^015^|^08^|^CD^|^6213^|^FAL^|^08^|^55^|^2^|^003^|^100^|^ E^|^521211^|^010^|^A^|^0^|^0^|^ ^|^0^|0|0|0|^ ^|^ ^|^ ^|^ ^|^^|^00^|^^|0|0|^^|^ ^
^2026^|^01^|^527776^|^015^|^08^|^CD^|^6213^|^FAL^|^08^|^55^|^2^|^003^|^100^|^ E^|^522151^|^010^|^A^|^0^|^0^|^ ^|^0^|0|0|0|^ ^|^ ^|^ ^|^ ^|^^|^00^|^^|0|0|^^|^ ^
^2026^|^01^|^527776^|^015^|^08^|^CD^|^6213^|^FAL^|^08^|^55^|^2^|^003^|^100^|^ E^|^524113^|^010^|^A^|^0^|^0^|^ ^|^0^|0|0|0|^ ^|^ ^|^ ^|^ ^|^^|^00^|^^|0|0|^^|^ ^
^2026^|^01^|^527776^|^015^|^08^|^CD^|^6213^|^FAL^|^08^|^55^|^2^|^003^|^100^|^ F^|^521211^|^010^|^A^|^0^|^0^|^ ^|^0^|0|0|0|^ ^|^ ^|^ ^|^ ^|^^|^00^|^^|0|0|^^|^ ^
^2026^|^01^|^527776^|^015^|^08^|^CD^|^6213^|^FAL^|^08^|^55^|^2^|^003^|^100^|^ F^|^522151^|^010^|^A^|^0^|^0^|^ ^|^0^|0|0|0|^ ^|^ ^|^ ^|^ ^|^^|^00^|^^|0|0|^^|^ ^
^2026^|^01^|^527776^|^015^|^08^|^CD^|^6213^|^FAL^|^08^|^55^|^2^|^003^|^100^|^ F^|^524111^|^010^|^A^|^0^|^0^|^ ^|^0^|0|0|0|^ ^|^ ^|^ ^|^ ^|^^|^00^|^^|0|0|^^|^ ^
^2026^|^01^|^527776^|^015^|^08^|^CD^|^6213^|^FAL^|^08^|^55^|^2^|^003^|^100^|^ F^|^524113^|^010^|^A^|^0^|^0^|^ ^|^0^|0|0|0|^ ^|^ ^|^ ^|^ ^|^^|^00^|^^|0|0|^^|^ ^
^2026^|^01^|^527776^|^015^|^08^|^CD^|^6213^|^FAL^|^08^|^55^|^2^|^003^|^100^|^ G^|^521211^|^010^|^A^|^0^|^0^|^ ^|^0^|0|0|0|^ ^|^ ^|^ ^|^ ^|^^|^00^|^^|0|0|^^|^ ^
^2026^|^01^|^527776^|^015^|^08^|^CD^|^6213^|^FAL^|^08^|^55^|^2^|^003^|^100^|^ H^|^524111^|^010^|^A^|^0^|^0^|^ ^|^0^|0|0|0|^ ^|^ ^|^ ^|^ ^|^^|^00^|^^|0|0|^^|^ ^
^2026^|^01^|^527776^|^015^|^08^|^CD^|^6213^|^FAL^|^08^|^55^|^2^|^003^|^100^|^ H^|^524113^|^010^|^A^|^0^|^0^|^ ^|^0^|0|0|0|^ ^|^ ^|^ ^|^ ^|^^|^00^|^^|0|0|^^|^ ^
^2026^|^01^|^527776^|^015^|^08^|^CD^|^6215^|^FAH^|^08^|^55^|^2^|^003^|^100^|^ A^|^524111^|^010^|^A^|^0^|^0^|^ ^|^0^|0|0|0|^ ^|^ ^|^ ^|^ ^|^^|^00^|^^|0|0|^^|^ ^
^2026^|^01^|^527776^|^015^|^08^|^CD^|^6215^|^FAH^|^08^|^55^|^2^|^003^|^100^|^ A^|^524113^|^010^|^A^|^0^|^0^|^ ^|^0^|0|0|0|^ ^|^ ^|^ ^|^ ^|^^|^00^|^^|0|0|^^|^ ^
^2026^|^01^|^527776^|^015^|^08^|^CD^|^6215^|^FAH^|^08^|^55^|^2^|^003^|^100^|^ B^|^521211^|^010^|^A^|^0^|^0^|^ ^|^0^|0|0|0|^ ^|^ ^|^ ^|^ ^|^^|^00^|^^|0|0|^^|^ ^
^2026^|^01^|^527776^|^015^|^08^|^CD^|^6215^|^FAH^|^08^|^55^|^2^|^001^|^100^|^ A^|^524111^|^010^|^A^|^0^|^0^|^ ^|^0^|0|0|0|^ ^|^ ^|^ ^|^ ^|^^|^00^|^^|0|0|^^|^ ^
^2026^|^01^|^527776^|^015^|^08^|^CD^|^6215^|^FAH^|^08^|^55^|^2^|^001^|^100^|^ A^|^524113^|^010^|^A^|^0^|^0^|^ ^|^0^|0|0|0|^ ^|^ ^|^ ^|^ ^|^^|^00^|^^|0|0|^^|^ ^
^2026^|^01^|^527776^|^015^|^08^|^CD^|^6215^|^FAH^|^08^|^55^|^2^|^001^|^100^|^ B^|^521211^|^010^|^A^|^0^|^0^|^ ^|^0^|0|0|0|^ ^|^ ^|^ ^|^ ^|^^|^00^|^^|0|0|^^|^ ^
^2026^|^01^|^527776^|^015^|^08^|^CD^|^6216^|^FAE^|^08^|^55^|^2^|^002^|^100^|^ A^|^524111^|^010^|^A^|^0^|^0^|^ ^|^0^|0|0|0|^ ^|^ ^|^ ^|^ ^|^^|^00^|^^|0|0|^^|^ ^
^2026^|^01^|^527776^|^015^|^08^|^CD^|^6216^|^FAE^|^08^|^55^|^2^|^002^|^100^|^ A^|^524113^|^010^|^A^|^0^|^0^|^ ^|^0^|0|0|0|^ ^|^ ^|^ ^|^ ^|^^|^00^|^^|0|0|^^|^ ^
^2026^|^01^|^527776^|^015^|^08^|^WA^|^4715^|^EBA^|^08^|^55^|^2^|^001^|^100^|^ A^|^521811^|^010^|^A^|^0^|^0^|^ ^|^0^|0|0|0|^ ^|^ ^|^ ^|^ ^|^^|^00^|^^|0|0|^^|^ ^
^2026^|^01^|^527776^|^015^|^08^|^WA^|^4715^|^EBA^|^08^|^55^|^2^|^001^|^100^|^ A^|^522151^|^010^|^A^|^0^|^0^|^ ^|^0^|0|0|0|^ ^|^ ^|^ ^|^ ^|^^|^00^|^^|0|0|^^|^ ^
^2026^|^01^|^527776^|^015^|^08^|^WA^|^4715^|^EBA^|^08^|^55^|^2^|^001^|^100^|^ B^|^522151^|^010^|^A^|^0^|^0^|^ ^|^0^|0|0|0|^ ^|^ ^|^ ^|^ ^|^^|^00^|^^|0|0|^^|^ ^
^2026^|^01^|^527776^|^015^|^08^|^WA^|^4715^|^EBA^|^08^|^55^|^2^|^001^|^100^|^ B^|^524113^|^010^|^A^|^0^|^0^|^ ^|^0^|0|0|0|^ ^|^ ^|^ ^|^ ^|^^|^00^|^^|0|0|^^|^ ^
^2026^|^01^|^527776^|^015^|^08^|^WA^|^4715^|^EBA^|^08^|^55^|^2^|^994^|^002^|^ A^|^521111^|^010^|^A^|^0^|^0^|^ ^|^0^|0|0|0|^ ^|^ ^|^ ^|^ ^|^^|^00^|^^|0|0|^^|^ ^
^2026^|^01^|^527776^|^015^|^08^|^WA^|^4715^|^EBA^|^08^|^55^|^2^|^994^|^002^|^ A^|^521119^|^010^|^A^|^0^|^0^|^ ^|^0^|0|0|0|^ ^|^ ^|^ ^|^ ^|^^|^00^|^^|0|0|^^|^ ^
^2026^|^01^|^527776^|^015^|^08^|^WA^|^4715^|^EBA^|^08^|^55^|^2^|^994^|^002^|^ A^|^521811^|^010^|^A^|^0^|^0^|^ ^|^0^|0|0|0|^ ^|^ ^|^ ^|^ ^|^^|^00^|^^|0|0|^^|^ ^
^2026^|^01^|^527776^|^015^|^08^|^WA^|^4715^|^EBA^|^08^|^55^|^2^|^994^|^002^|^ B^|^521114^|^010^|^A^|^0^|^0^|^ ^|^0^|0|0|0|^ ^|^ ^|^ ^|^ ^|^^|^00^|^^|0|0|^^|^ ^
^2026^|^01^|^527776^|^015^|^08^|^WA^|^4715^|^EBA^|^08^|^55^|^2^|^994^|^002^|^ B^|^522113^|^010^|^A^|^0^|^0^|^ ^|^0^|0|0|0|^ ^|^ ^|^ ^|^ ^|^^|^00^|^^|0|0|^^|^ ^
^2026^|^01^|^527776^|^015^|^08^|^WA^|^4715^|^EBA^|^08^|^55^|^2^|^994^|^002^|^ C^|^521115^|^010^|^A^|^0^|^0^|^ ^|^0^|0|0|0|^ ^|^ ^|^ ^|^ ^|^^|^00^|^^|0|0|^^|^ ^
^2026^|^01^|^527776^|^015^|^08^|^WA^|^4715^|^EBA^|^08^|^55^|^2^|^994^|^002^|^ C^|^521119^|^010^|^A^|^0^|^0^|^ ^|^0^|0|0|0|^ ^|^ ^|^ ^|^ ^|^^|^00^|^^|0|0|^^|^ ^
^2026^|^01^|^527776^|^015^|^08^|^WA^|^4715^|^EBA^|^08^|^55^|^2^|^994^|^002^|^ D^|^523121^|^010^|^A^|^0^|^0^|^ ^|^0^|0|0|0|^ ^|^ ^|^ ^|^ ^|^^|^00^|^^|0|0|^^|^ ^
^2026^|^01^|^527776^|^015^|^08^|^WA^|^4715^|^EBA^|^08^|^55^|^2^|^994^|^002^|^ G^|^523111^|^010^|^A^|^0^|^0^|^ ^|^0^|0|0|0|^ ^|^ ^|^ ^|^ ^|^^|^00^|^^|0|0|^^|^ ^
^2026^|^01^|^527776^|^015^|^08^|^WA^|^4715^|^EBA^|^08^|^55^|^2^|^994^|^002^|^ G^|^523119^|^010^|^A^|^0^|^0^|^ ^|^0^|0|0|0|^ ^|^ ^|^ ^|^ ^|^^|^00^|^^|0|0|^^|^ ^
^2026^|^01^|^527776^|^015^|^08^|^WA^|^4715^|^EBA^|^08^|^55^|^2^|^994^|^002^|^TJ^|^523121^|^010^|^A^|^0^|^0^|^ ^|^0^|0|0|0|^ ^|^ ^|^ ^|^ ^|^^|^00^|^^|0|0|^^|^ ^
^2026^|^01^|^527776^|^015^|^08^|^WA^|^4715^|^EBA^|^08^|^55^|^2^|^002^|^100^|^ A^|^524111^|^010^|^A^|^0^|^0^|^ ^|^0^|0|0|0|^ ^|^ ^|^ ^|^ ^|^^|^00^|^^|0|0|^^|^ ^
^2026^|^01^|^527776^|^015^|^08^|^WA^|^4715^|^EBA^|^08^|^55^|^2^|^002^|^100^|^ A^|^524113^|^010^|^A^|^0^|^0^|^ ^|^0^|0|0|0|^ ^|^ ^|^ ^|^ ^|^^|^00^|^^|0|0|^^|^ ^
^2026^|^01^|^527776^|^015^|^08^|^WA^|^4715^|^EBB^|^08^|^55^|^2^|^004^|^100^|^RB^|^533121^|^010^|^A^|^0^|^0^|^ ^|^0^|0|0|0|^ ^|^ ^|^ ^|^ ^|^^|^00^|^^|0|0|^^|^ ^
^2026^|^01^|^527776^|^015^|^08^|^WA^|^4715^|^EBD^|^08^|^55^|^2^|^Z36^|^100^|^ A^|^521211^|^010^|^A^|^0^|^0^|^ ^|^0^|0|0|0|^ ^|^ ^|^ ^|^ ^|^^|^00^|^^|0|0|^^|^ ^
^2026^|^01^|^527776^|^015^|^08^|^WA^|^4715^|^EBD^|^08^|^55^|^2^|^Z26^|^100^|^ A^|^521211^|^010^|^A^|^0^|^0^|^ ^|^0^|0|0|0|^ ^|^ ^|^ ^|^ ^|^^|^00^|^^|0|0|^^|^ ^
^2026^|^01^|^527776^|^015^|^08^|^WA^|^4715^|^EBD^|^08^|^55^|^2^|^Z26^|^100^|^ A^|^524111^|^010^|^A^|^0^|^0^|^ ^|^0^|0|0|0|^ ^|^ ^|^ ^|^ ^|^^|^00^|^^|0|0|^^|^ ^
^2026^|^01^|^527776^|^015^|^08^|^WA^|^4715^|^EBD^|^08^|^55^|^2^|^Z26^|^100^|^ A^|^524113^|^010^|^A^|^0^|^0^|^ ^|^0^|0|0|0|^ ^|^ ^|^ ^|^ ^|^^|^00^|^^|0|0|^^|^ ^
^2026^|^01^|^527776^|^015^|^08^|^WA^|^4718^|^BMB^|^08^|^55^|^2^|^002^|^100^|^ A^|^521211^|^010^|^A^|^0^|^0^|^ ^|^0^|0|0|0|^ ^|^ ^|^ ^|^ ^|^^|^00^|^^|0|0|^^|^ ^
^2026^|^01^|^527776^|^015^|^08^|^WA^|^4718^|^BMB^|^08^|^55^|^2^|^002^|^100^|^ A^|^521219^|^010^|^A^|^0^|^0^|^ ^|^0^|0|0|0|^ ^|^ ^|^ ^|^ ^|^^|^00^|^^|0|0|^^|^ ^
^2026^|^01^|^527776^|^015^|^08^|^WA^|^4718^|^BMB^|^08^|^55^|^2^|^001^|^100^|^ A^|^521211^|^010^|^A^|^0^|^0^|^ ^|^0^|0|0|0|^ ^|^ ^|^ ^|^ ^|^^|^00^|^^|0|0|^^|^ ^
^2026^|^01^|^527776^|^015^|^08^|^WA^|^4719^|^EBA^|^08^|^55^|^2^|^003^|^100^|^ A^|^524111^|^010^|^A^|^0^|^0^|^ ^|^0^|0|0|0|^ ^|^ ^|^ ^|^ ^|^^|^00^|^^|0|0|^^|^ ^
^2026^|^01^|^527776^|^015^|^08^|^WA^|^4719^|^EBA^|^08^|^55^|^2^|^003^|^100^|^ A^|^524113^|^010^|^A^|^0^|^0^|^ ^|^0^|0|0|0|^ ^|^ ^|^ ^|^ ^|^^|^00^|^^|0|0|^^|^ ^
^2026^|^01^|^527776^|^015^|^08^|^WA^|^4719^|^EBA^|^08^|^55^|^2^|^003^|^100^|^ B^|^521211^|^010^|^A^|^0^|^0^|^ ^|^0^|0|0|0|^ ^|^ ^|^ ^|^ ^|^^|^00^|^^|0|0|^^|^ ^
^2026^|^01^|^527776^|^015^|^08^|^WA^|^4719^|^EBA^|^08^|^55^|^2^|^994^|^001^|^ A^|^511129^|^010^|^A^|^0^|^0^|^ ^|^0^|0|0|0|^ ^|^ ^|^ ^|^ ^|^^|^00^|^^|0|0|^^|^ ^
^2026^|^01^|^527776^|^015^|^08^|^WA^|^4719^|^EBA^|^08^|^55^|^2^|^994^|^001^|^ A^|^512211^|^010^|^A^|^0^|^0^|^ ^|^0^|0|0|0|^ ^|^ ^|^ ^|^ ^|^^|^00^|^^|0|0|^^|^ ^
^2026^|^01^|^527776^|^015^|^08^|^WA^|^4719^|^EBA^|^08^|^55^|^2^|^005^|^100^|^ A^|^524111^|^010^|^A^|^0^|^0^|^ ^|^0^|0|0|0|^ ^|^ ^|^ ^|^ ^|^^|^00^|^^|0|0|^^|^ ^
^2026^|^01^|^527776^|^015^|^08^|^WA^|^4719^|^EBA^|^08^|^55^|^2^|^005^|^100^|^ A^|^524113^|^010^|^A^|^0^|^0^|^ ^|^0^|0|0|0|^ ^|^ ^|^ ^|^ ^|^^|^00^|^^|0|0|^^|^ ^
^2026^|^01^|^527776^|^015^|^08^|^WA^|^4719^|^EBA^|^08^|^55^|^2^|^005^|^100^|^ B^|^524111^|^010^|^A^|^0^|^0^|^ ^|^0^|0|0|0|^ ^|^ ^|^ ^|^ ^|^^|^00^|^^|0|0|^^|^ ^
^2026^|^01^|^527776^|^015^|^08^|^WA^|^4719^|^EBA^|^08^|^55^|^2^|^005^|^100^|^ B^|^524113^|^010^|^A^|^0^|^0^|^ ^|^0^|0|0|0|^ ^|^ ^|^ ^|^ ^|^^|^00^|^^|0|0|^^|^ ^
^2026^|^01^|^527776^|^015^|^08^|^WA^|^4719^|^EBC^|^08^|^55^|^2^|^001^|^100^|^XC^|^521211^|^010^|^A^|^0^|^0^|^ ^|^0^|0|0|0|^ ^|^ ^|^ ^|^ ^|^^|^00^|^^|0|0|^^|^ ^
^2026^|^01^|^527776^|^015^|^08^|^WA^|^4719^|^EBC^|^08^|^55^|^2^|^001^|^100^|^XC^|^522151^|^010^|^A^|^0^|^0^|^ ^|^0^|0|0|0|^ ^|^ ^|^ ^|^ ^|^^|^00^|^^|0|0|^^|^ ^
^2026^|^01^|^527776^|^015^|^08^|^WA^|^4719^|^EBC^|^08^|^55^|^2^|^001^|^100^|^XC^|^524113^|^010^|^A^|^0^|^0^|^ ^|^0^|0|0|0|^ ^|^ ^|^ ^|^ ^|^^|^00^|^^|0|0|^^|^ ^
^2026^|^01^|^527776^|^015^|^08^|^WA^|^4722^|^EBD^|^08^|^55^|^2^|^001^|^100^|^ A^|^521211^|^010^|^A^|^0^|^0^|^ ^|^0^|0|0|0|^ ^|^ ^|^ ^|^ ^|^^|^00^|^^|0|0|^^|^ ^
^2026^|^01^|^527776^|^015^|^08^|^WA^|^4722^|^EBD^|^08^|^55^|^2^|^001^|^100^|^ B^|^524111^|^010^|^A^|^0^|^0^|^ ^|^0^|0|0|0|^ ^|^ ^|^ ^|^ ^|^^|^00^|^^|0|0|^^|^ ^
^2026^|^01^|^527776^|^015^|^08^|^WA^|^4722^|^EBD^|^08^|^55^|^2^|^001^|^100^|^ B^|^524113^|^010^|^A^|^0^|^0^|^ ^|^0^|0|0|0|^ ^|^ ^|^ ^|^ ^|^^|^00^|^^|0|0|^^|^ ^
^2026^|^01^|^527802^|^015^|^08^|^CD^|^6212^|^BMB^|^08^|^14^|^2^|^001^|^100^|^ A^|^524111^|^077^|^A^|^0^|^0^|^ ^|^0^|0|0|0|^ ^|^ ^|^ ^|^ ^|^^|^00^|^^|0|0|^^|^ ^
^2026^|^01^|^527802^|^015^|^08^|^CD^|^6212^|^BMB^|^08^|^14^|^2^|^001^|^100^|^ A^|^524113^|^077^|^A^|^0^|^0^|^ ^|^0^|0|0|0|^ ^|^ ^|^ ^|^ ^|^^|^00^|^^|0|0|^^|^ ^
^2026^|^01^|^527802^|^015^|^08^|^CD^|^6212^|^FAC^|^08^|^14^|^2^|^001^|^100^|^ A^|^521211^|^077^|^A^|^0^|^0^|^ ^|^0^|0|0|0|^ ^|^ ^|^ ^|^ ^|^^|^00^|^^|0|0|^^|^ ^
^2026^|^01^|^527802^|^015^|^08^|^CD^|^6212^|^FAC^|^08^|^14^|^2^|^001^|^100^|^ B^|^521211^|^077^|^A^|^0^|^0^|^ ^|^0^|0|0|0|^ ^|^ ^|^ ^|^ ^|^^|^00^|^^|0|0|^^|^ ^
^2026^|^01^|^527802^|^015^|^08^|^CD^|^6212^|^FAH^|^08^|^14^|^2^|^001^|^100^|^ A^|^521211^|^077^|^A^|^0^|^0^|^ ^|^0^|0|0|0|^ ^|^ ^|^ ^|^ ^|^^|^00^|^^|0|0|^^|^ ^
^2026^|^01^|^527802^|^015^|^08^|^CD^|^6212^|^FAL^|^08^|^14^|^2^|^004^|^100^|^ A^|^521211^|^077^|^A^|^0^|^0^|^ ^|^0^|0|0|0|^ ^|^ ^|^ ^|^ ^|^^|^00^|^^|0|0|^^|^ ^
^2026^|^01^|^527802^|^015^|^08^|^CD^|^6212^|^FAL^|^08^|^14^|^2^|^004^|^100^|^ B^|^521211^|^077^|^A^|^0^|^0^|^ ^|^0^|0|0|0|^ ^|^ ^|^ ^|^ ^|^^|^00^|^^|0|0|^^|^ ^
^2026^|^01^|^527802^|^015^|^08^|^CD^|^6212^|^FAL^|^08^|^14^|^2^|^004^|^100^|^ D^|^524111^|^077^|^A^|^0^|^0^|^ ^|^0^|0|0|0|^ ^|^ ^|^ ^|^ ^|^^|^00^|^^|0|0|^^|^ ^
^2026^|^01^|^527802^|^015^|^08^|^CD^|^6212^|^FAL^|^08^|^14^|^2^|^004^|^100^|^ D^|^524113^|^077^|^A^|^0^|^0^|^ ^|^0^|0|0|0|^ ^|^ ^|^ ^|^ ^|^^|^00^|^^|0|0|^^|^ ^
^2026^|^01^|^527802^|^015^|^08^|^CD^|^6213^|^FAC^|^08^|^14^|^2^|^001^|^100^|^ A^|^521211^|^077^|^A^|^0^|^0^|^ ^|^0^|0|0|0|^ ^|^ ^|^ ^|^ ^|^^|^00^|^^|0|0|^^|^ ^
^2026^|^01^|^527802^|^015^|^08^|^CD^|^6213^|^FAE^|^08^|^14^|^2^|^009^|^100^|^ A^|^524111^|^077^|^A^|^0^|^0^|^ ^|^0^|0|0|0|^ ^|^ ^|^ ^|^ ^|^^|^00^|^^|0|0|^^|^ ^
^2026^|^01^|^527802^|^015^|^08^|^CD^|^6213^|^FAE^|^08^|^14^|^2^|^009^|^100^|^ A^|^524113^|^077^|^A^|^0^|^0^|^ ^|^0^|0|0|0|^ ^|^ ^|^ ^|^ ^|^^|^00^|^^|0|0|^^|^ ^
^2026^|^01^|^527802^|^015^|^08^|^CD^|^6213^|^FAL^|^08^|^14^|^2^|^003^|^100^|^ A^|^524111^|^077^|^A^|^0^|^0^|^ ^|^0^|0|0|0|^ ^|^ ^|^ ^|^ ^|^^|^00^|^^|0|0|^^|^ ^
^2026^|^01^|^527802^|^015^|^08^|^CD^|^6213^|^FAL^|^08^|^14^|^2^|^003^|^100^|^ A^|^524113^|^077^|^A^|^0^|^0^|^ ^|^0^|0|0|0|^ ^|^ ^|^ ^|^ ^|^^|^00^|^^|0|0|^^|^ ^
^2026^|^01^|^527802^|^015^|^08^|^CD^|^6214^|^FAL^|^08^|^14^|^2^|^002^|^100^|^ A^|^521211^|^077^|^A^|^0^|^0^|^ ^|^0^|0|0|0|^ ^|^ ^|^ ^|^ ^|^^|^00^|^^|0|0|^^|^ ^
^2026^|^01^|^527802^|^015^|^08^|^CD^|^6214^|^FAL^|^08^|^14^|^2^|^002^|^100^|^ B^|^521211^|^077^|^A^|^0^|^0^|^ ^|^0^|0|0|0|^ ^|^ ^|^ ^|^ ^|^^|^00^|^^|0|0|^^|^ ^
^2026^|^01^|^527802^|^015^|^08^|^CD^|^6215^|^FAH^|^08^|^14^|^2^|^003^|^100^|^ A^|^521211^|^077^|^A^|^0^|^0^|^ ^|^0^|0|0|0|^ ^|^ ^|^ ^|^ ^|^^|^00^|^^|0|0|^^|^ ^
^2026^|^01^|^527802^|^015^|^08^|^CD^|^6215^|^FAH^|^08^|^14^|^2^|^003^|^100^|^ B^|^524111^|^077^|^A^|^0^|^0^|^ ^|^0^|0|0|0|^ ^|^ ^|^ ^|^ ^|^^|^00^|^^|0|0|^^|^ ^
^2026^|^01^|^527802^|^015^|^08^|^WA^|^4715^|^EBA^|^08^|^14^|^2^|^001^|^100^|^ A^|^521811^|^077^|^A^|^0^|^0^|^ ^|^0^|0|0|0|^ ^|^ ^|^ ^|^ ^|^^|^00^|^^|0|0|^^|^ ^
^2026^|^01^|^527802^|^015^|^08^|^WA^|^4715^|^EBA^|^08^|^14^|^2^|^001^|^100^|^ B^|^522151^|^077^|^A^|^0^|^0^|^ ^|^0^|0|0|0|^ ^|^ ^|^ ^|^ ^|^^|^00^|^^|0|0|^^|^ ^
^2026^|^01^|^527802^|^015^|^08^|^WA^|^4715^|^EBA^|^08^|^14^|^2^|^001^|^100^|^ B^|^524111^|^077^|^A^|^0^|^0^|^ ^|^0^|0|0|0|^ ^|^ ^|^ ^|^ ^|^^|^00^|^^|0|0|^^|^ ^
^2026^|^01^|^527802^|^015^|^08^|^WA^|^4715^|^EBA^|^08^|^14^|^2^|^994^|^002^|^ A^|^521111^|^077^|^A^|^0^|^0^|^ ^|^0^|0|0|0|^ ^|^ ^|^ ^|^ ^|^^|^00^|^^|0|0|^^|^ ^
^2026^|^01^|^527802^|^015^|^08^|^WA^|^4715^|^EBA^|^08^|^14^|^2^|^994^|^002^|^ A^|^521119^|^077^|^A^|^0^|^0^|^ ^|^0^|0|0|0|^ ^|^ ^|^ ^|^ ^|^^|^00^|^^|0|0|^^|^ ^
^2026^|^01^|^527802^|^015^|^08^|^WA^|^4715^|^EBA^|^08^|^14^|^2^|^994^|^002^|^ A^|^521811^|^077^|^A^|^0^|^0^|^ ^|^0^|0|0|0|^ ^|^ ^|^ ^|^ ^|^^|^00^|^^|0|0|^^|^ ^
^2026^|^01^|^527802^|^015^|^08^|^WA^|^4715^|^EBA^|^08^|^14^|^2^|^994^|^002^|^ B^|^521114^|^077^|^A^|^0^|^0^|^ ^|^0^|0|0|0|^ ^|^ ^|^ ^|^ ^|^^|^00^|^^|0|0|^^|^ ^
^2026^|^01^|^527802^|^015^|^08^|^WA^|^4715^|^EBA^|^08^|^14^|^2^|^994^|^002^|^ B^|^522113^|^077^|^A^|^0^|^0^|^ ^|^0^|0|0|0|^ ^|^ ^|^ ^|^ ^|^^|^00^|^^|0|0|^^|^ ^
^2026^|^01^|^527802^|^015^|^08^|^WA^|^4715^|^EBA^|^08^|^14^|^2^|^994^|^002^|^ C^|^521113^|^077^|^A^|^0^|^0^|^ ^|^0^|0|0|0|^ ^|^ ^|^ ^|^ ^|^^|^00^|^^|0|0|^^|^ ^
^2026^|^01^|^527802^|^015^|^08^|^WA^|^4715^|^EBA^|^08^|^14^|^2^|^994^|^002^|^ C^|^521115^|^077^|^A^|^0^|^0^|^ ^|^0^|0|0|0|^ ^|^ ^|^ ^|^ ^|^^|^00^|^^|0|0|^^|^ ^
^2026^|^01^|^527802^|^015^|^08^|^WA^|^4715^|^EBA^|^08^|^14^|^2^|^994^|^002^|^ C^|^521119^|^077^|^A^|^0^|^0^|^ ^|^0^|0|0|0|^ ^|^ ^|^ ^|^ ^|^^|^00^|^^|0|0|^^|^ ^
^2026^|^01^|^527802^|^015^|^08^|^WA^|^4715^|^EBA^|^08^|^14^|^2^|^994^|^002^|^ D^|^523121^|^077^|^A^|^0^|^0^|^ ^|^0^|0|0|0|^ ^|^ ^|^ ^|^ ^|^^|^00^|^^|0|0|^^|^ ^
^2026^|^01^|^527802^|^015^|^08^|^WA^|^4715^|^EBA^|^08^|^14^|^2^|^994^|^002^|^ G^|^523111^|^077^|^A^|^0^|^0^|^ ^|^0^|0|0|0|^ ^|^ ^|^ ^|^ ^|^^|^00^|^^|0|0|^^|^ ^
^2026^|^01^|^527802^|^015^|^08^|^WA^|^4715^|^EBA^|^08^|^14^|^2^|^994^|^002^|^ G^|^523119^|^077^|^A^|^0^|^0^|^ ^|^0^|0|0|0|^ ^|^ ^|^ ^|^ ^|^^|^00^|^^|0|0|^^|^ ^
^2026^|^01^|^527802^|^015^|^08^|^WA^|^4715^|^EBA^|^08^|^14^|^2^|^994^|^002^|^TJ^|^523121^|^077^|^A^|^0^|^0^|^ ^|^0^|0|0|0|^ ^|^ ^|^ ^|^ ^|^^|^00^|^^|0|0|^^|^ ^
^2026^|^01^|^527802^|^015^|^08^|^WA^|^4715^|^EBA^|^08^|^14^|^2^|^002^|^100^|^ A^|^524111^|^077^|^A^|^0^|^0^|^ ^|^0^|0|0|0|^ ^|^ ^|^ ^|^ ^|^^|^00^|^^|0|0|^^|^ ^
^2026^|^01^|^527802^|^015^|^08^|^WA^|^4715^|^EBA^|^08^|^14^|^2^|^002^|^100^|^ A^|^524113^|^077^|^A^|^0^|^0^|^ ^|^0^|0|0|0|^ ^|^ ^|^ ^|^ ^|^^|^00^|^^|0|0|^^|^ ^
^2026^|^01^|^527802^|^015^|^08^|^WA^|^4715^|^EBD^|^08^|^14^|^2^|^Z36^|^100^|^ B^|^524111^|^077^|^A^|^0^|^0^|^ ^|^0^|0|0|0|^ ^|^ ^|^ ^|^ ^|^^|^00^|^^|0|0|^^|^ ^
^2026^|^01^|^527802^|^015^|^08^|^WA^|^4718^|^BMB^|^08^|^14^|^2^|^002^|^100^|^ A^|^521219^|^077^|^A^|^0^|^0^|^ ^|^0^|0|0|0|^ ^|^ ^|^ ^|^ ^|^^|^00^|^^|0|0|^^|^ ^
^2026^|^01^|^527802^|^015^|^08^|^WA^|^4718^|^BMB^|^08^|^14^|^2^|^001^|^100^|^ A^|^521211^|^077^|^A^|^0^|^0^|^ ^|^0^|0|0|0|^ ^|^ ^|^ ^|^ ^|^^|^00^|^^|0|0|^^|^ ^
^2026^|^01^|^527802^|^015^|^08^|^WA^|^4719^|^EBA^|^08^|^14^|^2^|^994^|^001^|^ A^|^511129^|^077^|^A^|^0^|^0^|^ ^|^0^|0|0|0|^ ^|^ ^|^ ^|^ ^|^^|^00^|^^|0|0|^^|^ ^
^2026^|^01^|^527802^|^015^|^08^|^WA^|^4719^|^EBA^|^08^|^14^|^2^|^994^|^001^|^ A^|^512211^|^077^|^A^|^0^|^0^|^ ^|^0^|0|0|0|^ ^|^ ^|^ ^|^ ^|^^|^00^|^^|0|0|^^|^ ^
^2026^|^01^|^527802^|^015^|^08^|^WA^|^4719^|^EBA^|^08^|^14^|^2^|^004^|^100^|^ A^|^521211^|^077^|^A^|^0^|^0^|^ ^|^0^|0|0|0|^ ^|^ ^|^ ^|^ ^|^^|^00^|^^|0|0|^^|^ ^
^2026^|^01^|^527802^|^015^|^08^|^WA^|^4719^|^EBC^|^08^|^14^|^2^|^001^|^100^|^XC^|^521211^|^077^|^A^|^0^|^0^|^ ^|^0^|0|0|0|^ ^|^ ^|^ ^|^ ^|^^|^00^|^^|0|0|^^|^ ^
^2026^|^01^|^527802^|^015^|^08^|^WA^|^4719^|^EBC^|^08^|^14^|^2^|^001^|^100^|^XC^|^522151^|^077^|^A^|^0^|^0^|^ ^|^0^|0|0|0|^ ^|^ ^|^ ^|^ ^|^^|^00^|^^|0|0|^^|^ ^
^2026^|^01^|^527802^|^015^|^08^|^WA^|^4719^|^EBC^|^08^|^14^|^2^|^001^|^100^|^XC^|^524113^|^077^|^A^|^0^|^0^|^ ^|^0^|0|0|0|^ ^|^ ^|^ ^|^ ^|^^|^00^|^^|0|0|^^|^ ^
^2026^|^01^|^527780^|^015^|^08^|^CD^|^6212^|^BMB^|^08^|^55^|^2^|^001^|^100^|^ A^|^524111^|^010^|^A^|^0^|^0^|^ ^|^0^|0|0|0|^ ^|^ ^|^ ^|^ ^|^^|^00^|^^|0|0|^^|^ ^
^2026^|^01^|^527780^|^015^|^08^|^CD^|^6212^|^BMB^|^08^|^55^|^2^|^001^|^100^|^ A^|^524113^|^010^|^A^|^0^|^0^|^ ^|^0^|0|0|0|^ ^|^ ^|^ ^|^ ^|^^|^00^|^^|0|0|^^|^ ^
^2026^|^01^|^527780^|^015^|^08^|^CD^|^6212^|^FAC^|^08^|^55^|^2^|^001^|^100^|^ A^|^521211^|^010^|^A^|^0^|^0^|^ ^|^0^|0|0|0|^ ^|^ ^|^ ^|^ ^|^^|^00^|^^|0|0|^^|^ ^
^2026^|^01^|^527780^|^015^|^08^|^CD^|^6212^|^FAC^|^08^|^55^|^2^|^001^|^100^|^ B^|^521211^|^010^|^A^|^0^|^0^|^ ^|^0^|0|0|0|^ ^|^ ^|^ ^|^ ^|^^|^00^|^^|0|0|^^|^ ^
^2026^|^01^|^527780^|^015^|^08^|^CD^|^6212^|^FAH^|^08^|^55^|^2^|^001^|^100^|^ A^|^521211^|^010^|^A^|^0^|^0^|^ ^|^0^|0|0|0|^ ^|^ ^|^ ^|^ ^|^^|^00^|^^|0|0|^^|^ ^
^2026^|^01^|^527780^|^015^|^08^|^CD^|^6212^|^FAL^|^08^|^55^|^2^|^004^|^100^|^ A^|^521211^|^010^|^A^|^0^|^0^|^ ^|^0^|0|0|0|^ ^|^ ^|^ ^|^ ^|^^|^00^|^^|0|0|^^|^ ^
^2026^|^01^|^527780^|^015^|^08^|^CD^|^6212^|^FAL^|^08^|^55^|^2^|^004^|^100^|^ B^|^521211^|^010^|^A^|^0^|^0^|^ ^|^0^|0|0|0|^ ^|^ ^|^ ^|^ ^|^^|^00^|^^|0|0|^^|^ ^
^2026^|^01^|^527780^|^015^|^08^|^CD^|^6212^|^FAL^|^08^|^55^|^2^|^004^|^100^|^ D^|^524111^|^010^|^A^|^0^|^0^|^ ^|^0^|0|0|0|^ ^|^ ^|^ ^|^ ^|^^|^00^|^^|0|0|^^|^ ^
^2026^|^01^|^527780^|^015^|^08^|^CD^|^6212^|^FAL^|^08^|^55^|^2^|^004^|^100^|^ D^|^524113^|^010^|^A^|^0^|^0^|^ ^|^0^|0|0|0|^ ^|^ ^|^ ^|^ ^|^^|^00^|^^|0|0|^^|^ ^
^2026^|^01^|^527780^|^015^|^08^|^CD^|^6213^|^FAC^|^08^|^55^|^2^|^001^|^100^|^ A^|^521211^|^010^|^A^|^0^|^0^|^ ^|^0^|0|0|0|^ ^|^ ^|^ ^|^ ^|^^|^00^|^^|0|0|^^|^ ^
^2026^|^01^|^527780^|^015^|^08^|^CD^|^6213^|^FAE^|^08^|^55^|^2^|^009^|^100^|^ A^|^524111^|^010^|^A^|^0^|^0^|^ ^|^0^|0|0|0|^ ^|^ ^|^ ^|^ ^|^^|^00^|^^|0|0|^^|^ ^
^2026^|^01^|^527780^|^015^|^08^|^CD^|^6213^|^FAE^|^08^|^55^|^2^|^009^|^100^|^ A^|^524113^|^010^|^A^|^0^|^0^|^ ^|^0^|0|0|0|^ ^|^ ^|^ ^|^ ^|^^|^00^|^^|0|0|^^|^ ^
^2026^|^01^|^527780^|^015^|^08^|^CD^|^6213^|^FAL^|^08^|^55^|^2^|^003^|^100^|^ A^|^524111^|^010^|^A^|^0^|^0^|^ ^|^0^|0|0|0|^ ^|^ ^|^ ^|^ ^|^^|^00^|^^|0|0|^^|^ ^
^2026^|^01^|^527780^|^015^|^08^|^CD^|^6213^|^FAL^|^08^|^55^|^2^|^003^|^100^|^ A^|^524113^|^010^|^A^|^0^|^0^|^ ^|^0^|0|0|0|^ ^|^ ^|^ ^|^ ^|^^|^00^|^^|0|0|^^|^ ^
^2026^|^01^|^527780^|^015^|^08^|^CD^|^6214^|^FAL^|^08^|^55^|^2^|^002^|^100^|^ A^|^521211^|^010^|^A^|^0^|^0^|^ ^|^0^|0|0|0|^ ^|^ ^|^ ^|^ ^|^^|^00^|^^|0|0|^^|^ ^
^2026^|^01^|^527780^|^015^|^08^|^CD^|^6214^|^FAL^|^08^|^55^|^2^|^002^|^100^|^ B^|^521211^|^010^|^A^|^0^|^0^|^ ^|^0^|0|0|0|^ ^|^ ^|^ ^|^ ^|^^|^00^|^^|0|0|^^|^ ^
^2026^|^01^|^527780^|^015^|^08^|^CD^|^6215^|^FAH^|^08^|^55^|^2^|^003^|^100^|^ A^|^521211^|^010^|^A^|^0^|^0^|^ ^|^0^|0|0|0|^ ^|^ ^|^ ^|^ ^|^^|^00^|^^|0|0|^^|^ ^
^2026^|^01^|^527780^|^015^|^08^|^CD^|^6215^|^FAH^|^08^|^55^|^2^|^003^|^100^|^ B^|^524113^|^010^|^A^|^0^|^0^|^ ^|^0^|0|0|0|^ ^|^ ^|^ ^|^ ^|^^|^00^|^^|0|0|^^|^ ^
^2026^|^01^|^527780^|^015^|^08^|^WA^|^4715^|^EBA^|^08^|^55^|^2^|^002^|^100^|^ A^|^524111^|^010^|^A^|^0^|^0^|^ ^|^0^|0|0|0|^ ^|^ ^|^ ^|^ ^|^^|^00^|^^|0|0|^^|^ ^
^2026^|^01^|^527780^|^015^|^08^|^WA^|^4715^|^EBA^|^08^|^55^|^2^|^002^|^100^|^ A^|^524113^|^010^|^A^|^0^|^0^|^ ^|^0^|0|0|0|^ ^|^ ^|^ ^|^ ^|^^|^00^|^^|0|0|^^|^ ^
^2026^|^01^|^527780^|^015^|^08^|^WA^|^4715^|^EBA^|^08^|^55^|^2^|^001^|^100^|^ A^|^521811^|^010^|^A^|^0^|^0^|^ ^|^0^|0|0|0|^ ^|^ ^|^ ^|^ ^|^^|^00^|^^|0|0|^^|^ ^
^2026^|^01^|^527780^|^015^|^08^|^WA^|^4715^|^EBA^|^08^|^55^|^2^|^001^|^100^|^ B^|^522151^|^010^|^A^|^0^|^0^|^ ^|^0^|0|0|0|^ ^|^ ^|^ ^|^ ^|^^|^00^|^^|0|0|^^|^ ^
^2026^|^01^|^527780^|^015^|^08^|^WA^|^4715^|^EBA^|^08^|^55^|^2^|^001^|^100^|^ B^|^524113^|^010^|^A^|^0^|^0^|^ ^|^0^|0|0|0|^ ^|^ ^|^ ^|^ ^|^^|^00^|^^|0|0|^^|^ ^
^2026^|^01^|^527780^|^015^|^08^|^WA^|^4715^|^EBA^|^08^|^55^|^2^|^994^|^002^|^ A^|^521111^|^010^|^A^|^0^|^0^|^ ^|^0^|0|0|0|^ ^|^ ^|^ ^|^ ^|^^|^00^|^^|0|0|^^|^ ^
^2026^|^01^|^527780^|^015^|^08^|^WA^|^4715^|^EBA^|^08^|^55^|^2^|^994^|^002^|^ A^|^521119^|^010^|^A^|^0^|^0^|^ ^|^0^|0|0|0|^ ^|^ ^|^ ^|^ ^|^^|^00^|^^|0|0|^^|^ ^
^2026^|^01^|^527780^|^015^|^08^|^WA^|^4715^|^EBA^|^08^|^55^|^2^|^994^|^002^|^ A^|^521811^|^010^|^A^|^0^|^0^|^ ^|^0^|0|0|0|^ ^|^ ^|^ ^|^ ^|^^|^00^|^^|0|0|^^|^ ^
^2026^|^01^|^527780^|^015^|^08^|^WA^|^4715^|^EBA^|^08^|^55^|^2^|^994^|^002^|^ B^|^521114^|^010^|^A^|^0^|^0^|^ ^|^0^|0|0|0|^ ^|^ ^|^ ^|^ ^|^^|^00^|^^|0|0|^^|^ ^
^2026^|^01^|^527780^|^015^|^08^|^WA^|^4715^|^EBA^|^08^|^55^|^2^|^994^|^002^|^ B^|^522113^|^010^|^A^|^0^|^0^|^ ^|^0^|0|0|0|^ ^|^ ^|^ ^|^ ^|^^|^00^|^^|0|0|^^|^ ^
^2026^|^01^|^527780^|^015^|^08^|^WA^|^4715^|^EBA^|^08^|^55^|^2^|^994^|^002^|^ C^|^521113^|^010^|^A^|^0^|^0^|^ ^|^0^|0|0|0|^ ^|^ ^|^ ^|^ ^|^^|^00^|^^|0|0|^^|^ ^
^2026^|^01^|^527780^|^015^|^08^|^WA^|^4715^|^EBA^|^08^|^55^|^2^|^994^|^002^|^ C^|^521115^|^010^|^A^|^0^|^0^|^ ^|^0^|0|0|0|^ ^|^ ^|^ ^|^ ^|^^|^00^|^^|0|0|^^|^ ^
^2026^|^01^|^527780^|^015^|^08^|^WA^|^4715^|^EBA^|^08^|^55^|^2^|^994^|^002^|^ C^|^521119^|^010^|^A^|^0^|^0^|^ ^|^0^|0|0|0|^ ^|^ ^|^ ^|^ ^|^^|^00^|^^|0|0|^^|^ ^
^2026^|^01^|^527780^|^015^|^08^|^WA^|^4715^|^EBA^|^08^|^55^|^2^|^994^|^002^|^ D^|^523121^|^010^|^A^|^0^|^0^|^ ^|^0^|0|0|0|^ ^|^ ^|^ ^|^ ^|^^|^00^|^^|0|0|^^|^ ^
^2026^|^01^|^527780^|^015^|^08^|^WA^|^4715^|^EBA^|^08^|^55^|^2^|^994^|^002^|^ G^|^523111^|^010^|^A^|^0^|^0^|^ ^|^0^|0|0|0|^ ^|^ ^|^ ^|^ ^|^^|^00^|^^|0|0|^^|^ ^
^2026^|^01^|^527780^|^015^|^08^|^WA^|^4715^|^EBA^|^08^|^55^|^2^|^994^|^002^|^ G^|^523119^|^010^|^A^|^0^|^0^|^ ^|^0^|0|0|0|^ ^|^ ^|^ ^|^ ^|^^|^00^|^^|0|0|^^|^ ^
^2026^|^01^|^527780^|^015^|^08^|^WA^|^4715^|^EBA^|^08^|^55^|^2^|^994^|^002^|^TJ^|^523121^|^010^|^A^|^0^|^0^|^ ^|^0^|0|0|0|^ ^|^ ^|^ ^|^ ^|^^|^00^|^^|0|0|^^|^ ^
^2026^|^01^|^527780^|^015^|^08^|^WA^|^4715^|^EBB^|^08^|^55^|^2^|^002^|^100^|^ A^|^532111^|^010^|^A^|^0^|^0^|^ ^|^0^|0|0|0|^ ^|^ ^|^ ^|^ ^|^^|^00^|^^|0|0|^^|^ ^
^2026^|^01^|^527780^|^015^|^08^|^WA^|^4715^|^EBD^|^08^|^55^|^2^|^Z36^|^100^|^ B^|^524113^|^010^|^A^|^0^|^0^|^ ^|^0^|0|0|0|^ ^|^ ^|^ ^|^ ^|^^|^00^|^^|0|0|^^|^ ^
^2026^|^01^|^527780^|^015^|^08^|^WA^|^4718^|^BMB^|^08^|^55^|^2^|^002^|^100^|^ A^|^521219^|^010^|^A^|^0^|^0^|^ ^|^0^|0|0|0|^ ^|^ ^|^ ^|^ ^|^^|^00^|^^|0|0|^^|^ ^
^2026^|^01^|^527780^|^015^|^08^|^WA^|^4718^|^BMB^|^08^|^55^|^2^|^001^|^100^|^ A^|^521211^|^010^|^A^|^0^|^0^|^ ^|^0^|0|0|0|^ ^|^ ^|^ ^|^ ^|^^|^00^|^^|0|0|^^|^ ^
^2026^|^01^|^527780^|^015^|^08^|^WA^|^4719^|^EBA^|^08^|^55^|^2^|^994^|^001^|^ A^|^511129^|^010^|^A^|^0^|^0^|^ ^|^0^|0|0|0|^ ^|^ ^|^ ^|^ ^|^^|^00^|^^|0|0|^^|^ ^
^2026^|^01^|^527780^|^015^|^08^|^WA^|^4719^|^EBA^|^08^|^55^|^2^|^994^|^001^|^ A^|^512211^|^010^|^A^|^0^|^0^|^ ^|^0^|0|0|0|^ ^|^ ^|^ ^|^ ^|^^|^00^|^^|0|0|^^|^ ^
^2026^|^01^|^527780^|^015^|^08^|^WA^|^4719^|^EBA^|^08^|^55^|^2^|^004^|^100^|^ A^|^521211^|^010^|^A^|^0^|^0^|^ ^|^0^|0|0|0|^ ^|^ ^|^ ^|^ ^|^^|^00^|^^|0|0|^^|^ ^
^2026^|^01^|^527780^|^015^|^08^|^WA^|^4719^|^EBC^|^08^|^55^|^2^|^001^|^100^|^XC^|^521211^|^010^|^A^|^0^|^0^|^ ^|^0^|0|0|0|^ ^|^ ^|^ ^|^ ^|^^|^00^|^^|0|0|^^|^ ^
^2026^|^01^|^527780^|^015^|^08^|^WA^|^4719^|^EBC^|^08^|^55^|^2^|^001^|^100^|^XC^|^522151^|^010^|^A^|^0^|^0^|^ ^|^0^|0|0|0|^ ^|^ ^|^ ^|^ ^|^^|^00^|^^|0|0|^^|^ ^
^2026^|^01^|^527780^|^015^|^08^|^WA^|^4719^|^EBC^|^08^|^55^|^2^|^001^|^100^|^XC^|^524113^|^010^|^A^|^0^|^0^|^ ^|^0^|0|0|0|^ ^|^ ^|^ ^|^ ^|^^|^00^|^^|0|0|^^|^ ^
^2026^|^01^|^527819^|^015^|^08^|^CD^|^6212^|^BMB^|^08^|^53^|^2^|^001^|^100^|^ A^|^524111^|^090^|^A^|^0^|^0^|^ ^|^0^|0|0|0|^ ^|^ ^|^ ^|^ ^|^^|^00^|^^|0|0|^^|^ ^
^2026^|^01^|^527819^|^015^|^08^|^CD^|^6212^|^BMB^|^08^|^53^|^2^|^001^|^100^|^ A^|^524113^|^090^|^A^|^0^|^0^|^ ^|^0^|0|0|0|^ ^|^ ^|^ ^|^ ^|^^|^00^|^^|0|0|^^|^ ^
^2026^|^01^|^527819^|^015^|^08^|^CD^|^6212^|^FAC^|^08^|^53^|^2^|^001^|^100^|^ A^|^521211^|^090^|^A^|^0^|^0^|^ ^|^0^|0|0|0|^ ^|^ ^|^ ^|^ ^|^^|^00^|^^|0|0|^^|^ ^
^2026^|^01^|^527819^|^015^|^08^|^CD^|^6212^|^FAC^|^08^|^53^|^2^|^001^|^100^|^ B^|^521211^|^090^|^A^|^0^|^0^|^ ^|^0^|0|0|0|^ ^|^ ^|^ ^|^ ^|^^|^00^|^^|0|0|^^|^ ^
^2026^|^01^|^527819^|^015^|^08^|^CD^|^6212^|^FAH^|^08^|^53^|^2^|^001^|^100^|^ A^|^521211^|^090^|^A^|^0^|^0^|^ ^|^0^|0|0|0|^ ^|^ ^|^ ^|^ ^|^^|^00^|^^|0|0|^^|^ ^
^2026^|^01^|^527819^|^015^|^08^|^CD^|^6212^|^FAL^|^08^|^53^|^2^|^004^|^100^|^ A^|^521211^|^090^|^A^|^0^|^0^|^ ^|^0^|0|0|0|^ ^|^ ^|^ ^|^ ^|^^|^00^|^^|0|0|^^|^ ^
^2026^|^01^|^527819^|^015^|^08^|^CD^|^6212^|^FAL^|^08^|^53^|^2^|^004^|^100^|^ B^|^521211^|^090^|^A^|^0^|^0^|^ ^|^0^|0|0|0|^ ^|^ ^|^ ^|^ ^|^^|^00^|^^|0|0|^^|^ ^
^2026^|^01^|^527819^|^015^|^08^|^CD^|^6212^|^FAL^|^08^|^53^|^2^|^004^|^100^|^ D^|^524111^|^090^|^A^|^0^|^0^|^ ^|^0^|0|0|0|^ ^|^ ^|^ ^|^ ^|^^|^00^|^^|0|0|^^|^ ^
^2026^|^01^|^527819^|^015^|^08^|^CD^|^6212^|^FAL^|^08^|^53^|^2^|^004^|^100^|^ D^|^524113^|^090^|^A^|^0^|^0^|^ ^|^0^|0|0|0|^ ^|^ ^|^ ^|^ ^|^^|^00^|^^|0|0|^^|^ ^
^2026^|^01^|^527819^|^015^|^08^|^CD^|^6213^|^FAC^|^08^|^53^|^2^|^001^|^100^|^ A^|^521211^|^090^|^A^|^0^|^0^|^ ^|^0^|0|0|0|^ ^|^ ^|^ ^|^ ^|^^|^00^|^^|0|0|^^|^ ^
^2026^|^01^|^527819^|^015^|^08^|^CD^|^6213^|^FAE^|^08^|^53^|^2^|^009^|^100^|^ A^|^524111^|^090^|^A^|^0^|^0^|^ ^|^0^|0|0|0|^ ^|^ ^|^ ^|^ ^|^^|^00^|^^|0|0|^^|^ ^
^2026^|^01^|^527819^|^015^|^08^|^CD^|^6213^|^FAE^|^08^|^53^|^2^|^009^|^100^|^ A^|^524113^|^090^|^A^|^0^|^0^|^ ^|^0^|0|0|0|^ ^|^ ^|^ ^|^ ^|^^|^00^|^^|0|0|^^|^ ^
^2026^|^01^|^527819^|^015^|^08^|^CD^|^6213^|^FAL^|^08^|^53^|^2^|^003^|^100^|^ A^|^524111^|^090^|^A^|^0^|^0^|^ ^|^0^|0|0|0|^ ^|^ ^|^ ^|^ ^|^^|^00^|^^|0|0|^^|^ ^
^2026^|^01^|^527819^|^015^|^08^|^CD^|^6213^|^FAL^|^08^|^53^|^2^|^003^|^100^|^ A^|^524113^|^090^|^A^|^0^|^0^|^ ^|^0^|0|0|0|^ ^|^ ^|^ ^|^ ^|^^|^00^|^^|0|0|^^|^ ^
^2026^|^01^|^527819^|^015^|^08^|^CD^|^6214^|^FAL^|^08^|^53^|^2^|^002^|^100^|^ A^|^521211^|^090^|^A^|^0^|^0^|^ ^|^0^|0|0|0|^ ^|^ ^|^ ^|^ ^|^^|^00^|^^|0|0|^^|^ ^
^2026^|^01^|^527819^|^015^|^08^|^CD^|^6214^|^FAL^|^08^|^53^|^2^|^002^|^100^|^ B^|^521211^|^090^|^A^|^0^|^0^|^ ^|^0^|0|0|0|^ ^|^ ^|^ ^|^ ^|^^|^00^|^^|0|0|^^|^ ^
^2026^|^01^|^527819^|^015^|^08^|^CD^|^6215^|^FAH^|^08^|^53^|^2^|^003^|^100^|^ A^|^521211^|^090^|^A^|^0^|^0^|^ ^|^0^|0|0|0|^ ^|^ ^|^ ^|^ ^|^^|^00^|^^|0|0|^^|^ ^
^2026^|^01^|^527819^|^015^|^08^|^CD^|^6215^|^FAH^|^08^|^53^|^2^|^003^|^100^|^ A^|^524111^|^090^|^A^|^0^|^0^|^ ^|^0^|0|0|0|^ ^|^ ^|^ ^|^ ^|^^|^00^|^^|0|0|^^|^ ^
^2026^|^01^|^527819^|^015^|^08^|^WA^|^4715^|^EBA^|^08^|^53^|^2^|^001^|^100^|^ A^|^521811^|^090^|^A^|^0^|^0^|^ ^|^0^|0|0|0|^ ^|^ ^|^ ^|^ ^|^^|^00^|^^|0|0|^^|^ ^
^2026^|^01^|^527819^|^015^|^08^|^WA^|^4715^|^EBA^|^08^|^53^|^2^|^001^|^100^|^ B^|^522151^|^090^|^A^|^0^|^0^|^ ^|^0^|0|0|0|^ ^|^ ^|^ ^|^ ^|^^|^00^|^^|0|0|^^|^ ^
^2026^|^01^|^527819^|^015^|^08^|^WA^|^4715^|^EBA^|^08^|^53^|^2^|^001^|^100^|^ B^|^524111^|^090^|^A^|^0^|^0^|^ ^|^0^|0|0|0|^ ^|^ ^|^ ^|^ ^|^^|^00^|^^|0|0|^^|^ ^
^2026^|^01^|^527819^|^015^|^08^|^WA^|^4715^|^EBA^|^08^|^53^|^2^|^994^|^002^|^ A^|^521111^|^090^|^A^|^0^|^0^|^ ^|^0^|0|0|0|^ ^|^ ^|^ ^|^ ^|^^|^00^|^^|0|0|^^|^ ^
^2026^|^01^|^527819^|^015^|^08^|^WA^|^4715^|^EBA^|^08^|^53^|^2^|^994^|^002^|^ A^|^521119^|^090^|^A^|^0^|^0^|^ ^|^0^|0|0|0|^ ^|^ ^|^ ^|^ ^|^^|^00^|^^|0|0|^^|^ ^
^2026^|^01^|^527819^|^015^|^08^|^WA^|^4715^|^EBA^|^08^|^53^|^2^|^994^|^002^|^ A^|^521811^|^090^|^A^|^0^|^0^|^ ^|^0^|0|0|0|^ ^|^ ^|^ ^|^ ^|^^|^00^|^^|0|0|^^|^ ^
^2026^|^01^|^527819^|^015^|^08^|^WA^|^4715^|^EBA^|^08^|^53^|^2^|^994^|^002^|^ B^|^521114^|^090^|^A^|^0^|^0^|^ ^|^0^|0|0|0|^ ^|^ ^|^ ^|^ ^|^^|^00^|^^|0|0|^^|^ ^
^2026^|^01^|^527819^|^015^|^08^|^WA^|^4715^|^EBA^|^08^|^53^|^2^|^994^|^002^|^ B^|^522113^|^090^|^A^|^0^|^0^|^ ^|^0^|0|0|0|^ ^|^ ^|^ ^|^ ^|^^|^00^|^^|0|0|^^|^ ^
^2026^|^01^|^527819^|^015^|^08^|^WA^|^4715^|^EBA^|^08^|^53^|^2^|^994^|^002^|^ C^|^521113^|^090^|^A^|^0^|^0^|^ ^|^0^|0|0|0|^ ^|^ ^|^ ^|^ ^|^^|^00^|^^|0|0|^^|^ ^
^2026^|^01^|^527819^|^015^|^08^|^WA^|^4715^|^EBA^|^08^|^53^|^2^|^994^|^002^|^ C^|^521115^|^090^|^A^|^0^|^0^|^ ^|^0^|0|0|0|^ ^|^ ^|^ ^|^ ^|^^|^00^|^^|0|0|^^|^ ^
^2026^|^01^|^527819^|^015^|^08^|^WA^|^4715^|^EBA^|^08^|^53^|^2^|^994^|^002^|^ C^|^521119^|^090^|^A^|^0^|^0^|^ ^|^0^|0|0|0|^ ^|^ ^|^ ^|^ ^|^^|^00^|^^|0|0|^^|^ ^
^2026^|^01^|^527819^|^015^|^08^|^WA^|^4715^|^EBA^|^08^|^53^|^2^|^994^|^002^|^ D^|^523121^|^090^|^A^|^0^|^0^|^ ^|^0^|0|0|0|^ ^|^ ^|^ ^|^ ^|^^|^00^|^^|0|0|^^|^ ^
^2026^|^01^|^527819^|^015^|^08^|^WA^|^4715^|^EBA^|^08^|^53^|^2^|^994^|^002^|^ G^|^523111^|^090^|^A^|^0^|^0^|^ ^|^0^|0|0|0|^ ^|^ ^|^ ^|^ ^|^^|^00^|^^|0|0|^^|^ ^
^2026^|^01^|^527819^|^015^|^08^|^WA^|^4715^|^EBA^|^08^|^53^|^2^|^994^|^002^|^ G^|^523119^|^090^|^A^|^0^|^0^|^ ^|^0^|0|0|0|^ ^|^ ^|^ ^|^ ^|^^|^00^|^^|0|0|^^|^ ^
^2026^|^01^|^527819^|^015^|^08^|^WA^|^4715^|^EBA^|^08^|^53^|^2^|^994^|^002^|^TJ^|^523121^|^090^|^A^|^0^|^0^|^ ^|^0^|0|0|0|^ ^|^ ^|^ ^|^ ^|^^|^00^|^^|0|0|^^|^ ^
^2026^|^01^|^527819^|^015^|^08^|^WA^|^4715^|^EBA^|^08^|^53^|^2^|^002^|^100^|^ A^|^524111^|^090^|^A^|^0^|^0^|^ ^|^0^|0|0|0|^ ^|^ ^|^ ^|^ ^|^^|^00^|^^|0|0|^^|^ ^
^2026^|^01^|^527819^|^015^|^08^|^WA^|^4715^|^EBA^|^08^|^53^|^2^|^002^|^100^|^ A^|^524113^|^090^|^A^|^0^|^0^|^ ^|^0^|0|0|0|^ ^|^ ^|^ ^|^ ^|^^|^00^|^^|0|0|^^|^ ^
^2026^|^01^|^527819^|^015^|^08^|^WA^|^4715^|^EBD^|^08^|^53^|^2^|^Z36^|^100^|^ B^|^524111^|^090^|^A^|^0^|^0^|^ ^|^0^|0|0|0|^ ^|^ ^|^ ^|^ ^|^^|^00^|^^|0|0|^^|^ ^
^2026^|^01^|^527819^|^015^|^08^|^WA^|^4718^|^BMB^|^08^|^53^|^2^|^002^|^100^|^ A^|^521211^|^090^|^A^|^0^|^0^|^ ^|^0^|0|0|0|^ ^|^ ^|^ ^|^ ^|^^|^00^|^^|0|0|^^|^ ^
^2026^|^01^|^527819^|^015^|^08^|^WA^|^4718^|^BMB^|^08^|^53^|^2^|^001^|^100^|^ A^|^521211^|^090^|^A^|^0^|^0^|^ ^|^0^|0|0|0|^ ^|^ ^|^ ^|^ ^|^^|^00^|^^|0|0|^^|^ ^
^2026^|^01^|^527819^|^015^|^08^|^WA^|^4719^|^EBA^|^08^|^53^|^2^|^994^|^001^|^ A^|^511129^|^090^|^A^|^0^|^0^|^ ^|^0^|0|0|0|^ ^|^ ^|^ ^|^ ^|^^|^00^|^^|0|0|^^|^ ^
^2026^|^01^|^527819^|^015^|^08^|^WA^|^4719^|^EBA^|^08^|^53^|^2^|^994^|^001^|^ A^|^512211^|^090^|^A^|^0^|^0^|^ ^|^0^|0|0|0|^ ^|^ ^|^ ^|^ ^|^^|^00^|^^|0|0|^^|^ ^
^2026^|^01^|^527819^|^015^|^08^|^WA^|^4719^|^EBA^|^08^|^53^|^2^|^004^|^100^|^ A^|^521211^|^090^|^A^|^0^|^0^|^ ^|^0^|0|0|0|^ ^|^ ^|^ ^|^ ^|^^|^00^|^^|0|0|^^|^ ^
^2026^|^01^|^527819^|^015^|^08^|^WA^|^4719^|^EBC^|^08^|^53^|^2^|^001^|^100^|^XC^|^521211^|^090^|^A^|^0^|^0^|^ ^|^0^|0|0|0|^ ^|^ ^|^ ^|^ ^|^^|^00^|^^|0|0|^^|^ ^
^2026^|^01^|^527819^|^015^|^08^|^WA^|^4719^|^EBC^|^08^|^53^|^2^|^001^|^100^|^XC^|^522151^|^090^|^A^|^0^|^0^|^ ^|^0^|0|0|0|^ ^|^ ^|^ ^|^ ^|^^|^00^|^^|0|0|^^|^ ^
^2026^|^01^|^527819^|^015^|^08^|^WA^|^4719^|^EBC^|^08^|^53^|^2^|^001^|^100^|^XC^|^524113^|^090^|^A^|^0^|^0^|^ ^|^0^|0|0|0|^ ^|^ ^|^ ^|^ ^|^^|^00^|^^|0|0|^^|^ ^
