^2026^|^01^|^527336^|^015^|^08^|^CD^|^6212^|^BMB^|^03^|^10^|^2^|^001^|^Dukungan Pemberdayaan UMKM untuk Inklusi Pemanfaatan Digipay^|0|^^|0|^^|^^|2|0|^00^|^^|0|0
^2026^|^01^|^527336^|^015^|^08^|^CD^|^6212^|^FAC^|^03^|^10^|^2^|^001^|^Komunikasi dan Edukasi Implementasi Aplikasi^|0|^^|0|^^|^^|41|0|^00^|^^|0|0
^2026^|^01^|^527336^|^015^|^08^|^CD^|^6212^|^FAH^|^03^|^10^|^2^|^001^|^Edukasi Dalam Rangka Penyusunan Laporan Keuangan Tingkat Kuasa BUN^|0|^^|0|^^|^^|4|0|^00^|^^|0|0
^2026^|^01^|^527336^|^015^|^08^|^CD^|^6212^|^FAL^|^03^|^10^|^2^|^004^|^Konsultasi Pencairan Dana^|0|^^|0|^^|^^|9|0|^00^|^^|0|0
^2026^|^01^|^527336^|^015^|^08^|^CD^|^6213^|^FAC^|^03^|^10^|^2^|^001^|^Monev Pengembangan Kompetensi KPA, PPK, PPSPM, Bendahara dan Pengelola Perbendaharaan^|0|^^|0|^^|^^|9|0|^00^|^^|0|0
^2026^|^01^|^527336^|^015^|^08^|^CD^|^6213^|^FAE^|^03^|^10^|^2^|^009^|^Rekomendasi atas Kinerja Investasi Pemerintah^|0|^^|0|^^|^^|2|0|^00^|^^|0|0
^2026^|^01^|^527336^|^015^|^08^|^CD^|^6213^|^FAL^|^03^|^10^|^2^|^003^|^Reviu Belanja Pemerintah^|0|^^|0|^^|^^|1|0|^11^|^^|0|0
^2026^|^01^|^527336^|^015^|^08^|^CD^|^6214^|^FAL^|^03^|^10^|^2^|^002^|^Surat Perintah Pencairan/Penarikan/Repayment/Pengesahan Dana^|0|^^|0|^^|^^|1800|0|^11^|^^|0|0
^2026^|^01^|^527336^|^015^|^08^|^CD^|^6215^|^FAH^|^03^|^10^|^2^|^003^|^Laporan Keuangan BUN^|0|^^|0|^^|^^|4|0|^11^|^^|0|0
^2026^|^01^|^527336^|^015^|^08^|^WA^|^4715^|^EBA^|^03^|^10^|^2^|^001^|^Kerumahtanggaan^|0|^^|0|^^|^^|12|0|^00^|^^|0|0
^2026^|^01^|^527336^|^015^|^08^|^WA^|^4715^|^EBA^|^03^|^10^|^2^|^994^|^Layanan Perkantoran^|0|^^|0|^^|^^|12|0|^00^|^^|0|0
^2026^|^01^|^527336^|^015^|^08^|^WA^|^4715^|^EBA^|^03^|^10^|^2^|^002^|^Dukungan Pimpinan dan Keprotokoleran^|0|^^|0|^^|^^|12|0|^00^|^^|0|0
^2026^|^01^|^527336^|^015^|^08^|^WA^|^4715^|^EBD^|^03^|^10^|^2^|^Z36^|^Dokumen Pengelolaan Kinerja Organisasi^|0|^^|0|^^|^^|2|0|^00^|^^|0|0
^2026^|^01^|^527336^|^015^|^08^|^WA^|^4718^|^BMB^|^03^|^10^|^2^|^002^|^Kehumasan^|0|^^|0|^^|^^|1|0|^00^|^^|0|0
^2026^|^01^|^527336^|^015^|^08^|^WA^|^4718^|^BMB^|^03^|^10^|^2^|^001^|^Pembinaan/Edukasi Publik^|0|^^|0|^^|^^|2|0|^00^|^^|0|0
^2026^|^01^|^527336^|^015^|^08^|^WA^|^4719^|^EBA^|^03^|^10^|^2^|^994^|^Layanan Perkantoran^|0|^^|0|^^|^^|12|0|^00^|^^|0|0
^2026^|^01^|^527336^|^015^|^08^|^WA^|^4719^|^EBA^|^03^|^10^|^2^|^004^|^Hasil Survey/Rekomendasi Kepuasan Pengguna Layanan^|0|^^|0|^^|^^|2|0|^00^|^^|0|0
^2026^|^01^|^527336^|^015^|^08^|^WA^|^4719^|^EBC^|^03^|^10^|^2^|^001^|^Pengembangan SDM^|0|^^|0|^^|^^|16|0|^00^|^^|0|0
^2026^|^01^|^527322^|^015^|^08^|^CD^|^6212^|^BMB^|^03^|^09^|^2^|^001^|^Dukungan Pemberdayaan UMKM untuk Inklusi Pemanfaatan Digipay^|0|^^|0|^^|^^|1|0|^00^|^^|0|0
^2026^|^01^|^527322^|^015^|^08^|^CD^|^6212^|^FAC^|^03^|^09^|^2^|^001^|^Komunikasi dan Edukasi Implementasi Aplikasi^|0|^^|0|^^|^^|30|0|^00^|^^|0|0
^2026^|^01^|^527322^|^015^|^08^|^CD^|^6212^|^FAH^|^03^|^09^|^2^|^001^|^Edukasi Dalam Rangka Penyusunan Laporan Keuangan Tingkat Kuasa BUN^|0|^^|0|^^|^^|4|0|^00^|^^|0|0
^2026^|^01^|^527322^|^015^|^08^|^CD^|^6212^|^FAL^|^03^|^09^|^2^|^004^|^Konsultasi Pencairan Dana^|0|^^|0|^^|^^|9|0|^00^|^^|0|0
^2026^|^01^|^527322^|^015^|^08^|^CD^|^6213^|^FAC^|^03^|^09^|^2^|^001^|^Monev Pengembangan Kompetensi KPA, PPK, PPSPM, Bendahara dan Pengelola Perbendaharaan^|0|^^|0|^^|^^|9|0|^00^|^^|0|0
^2026^|^01^|^527322^|^015^|^08^|^CD^|^6213^|^FAE^|^03^|^09^|^2^|^009^|^Rekomendasi atas Kinerja Investasi Pemerintah^|0|^^|0|^^|^^|2|0|^00^|^^|0|0
^2026^|^01^|^527322^|^015^|^08^|^CD^|^6213^|^FAL^|^03^|^09^|^2^|^003^|^Reviu Belanja Pemerintah^|0|^^|0|^^|^^|1|0|^00^|^^|0|0
^2026^|^01^|^527322^|^015^|^08^|^CD^|^6214^|^FAL^|^03^|^09^|^2^|^002^|^Surat Perintah Pencairan/Penarikan/Repayment/Pengesahan Dana^|0|^^|0|^^|^^|1344|0|^00^|^^|0|0
^2026^|^01^|^527322^|^015^|^08^|^CD^|^6215^|^FAH^|^03^|^09^|^2^|^003^|^Laporan Keuangan BUN^|0|^^|0|^^|^^|4|0|^00^|^^|0|0
^2026^|^01^|^527322^|^015^|^08^|^WA^|^4715^|^EBA^|^03^|^09^|^2^|^001^|^Kerumahtanggaan^|0|^^|0|^^|^^|12|0|^00^|^^|0|0
^2026^|^01^|^527322^|^015^|^08^|^WA^|^4715^|^EBA^|^03^|^09^|^2^|^994^|^Layanan Perkantoran^|0|^^|0|^^|^^|12|0|^00^|^^|0|0
^2026^|^01^|^527322^|^015^|^08^|^WA^|^4715^|^EBA^|^03^|^09^|^2^|^002^|^Dukungan Pimpinan dan Keprotokoleran^|0|^^|0|^^|^^|12|0|^00^|^^|0|0
^2026^|^01^|^527322^|^015^|^08^|^WA^|^4715^|^EBB^|^03^|^09^|^2^|^004^|^Gedung/Bangunan^|0|^^|0|^^|^^|160|0|^00^|^^|0|0
^2026^|^01^|^527322^|^015^|^08^|^WA^|^4715^|^EBD^|^03^|^09^|^2^|^Z36^|^Dokumen Pengelolaan Kinerja Organisasi^|0|^^|0|^^|^^|2|0|^00^|^^|0|0
^2026^|^01^|^527322^|^015^|^08^|^WA^|^4718^|^BMB^|^03^|^09^|^2^|^002^|^Kehumasan^|0|^^|0|^^|^^|1|0|^00^|^^|0|0
^2026^|^01^|^527322^|^015^|^08^|^WA^|^4718^|^BMB^|^03^|^09^|^2^|^001^|^Pembinaan/Edukasi Publik^|0|^^|0|^^|^^|2|0|^00^|^^|0|0
^2026^|^01^|^527322^|^015^|^08^|^WA^|^4719^|^EBA^|^03^|^09^|^2^|^994^|^Layanan Perkantoran^|0|^^|0|^^|^^|12|0|^00^|^^|0|0
^2026^|^01^|^527322^|^015^|^08^|^WA^|^4719^|^EBA^|^03^|^09^|^2^|^004^|^Hasil Survey/Rekomendasi Kepuasan Pengguna Layanan^|0|^^|0|^^|^^|2|0|^00^|^^|0|0
^2026^|^01^|^527322^|^015^|^08^|^WA^|^4719^|^EBC^|^03^|^09^|^2^|^001^|^Pengembangan SDM^|0|^^|0|^^|^^|22|0|^00^|^^|0|0
^2026^|^01^|^527340^|^015^|^08^|^CD^|^6212^|^BMB^|^03^|^55^|^2^|^001^|^Dukungan Pemberdayaan UMKM untuk Inklusi Pemanfaatan Digipay^|0|^^|0|^^|^^|1|0|^00^|^^|0|0
^2026^|^01^|^527340^|^015^|^08^|^CD^|^6212^|^FAC^|^03^|^55^|^2^|^001^|^Komunikasi dan Edukasi Implementasi Aplikasi^|0|^^|0|^^|^^|44|0|^00^|^^|0|0
^2026^|^01^|^527340^|^015^|^08^|^CD^|^6212^|^FAH^|^03^|^55^|^2^|^001^|^Edukasi Dalam Rangka Penyusunan Laporan Keuangan Tingkat Kuasa BUN^|0|^^|0|^^|^^|4|0|^00^|^^|0|0
^2026^|^01^|^527340^|^015^|^08^|^CD^|^6212^|^FAL^|^03^|^55^|^2^|^004^|^Konsultasi Pencairan Dana^|0|^^|0|^^|^^|9|0|^00^|^^|0|0
^2026^|^01^|^527340^|^015^|^08^|^CD^|^6213^|^FAC^|^03^|^55^|^2^|^001^|^Monev Pengembangan Kompetensi KPA, PPK, PPSPM, Bendahara dan Pengelola Perbendaharaan^|0|^^|0|^^|^^|9|0|^00^|^^|0|0
^2026^|^01^|^527340^|^015^|^08^|^CD^|^6213^|^FAE^|^03^|^55^|^2^|^009^|^Rekomendasi atas Kinerja Investasi Pemerintah^|0|^^|0|^^|^^|2|0|^00^|^^|0|0
^2026^|^01^|^527340^|^015^|^08^|^CD^|^6213^|^FAL^|^03^|^55^|^2^|^003^|^Reviu Belanja Pemerintah^|0|^^|0|^^|^^|1|0|^00^|^^|0|0
^2026^|^01^|^527340^|^015^|^08^|^CD^|^6214^|^FAL^|^03^|^55^|^2^|^002^|^Surat Perintah Pencairan/Penarikan/Repayment/Pengesahan Dana^|0|^^|0|^^|^^|1944|0|^00^|^^|0|0
^2026^|^01^|^527340^|^015^|^08^|^CD^|^6215^|^FAH^|^03^|^55^|^2^|^003^|^Laporan Keuangan BUN^|0|^^|0|^^|^^|4|0|^00^|^^|0|0
^2026^|^01^|^527340^|^015^|^08^|^WA^|^4715^|^EBA^|^03^|^55^|^2^|^001^|^Kerumahtanggaan^|0|^^|0|^^|^^|12|0|^00^|^^|0|0
^2026^|^01^|^527340^|^015^|^08^|^WA^|^4715^|^EBA^|^03^|^55^|^2^|^994^|^Layanan Perkantoran^|0|^^|0|^^|^^|12|0|^00^|^^|0|0
^2026^|^01^|^527340^|^015^|^08^|^WA^|^4715^|^EBA^|^03^|^55^|^2^|^002^|^Dukungan Pimpinan dan Keprotokoleran^|0|^^|0|^^|^^|12|0|^00^|^^|0|0
^2026^|^01^|^527340^|^015^|^08^|^WA^|^4715^|^EBB^|^03^|^55^|^2^|^002^|^Peralatan Fasilitas Perkantoran^|0|^^|0|^^|^^|10|0|^00^|^^|0|0
^2026^|^01^|^527340^|^015^|^08^|^WA^|^4715^|^EBD^|^03^|^55^|^2^|^Z36^|^Dokumen Pengelolaan Kinerja Organisasi^|0|^^|0|^^|^^|2|0|^00^|^^|0|0
^2026^|^01^|^527340^|^015^|^08^|^WA^|^4718^|^BMB^|^03^|^55^|^2^|^002^|^Kehumasan^|0|^^|0|^^|^^|1|0|^00^|^^|0|0
^2026^|^01^|^527340^|^015^|^08^|^WA^|^4718^|^BMB^|^03^|^55^|^2^|^001^|^Pembinaan/Edukasi Publik^|0|^^|0|^^|^^|2|0|^00^|^^|0|0
^2026^|^01^|^527340^|^015^|^08^|^WA^|^4719^|^EBA^|^03^|^55^|^2^|^994^|^Layanan Perkantoran^|0|^^|0|^^|^^|12|0|^00^|^^|0|0
^2026^|^01^|^527340^|^015^|^08^|^WA^|^4719^|^EBA^|^03^|^55^|^2^|^004^|^Hasil Survey/Rekomendasi Kepuasan Pengguna Layanan^|0|^^|0|^^|^^|2|0|^00^|^^|0|0
^2026^|^01^|^527340^|^015^|^08^|^WA^|^4719^|^EBC^|^03^|^55^|^2^|^001^|^Pengembangan SDM^|0|^^|0|^^|^^|31|0|^00^|^^|0|0
^2026^|^01^|^527357^|^015^|^08^|^CD^|^6212^|^BMB^|^03^|^54^|^2^|^001^|^Dukungan Pemberdayaan UMKM untuk Inklusi Pemanfaatan Digipay^|0|^^|0|^^|^^|1|0|^00^|^^|0|0
^2026^|^01^|^527357^|^015^|^08^|^CD^|^6212^|^FAC^|^03^|^54^|^2^|^001^|^Komunikasi dan Edukasi Implementasi Aplikasi^|0|^^|0|^^|^^|50|0|^00^|^^|0|0
^2026^|^01^|^527357^|^015^|^08^|^CD^|^6212^|^FAH^|^03^|^54^|^2^|^001^|^Edukasi Dalam Rangka Penyusunan Laporan Keuangan Tingkat Kuasa BUN^|0|^^|0|^^|^^|4|0|^00^|^^|0|0
^2026^|^01^|^527357^|^015^|^08^|^CD^|^6212^|^FAL^|^03^|^54^|^2^|^004^|^Konsultasi Pencairan Dana^|0|^^|0|^^|^^|9|0|^00^|^^|0|0
^2026^|^01^|^527357^|^015^|^08^|^CD^|^6213^|^FAC^|^03^|^54^|^2^|^001^|^Monev Pengembangan Kompetensi KPA, PPK, PPSPM, Bendahara dan Pengelola Perbendaharaan^|0|^^|0|^^|^^|10|0|^00^|^^|0|0
^2026^|^01^|^527357^|^015^|^08^|^CD^|^6213^|^FAE^|^03^|^54^|^2^|^009^|^Rekomendasi atas Kinerja Investasi Pemerintah^|0|^^|0|^^|^^|2|0|^00^|^^|0|0
^2026^|^01^|^527357^|^015^|^08^|^CD^|^6213^|^FAL^|^03^|^54^|^2^|^003^|^Reviu Belanja Pemerintah^|0|^^|0|^^|^^|1|0|^00^|^^|0|0
^2026^|^01^|^527357^|^015^|^08^|^CD^|^6214^|^FAL^|^03^|^54^|^2^|^002^|^Surat Perintah Pencairan/Penarikan/Repayment/Pengesahan Dana^|0|^^|0|^^|^^|2208|0|^00^|^^|0|0
^2026^|^01^|^527357^|^015^|^08^|^CD^|^6215^|^FAH^|^03^|^54^|^2^|^003^|^Laporan Keuangan BUN^|0|^^|0|^^|^^|4|0|^00^|^^|0|0
^2026^|^01^|^527357^|^015^|^08^|^WA^|^4715^|^EBA^|^03^|^54^|^2^|^001^|^Kerumahtanggaan^|0|^^|0|^^|^^|12|0|^00^|^^|0|0
^2026^|^01^|^527357^|^015^|^08^|^WA^|^4715^|^EBA^|^03^|^54^|^2^|^994^|^Layanan Perkantoran^|0|^^|0|^^|^^|12|0|^00^|^^|0|0
^2026^|^01^|^527357^|^015^|^08^|^WA^|^4715^|^EBA^|^03^|^54^|^2^|^002^|^Dukungan Pimpinan dan Keprotokoleran^|0|^^|0|^^|^^|12|0|^00^|^^|0|0
^2026^|^01^|^527357^|^015^|^08^|^WA^|^4715^|^EBD^|^03^|^54^|^2^|^Z36^|^Dokumen Pengelolaan Kinerja Organisasi^|0|^^|0|^^|^^|2|0|^00^|^^|0|0
^2026^|^01^|^527357^|^015^|^08^|^WA^|^4718^|^BMB^|^03^|^54^|^2^|^002^|^Kehumasan^|0|^^|0|^^|^^|1|0|^00^|^^|0|0
^2026^|^01^|^527357^|^015^|^08^|^WA^|^4718^|^BMB^|^03^|^54^|^2^|^001^|^Pembinaan/Edukasi Publik^|0|^^|0|^^|^^|2|0|^00^|^^|0|0
^2026^|^01^|^527357^|^015^|^08^|^WA^|^4719^|^EBA^|^03^|^54^|^2^|^994^|^Layanan Perkantoran^|0|^^|0|^^|^^|12|0|^00^|^^|0|0
^2026^|^01^|^527357^|^015^|^08^|^WA^|^4719^|^EBA^|^03^|^54^|^2^|^004^|^Hasil Survey/Rekomendasi Kepuasan Pengguna Layanan^|0|^^|0|^^|^^|2|0|^00^|^^|0|0
^2026^|^01^|^527357^|^015^|^08^|^WA^|^4719^|^EBC^|^03^|^54^|^2^|^001^|^Pengembangan SDM^|0|^^|0|^^|^^|22|0|^00^|^^|0|0
^2026^|^01^|^527361^|^015^|^08^|^CD^|^6212^|^BMB^|^03^|^16^|^2^|^001^|^Dukungan Pemberdayaan UMKM untuk Inklusi Pemanfaatan Digipay^|0|^^|0|^^|^^|1|0|^00^|^^|0|0
^2026^|^01^|^527361^|^015^|^08^|^CD^|^6212^|^FAC^|^03^|^16^|^2^|^001^|^Komunikasi dan Edukasi Implementasi Aplikasi^|0|^^|0|^^|^^|28|0|^00^|^^|0|0
^2026^|^01^|^527361^|^015^|^08^|^CD^|^6212^|^FAH^|^03^|^16^|^2^|^001^|^Edukasi Dalam Rangka Penyusunan Laporan Keuangan Tingkat Kuasa BUN^|0|^^|0|^^|^^|4|0|^00^|^^|0|0
^2026^|^01^|^527361^|^015^|^08^|^CD^|^6212^|^FAL^|^03^|^16^|^2^|^004^|^Konsultasi Pencairan Dana^|0|^^|0|^^|^^|10|0|^00^|^^|0|0
^2026^|^01^|^527361^|^015^|^08^|^CD^|^6213^|^FAC^|^03^|^16^|^2^|^001^|^Monev Pengembangan Kompetensi KPA, PPK, PPSPM, Bendahara dan Pengelola Perbendaharaan^|0|^^|0|^^|^^|10|0|^00^|^^|0|0
^2026^|^01^|^527361^|^015^|^08^|^CD^|^6213^|^FAE^|^03^|^16^|^2^|^009^|^Rekomendasi atas Kinerja Investasi Pemerintah^|0|^^|0|^^|^^|2|0|^00^|^^|0|0
^2026^|^01^|^527361^|^015^|^08^|^CD^|^6213^|^FAL^|^03^|^16^|^2^|^003^|^Reviu Belanja Pemerintah^|0|^^|0|^^|^^|1|0|^00^|^^|0|0
^2026^|^01^|^527361^|^015^|^08^|^CD^|^6214^|^FAL^|^03^|^16^|^2^|^002^|^Surat Perintah Pencairan/Penarikan/Repayment/Pengesahan Dana^|0|^^|0|^^|^^|1296|0|^00^|^^|0|0
^2026^|^01^|^527361^|^015^|^08^|^CD^|^6215^|^FAH^|^03^|^16^|^2^|^003^|^Laporan Keuangan BUN^|0|^^|0|^^|^^|4|0|^00^|^^|0|0
^2026^|^01^|^527361^|^015^|^08^|^WA^|^4715^|^EBA^|^03^|^16^|^2^|^001^|^Kerumahtanggaan^|0|^^|0|^^|^^|12|0|^00^|^^|0|0
^2026^|^01^|^527361^|^015^|^08^|^WA^|^4715^|^EBA^|^03^|^16^|^2^|^994^|^Layanan Perkantoran^|0|^^|0|^^|^^|12|0|^00^|^^|0|0
^2026^|^01^|^527361^|^015^|^08^|^WA^|^4715^|^EBA^|^03^|^16^|^2^|^002^|^Dukungan Pimpinan dan Keprotokoleran^|0|^^|0|^^|^^|12|0|^00^|^^|0|0
^2026^|^01^|^527361^|^015^|^08^|^WA^|^4715^|^EBB^|^03^|^16^|^2^|^002^|^Peralatan Fasilitas Perkantoran^|0|^^|0|^^|^^|6|0|^00^|^^|0|0
^2026^|^01^|^527361^|^015^|^08^|^WA^|^4715^|^EBD^|^03^|^16^|^2^|^Z36^|^Dokumen Pengelolaan Kinerja Organisasi^|0|^^|0|^^|^^|2|0|^00^|^^|0|0
^2026^|^01^|^527361^|^015^|^08^|^WA^|^4718^|^BMB^|^03^|^16^|^2^|^002^|^Kehumasan^|0|^^|0|^^|^^|1|0|^00^|^^|0|0
^2026^|^01^|^527361^|^015^|^08^|^WA^|^4718^|^BMB^|^03^|^16^|^2^|^001^|^Pembinaan/Edukasi Publik^|0|^^|0|^^|^^|2|0|^00^|^^|0|0
^2026^|^01^|^527361^|^015^|^08^|^WA^|^4719^|^EBA^|^03^|^16^|^2^|^994^|^Layanan Perkantoran^|0|^^|0|^^|^^|12|0|^00^|^^|0|0
^2026^|^01^|^527361^|^015^|^08^|^WA^|^4719^|^EBA^|^03^|^16^|^2^|^004^|^Hasil Survey/Rekomendasi Kepuasan Pengguna Layanan^|0|^^|0|^^|^^|2|0|^00^|^^|0|0
^2026^|^01^|^527361^|^015^|^08^|^WA^|^4719^|^EBC^|^03^|^16^|^2^|^001^|^Pengembangan SDM^|0|^^|0|^^|^^|14|0|^00^|^^|0|0
^2026^|^01^|^527399^|^015^|^08^|^CD^|^6212^|^BMB^|^04^|^51^|^2^|^001^|^Dukungan Pemberdayaan UMKM untuk Inklusi Pemanfaatan Digipay^|0|^^|0|^^|^^|1|0|^00^|^^|0|0
^2026^|^01^|^527399^|^015^|^08^|^CD^|^6212^|^FAC^|^04^|^51^|^2^|^001^|^Komunikasi dan Edukasi Implementasi Aplikasi^|0|^^|0|^^|^^|280|0|^00^|^^|0|0
^2026^|^01^|^527399^|^015^|^08^|^CD^|^6212^|^FAH^|^04^|^51^|^2^|^001^|^Edukasi Dalam Rangka Penyusunan Laporan Keuangan Tingkat Kuasa BUN^|0|^^|0|^^|^^|4|0|^00^|^^|0|0
^2026^|^01^|^527399^|^015^|^08^|^CD^|^6212^|^FAL^|^04^|^51^|^2^|^004^|^Konsultasi Pencairan Dana^|0|^^|0|^^|^^|9|0|^00^|^^|0|0
^2026^|^01^|^527399^|^015^|^08^|^CD^|^6213^|^FAC^|^04^|^51^|^2^|^001^|^Monev Pengembangan Kompetensi KPA, PPK, PPSPM, Bendahara dan Pengelola Perbendaharaan^|0|^^|0|^^|^^|9|0|^00^|^^|0|0
^2026^|^01^|^527399^|^015^|^08^|^CD^|^6213^|^FAE^|^04^|^51^|^2^|^009^|^Rekomendasi atas Kinerja Investasi Pemerintah^|0|^^|0|^^|^^|2|0|^00^|^^|0|0
^2026^|^01^|^527399^|^015^|^08^|^CD^|^6213^|^FAL^|^04^|^51^|^2^|^003^|^Reviu Belanja Pemerintah^|0|^^|0|^^|^^|1|0|^00^|^^|0|0
^2026^|^01^|^527399^|^015^|^08^|^CD^|^6214^|^FAL^|^04^|^51^|^2^|^002^|^Surat Perintah Pencairan/Penarikan/Repayment/Pengesahan Dana^|0|^^|0|^^|^^|6624|0|^00^|^^|0|0
^2026^|^01^|^527399^|^015^|^08^|^CD^|^6215^|^FAH^|^04^|^51^|^2^|^003^|^Laporan Keuangan BUN^|0|^^|0|^^|^^|4|0|^00^|^^|0|0
^2026^|^01^|^527399^|^015^|^08^|^WA^|^4715^|^EBA^|^04^|^51^|^2^|^001^|^Kerumahtanggaan^|0|^^|0|^^|^^|12|0|^00^|^^|0|0
^2026^|^01^|^527399^|^015^|^08^|^WA^|^4715^|^EBA^|^04^|^51^|^2^|^994^|^Layanan Perkantoran^|0|^^|0|^^|^^|12|0|^00^|^^|0|0
^2026^|^01^|^527399^|^015^|^08^|^WA^|^4715^|^EBA^|^04^|^51^|^2^|^002^|^Dukungan Pimpinan dan Keprotokoleran^|0|^^|0|^^|^^|12|0|^00^|^^|0|0
^2026^|^01^|^527399^|^015^|^08^|^WA^|^4715^|^EBD^|^04^|^51^|^2^|^Z36^|^Dokumen Pengelolaan Kinerja Organisasi^|0|^^|0|^^|^^|2|0|^00^|^^|0|0
^2026^|^01^|^527399^|^015^|^08^|^WA^|^4718^|^BMB^|^04^|^51^|^2^|^002^|^Kehumasan^|0|^^|0|^^|^^|1|0|^00^|^^|0|0
^2026^|^01^|^527399^|^015^|^08^|^WA^|^4718^|^BMB^|^04^|^51^|^2^|^001^|^Pembinaan/Edukasi Publik^|0|^^|0|^^|^^|2|0|^00^|^^|0|0
^2026^|^01^|^527399^|^015^|^08^|^WA^|^4719^|^EBA^|^04^|^51^|^2^|^994^|^Layanan Perkantoran^|0|^^|0|^^|^^|12|0|^00^|^^|0|0
^2026^|^01^|^527399^|^015^|^08^|^WA^|^4719^|^EBA^|^04^|^51^|^2^|^004^|^Hasil Survey/Rekomendasi Kepuasan Pengguna Layanan^|0|^^|0|^^|^^|2|0|^00^|^^|0|0
^2026^|^01^|^527399^|^015^|^08^|^WA^|^4719^|^EBC^|^04^|^51^|^2^|^001^|^Pengembangan SDM^|0|^^|0|^^|^^|32|0|^00^|^^|0|0
^2026^|^01^|^527425^|^015^|^08^|^CD^|^6212^|^BMB^|^05^|^51^|^2^|^001^|^Dukungan Pemberdayaan UMKM untuk Inklusi Pemanfaatan Digipay^|0|^^|0|^^|^^|1|0|^00^|^^|0|0
^2026^|^01^|^527425^|^015^|^08^|^CD^|^6212^|^FAC^|^05^|^51^|^2^|^001^|^Komunikasi dan Edukasi Implementasi Aplikasi^|0|^^|0|^^|^^|119|0|^00^|^^|0|0
^2026^|^01^|^527425^|^015^|^08^|^CD^|^6212^|^FAH^|^05^|^51^|^2^|^001^|^Edukasi Dalam Rangka Penyusunan Laporan Keuangan Tingkat Kuasa BUN^|0|^^|0|^^|^^|4|0|^00^|^^|0|0
^2026^|^01^|^527425^|^015^|^08^|^CD^|^6212^|^FAL^|^05^|^51^|^2^|^004^|^Konsultasi Pencairan Dana^|0|^^|0|^^|^^|9|0|^00^|^^|0|0
^2026^|^01^|^527425^|^015^|^08^|^CD^|^6213^|^FAC^|^05^|^51^|^2^|^001^|^Monev Pengembangan Kompetensi KPA, PPK, PPSPM, Bendahara dan Pengelola Perbendaharaan^|0|^^|0|^^|^^|9|0|^00^|^^|0|0
^2026^|^01^|^527425^|^015^|^08^|^CD^|^6213^|^FAE^|^05^|^51^|^2^|^009^|^Rekomendasi atas Kinerja Investasi Pemerintah^|0|^^|0|^^|^^|2|0|^00^|^^|0|0
^2026^|^01^|^527425^|^015^|^08^|^CD^|^6213^|^FAL^|^05^|^51^|^2^|^003^|^Reviu Belanja Pemerintah^|0|^^|0|^^|^^|1|0|^00^|^^|0|0
^2026^|^01^|^527425^|^015^|^08^|^CD^|^6214^|^FAL^|^05^|^51^|^2^|^002^|^Surat Perintah Pencairan/Penarikan/Repayment/Pengesahan Dana^|0|^^|0|^^|^^|2832|0|^00^|^^|0|0
^2026^|^01^|^527425^|^015^|^08^|^CD^|^6215^|^FAH^|^05^|^51^|^2^|^003^|^Laporan Keuangan BUN^|0|^^|0|^^|^^|4|0|^00^|^^|0|0
^2026^|^01^|^527425^|^015^|^08^|^WA^|^4715^|^EBA^|^05^|^51^|^2^|^001^|^Kerumahtanggaan^|0|^^|0|^^|^^|12|0|^00^|^^|0|0
^2026^|^01^|^527425^|^015^|^08^|^WA^|^4715^|^EBA^|^05^|^51^|^2^|^994^|^Layanan Perkantoran^|0|^^|0|^^|^^|12|0|^00^|^^|0|0
^2026^|^01^|^527425^|^015^|^08^|^WA^|^4715^|^EBA^|^05^|^51^|^2^|^002^|^Dukungan Pimpinan dan Keprotokoleran^|0|^^|0|^^|^^|12|0|^00^|^^|0|0
^2026^|^01^|^527425^|^015^|^08^|^WA^|^4715^|^EBD^|^05^|^51^|^2^|^Z36^|^Dokumen Pengelolaan Kinerja Organisasi^|0|^^|0|^^|^^|2|0|^00^|^^|0|0
^2026^|^01^|^527425^|^015^|^08^|^WA^|^4718^|^BMB^|^05^|^51^|^2^|^002^|^Kehumasan^|0|^^|0|^^|^^|1|0|^00^|^^|0|0
^2026^|^01^|^527425^|^015^|^08^|^WA^|^4718^|^BMB^|^05^|^51^|^2^|^001^|^Pembinaan/Edukasi Publik^|0|^^|0|^^|^^|2|0|^00^|^^|0|0
^2026^|^01^|^527425^|^015^|^08^|^WA^|^4719^|^EBA^|^05^|^51^|^2^|^994^|^Layanan Perkantoran^|0|^^|0|^^|^^|12|0|^00^|^^|0|0
^2026^|^01^|^527425^|^015^|^08^|^WA^|^4719^|^EBA^|^05^|^51^|^2^|^004^|^Hasil Survey/Rekomendasi Kepuasan Pengguna Layanan^|0|^^|0|^^|^^|2|0|^00^|^^|0|0
^2026^|^01^|^527425^|^015^|^08^|^WA^|^4719^|^EBC^|^05^|^51^|^2^|^001^|^Pengembangan SDM^|0|^^|0|^^|^^|26|0|^00^|^^|0|0
^2026^|^01^|^527446^|^015^|^08^|^CD^|^6212^|^BMB^|^05^|^57^|^2^|^001^|^Dukungan Pemberdayaan UMKM untuk Inklusi Pemanfaatan Digipay^|0|^^|0|^^|^^|1|0|^00^|^^|0|0
^2026^|^01^|^527446^|^015^|^08^|^CD^|^6212^|^FAC^|^05^|^57^|^2^|^001^|^Komunikasi dan Edukasi Implementasi Aplikasi^|0|^^|0|^^|^^|124|0|^00^|^^|0|0
^2026^|^01^|^527446^|^015^|^08^|^CD^|^6212^|^FAH^|^05^|^57^|^2^|^001^|^Edukasi Dalam Rangka Penyusunan Laporan Keuangan Tingkat Kuasa BUN^|0|^^|0|^^|^^|4|0|^00^|^^|0|0
^2026^|^01^|^527446^|^015^|^08^|^CD^|^6212^|^FAL^|^05^|^57^|^2^|^004^|^Konsultasi Pencairan Dana^|0|^^|0|^^|^^|9|0|^00^|^^|0|0
^2026^|^01^|^527446^|^015^|^08^|^CD^|^6213^|^FAC^|^05^|^57^|^2^|^001^|^Monev Pengembangan Kompetensi KPA, PPK, PPSPM, Bendahara dan Pengelola Perbendaharaan^|0|^^|0|^^|^^|10|0|^00^|^^|0|0
^2026^|^01^|^527446^|^015^|^08^|^CD^|^6213^|^FAE^|^05^|^57^|^2^|^009^|^Rekomendasi atas Kinerja Investasi Pemerintah^|0|^^|0|^^|^^|2|0|^00^|^^|0|0
^2026^|^01^|^527446^|^015^|^08^|^CD^|^6213^|^FAL^|^05^|^57^|^2^|^003^|^Reviu Belanja Pemerintah^|0|^^|0|^^|^^|1|0|^00^|^^|0|0
^2026^|^01^|^527446^|^015^|^08^|^CD^|^6214^|^FAL^|^05^|^57^|^2^|^002^|^Surat Perintah Pencairan/Penarikan/Repayment/Pengesahan Dana^|0|^^|0|^^|^^|2880|0|^00^|^^|0|0
^2026^|^01^|^527446^|^015^|^08^|^CD^|^6215^|^FAH^|^05^|^57^|^2^|^003^|^Laporan Keuangan BUN^|0|^^|0|^^|^^|4|0|^00^|^^|0|0
^2026^|^01^|^527446^|^015^|^08^|^WA^|^4715^|^EBA^|^05^|^57^|^2^|^001^|^Kerumahtanggaan^|0|^^|0|^^|^^|12|0|^00^|^^|0|0
^2026^|^01^|^527446^|^015^|^08^|^WA^|^4715^|^EBA^|^05^|^57^|^2^|^994^|^Layanan Perkantoran^|0|^^|0|^^|^^|12|0|^00^|^^|0|0
^2026^|^01^|^527446^|^015^|^08^|^WA^|^4715^|^EBA^|^05^|^57^|^2^|^002^|^Dukungan Pimpinan dan Keprotokoleran^|0|^^|0|^^|^^|12|0|^00^|^^|0|0
^2026^|^01^|^527446^|^015^|^08^|^WA^|^4715^|^EBD^|^05^|^57^|^2^|^Z36^|^Dokumen Pengelolaan Kinerja Organisasi^|0|^^|0|^^|^^|2|0|^00^|^^|0|0
^2026^|^01^|^527446^|^015^|^08^|^WA^|^4718^|^BMB^|^05^|^57^|^2^|^002^|^Kehumasan^|0|^^|0|^^|^^|1|0|^00^|^^|0|0
^2026^|^01^|^527446^|^015^|^08^|^WA^|^4718^|^BMB^|^05^|^57^|^2^|^001^|^Pembinaan/Edukasi Publik^|0|^^|0|^^|^^|2|0|^00^|^^|0|0
^2026^|^01^|^527446^|^015^|^08^|^WA^|^4719^|^EBA^|^05^|^57^|^2^|^004^|^Hasil Survey/Rekomendasi Kepuasan Pengguna Layanan^|0|^^|0|^^|^^|2|0|^00^|^^|0|0
^2026^|^01^|^527446^|^015^|^08^|^WA^|^4719^|^EBA^|^05^|^57^|^2^|^994^|^Layanan Perkantoran^|0|^^|0|^^|^^|12|0|^00^|^^|0|0
^2026^|^01^|^527446^|^015^|^08^|^WA^|^4719^|^EBC^|^05^|^57^|^2^|^001^|^Pengembangan SDM^|0|^^|0|^^|^^|21|0|^00^|^^|0|0
^2026^|^01^|^527411^|^015^|^08^|^CD^|^6212^|^BMB^|^05^|^51^|^2^|^001^|^Dukungan Pemberdayaan UMKM untuk Inklusi Pemanfaatan Digipay^|0|^^|0|^^|^^|1|0|^00^|^^|0|0
^2026^|^01^|^527411^|^015^|^08^|^CD^|^6212^|^FAC^|^05^|^51^|^2^|^002^|^Bimbingan Teknis Pengelola Keuangan BLU^|0|^^|0|^^|^^|1111|0|^00^|^^|0|0
^2026^|^01^|^527411^|^015^|^08^|^CD^|^6212^|^FAH^|^05^|^51^|^2^|^003^|^Komunikasi dan Edukasi Penyusunan LKKL dan LKBUN^|0|^^|0|^^|^^|4|0|^00^|^^|0|0
^2026^|^01^|^527411^|^015^|^08^|^CD^|^6212^|^FAH^|^05^|^51^|^2^|^002^|^Komunikasi dan Edukasi Dalam Rangka Penyusunan Government Financial Statistic (GFS)^|0|^^|0|^^|^^|6|0|^00^|^^|0|0
^2026^|^01^|^527411^|^015^|^08^|^CD^|^6212^|^FAL^|^05^|^51^|^2^|^001^|^Pembinaan Pelaksanaan Anggaran^|0|^^|0|^^|^^|8|0|^00^|^^|0|0
^2026^|^01^|^527411^|^015^|^08^|^CD^|^6213^|^ABA^|^05^|^51^|^2^|^001^|^Kajian atas Peluang Investasi dan Pinjaman Daerah^|0|^^|0|^^|^^|2|0|^00^|^^|0|0
^2026^|^01^|^527411^|^015^|^08^|^CD^|^6213^|^FAE^|^05^|^51^|^2^|^009^|^Rekomendasi atas Kinerja Investasi Pemerintah^|0|^^|0|^^|^^|2|0|^00^|^^|0|0
^2026^|^01^|^527411^|^015^|^08^|^CD^|^6213^|^FAE^|^05^|^51^|^2^|^008^|^ALCo Regional^|0|^^|0|^^|^^|4|0|^00^|^^|0|0
^2026^|^01^|^527411^|^015^|^08^|^CD^|^6213^|^FAL^|^05^|^51^|^2^|^003^|^Reviu Belanja Pemerintah^|0|^^|0|^^|^^|4|0|^00^|^^|0|0
^2026^|^01^|^527411^|^015^|^08^|^CD^|^6215^|^FAH^|^05^|^51^|^2^|^003^|^Laporan Keuangan BUN^|0|^^|0|^^|^^|4|0|^00^|^^|0|0
^2026^|^01^|^527411^|^015^|^08^|^CD^|^6215^|^FAH^|^05^|^51^|^2^|^001^|^Government Financial Statistic (GFS)^|0|^^|0|^^|^^|4|0|^00^|^^|0|0
^2026^|^01^|^527411^|^015^|^08^|^CD^|^6216^|^FAE^|^05^|^51^|^2^|^002^|^Rekomendasi Tarif Standar Biaya Masukan^|0|^^|0|^^|^^|2|0|^00^|^^|0|0
^2026^|^01^|^527411^|^015^|^08^|^WA^|^4715^|^EBA^|^05^|^51^|^2^|^001^|^Kerumahtanggaan^|0|^^|0|^^|^^|12|0|^00^|^^|0|0
^2026^|^01^|^527411^|^015^|^08^|^WA^|^4715^|^EBA^|^05^|^51^|^2^|^994^|^Layanan Perkantoran^|0|^^|0|^^|^^|12|0|^00^|^^|0|0
^2026^|^01^|^527411^|^015^|^08^|^WA^|^4715^|^EBA^|^05^|^51^|^2^|^002^|^Dukungan Pimpinan dan Keprotokoleran^|0|^^|0|^^|^^|12|0|^00^|^^|0|0
^2026^|^01^|^527411^|^015^|^08^|^WA^|^4715^|^EBB^|^05^|^51^|^2^|^004^|^Gedung/Bangunan^|0|^^|0|^^|^^|104|0|^00^|^^|0|0
^2026^|^01^|^527411^|^015^|^08^|^WA^|^4715^|^EBB^|^05^|^51^|^2^|^002^|^Peralatan Fasilitas Perkantoran^|0|^^|0|^^|^^|2|0|^00^|^^|0|0
^2026^|^01^|^527411^|^015^|^08^|^WA^|^4715^|^EBD^|^05^|^51^|^2^|^Z36^|^Dokumen Pengelolaan Kinerja Organisasi^|0|^^|0|^^|^^|4|0|^00^|^^|0|0
^2026^|^01^|^527411^|^015^|^08^|^WA^|^4715^|^EBD^|^05^|^51^|^2^|^Z26^|^Laporan Keuangan Unit^|0|^^|0|^^|^^|2|0|^00^|^^|0|0
^2026^|^01^|^527411^|^015^|^08^|^WA^|^4718^|^BMB^|^05^|^51^|^2^|^002^|^Kehumasan^|0|^^|0|^^|^^|4|0|^00^|^^|0|0
^2026^|^01^|^527411^|^015^|^08^|^WA^|^4718^|^BMB^|^05^|^51^|^2^|^001^|^Pembinaan/Edukasi Publik^|0|^^|0|^^|^^|2|0|^00^|^^|0|0
^2026^|^01^|^527411^|^015^|^08^|^WA^|^4719^|^EBA^|^05^|^51^|^2^|^003^|^Rekomendasi Pengelolaan Organisasi^|0|^^|0|^^|^^|25|0|^00^|^^|0|0
^2026^|^01^|^527411^|^015^|^08^|^WA^|^4719^|^EBA^|^05^|^51^|^2^|^994^|^Layanan Perkantoran^|0|^^|0|^^|^^|12|0|^00^|^^|0|0
^2026^|^01^|^527411^|^015^|^08^|^WA^|^4719^|^EBA^|^05^|^51^|^2^|^005^|^Standar Mutu Layanan - ISO Mutu Layanan^|0|^^|0|^^|^^|26|0|^00^|^^|0|0
^2026^|^01^|^527411^|^015^|^08^|^WA^|^4719^|^EBC^|^05^|^51^|^2^|^001^|^Pengembangan SDM^|0|^^|0|^^|^^|65|0|^00^|^^|0|0
^2026^|^01^|^527411^|^015^|^08^|^WA^|^4722^|^EBD^|^05^|^51^|^2^|^001^|^Rekomendasi Penerapan Pengelolaan Risiko, Pengendalian dan Pengawasan Internal^|0|^^|0|^^|^^|2|0|^00^|^^|0|0
^2026^|^01^|^527432^|^015^|^08^|^CD^|^6212^|^BMB^|^05^|^53^|^2^|^001^|^Dukungan Pemberdayaan UMKM untuk Inklusi Pemanfaatan Digipay^|0|^^|0|^^|^^|1|0|^00^|^^|0|0
^2026^|^01^|^527432^|^015^|^08^|^CD^|^6212^|^FAC^|^05^|^53^|^2^|^001^|^Komunikasi dan Edukasi Implementasi Aplikasi^|0|^^|0|^^|^^|168|0|^00^|^^|0|0
^2026^|^01^|^527432^|^015^|^08^|^CD^|^6212^|^FAH^|^05^|^53^|^2^|^001^|^Edukasi Dalam Rangka Penyusunan Laporan Keuangan Tingkat Kuasa BUN^|0|^^|0|^^|^^|4|0|^00^|^^|0|0
^2026^|^01^|^527432^|^015^|^08^|^CD^|^6212^|^FAL^|^05^|^53^|^2^|^004^|^Konsultasi Pencairan Dana^|0|^^|0|^^|^^|9|0|^00^|^^|0|0
^2026^|^01^|^527432^|^015^|^08^|^CD^|^6213^|^FAC^|^05^|^53^|^2^|^001^|^Monev Pengembangan Kompetensi KPA, PPK, PPSPM, Bendahara dan Pengelola Perbendaharaan^|0|^^|0|^^|^^|9|0|^00^|^^|0|0
^2026^|^01^|^527432^|^015^|^08^|^CD^|^6213^|^FAE^|^05^|^53^|^2^|^009^|^Rekomendasi atas Kinerja Investasi Pemerintah^|0|^^|0|^^|^^|2|0|^00^|^^|0|0
^2026^|^01^|^527432^|^015^|^08^|^CD^|^6213^|^FAL^|^05^|^53^|^2^|^003^|^Reviu Belanja Pemerintah^|0|^^|0|^^|^^|1|0|^00^|^^|0|0
^2026^|^01^|^527432^|^015^|^08^|^CD^|^6214^|^FAL^|^05^|^53^|^2^|^002^|^Surat Perintah Pencairan/Penarikan/Repayment/Pengesahan Dana^|0|^^|0|^^|^^|3912|0|^00^|^^|0|0
^2026^|^01^|^527432^|^015^|^08^|^CD^|^6215^|^FAH^|^05^|^53^|^2^|^003^|^Laporan Keuangan BUN^|0|^^|0|^^|^^|4|0|^00^|^^|0|0
^2026^|^01^|^527432^|^015^|^08^|^WA^|^4715^|^EBA^|^05^|^53^|^2^|^001^|^Kerumahtanggaan^|0|^^|0|^^|^^|12|0|^00^|^^|0|0
^2026^|^01^|^527432^|^015^|^08^|^WA^|^4715^|^EBA^|^05^|^53^|^2^|^994^|^Layanan Perkantoran^|0|^^|0|^^|^^|12|0|^00^|^^|0|0
^2026^|^01^|^527432^|^015^|^08^|^WA^|^4715^|^EBA^|^05^|^53^|^2^|^002^|^Dukungan Pimpinan dan Keprotokoleran^|0|^^|0|^^|^^|12|0|^00^|^^|0|0
^2026^|^01^|^527432^|^015^|^08^|^WA^|^4715^|^EBD^|^05^|^53^|^2^|^Z36^|^Dokumen Pengelolaan Kinerja Organisasi^|0|^^|0|^^|^^|2|0|^00^|^^|0|0
^2026^|^01^|^527432^|^015^|^08^|^WA^|^4718^|^BMB^|^05^|^53^|^2^|^002^|^Kehumasan^|0|^^|0|^^|^^|1|0|^00^|^^|0|0
^2026^|^01^|^527432^|^015^|^08^|^WA^|^4718^|^BMB^|^05^|^53^|^2^|^001^|^Pembinaan/Edukasi Publik^|0|^^|0|^^|^^|2|0|^00^|^^|0|0
^2026^|^01^|^527432^|^015^|^08^|^WA^|^4719^|^EBA^|^05^|^53^|^2^|^994^|^Layanan Perkantoran^|0|^^|0|^^|^^|12|0|^00^|^^|0|0
^2026^|^01^|^527432^|^015^|^08^|^WA^|^4719^|^EBA^|^05^|^53^|^2^|^004^|^Hasil Survey/Rekomendasi Kepuasan Pengguna Layanan^|0|^^|0|^^|^^|2|0|^00^|^^|0|0
^2026^|^01^|^527432^|^015^|^08^|^WA^|^4719^|^EBC^|^05^|^53^|^2^|^001^|^Pengembangan SDM^|0|^^|0|^^|^^|34|0|^00^|^^|0|0
^2026^|^01^|^527500^|^015^|^08^|^CD^|^6212^|^BMB^|^05^|^52^|^2^|^001^|^Dukungan Pemberdayaan UMKM untuk Inklusi Pemanfaatan Digipay^|0|^^|0|^^|^^|1|0|^00^|^^|0|0
^2026^|^01^|^527500^|^015^|^08^|^CD^|^6212^|^FAC^|^05^|^52^|^2^|^001^|^Komunikasi dan Edukasi Implementasi Aplikasi^|0|^^|0|^^|^^|48|0|^00^|^^|0|0
^2026^|^01^|^527500^|^015^|^08^|^CD^|^6212^|^FAH^|^05^|^52^|^2^|^001^|^Edukasi Dalam Rangka Penyusunan Laporan Keuangan Tingkat Kuasa BUN^|0|^^|0|^^|^^|4|0|^00^|^^|0|0
^2026^|^01^|^527500^|^015^|^08^|^CD^|^6212^|^FAL^|^05^|^52^|^2^|^004^|^Konsultasi Pencairan Dana^|0|^^|0|^^|^^|8|0|^00^|^^|0|0
^2026^|^01^|^527500^|^015^|^08^|^CD^|^6213^|^FAC^|^05^|^52^|^2^|^001^|^Monev Pengembangan Kompetensi KPA, PPK, PPSPM, Bendahara dan Pengelola Perbendaharaan^|0|^^|0|^^|^^|8|0|^00^|^^|0|0
^2026^|^01^|^527500^|^015^|^08^|^CD^|^6213^|^FAE^|^05^|^52^|^2^|^009^|^Rekomendasi atas Kinerja Investasi Pemerintah^|0|^^|0|^^|^^|2|0|^00^|^^|0|0
^2026^|^01^|^527500^|^015^|^08^|^CD^|^6213^|^FAL^|^05^|^52^|^2^|^003^|^Reviu Belanja Pemerintah^|0|^^|0|^^|^^|1|0|^00^|^^|0|0
^2026^|^01^|^527500^|^015^|^08^|^CD^|^6214^|^FAL^|^05^|^52^|^2^|^002^|^Surat Perintah Pencairan/Penarikan/Repayment/Pengesahan Dana^|0|^^|0|^^|^^|2136|0|^00^|^^|0|0
^2026^|^01^|^527500^|^015^|^08^|^CD^|^6215^|^FAH^|^05^|^52^|^2^|^003^|^Laporan Keuangan BUN^|0|^^|0|^^|^^|4|0|^00^|^^|0|0
^2026^|^01^|^527500^|^015^|^08^|^WA^|^4715^|^EBA^|^05^|^52^|^2^|^001^|^Kerumahtanggaan^|0|^^|0|^^|^^|12|0|^00^|^^|0|0
^2026^|^01^|^527500^|^015^|^08^|^WA^|^4715^|^EBA^|^05^|^52^|^2^|^994^|^Layanan Perkantoran^|0|^^|0|^^|^^|12|0|^00^|^^|0|0
^2026^|^01^|^527500^|^015^|^08^|^WA^|^4715^|^EBA^|^05^|^52^|^2^|^002^|^Dukungan Pimpinan dan Keprotokoleran^|0|^^|0|^^|^^|12|0|^00^|^^|0|0
^2026^|^01^|^527500^|^015^|^08^|^WA^|^4715^|^EBD^|^05^|^52^|^2^|^Z36^|^Dokumen Pengelolaan Kinerja Organisasi^|0|^^|0|^^|^^|2|0|^00^|^^|0|0
^2026^|^01^|^527500^|^015^|^08^|^WA^|^4718^|^BMB^|^05^|^52^|^2^|^002^|^Kehumasan^|0|^^|0|^^|^^|1|0|^00^|^^|0|0
^2026^|^01^|^527500^|^015^|^08^|^WA^|^4718^|^BMB^|^05^|^52^|^2^|^001^|^Pembinaan/Edukasi Publik^|0|^^|0|^^|^^|2|0|^00^|^^|0|0
^2026^|^01^|^527500^|^015^|^08^|^WA^|^4719^|^EBA^|^05^|^52^|^2^|^994^|^Layanan Perkantoran^|0|^^|0|^^|^^|12|0|^00^|^^|0|0
^2026^|^01^|^527500^|^015^|^08^|^WA^|^4719^|^EBA^|^05^|^52^|^2^|^004^|^Hasil Survey/Rekomendasi Kepuasan Pengguna Layanan^|0|^^|0|^^|^^|2|0|^00^|^^|0|0
^2026^|^01^|^527500^|^015^|^08^|^WA^|^4719^|^EBC^|^05^|^52^|^2^|^001^|^Pengembangan SDM^|0|^^|0|^^|^^|17|0|^00^|^^|0|0
^2026^|^01^|^527450^|^015^|^08^|^CD^|^6212^|^BMB^|^05^|^58^|^2^|^001^|^Dukungan Pemberdayaan UMKM untuk Inklusi Pemanfaatan Digipay^|0|^^|0|^^|^^|1|0|^00^|^^|0|0
^2026^|^01^|^527450^|^015^|^08^|^CD^|^6212^|^FAC^|^05^|^58^|^2^|^001^|^Komunikasi dan Edukasi Implementasi Aplikasi^|0|^^|0|^^|^^|129|0|^00^|^^|0|0
^2026^|^01^|^527450^|^015^|^08^|^CD^|^6212^|^FAH^|^05^|^58^|^2^|^001^|^Edukasi Dalam Rangka Penyusunan Laporan Keuangan Tingkat Kuasa BUN^|0|^^|0|^^|^^|4|0|^00^|^^|0|0
^2026^|^01^|^527450^|^015^|^08^|^CD^|^6212^|^FAL^|^05^|^58^|^2^|^004^|^Konsultasi Pencairan Dana^|0|^^|0|^^|^^|8|0|^00^|^^|0|0
^2026^|^01^|^527450^|^015^|^08^|^CD^|^6213^|^FAC^|^05^|^58^|^2^|^001^|^Monev Pengembangan Kompetensi KPA, PPK, PPSPM, Bendahara dan Pengelola Perbendaharaan^|0|^^|0|^^|^^|8|0|^00^|^^|0|0
^2026^|^01^|^527450^|^015^|^08^|^CD^|^6213^|^FAE^|^05^|^58^|^2^|^009^|^Rekomendasi atas Kinerja Investasi Pemerintah^|0|^^|0|^^|^^|2|0|^00^|^^|0|0
^2026^|^01^|^527450^|^015^|^08^|^CD^|^6213^|^FAL^|^05^|^58^|^2^|^003^|^Reviu Belanja Pemerintah^|0|^^|0|^^|^^|1|0|^00^|^^|0|0
^2026^|^01^|^527450^|^015^|^08^|^CD^|^6214^|^FAL^|^05^|^58^|^2^|^002^|^Surat Perintah Pencairan/Penarikan/Repayment/Pengesahan Dana^|0|^^|0|^^|^^|2343|0|^00^|^^|0|0
^2026^|^01^|^527450^|^015^|^08^|^CD^|^6215^|^FAH^|^05^|^58^|^2^|^003^|^Laporan Keuangan BUN^|0|^^|0|^^|^^|4|0|^00^|^^|0|0
^2026^|^01^|^527450^|^015^|^08^|^WA^|^4715^|^EBA^|^05^|^58^|^2^|^001^|^Kerumahtanggaan^|0|^^|0|^^|^^|12|0|^00^|^^|0|0
^2026^|^01^|^527450^|^015^|^08^|^WA^|^4715^|^EBA^|^05^|^58^|^2^|^994^|^Layanan Perkantoran^|0|^^|0|^^|^^|12|0|^00^|^^|0|0
^2026^|^01^|^527450^|^015^|^08^|^WA^|^4715^|^EBA^|^05^|^58^|^2^|^002^|^Dukungan Pimpinan dan Keprotokoleran^|0|^^|0|^^|^^|12|0|^00^|^^|0|0
^2026^|^01^|^527450^|^015^|^08^|^WA^|^4715^|^EBD^|^05^|^58^|^2^|^Z36^|^Dokumen Pengelolaan Kinerja Organisasi^|0|^^|0|^^|^^|2|0|^00^|^^|0|0
^2026^|^01^|^527450^|^015^|^08^|^WA^|^4718^|^BMB^|^05^|^58^|^2^|^002^|^Kehumasan^|0|^^|0|^^|^^|1|0|^00^|^^|0|0
^2026^|^01^|^527450^|^015^|^08^|^WA^|^4718^|^BMB^|^05^|^58^|^2^|^001^|^Pembinaan/Edukasi Publik^|0|^^|0|^^|^^|2|0|^00^|^^|0|0
^2026^|^01^|^527450^|^015^|^08^|^WA^|^4719^|^EBA^|^05^|^58^|^2^|^994^|^Layanan Perkantoran^|0|^^|0|^^|^^|12|0|^00^|^^|0|0
^2026^|^01^|^527450^|^015^|^08^|^WA^|^4719^|^EBA^|^05^|^58^|^2^|^004^|^Hasil Survey/Rekomendasi Kepuasan Pengguna Layanan^|0|^^|0|^^|^^|2|0|^00^|^^|0|0
^2026^|^01^|^527450^|^015^|^08^|^WA^|^4719^|^EBC^|^05^|^58^|^2^|^001^|^Pengembangan SDM^|0|^^|0|^^|^^|25|0|^00^|^^|0|0
^2026^|^01^|^527488^|^015^|^08^|^CD^|^6212^|^BMB^|^05^|^27^|^2^|^001^|^Dukungan Pemberdayaan UMKM untuk Inklusi Pemanfaatan Digipay^|0|^^|0|^^|^^|1|0|^00^|^^|0|0
^2026^|^01^|^527488^|^015^|^08^|^CD^|^6212^|^FAC^|^05^|^27^|^2^|^001^|^Komunikasi dan Edukasi Implementasi Aplikasi^|0|^^|0|^^|^^|29|0|^00^|^^|0|0
^2026^|^01^|^527488^|^015^|^08^|^CD^|^6212^|^FAH^|^05^|^27^|^2^|^001^|^Edukasi Dalam Rangka Penyusunan Laporan Keuangan Tingkat Kuasa BUN^|0|^^|0|^^|^^|4|0|^00^|^^|0|0
^2026^|^01^|^527488^|^015^|^08^|^CD^|^6212^|^FAL^|^05^|^27^|^2^|^004^|^Konsultasi Pencairan Dana^|0|^^|0|^^|^^|9|0|^00^|^^|0|0
^2026^|^01^|^527488^|^015^|^08^|^CD^|^6213^|^FAC^|^05^|^27^|^2^|^001^|^Monev Pengembangan Kompetensi KPA, PPK, PPSPM, Bendahara dan Pengelola Perbendaharaan^|0|^^|0|^^|^^|9|0|^00^|^^|0|0
^2026^|^01^|^527488^|^015^|^08^|^CD^|^6213^|^FAE^|^05^|^27^|^2^|^009^|^Rekomendasi atas Kinerja Investasi Pemerintah^|0|^^|0|^^|^^|2|0|^00^|^^|0|0
^2026^|^01^|^527488^|^015^|^08^|^CD^|^6213^|^FAL^|^05^|^27^|^2^|^003^|^Reviu Belanja Pemerintah^|0|^^|0|^^|^^|1|0|^00^|^^|0|0
^2026^|^01^|^527488^|^015^|^08^|^CD^|^6214^|^FAL^|^05^|^27^|^2^|^002^|^Surat Perintah Pencairan/Penarikan/Repayment/Pengesahan Dana^|0|^^|0|^^|^^|1296|0|^00^|^^|0|0
^2026^|^01^|^527488^|^015^|^08^|^CD^|^6215^|^FAH^|^05^|^27^|^2^|^003^|^Laporan Keuangan BUN^|0|^^|0|^^|^^|4|0|^00^|^^|0|0
^2026^|^01^|^527488^|^015^|^08^|^WA^|^4715^|^EBA^|^05^|^27^|^2^|^001^|^Kerumahtanggaan^|0|^^|0|^^|^^|12|0|^00^|^^|0|0
^2026^|^01^|^527488^|^015^|^08^|^WA^|^4715^|^EBA^|^05^|^27^|^2^|^994^|^Layanan Perkantoran^|0|^^|0|^^|^^|12|0|^00^|^^|0|0
^2026^|^01^|^527488^|^015^|^08^|^WA^|^4715^|^EBA^|^05^|^27^|^2^|^002^|^Dukungan Pimpinan dan Keprotokoleran^|0|^^|0|^^|^^|12|0|^00^|^^|0|0
^2026^|^01^|^527488^|^015^|^08^|^WA^|^4715^|^EBB^|^05^|^27^|^2^|^004^|^Gedung/Bangunan^|0|^^|0|^^|^^|1022|0|^00^|^^|0|0
^2026^|^01^|^527488^|^015^|^08^|^WA^|^4715^|^EBD^|^05^|^27^|^2^|^Z36^|^Dokumen Pengelolaan Kinerja Organisasi^|0|^^|0|^^|^^|2|0|^00^|^^|0|0
^2026^|^01^|^527488^|^015^|^08^|^WA^|^4718^|^BMB^|^05^|^27^|^2^|^002^|^Kehumasan^|0|^^|0|^^|^^|1|0|^00^|^^|0|0
^2026^|^01^|^527488^|^015^|^08^|^WA^|^4718^|^BMB^|^05^|^27^|^2^|^001^|^Pembinaan/Edukasi Publik^|0|^^|0|^^|^^|2|0|^00^|^^|0|0
^2026^|^01^|^527488^|^015^|^08^|^WA^|^4719^|^EBA^|^05^|^27^|^2^|^994^|^Layanan Perkantoran^|0|^^|0|^^|^^|12|0|^00^|^^|0|0
^2026^|^01^|^527488^|^015^|^08^|^WA^|^4719^|^EBA^|^05^|^27^|^2^|^004^|^Hasil Survey/Rekomendasi Kepuasan Pengguna Layanan^|0|^^|0|^^|^^|2|0|^00^|^^|0|0
^2026^|^01^|^527488^|^015^|^08^|^WA^|^4719^|^EBC^|^05^|^27^|^2^|^001^|^Pengembangan SDM^|0|^^|0|^^|^^|14|0|^00^|^^|0|0
^2026^|^01^|^527467^|^015^|^08^|^CD^|^6212^|^BMB^|^05^|^09^|^2^|^001^|^Dukungan Pemberdayaan UMKM untuk Inklusi Pemanfaatan Digipay^|0|^^|0|^^|^^|1|0|^00^|^^|0|0
^2026^|^01^|^527467^|^015^|^08^|^CD^|^6212^|^FAC^|^05^|^09^|^2^|^001^|^Komunikasi dan Edukasi Implementasi Aplikasi^|0|^^|0|^^|^^|47|0|^00^|^^|0|0
^2026^|^01^|^527467^|^015^|^08^|^CD^|^6212^|^FAH^|^05^|^09^|^2^|^001^|^Edukasi Dalam Rangka Penyusunan Laporan Keuangan Tingkat Kuasa BUN^|0|^^|0|^^|^^|4|0|^00^|^^|0|0
^2026^|^01^|^527467^|^015^|^08^|^CD^|^6212^|^FAL^|^05^|^09^|^2^|^004^|^Konsultasi Pencairan Dana^|0|^^|0|^^|^^|9|0|^00^|^^|0|0
^2026^|^01^|^527467^|^015^|^08^|^CD^|^6213^|^FAC^|^05^|^09^|^2^|^001^|^Monev Pengembangan Kompetensi KPA, PPK, PPSPM, Bendahara dan Pengelola Perbendaharaan^|0|^^|0|^^|^^|10|0|^00^|^^|0|0
^2026^|^01^|^527467^|^015^|^08^|^CD^|^6213^|^FAE^|^05^|^09^|^2^|^009^|^Rekomendasi atas Kinerja Investasi Pemerintah^|0|^^|0|^^|^^|2|0|^00^|^^|0|0
^2026^|^01^|^527467^|^015^|^08^|^CD^|^6213^|^FAL^|^05^|^09^|^2^|^003^|^Reviu Belanja Pemerintah^|0|^^|0|^^|^^|1|0|^00^|^^|0|0
^2026^|^01^|^527467^|^015^|^08^|^CD^|^6214^|^FAL^|^05^|^09^|^2^|^002^|^Surat Perintah Pencairan/Penarikan/Repayment/Pengesahan Dana^|0|^^|0|^^|^^|2040|0|^00^|^^|0|0
^2026^|^01^|^527467^|^015^|^08^|^CD^|^6215^|^FAH^|^05^|^09^|^2^|^003^|^Laporan Keuangan BUN^|0|^^|0|^^|^^|4|0|^00^|^^|0|0
^2026^|^01^|^527467^|^015^|^08^|^WA^|^4715^|^EBA^|^05^|^09^|^2^|^001^|^Kerumahtanggaan^|0|^^|0|^^|^^|12|0|^00^|^^|0|0
^2026^|^01^|^527467^|^015^|^08^|^WA^|^4715^|^EBA^|^05^|^09^|^2^|^994^|^Layanan Perkantoran^|0|^^|0|^^|^^|12|0|^00^|^^|0|0
^2026^|^01^|^527467^|^015^|^08^|^WA^|^4715^|^EBA^|^05^|^09^|^2^|^002^|^Dukungan Pimpinan dan Keprotokoleran^|0|^^|0|^^|^^|12|0|^00^|^^|0|0
^2026^|^01^|^527467^|^015^|^08^|^WA^|^4715^|^EBD^|^05^|^09^|^2^|^Z36^|^Dokumen Pengelolaan Kinerja Organisasi^|0|^^|0|^^|^^|2|0|^00^|^^|0|0
^2026^|^01^|^527467^|^015^|^08^|^WA^|^4718^|^BMB^|^05^|^09^|^2^|^002^|^Kehumasan^|0|^^|0|^^|^^|1|0|^00^|^^|0|0
^2026^|^01^|^527467^|^015^|^08^|^WA^|^4718^|^BMB^|^05^|^09^|^2^|^001^|^Pembinaan/Edukasi Publik^|0|^^|0|^^|^^|2|0|^00^|^^|0|0
^2026^|^01^|^527467^|^015^|^08^|^WA^|^4719^|^EBA^|^05^|^09^|^2^|^994^|^Layanan Perkantoran^|0|^^|0|^^|^^|12|0|^00^|^^|0|0
^2026^|^01^|^527467^|^015^|^08^|^WA^|^4719^|^EBA^|^05^|^09^|^2^|^004^|^Hasil Survey/Rekomendasi Kepuasan Pengguna Layanan^|0|^^|0|^^|^^|2|0|^00^|^^|0|0
^2026^|^01^|^527467^|^015^|^08^|^WA^|^4719^|^EBC^|^05^|^09^|^2^|^001^|^Pengembangan SDM^|0|^^|0|^^|^^|20|0|^00^|^^|0|0
^2026^|^01^|^527471^|^015^|^08^|^CD^|^6212^|^BMB^|^05^|^06^|^2^|^001^|^Dukungan Pemberdayaan UMKM untuk Inklusi Pemanfaatan Digipay^|0|^^|0|^^|^^|1|0|^00^|^^|0|0
^2026^|^01^|^527471^|^015^|^08^|^CD^|^6212^|^FAC^|^05^|^06^|^2^|^001^|^Komunikasi dan Edukasi Implementasi Aplikasi^|0|^^|0|^^|^^|104|0|^00^|^^|0|0
^2026^|^01^|^527471^|^015^|^08^|^CD^|^6212^|^FAH^|^05^|^06^|^2^|^001^|^Edukasi Dalam Rangka Penyusunan Laporan Keuangan Tingkat Kuasa BUN^|0|^^|0|^^|^^|4|0|^00^|^^|0|0
^2026^|^01^|^527471^|^015^|^08^|^CD^|^6212^|^FAL^|^05^|^06^|^2^|^004^|^Konsultasi Pencairan Dana^|0|^^|0|^^|^^|9|0|^00^|^^|0|0
^2026^|^01^|^527471^|^015^|^08^|^CD^|^6213^|^FAC^|^05^|^06^|^2^|^001^|^Monev Pengembangan Kompetensi KPA, PPK, PPSPM, Bendahara dan Pengelola Perbendaharaan^|0|^^|0|^^|^^|9|0|^00^|^^|0|0
^2026^|^01^|^527471^|^015^|^08^|^CD^|^6213^|^FAE^|^05^|^06^|^2^|^009^|^Rekomendasi atas Kinerja Investasi Pemerintah^|0|^^|0|^^|^^|2|0|^00^|^^|0|0
^2026^|^01^|^527471^|^015^|^08^|^CD^|^6213^|^FAL^|^05^|^06^|^2^|^003^|^Reviu Belanja Pemerintah^|0|^^|0|^^|^^|1|0|^00^|^^|0|0
^2026^|^01^|^527471^|^015^|^08^|^CD^|^6214^|^FAL^|^05^|^06^|^2^|^002^|^Surat Perintah Pencairan/Penarikan/Repayment/Pengesahan Dana^|0|^^|0|^^|^^|2400|0|^00^|^^|0|0
^2026^|^01^|^527471^|^015^|^08^|^CD^|^6215^|^FAH^|^05^|^06^|^2^|^003^|^Laporan Keuangan BUN^|0|^^|0|^^|^^|4|0|^00^|^^|0|0
^2026^|^01^|^527471^|^015^|^08^|^WA^|^4715^|^EBA^|^05^|^06^|^2^|^001^|^Kerumahtanggaan^|0|^^|0|^^|^^|12|0|^00^|^^|0|0
^2026^|^01^|^527471^|^015^|^08^|^WA^|^4715^|^EBA^|^05^|^06^|^2^|^994^|^Layanan Perkantoran^|0|^^|0|^^|^^|12|0|^00^|^^|0|0
^2026^|^01^|^527471^|^015^|^08^|^WA^|^4715^|^EBA^|^05^|^06^|^2^|^002^|^Dukungan Pimpinan dan Keprotokoleran^|0|^^|0|^^|^^|12|0|^00^|^^|0|0
^2026^|^01^|^527471^|^015^|^08^|^WA^|^4715^|^EBD^|^05^|^06^|^2^|^Z36^|^Dokumen Pengelolaan Kinerja Organisasi^|0|^^|0|^^|^^|2|0|^00^|^^|0|0
^2026^|^01^|^527471^|^015^|^08^|^WA^|^4718^|^BMB^|^05^|^06^|^2^|^002^|^Kehumasan^|0|^^|0|^^|^^|1|0|^00^|^^|0|0
^2026^|^01^|^527471^|^015^|^08^|^WA^|^4718^|^BMB^|^05^|^06^|^2^|^001^|^Pembinaan/Edukasi Publik^|0|^^|0|^^|^^|2|0|^00^|^^|0|0
^2026^|^01^|^527471^|^015^|^08^|^WA^|^4719^|^EBA^|^05^|^06^|^2^|^994^|^Layanan Perkantoran^|0|^^|0|^^|^^|12|0|^00^|^^|0|0
^2026^|^01^|^527471^|^015^|^08^|^WA^|^4719^|^EBA^|^05^|^06^|^2^|^004^|^Hasil Survey/Rekomendasi Kepuasan Pengguna Layanan^|0|^^|0|^^|^^|2|0|^00^|^^|0|0
^2026^|^01^|^527471^|^015^|^08^|^WA^|^4719^|^EBC^|^05^|^06^|^2^|^001^|^Pengembangan SDM^|0|^^|0|^^|^^|18|0|^00^|^^|0|0
^2026^|^01^|^527514^|^015^|^08^|^CD^|^6212^|^BMB^|^05^|^26^|^2^|^001^|^Dukungan Pemberdayaan UMKM untuk Inklusi Pemanfaatan Digipay^|0|^^|0|^^|^^|4|0|^00^|^^|0|0
^2026^|^01^|^527514^|^015^|^08^|^CD^|^6212^|^FAC^|^05^|^26^|^2^|^001^|^Komunikasi dan Edukasi Implementasi Aplikasi^|0|^^|0|^^|^^|24|0|^00^|^^|0|0
^2026^|^01^|^527514^|^015^|^08^|^CD^|^6212^|^FAH^|^05^|^26^|^2^|^001^|^Edukasi Dalam Rangka Penyusunan Laporan Keuangan Tingkat Kuasa BUN^|0|^^|0|^^|^^|4|0|^00^|^^|0|0
^2026^|^01^|^527514^|^015^|^08^|^CD^|^6212^|^FAL^|^05^|^26^|^2^|^004^|^Konsultasi Pencairan Dana^|0|^^|0|^^|^^|9|0|^00^|^^|0|0
^2026^|^01^|^527514^|^015^|^08^|^CD^|^6213^|^FAC^|^05^|^26^|^2^|^001^|^Monev Pengembangan Kompetensi KPA, PPK, PPSPM, Bendahara dan Pengelola Perbendaharaan^|0|^^|0|^^|^^|9|0|^00^|^^|0|0
^2026^|^01^|^527514^|^015^|^08^|^CD^|^6213^|^FAE^|^05^|^26^|^2^|^009^|^Rekomendasi atas Kinerja Investasi Pemerintah^|0|^^|0|^^|^^|1|0|^00^|^^|0|0
^2026^|^01^|^527514^|^015^|^08^|^CD^|^6213^|^FAL^|^05^|^26^|^2^|^003^|^Reviu Belanja Pemerintah^|0|^^|0|^^|^^|1|0|^00^|^^|0|0
^2026^|^01^|^527514^|^015^|^08^|^CD^|^6214^|^FAL^|^05^|^26^|^2^|^002^|^Surat Perintah Pencairan/Penarikan/Repayment/Pengesahan Dana^|0|^^|0|^^|^^|552|0|^00^|^^|0|0
^2026^|^01^|^527514^|^015^|^08^|^CD^|^6215^|^FAH^|^05^|^26^|^2^|^003^|^Laporan Keuangan BUN^|0|^^|0|^^|^^|4|0|^00^|^^|0|0
^2026^|^01^|^527514^|^015^|^08^|^WA^|^4715^|^EBA^|^05^|^26^|^2^|^001^|^Kerumahtanggaan^|0|^^|0|^^|^^|12|0|^00^|^^|0|0
^2026^|^01^|^527514^|^015^|^08^|^WA^|^4715^|^EBA^|^05^|^26^|^2^|^994^|^Layanan Perkantoran^|0|^^|0|^^|^^|12|0|^00^|^^|0|0
^2026^|^01^|^527514^|^015^|^08^|^WA^|^4715^|^EBA^|^05^|^26^|^2^|^002^|^Dukungan Pimpinan dan Keprotokoleran^|0|^^|0|^^|^^|12|0|^00^|^^|0|0
^2026^|^01^|^527514^|^015^|^08^|^WA^|^4715^|^EBD^|^05^|^26^|^2^|^Z36^|^Dokumen Pengelolaan Kinerja Organisasi^|0|^^|0|^^|^^|2|0|^00^|^^|0|0
^2026^|^01^|^527514^|^015^|^08^|^WA^|^4718^|^BMB^|^05^|^26^|^2^|^002^|^Kehumasan^|0|^^|0|^^|^^|1|0|^00^|^^|0|0
^2026^|^01^|^527514^|^015^|^08^|^WA^|^4718^|^BMB^|^05^|^26^|^2^|^001^|^Pembinaan/Edukasi Publik^|0|^^|0|^^|^^|2|0|^00^|^^|0|0
^2026^|^01^|^527514^|^015^|^08^|^WA^|^4719^|^EBA^|^05^|^26^|^2^|^994^|^Layanan Perkantoran^|0|^^|0|^^|^^|12|0|^00^|^^|0|0
^2026^|^01^|^527514^|^015^|^08^|^WA^|^4719^|^EBA^|^05^|^26^|^2^|^004^|^Hasil Survey/Rekomendasi Kepuasan Pengguna Layanan^|0|^^|0|^^|^^|2|0|^00^|^^|0|0
^2026^|^01^|^527514^|^015^|^08^|^WA^|^4719^|^EBC^|^05^|^26^|^2^|^001^|^Pengembangan SDM^|0|^^|0|^^|^^|13|0|^00^|^^|0|0
^2026^|^01^|^527521^|^015^|^08^|^CD^|^6212^|^BMB^|^05^|^12^|^2^|^001^|^Dukungan Pemberdayaan UMKM untuk Inklusi Pemanfaatan Digipay^|0|^^|0|^^|^^|2|0|^00^|^^|0|0
^2026^|^01^|^527521^|^015^|^08^|^CD^|^6212^|^FAC^|^05^|^12^|^2^|^001^|^Komunikasi dan Edukasi Implementasi Aplikasi^|0|^^|0|^^|^^|61|0|^00^|^^|0|0
^2026^|^01^|^527521^|^015^|^08^|^CD^|^6212^|^FAH^|^05^|^12^|^2^|^001^|^Edukasi Dalam Rangka Penyusunan Laporan Keuangan Tingkat Kuasa BUN^|0|^^|0|^^|^^|8|0|^00^|^^|0|0
^2026^|^01^|^527521^|^015^|^08^|^CD^|^6212^|^FAL^|^05^|^12^|^2^|^004^|^Konsultasi Pencairan Dana^|0|^^|0|^^|^^|18|0|^00^|^^|0|0
^2026^|^01^|^527521^|^015^|^08^|^CD^|^6213^|^FAC^|^05^|^12^|^2^|^001^|^Monev Pengembangan Kompetensi KPA, PPK, PPSPM, Bendahara dan Pengelola Perbendaharaan^|0|^^|0|^^|^^|17|0|^00^|^^|0|0
^2026^|^01^|^527521^|^015^|^08^|^CD^|^6213^|^FAE^|^05^|^12^|^2^|^009^|^Rekomendasi atas Kinerja Investasi Pemerintah^|0|^^|0|^^|^^|4|0|^00^|^^|0|0
^2026^|^01^|^527521^|^015^|^08^|^CD^|^6213^|^FAL^|^05^|^12^|^2^|^003^|^Reviu Belanja Pemerintah^|0|^^|0|^^|^^|2|0|^00^|^^|0|0
^2026^|^01^|^527521^|^015^|^08^|^CD^|^6214^|^FAL^|^05^|^12^|^2^|^002^|^Surat Perintah Pencairan/Penarikan/Repayment/Pengesahan Dana^|0|^^|0|^^|^^|2784|0|^00^|^^|0|0
^2026^|^01^|^527521^|^015^|^08^|^CD^|^6215^|^FAH^|^05^|^12^|^2^|^003^|^Laporan Keuangan BUN^|0|^^|0|^^|^^|8|0|^00^|^^|0|0
^2026^|^01^|^527521^|^015^|^08^|^WA^|^4715^|^EBA^|^05^|^12^|^2^|^001^|^Kerumahtanggaan^|0|^^|0|^^|^^|12|0|^00^|^^|0|0
^2026^|^01^|^527521^|^015^|^08^|^WA^|^4715^|^EBA^|^05^|^12^|^2^|^994^|^Layanan Perkantoran^|0|^^|0|^^|^^|12|0|^00^|^^|0|0
^2026^|^01^|^527521^|^015^|^08^|^WA^|^4715^|^EBA^|^05^|^12^|^2^|^002^|^Dukungan Pimpinan dan Keprotokoleran^|0|^^|0|^^|^^|12|0|^00^|^^|0|0
^2026^|^01^|^527521^|^015^|^08^|^WA^|^4715^|^EBB^|^05^|^12^|^2^|^004^|^Gedung/Bangunan^|0|^^|0|^^|^^|335|0|^00^|^^|0|0
^2026^|^01^|^527521^|^015^|^08^|^WA^|^4715^|^EBD^|^05^|^12^|^2^|^Z36^|^Dokumen Pengelolaan Kinerja Organisasi^|0|^^|0|^^|^^|4|0|^00^|^^|0|0
^2026^|^01^|^527521^|^015^|^08^|^WA^|^4718^|^BMB^|^05^|^12^|^2^|^002^|^Kehumasan^|0|^^|0|^^|^^|2|0|^00^|^^|0|0
^2026^|^01^|^527521^|^015^|^08^|^WA^|^4718^|^BMB^|^05^|^12^|^2^|^001^|^Pembinaan/Edukasi Publik^|0|^^|0|^^|^^|4|0|^00^|^^|0|0
^2026^|^01^|^527521^|^015^|^08^|^WA^|^4719^|^EBA^|^05^|^12^|^2^|^994^|^Layanan Perkantoran^|0|^^|0|^^|^^|12|0|^00^|^^|0|0
^2026^|^01^|^527521^|^015^|^08^|^WA^|^4719^|^EBA^|^05^|^12^|^2^|^004^|^Hasil Survey/Rekomendasi Kepuasan Pengguna Layanan^|0|^^|0|^^|^^|4|0|^00^|^^|0|0
^2026^|^01^|^527521^|^015^|^08^|^WA^|^4719^|^EBC^|^05^|^12^|^2^|^001^|^Pengembangan SDM^|0|^^|0|^^|^^|30|0|^00^|^^|0|0
^2026^|^01^|^527556^|^015^|^08^|^CD^|^6212^|^BMB^|^06^|^51^|^2^|^001^|^Dukungan Pemberdayaan UMKM untuk Inklusi Pemanfaatan Digipay^|0|^^|0|^^|^^|1|0|^00^|^^|0|0
^2026^|^01^|^527556^|^015^|^08^|^CD^|^6212^|^FAC^|^06^|^51^|^2^|^002^|^Bimbingan Teknis Pengelola Keuangan BLU^|0|^^|0|^^|^^|111|0|^00^|^^|0|0
^2026^|^01^|^527556^|^015^|^08^|^CD^|^6212^|^FAH^|^06^|^51^|^2^|^003^|^Komunikasi dan Edukasi Penyusunan LKKL dan LKBUN^|0|^^|0|^^|^^|4|0|^00^|^^|0|0
^2026^|^01^|^527556^|^015^|^08^|^CD^|^6212^|^FAH^|^06^|^51^|^2^|^002^|^Komunikasi dan Edukasi Dalam Rangka Penyusunan Government Financial Statistic (GFS)^|0|^^|0|^^|^^|6|0|^00^|^^|0|0
^2026^|^01^|^527556^|^015^|^08^|^CD^|^6212^|^FAL^|^06^|^51^|^2^|^001^|^Pembinaan Pelaksanaan Anggaran^|0|^^|0|^^|^^|8|0|^00^|^^|0|0
^2026^|^01^|^527556^|^015^|^08^|^CD^|^6213^|^ABA^|^06^|^51^|^2^|^001^|^Kajian atas Peluang Investasi dan Pinjaman Daerah^|0|^^|0|^^|^^|2|0|^00^|^^|0|0
^2026^|^01^|^527556^|^015^|^08^|^CD^|^6213^|^FAE^|^06^|^51^|^2^|^009^|^Rekomendasi atas Kinerja Investasi Pemerintah^|0|^^|0|^^|^^|2|0|^00^|^^|0|0
^2026^|^01^|^527556^|^015^|^08^|^CD^|^6213^|^FAE^|^06^|^51^|^2^|^008^|^ALCo Regional^|0|^^|0|^^|^^|2|0|^00^|^^|0|0
^2026^|^01^|^527556^|^015^|^08^|^CD^|^6213^|^FAL^|^06^|^51^|^2^|^003^|^Reviu Belanja Pemerintah^|0|^^|0|^^|^^|4|0|^00^|^^|0|0
^2026^|^01^|^527556^|^015^|^08^|^CD^|^6215^|^FAH^|^06^|^51^|^2^|^003^|^Laporan Keuangan BUN^|0|^^|0|^^|^^|4|0|^00^|^^|0|0
^2026^|^01^|^527556^|^015^|^08^|^CD^|^6215^|^FAH^|^06^|^51^|^2^|^001^|^Government Financial Statistic (GFS)^|0|^^|0|^^|^^|4|0|^00^|^^|0|0
^2026^|^01^|^527556^|^015^|^08^|^CD^|^6216^|^FAE^|^06^|^51^|^2^|^002^|^Rekomendasi Tarif Standar Biaya Masukan^|0|^^|0|^^|^^|1|0|^00^|^^|0|0
^2026^|^01^|^527556^|^015^|^08^|^WA^|^4715^|^EBA^|^06^|^51^|^2^|^001^|^Kerumahtanggaan^|0|^^|0|^^|^^|12|0|^00^|^^|0|0
^2026^|^01^|^527556^|^015^|^08^|^WA^|^4715^|^EBA^|^06^|^51^|^2^|^994^|^Layanan Perkantoran^|0|^^|0|^^|^^|12|0|^00^|^^|0|0
^2026^|^01^|^527556^|^015^|^08^|^WA^|^4715^|^EBA^|^06^|^51^|^2^|^002^|^Dukungan Pimpinan dan Keprotokoleran^|0|^^|0|^^|^^|12|0|^00^|^^|0|0
^2026^|^01^|^527556^|^015^|^08^|^WA^|^4715^|^EBD^|^06^|^51^|^2^|^Z36^|^Dokumen Pengelolaan Kinerja Organisasi^|0|^^|0|^^|^^|4|0|^00^|^^|0|0
^2026^|^01^|^527556^|^015^|^08^|^WA^|^4715^|^EBD^|^06^|^51^|^2^|^Z26^|^Laporan Keuangan Unit^|0|^^|0|^^|^^|2|0|^00^|^^|0|0
^2026^|^01^|^527556^|^015^|^08^|^WA^|^4718^|^BMB^|^06^|^51^|^2^|^002^|^Kehumasan^|0|^^|0|^^|^^|4|0|^00^|^^|0|0
^2026^|^01^|^527556^|^015^|^08^|^WA^|^4718^|^BMB^|^06^|^51^|^2^|^001^|^Pembinaan/Edukasi Publik^|0|^^|0|^^|^^|2|0|^00^|^^|0|0
^2026^|^01^|^527556^|^015^|^08^|^WA^|^4719^|^EBA^|^06^|^51^|^2^|^003^|^Rekomendasi Pengelolaan Organisasi^|0|^^|0|^^|^^|15|0|^00^|^^|0|0
^2026^|^01^|^527556^|^015^|^08^|^WA^|^4719^|^EBA^|^06^|^51^|^2^|^994^|^Layanan Perkantoran^|0|^^|0|^^|^^|12|0|^00^|^^|0|0
^2026^|^01^|^527556^|^015^|^08^|^WA^|^4719^|^EBA^|^06^|^51^|^2^|^005^|^Standar Mutu Layanan - ISO Mutu Layanan^|0|^^|0|^^|^^|16|0|^00^|^^|0|0
^2026^|^01^|^527556^|^015^|^08^|^WA^|^4719^|^EBC^|^06^|^51^|^2^|^001^|^Pengembangan SDM^|0|^^|0|^^|^^|50|0|^00^|^^|0|0
^2026^|^01^|^527556^|^015^|^08^|^WA^|^4722^|^EBD^|^06^|^51^|^2^|^001^|^Rekomendasi Penerapan Pengelolaan Risiko, Pengendalian dan Pengawasan Internal^|0|^^|0|^^|^^|2|0|^00^|^^|0|0
^2026^|^01^|^527560^|^015^|^08^|^CD^|^6212^|^BMB^|^06^|^51^|^2^|^001^|^Dukungan Pemberdayaan UMKM untuk Inklusi Pemanfaatan Digipay^|0|^^|0|^^|^^|1|0|^00^|^^|0|0
^2026^|^01^|^527560^|^015^|^08^|^CD^|^6212^|^FAC^|^06^|^51^|^2^|^001^|^Komunikasi dan Edukasi Implementasi Aplikasi^|0|^^|0|^^|^^|170|0|^00^|^^|0|0
^2026^|^01^|^527560^|^015^|^08^|^CD^|^6212^|^FAH^|^06^|^51^|^2^|^001^|^Edukasi Dalam Rangka Penyusunan Laporan Keuangan Tingkat Kuasa BUN^|0|^^|0|^^|^^|4|0|^00^|^^|0|0
^2026^|^01^|^527560^|^015^|^08^|^CD^|^6212^|^FAL^|^06^|^51^|^2^|^004^|^Konsultasi Pencairan Dana^|0|^^|0|^^|^^|9|0|^00^|^^|0|0
^2026^|^01^|^527560^|^015^|^08^|^CD^|^6213^|^FAC^|^06^|^51^|^2^|^001^|^Monev Pengembangan Kompetensi KPA, PPK, PPSPM, Bendahara dan Pengelola Perbendaharaan^|0|^^|0|^^|^^|10|0|^00^|^^|0|0
^2026^|^01^|^527560^|^015^|^08^|^CD^|^6213^|^FAE^|^06^|^51^|^2^|^009^|^Rekomendasi atas Kinerja Investasi Pemerintah^|0|^^|0|^^|^^|2|0|^00^|^^|0|0
^2026^|^01^|^527560^|^015^|^08^|^CD^|^6213^|^FAL^|^06^|^51^|^2^|^003^|^Reviu Belanja Pemerintah^|0|^^|0|^^|^^|1|0|^00^|^^|0|0
^2026^|^01^|^527560^|^015^|^08^|^CD^|^6214^|^FAL^|^06^|^51^|^2^|^002^|^Surat Perintah Pencairan/Penarikan/Repayment/Pengesahan Dana^|0|^^|0|^^|^^|7848|0|^00^|^^|0|0
^2026^|^01^|^527560^|^015^|^08^|^CD^|^6215^|^FAH^|^06^|^51^|^2^|^003^|^Laporan Keuangan BUN^|0|^^|0|^^|^^|4|0|^00^|^^|0|0
^2026^|^01^|^527560^|^015^|^08^|^WA^|^4715^|^EBA^|^06^|^51^|^2^|^001^|^Kerumahtanggaan^|0|^^|0|^^|^^|12|0|^00^|^^|0|0
^2026^|^01^|^527560^|^015^|^08^|^WA^|^4715^|^EBA^|^06^|^51^|^2^|^994^|^Layanan Perkantoran^|0|^^|0|^^|^^|12|0|^00^|^^|0|0
^2026^|^01^|^527560^|^015^|^08^|^WA^|^4715^|^EBA^|^06^|^51^|^2^|^002^|^Dukungan Pimpinan dan Keprotokoleran^|0|^^|0|^^|^^|12|0|^00^|^^|0|0
^2026^|^01^|^527560^|^015^|^08^|^WA^|^4715^|^EBD^|^06^|^51^|^2^|^Z36^|^Dokumen Pengelolaan Kinerja Organisasi^|0|^^|0|^^|^^|2|0|^00^|^^|0|0
^2026^|^01^|^527560^|^015^|^08^|^WA^|^4718^|^BMB^|^06^|^51^|^2^|^002^|^Kehumasan^|0|^^|0|^^|^^|1|0|^00^|^^|0|0
^2026^|^01^|^527560^|^015^|^08^|^WA^|^4718^|^BMB^|^06^|^51^|^2^|^001^|^Pembinaan/Edukasi Publik^|0|^^|0|^^|^^|2|0|^00^|^^|0|0
^2026^|^01^|^527560^|^015^|^08^|^WA^|^4719^|^EBA^|^06^|^51^|^2^|^994^|^Layanan Perkantoran^|0|^^|0|^^|^^|12|0|^00^|^^|0|0
^2026^|^01^|^527560^|^015^|^08^|^WA^|^4719^|^EBA^|^06^|^51^|^2^|^004^|^Hasil Survey/Rekomendasi Kepuasan Pengguna Layanan^|0|^^|0|^^|^^|2|0|^00^|^^|0|0
^2026^|^01^|^527560^|^015^|^08^|^WA^|^4719^|^EBC^|^06^|^51^|^2^|^001^|^Pengembangan SDM^|0|^^|0|^^|^^|26|0|^00^|^^|0|0
^2026^|^01^|^527577^|^015^|^08^|^CD^|^6212^|^BMB^|^06^|^06^|^2^|^001^|^Dukungan Pemberdayaan UMKM untuk Inklusi Pemanfaatan Digipay^|0|^^|0|^^|^^|1|0|^00^|^^|0|0
^2026^|^01^|^527577^|^015^|^08^|^CD^|^6212^|^FAC^|^06^|^06^|^2^|^001^|^Komunikasi dan Edukasi Implementasi Aplikasi^|0|^^|0|^^|^^|101|0|^00^|^^|0|0
^2026^|^01^|^527577^|^015^|^08^|^CD^|^6212^|^FAH^|^06^|^06^|^2^|^001^|^Edukasi Dalam Rangka Penyusunan Laporan Keuangan Tingkat Kuasa BUN^|0|^^|0|^^|^^|4|0|^00^|^^|0|0
^2026^|^01^|^527577^|^015^|^08^|^CD^|^6212^|^FAL^|^06^|^06^|^2^|^004^|^Konsultasi Pencairan Dana^|0|^^|0|^^|^^|9|0|^00^|^^|0|0
^2026^|^01^|^527577^|^015^|^08^|^CD^|^6213^|^FAC^|^06^|^06^|^2^|^001^|^Monev Pengembangan Kompetensi KPA, PPK, PPSPM, Bendahara dan Pengelola Perbendaharaan^|0|^^|0|^^|^^|9|0|^00^|^^|0|0
^2026^|^01^|^527577^|^015^|^08^|^CD^|^6213^|^FAE^|^06^|^06^|^2^|^009^|^Rekomendasi atas Kinerja Investasi Pemerintah^|0|^^|0|^^|^^|2|0|^00^|^^|0|0
^2026^|^01^|^527577^|^015^|^08^|^CD^|^6213^|^FAL^|^06^|^06^|^2^|^003^|^Reviu Belanja Pemerintah^|0|^^|0|^^|^^|1|0|^00^|^^|0|0
^2026^|^01^|^527577^|^015^|^08^|^CD^|^6214^|^FAL^|^06^|^06^|^2^|^002^|^Surat Perintah Pencairan/Penarikan/Repayment/Pengesahan Dana^|0|^^|0|^^|^^|2328|0|^00^|^^|0|0
^2026^|^01^|^527577^|^015^|^08^|^CD^|^6215^|^FAH^|^06^|^06^|^2^|^003^|^Laporan Keuangan BUN^|0|^^|0|^^|^^|4|0|^00^|^^|0|0
^2026^|^01^|^527577^|^015^|^08^|^WA^|^4715^|^EBA^|^06^|^06^|^2^|^001^|^Kerumahtanggaan^|0|^^|0|^^|^^|12|0|^00^|^^|0|0
^2026^|^01^|^527577^|^015^|^08^|^WA^|^4715^|^EBA^|^06^|^06^|^2^|^994^|^Layanan Perkantoran^|0|^^|0|^^|^^|12|0|^00^|^^|0|0
^2026^|^01^|^527577^|^015^|^08^|^WA^|^4715^|^EBA^|^06^|^06^|^2^|^002^|^Dukungan Pimpinan dan Keprotokoleran^|0|^^|0|^^|^^|12|0|^00^|^^|0|0
^2026^|^01^|^527577^|^015^|^08^|^WA^|^4715^|^EBD^|^06^|^06^|^2^|^Z36^|^Dokumen Pengelolaan Kinerja Organisasi^|0|^^|0|^^|^^|2|0|^00^|^^|0|0
^2026^|^01^|^527577^|^015^|^08^|^WA^|^4718^|^BMB^|^06^|^06^|^2^|^002^|^Kehumasan^|0|^^|0|^^|^^|1|0|^00^|^^|0|0
^2026^|^01^|^527577^|^015^|^08^|^WA^|^4718^|^BMB^|^06^|^06^|^2^|^001^|^Pembinaan/Edukasi Publik^|0|^^|0|^^|^^|2|0|^00^|^^|0|0
^2026^|^01^|^527577^|^015^|^08^|^WA^|^4719^|^EBA^|^06^|^06^|^2^|^994^|^Layanan Perkantoran^|0|^^|0|^^|^^|12|0|^00^|^^|0|0
^2026^|^01^|^527577^|^015^|^08^|^WA^|^4719^|^EBA^|^06^|^06^|^2^|^004^|^Hasil Survey/Rekomendasi Kepuasan Pengguna Layanan^|0|^^|0|^^|^^|2|0|^00^|^^|0|0
^2026^|^01^|^527577^|^015^|^08^|^WA^|^4719^|^EBC^|^06^|^06^|^2^|^001^|^Pengembangan SDM^|0|^^|0|^^|^^|16|0|^00^|^^|0|0
^2026^|^01^|^527610^|^015^|^08^|^CD^|^6212^|^BMB^|^06^|^08^|^2^|^001^|^Dukungan Pemberdayaan UMKM untuk Inklusi Pemanfaatan Digipay^|0|^^|0|^^|^^|1|0|^00^|^^|0|0
^2026^|^01^|^527610^|^015^|^08^|^CD^|^6212^|^FAC^|^06^|^08^|^2^|^001^|^Komunikasi dan Edukasi Implementasi Aplikasi^|0|^^|0|^^|^^|25|0|^00^|^^|0|0
^2026^|^01^|^527610^|^015^|^08^|^CD^|^6212^|^FAH^|^06^|^08^|^2^|^001^|^Edukasi Dalam Rangka Penyusunan Laporan Keuangan Tingkat Kuasa BUN^|0|^^|0|^^|^^|4|0|^00^|^^|0|0
^2026^|^01^|^527610^|^015^|^08^|^CD^|^6212^|^FAL^|^06^|^08^|^2^|^004^|^Konsultasi Pencairan Dana^|0|^^|0|^^|^^|8|0|^00^|^^|0|0
^2026^|^01^|^527610^|^015^|^08^|^CD^|^6213^|^FAC^|^06^|^08^|^2^|^001^|^Monev Pengembangan Kompetensi KPA, PPK, PPSPM, Bendahara dan Pengelola Perbendaharaan^|0|^^|0|^^|^^|9|0|^00^|^^|0|0
^2026^|^01^|^527610^|^015^|^08^|^CD^|^6213^|^FAE^|^06^|^08^|^2^|^009^|^Rekomendasi atas Kinerja Investasi Pemerintah^|0|^^|0|^^|^^|2|0|^00^|^^|0|0
^2026^|^01^|^527610^|^015^|^08^|^CD^|^6213^|^FAL^|^06^|^08^|^2^|^003^|^Reviu Belanja Pemerintah^|0|^^|0|^^|^^|1|0|^00^|^^|0|0
^2026^|^01^|^527610^|^015^|^08^|^CD^|^6214^|^FAL^|^06^|^08^|^2^|^002^|^Surat Perintah Pencairan/Penarikan/Repayment/Pengesahan Dana^|0|^^|0|^^|^^|1080|0|^00^|^^|0|0
^2026^|^01^|^527610^|^015^|^08^|^CD^|^6215^|^FAH^|^06^|^08^|^2^|^003^|^Laporan Keuangan BUN^|0|^^|0|^^|^^|4|0|^00^|^^|0|0
^2026^|^01^|^527610^|^015^|^08^|^WA^|^4715^|^EBA^|^06^|^08^|^2^|^001^|^Kerumahtanggaan^|0|^^|0|^^|^^|12|0|^00^|^^|0|0
^2026^|^01^|^527610^|^015^|^08^|^WA^|^4715^|^EBA^|^06^|^08^|^2^|^994^|^Layanan Perkantoran^|0|^^|0|^^|^^|12|0|^00^|^^|0|0
^2026^|^01^|^527610^|^015^|^08^|^WA^|^4715^|^EBA^|^06^|^08^|^2^|^002^|^Dukungan Pimpinan dan Keprotokoleran^|0|^^|0|^^|^^|12|0|^00^|^^|0|0
^2026^|^01^|^527610^|^015^|^08^|^WA^|^4715^|^EBD^|^06^|^08^|^2^|^Z36^|^Dokumen Pengelolaan Kinerja Organisasi^|0|^^|0|^^|^^|2|0|^00^|^^|0|0
^2026^|^01^|^527610^|^015^|^08^|^WA^|^4718^|^BMB^|^06^|^08^|^2^|^002^|^Kehumasan^|0|^^|0|^^|^^|1|0|^00^|^^|0|0
^2026^|^01^|^527610^|^015^|^08^|^WA^|^4718^|^BMB^|^06^|^08^|^2^|^001^|^Pembinaan/Edukasi Publik^|0|^^|0|^^|^^|2|0|^00^|^^|0|0
^2026^|^01^|^527610^|^015^|^08^|^WA^|^4719^|^EBA^|^06^|^08^|^2^|^994^|^Layanan Perkantoran^|0|^^|0|^^|^^|1|0|^00^|^^|0|0
^2026^|^01^|^527610^|^015^|^08^|^WA^|^4719^|^EBA^|^06^|^08^|^2^|^004^|^Hasil Survey/Rekomendasi Kepuasan Pengguna Layanan^|0|^^|0|^^|^^|2|0|^00^|^^|0|0
^2026^|^01^|^527610^|^015^|^08^|^WA^|^4719^|^EBC^|^06^|^08^|^2^|^001^|^Pengembangan SDM^|0|^^|0|^^|^^|13|0|^00^|^^|0|0
^2026^|^01^|^527603^|^015^|^08^|^CD^|^6212^|^BMB^|^06^|^54^|^2^|^001^|^Dukungan Pemberdayaan UMKM untuk Inklusi Pemanfaatan Digipay^|0|^^|0|^^|^^|1|0|^00^|^^|0|0
^2026^|^01^|^527603^|^015^|^08^|^CD^|^6212^|^FAC^|^06^|^54^|^2^|^001^|^Komunikasi dan Edukasi Implementasi Aplikasi^|0|^^|0|^^|^^|55|0|^00^|^^|0|0
^2026^|^01^|^527603^|^015^|^08^|^CD^|^6212^|^FAH^|^06^|^54^|^2^|^001^|^Edukasi Dalam Rangka Penyusunan Laporan Keuangan Tingkat Kuasa BUN^|0|^^|0|^^|^^|4|0|^00^|^^|0|0
^2026^|^01^|^527603^|^015^|^08^|^CD^|^6212^|^FAL^|^06^|^54^|^2^|^004^|^Konsultasi Pencairan Dana^|0|^^|0|^^|^^|9|0|^00^|^^|0|0
^2026^|^01^|^527603^|^015^|^08^|^CD^|^6213^|^FAC^|^06^|^54^|^2^|^001^|^Monev Pengembangan Kompetensi KPA, PPK, PPSPM, Bendahara dan Pengelola Perbendaharaan^|0|^^|0|^^|^^|9|0|^00^|^^|0|0
^2026^|^01^|^527603^|^015^|^08^|^CD^|^6213^|^FAE^|^06^|^54^|^2^|^009^|^Rekomendasi atas Kinerja Investasi Pemerintah^|0|^^|0|^^|^^|2|0|^00^|^^|0|0
^2026^|^01^|^527603^|^015^|^08^|^CD^|^6213^|^FAL^|^06^|^54^|^2^|^003^|^Reviu Belanja Pemerintah^|0|^^|0|^^|^^|1|0|^00^|^^|0|0
^2026^|^01^|^527603^|^015^|^08^|^CD^|^6214^|^FAL^|^06^|^54^|^2^|^002^|^Surat Perintah Pencairan/Penarikan/Repayment/Pengesahan Dana^|0|^^|0|^^|^^|2472|0|^00^|^^|0|0
^2026^|^01^|^527603^|^015^|^08^|^CD^|^6215^|^FAH^|^06^|^54^|^2^|^003^|^Laporan Keuangan BUN^|0|^^|0|^^|^^|4|0|^00^|^^|0|0
^2026^|^01^|^527603^|^015^|^08^|^WA^|^4715^|^EBA^|^06^|^54^|^2^|^001^|^Kerumahtanggaan^|0|^^|0|^^|^^|12|0|^00^|^^|0|0
^2026^|^01^|^527603^|^015^|^08^|^WA^|^4715^|^EBA^|^06^|^54^|^2^|^994^|^Layanan Perkantoran^|0|^^|0|^^|^^|12|0|^00^|^^|0|0
^2026^|^01^|^527603^|^015^|^08^|^WA^|^4715^|^EBA^|^06^|^54^|^2^|^002^|^Dukungan Pimpinan dan Keprotokoleran^|0|^^|0|^^|^^|12|0|^00^|^^|0|0
^2026^|^01^|^527603^|^015^|^08^|^WA^|^4715^|^EBD^|^06^|^54^|^2^|^Z36^|^Dokumen Pengelolaan Kinerja Organisasi^|0|^^|0|^^|^^|2|0|^00^|^^|0|0
^2026^|^01^|^527603^|^015^|^08^|^WA^|^4718^|^BMB^|^06^|^54^|^2^|^002^|^Kehumasan^|0|^^|0|^^|^^|1|0|^00^|^^|0|0
^2026^|^01^|^527603^|^015^|^08^|^WA^|^4718^|^BMB^|^06^|^54^|^2^|^001^|^Pembinaan/Edukasi Publik^|0|^^|0|^^|^^|2|0|^00^|^^|0|0
^2026^|^01^|^527603^|^015^|^08^|^WA^|^4719^|^EBA^|^06^|^54^|^2^|^994^|^Layanan Perkantoran^|0|^^|0|^^|^^|12|0|^00^|^^|0|0
^2026^|^01^|^527603^|^015^|^08^|^WA^|^4719^|^EBA^|^06^|^54^|^2^|^004^|^Hasil Survey/Rekomendasi Kepuasan Pengguna Layanan^|0|^^|0|^^|^^|2|0|^00^|^^|0|0
^2026^|^01^|^527603^|^015^|^08^|^WA^|^4719^|^EBC^|^06^|^54^|^2^|^001^|^Pengembangan SDM^|0|^^|0|^^|^^|21|0|^00^|^^|0|0
^2026^|^01^|^527598^|^015^|^08^|^CD^|^6212^|^BMB^|^06^|^05^|^2^|^001^|^Dukungan Pemberdayaan UMKM untuk Inklusi Pemanfaatan Digipay^|0|^^|0|^^|^^|1|0|^00^|^^|0|0
^2026^|^01^|^527598^|^015^|^08^|^CD^|^6212^|^FAC^|^06^|^05^|^2^|^001^|^Komunikasi dan Edukasi Implementasi Aplikasi^|0|^^|0|^^|^^|47|0|^00^|^^|0|0
^2026^|^01^|^527598^|^015^|^08^|^CD^|^6212^|^FAH^|^06^|^05^|^2^|^001^|^Edukasi Dalam Rangka Penyusunan Laporan Keuangan Tingkat Kuasa BUN^|0|^^|0|^^|^^|4|0|^00^|^^|0|0
^2026^|^01^|^527598^|^015^|^08^|^CD^|^6212^|^FAL^|^06^|^05^|^2^|^004^|^Konsultasi Pencairan Dana^|0|^^|0|^^|^^|9|0|^00^|^^|0|0
^2026^|^01^|^527598^|^015^|^08^|^CD^|^6213^|^FAC^|^06^|^05^|^2^|^001^|^Monev Pengembangan Kompetensi KPA, PPK, PPSPM, Bendahara dan Pengelola Perbendaharaan^|0|^^|0|^^|^^|10|0|^00^|^^|0|0
^2026^|^01^|^527598^|^015^|^08^|^CD^|^6213^|^FAE^|^06^|^05^|^2^|^009^|^Rekomendasi atas Kinerja Investasi Pemerintah^|0|^^|0|^^|^^|2|0|^00^|^^|0|0
^2026^|^01^|^527598^|^015^|^08^|^CD^|^6213^|^FAL^|^06^|^05^|^2^|^003^|^Reviu Belanja Pemerintah^|0|^^|0|^^|^^|1|0|^00^|^^|0|0
^2026^|^01^|^527598^|^015^|^08^|^CD^|^6214^|^FAL^|^06^|^05^|^2^|^002^|^Surat Perintah Pencairan/Penarikan/Repayment/Pengesahan Dana^|0|^^|0|^^|^^|2040|0|^00^|^^|0|0
^2026^|^01^|^527598^|^015^|^08^|^CD^|^6215^|^FAH^|^06^|^05^|^2^|^003^|^Laporan Keuangan BUN^|0|^^|0|^^|^^|4|0|^00^|^^|0|0
^2026^|^01^|^527598^|^015^|^08^|^WA^|^4715^|^EBA^|^06^|^05^|^2^|^001^|^Kerumahtanggaan^|0|^^|0|^^|^^|12|0|^00^|^^|0|0
^2026^|^01^|^527598^|^015^|^08^|^WA^|^4715^|^EBA^|^06^|^05^|^2^|^994^|^Layanan Perkantoran^|0|^^|0|^^|^^|12|0|^00^|^^|0|0
^2026^|^01^|^527598^|^015^|^08^|^WA^|^4715^|^EBA^|^06^|^05^|^2^|^002^|^Dukungan Pimpinan dan Keprotokoleran^|0|^^|0|^^|^^|12|0|^00^|^^|0|0
^2026^|^01^|^527598^|^015^|^08^|^WA^|^4715^|^EBD^|^06^|^05^|^2^|^Z36^|^Dokumen Pengelolaan Kinerja Organisasi^|0|^^|0|^^|^^|2|0|^00^|^^|0|0
^2026^|^01^|^527598^|^015^|^08^|^WA^|^4718^|^BMB^|^06^|^05^|^2^|^002^|^Kehumasan^|0|^^|0|^^|^^|1|0|^00^|^^|0|0
^2026^|^01^|^527598^|^015^|^08^|^WA^|^4718^|^BMB^|^06^|^05^|^2^|^001^|^Pembinaan/Edukasi Publik^|0|^^|0|^^|^^|2|0|^00^|^^|0|0
^2026^|^01^|^527598^|^015^|^08^|^WA^|^4719^|^EBA^|^06^|^05^|^2^|^994^|^Layanan Perkantoran^|0|^^|0|^^|^^|12|0|^00^|^^|0|0
^2026^|^01^|^527598^|^015^|^08^|^WA^|^4719^|^EBA^|^06^|^05^|^2^|^004^|^Hasil Survey/Rekomendasi Kepuasan Pengguna Layanan^|0|^^|0|^^|^^|2|0|^00^|^^|0|0
^2026^|^01^|^527598^|^015^|^08^|^WA^|^4719^|^EBC^|^06^|^05^|^2^|^001^|^Pengembangan SDM^|0|^^|0|^^|^^|12|0|^00^|^^|0|0
^2026^|^01^|^527624^|^015^|^08^|^CD^|^6212^|^BMB^|^06^|^07^|^2^|^001^|^Dukungan Pemberdayaan UMKM untuk Inklusi Pemanfaatan Digipay^|0|^^|0|^^|^^|1|0|^00^|^^|0|0
^2026^|^01^|^527624^|^015^|^08^|^CD^|^6212^|^FAC^|^06^|^07^|^2^|^001^|^Komunikasi dan Edukasi Implementasi Aplikasi^|0|^^|0|^^|^^|58|0|^00^|^^|0|0
^2026^|^01^|^527624^|^015^|^08^|^CD^|^6212^|^FAH^|^06^|^07^|^2^|^001^|^Edukasi Dalam Rangka Penyusunan Laporan Keuangan Tingkat Kuasa BUN^|0|^^|0|^^|^^|2|0|^00^|^^|0|0
^2026^|^01^|^527624^|^015^|^08^|^CD^|^6212^|^FAL^|^06^|^07^|^2^|^004^|^Konsultasi Pencairan Dana^|0|^^|0|^^|^^|9|0|^00^|^^|0|0
^2026^|^01^|^527624^|^015^|^08^|^CD^|^6213^|^FAC^|^06^|^07^|^2^|^001^|^Monev Pengembangan Kompetensi KPA, PPK, PPSPM, Bendahara dan Pengelola Perbendaharaan^|0|^^|0|^^|^^|9|0|^00^|^^|0|0
^2026^|^01^|^527624^|^015^|^08^|^CD^|^6213^|^FAE^|^06^|^07^|^2^|^009^|^Rekomendasi atas Kinerja Investasi Pemerintah^|0|^^|0|^^|^^|2|0|^00^|^^|0|0
^2026^|^01^|^527624^|^015^|^08^|^CD^|^6213^|^FAL^|^06^|^07^|^2^|^003^|^Reviu Belanja Pemerintah^|0|^^|0|^^|^^|1|0|^00^|^^|0|0
^2026^|^01^|^527624^|^015^|^08^|^CD^|^6214^|^FAL^|^06^|^07^|^2^|^002^|^Surat Perintah Pencairan/Penarikan/Repayment/Pengesahan Dana^|0|^^|0|^^|^^|1344|0|^00^|^^|0|0
^2026^|^01^|^527624^|^015^|^08^|^CD^|^6215^|^FAH^|^06^|^07^|^2^|^003^|^Laporan Keuangan BUN^|0|^^|0|^^|^^|4|0|^00^|^^|0|0
^2026^|^01^|^527624^|^015^|^08^|^WA^|^4715^|^EBA^|^06^|^07^|^2^|^001^|^Kerumahtanggaan^|0|^^|0|^^|^^|12|0|^00^|^^|0|0
^2026^|^01^|^527624^|^015^|^08^|^WA^|^4715^|^EBA^|^06^|^07^|^2^|^994^|^Layanan Perkantoran^|0|^^|0|^^|^^|12|0|^00^|^^|0|0
^2026^|^01^|^527624^|^015^|^08^|^WA^|^4715^|^EBA^|^06^|^07^|^2^|^002^|^Dukungan Pimpinan dan Keprotokoleran^|0|^^|0|^^|^^|12|0|^00^|^^|0|0
^2026^|^01^|^527624^|^015^|^08^|^WA^|^4715^|^EBB^|^06^|^07^|^2^|^004^|^Gedung/Bangunan^|0|^^|0|^^|^^|1224|0|^00^|^^|0|0
^2026^|^01^|^527624^|^015^|^08^|^WA^|^4715^|^EBB^|^06^|^07^|^2^|^002^|^Peralatan Fasilitas Perkantoran^|0|^^|0|^^|^^|7|0|^00^|^^|0|0
^2026^|^01^|^527624^|^015^|^08^|^WA^|^4715^|^EBD^|^06^|^07^|^2^|^Z36^|^Dokumen Pengelolaan Kinerja Organisasi^|0|^^|0|^^|^^|2|0|^00^|^^|0|0
^2026^|^01^|^527624^|^015^|^08^|^WA^|^4718^|^BMB^|^06^|^07^|^2^|^002^|^Kehumasan^|0|^^|0|^^|^^|1|0|^00^|^^|0|0
^2026^|^01^|^527624^|^015^|^08^|^WA^|^4718^|^BMB^|^06^|^07^|^2^|^001^|^Pembinaan/Edukasi Publik^|0|^^|0|^^|^^|1|0|^00^|^^|0|0
^2026^|^01^|^527624^|^015^|^08^|^WA^|^4719^|^EBA^|^06^|^07^|^2^|^994^|^Layanan Perkantoran^|0|^^|0|^^|^^|12|0|^00^|^^|0|0
^2026^|^01^|^527624^|^015^|^08^|^WA^|^4719^|^EBA^|^06^|^07^|^2^|^004^|^Hasil Survey/Rekomendasi Kepuasan Pengguna Layanan^|0|^^|0|^^|^^|1|0|^00^|^^|0|0
^2026^|^01^|^527624^|^015^|^08^|^WA^|^4719^|^EBC^|^06^|^07^|^2^|^001^|^Pengembangan SDM^|0|^^|0|^^|^^|12|0|^00^|^^|0|0
^2026^|^01^|^527581^|^015^|^08^|^CD^|^6212^|^BMB^|^06^|^53^|^2^|^001^|^Dukungan Pemberdayaan UMKM untuk Inklusi Pemanfaatan Digipay^|0|^^|0|^^|^^|1|0|^00^|^^|0|0
^2026^|^01^|^527581^|^015^|^08^|^CD^|^6212^|^FAC^|^06^|^53^|^2^|^001^|^Komunikasi dan Edukasi Implementasi Aplikasi^|0|^^|0|^^|^^|79|0|^00^|^^|0|0
^2026^|^01^|^527581^|^015^|^08^|^CD^|^6212^|^FAH^|^06^|^53^|^2^|^001^|^Edukasi Dalam Rangka Penyusunan Laporan Keuangan Tingkat Kuasa BUN^|0|^^|0|^^|^^|4|0|^00^|^^|0|0
^2026^|^01^|^527581^|^015^|^08^|^CD^|^6212^|^FAL^|^06^|^53^|^2^|^004^|^Konsultasi Pencairan Dana^|0|^^|0|^^|^^|10|0|^00^|^^|0|0
^2026^|^01^|^527581^|^015^|^08^|^CD^|^6213^|^FAC^|^06^|^53^|^2^|^001^|^Monev Pengembangan Kompetensi KPA, PPK, PPSPM, Bendahara dan Pengelola Perbendaharaan^|0|^^|0|^^|^^|10|0|^00^|^^|0|0
^2026^|^01^|^527581^|^015^|^08^|^CD^|^6213^|^FAE^|^06^|^53^|^2^|^009^|^Rekomendasi atas Kinerja Investasi Pemerintah^|0|^^|0|^^|^^|2|0|^00^|^^|0|0
^2026^|^01^|^527581^|^015^|^08^|^CD^|^6213^|^FAL^|^06^|^53^|^2^|^003^|^Reviu Belanja Pemerintah^|0|^^|0|^^|^^|1|0|^00^|^^|0|0
^2026^|^01^|^527581^|^015^|^08^|^CD^|^6214^|^FAL^|^06^|^53^|^2^|^002^|^Surat Perintah Pencairan/Penarikan/Repayment/Pengesahan Dana^|0|^^|0|^^|^^|1824|0|^00^|^^|0|0
^2026^|^01^|^527581^|^015^|^08^|^CD^|^6215^|^FAH^|^06^|^53^|^2^|^003^|^Laporan Keuangan BUN^|0|^^|0|^^|^^|4|0|^00^|^^|0|0
^2026^|^01^|^527581^|^015^|^08^|^WA^|^4715^|^EBA^|^06^|^53^|^2^|^001^|^Kerumahtanggaan^|0|^^|0|^^|^^|12|0|^00^|^^|0|0
^2026^|^01^|^527581^|^015^|^08^|^WA^|^4715^|^EBA^|^06^|^53^|^2^|^994^|^Layanan Perkantoran^|0|^^|0|^^|^^|12|0|^00^|^^|0|0
^2026^|^01^|^527581^|^015^|^08^|^WA^|^4715^|^EBA^|^06^|^53^|^2^|^002^|^Dukungan Pimpinan dan Keprotokoleran^|0|^^|0|^^|^^|12|0|^00^|^^|0|0
^2026^|^01^|^527581^|^015^|^08^|^WA^|^4715^|^EBB^|^06^|^53^|^2^|^004^|^Gedung/Bangunan^|0|^^|0|^^|^^|340|0|^00^|^^|0|0
^2026^|^01^|^527581^|^015^|^08^|^WA^|^4715^|^EBD^|^06^|^53^|^2^|^Z36^|^Dokumen Pengelolaan Kinerja Organisasi^|0|^^|0|^^|^^|2|0|^00^|^^|0|0
^2026^|^01^|^527581^|^015^|^08^|^WA^|^4718^|^BMB^|^06^|^53^|^2^|^002^|^Kehumasan^|0|^^|0|^^|^^|1|0|^00^|^^|0|0
^2026^|^01^|^527581^|^015^|^08^|^WA^|^4718^|^BMB^|^06^|^53^|^2^|^001^|^Pembinaan/Edukasi Publik^|0|^^|0|^^|^^|2|0|^00^|^^|0|0
^2026^|^01^|^527581^|^015^|^08^|^WA^|^4719^|^EBA^|^06^|^53^|^2^|^994^|^Layanan Perkantoran^|0|^^|0|^^|^^|1|0|^00^|^^|0|0
^2026^|^01^|^527581^|^015^|^08^|^WA^|^4719^|^EBA^|^06^|^53^|^2^|^004^|^Hasil Survey/Rekomendasi Kepuasan Pengguna Layanan^|0|^^|0|^^|^^|2|0|^00^|^^|0|0
^2026^|^01^|^527581^|^015^|^08^|^WA^|^4719^|^EBC^|^06^|^53^|^2^|^001^|^Pengembangan SDM^|0|^^|0|^^|^^|19|0|^00^|^^|0|0
^2026^|^01^|^527652^|^015^|^08^|^CD^|^6212^|^BMB^|^07^|^51^|^2^|^001^|^Dukungan Pemberdayaan UMKM untuk Inklusi Pemanfaatan Digipay^|0|^^|0|^^|^^|1|0|^00^|^^|0|0
^2026^|^01^|^527652^|^015^|^08^|^CD^|^6212^|^FAC^|^07^|^51^|^2^|^001^|^Komunikasi dan Edukasi Implementasi Aplikasi^|0|^^|0|^^|^^|142|0|^00^|^^|0|0
^2026^|^01^|^527652^|^015^|^08^|^CD^|^6212^|^FAH^|^07^|^51^|^2^|^001^|^Edukasi Dalam Rangka Penyusunan Laporan Keuangan Tingkat Kuasa BUN^|0|^^|0|^^|^^|4|0|^00^|^^|0|0
^2026^|^01^|^527652^|^015^|^08^|^CD^|^6212^|^FAL^|^07^|^51^|^2^|^004^|^Konsultasi Pencairan Dana^|0|^^|0|^^|^^|9|0|^00^|^^|0|0
^2026^|^01^|^527652^|^015^|^08^|^CD^|^6213^|^FAC^|^07^|^51^|^2^|^001^|^Monev Pengembangan Kompetensi KPA, PPK, PPSPM, Bendahara dan Pengelola Perbendaharaan^|0|^^|0|^^|^^|9|0|^00^|^^|0|0
^2026^|^01^|^527652^|^015^|^08^|^CD^|^6213^|^FAE^|^07^|^51^|^2^|^009^|^Rekomendasi atas Kinerja Investasi Pemerintah^|0|^^|0|^^|^^|2|0|^00^|^^|0|0
^2026^|^01^|^527652^|^015^|^08^|^CD^|^6213^|^FAL^|^07^|^51^|^2^|^003^|^Reviu Belanja Pemerintah^|0|^^|0|^^|^^|1|0|^00^|^^|0|0
^2026^|^01^|^527652^|^015^|^08^|^CD^|^6214^|^FAL^|^07^|^51^|^2^|^002^|^Surat Perintah Pencairan/Penarikan/Repayment/Pengesahan Dana^|0|^^|0|^^|^^|3480|0|^00^|^^|0|0
^2026^|^01^|^527652^|^015^|^08^|^CD^|^6215^|^FAH^|^07^|^51^|^2^|^003^|^Laporan Keuangan BUN^|0|^^|0|^^|^^|4|0|^00^|^^|0|0
^2026^|^01^|^527652^|^015^|^08^|^WA^|^4715^|^EBA^|^07^|^51^|^2^|^002^|^Dukungan Pimpinan dan Keprotokoleran^|0|^^|0|^^|^^|12|0|^00^|^^|0|0
^2026^|^01^|^527652^|^015^|^08^|^WA^|^4715^|^EBA^|^07^|^51^|^2^|^001^|^Kerumahtanggaan^|0|^^|0|^^|^^|12|0|^00^|^^|0|0
^2026^|^01^|^527652^|^015^|^08^|^WA^|^4715^|^EBA^|^07^|^51^|^2^|^994^|^Layanan Perkantoran^|0|^^|0|^^|^^|12|0|^00^|^^|0|0
^2026^|^01^|^527652^|^015^|^08^|^WA^|^4715^|^EBB^|^07^|^51^|^2^|^002^|^Peralatan Fasilitas Perkantoran^|0|^^|0|^^|^^|4|0|^00^|^^|0|0
^2026^|^01^|^527652^|^015^|^08^|^WA^|^4715^|^EBD^|^07^|^51^|^2^|^Z36^|^Dokumen Pengelolaan Kinerja Organisasi^|0|^^|0|^^|^^|2|0|^00^|^^|0|0
^2026^|^01^|^527652^|^015^|^08^|^WA^|^4718^|^BMB^|^07^|^51^|^2^|^002^|^Kehumasan^|0|^^|0|^^|^^|1|0|^00^|^^|0|0
^2026^|^01^|^527652^|^015^|^08^|^WA^|^4718^|^BMB^|^07^|^51^|^2^|^001^|^Pembinaan/Edukasi Publik^|0|^^|0|^^|^^|2|0|^00^|^^|0|0
^2026^|^01^|^527652^|^015^|^08^|^WA^|^4719^|^EBA^|^07^|^51^|^2^|^994^|^Layanan Perkantoran^|0|^^|0|^^|^^|12|0|^00^|^^|0|0
^2026^|^01^|^527652^|^015^|^08^|^WA^|^4719^|^EBA^|^07^|^51^|^2^|^004^|^Hasil Survey/Rekomendasi Kepuasan Pengguna Layanan^|0|^^|0|^^|^^|2|0|^00^|^^|0|0
^2026^|^01^|^527652^|^015^|^08^|^WA^|^4719^|^EBC^|^07^|^51^|^2^|^001^|^Pengembangan SDM^|0|^^|0|^^|^^|27|0|^00^|^^|0|0
^2026^|^01^|^527645^|^015^|^08^|^CD^|^6212^|^BMB^|^07^|^51^|^2^|^001^|^Dukungan Pemberdayaan UMKM untuk Inklusi Pemanfaatan Digipay^|0|^^|0|^^|^^|1|0|^00^|^^|0|0
^2026^|^01^|^527645^|^015^|^08^|^CD^|^6212^|^FAC^|^07^|^51^|^2^|^002^|^Bimbingan Teknis Pengelola Keuangan BLU^|0|^^|0|^^|^^|70|0|^00^|^^|0|0
^2026^|^01^|^527645^|^015^|^08^|^CD^|^6212^|^FAH^|^07^|^51^|^2^|^003^|^Komunikasi dan Edukasi Penyusunan LKKL dan LKBUN^|0|^^|0|^^|^^|4|0|^00^|^^|0|0
^2026^|^01^|^527645^|^015^|^08^|^CD^|^6212^|^FAH^|^07^|^51^|^2^|^002^|^Komunikasi dan Edukasi Dalam Rangka Penyusunan Government Financial Statistic (GFS)^|0|^^|0|^^|^^|8|0|^00^|^^|0|0
^2026^|^01^|^527645^|^015^|^08^|^CD^|^6212^|^FAL^|^07^|^51^|^2^|^001^|^Pembinaan Pelaksanaan Anggaran^|0|^^|0|^^|^^|8|0|^00^|^^|0|0
^2026^|^01^|^527645^|^015^|^08^|^CD^|^6213^|^ABA^|^07^|^51^|^2^|^001^|^Kajian atas Peluang Investasi dan Pinjaman Daerah^|0|^^|0|^^|^^|2|0|^00^|^^|0|0
^2026^|^01^|^527645^|^015^|^08^|^CD^|^6213^|^FAE^|^07^|^51^|^2^|^009^|^Rekomendasi atas Kinerja Investasi Pemerintah^|0|^^|0|^^|^^|2|0|^00^|^^|0|0
^2026^|^01^|^527645^|^015^|^08^|^CD^|^6213^|^FAE^|^07^|^51^|^2^|^008^|^ALCo Regional^|0|^^|0|^^|^^|2|0|^00^|^^|0|0
^2026^|^01^|^527645^|^015^|^08^|^CD^|^6213^|^FAL^|^07^|^51^|^2^|^003^|^Reviu Belanja Pemerintah^|0|^^|0|^^|^^|4|0|^00^|^^|0|0
^2026^|^01^|^527645^|^015^|^08^|^CD^|^6215^|^FAH^|^07^|^51^|^2^|^003^|^Laporan Keuangan BUN^|0|^^|0|^^|^^|4|0|^00^|^^|0|0
^2026^|^01^|^527645^|^015^|^08^|^CD^|^6215^|^FAH^|^07^|^51^|^2^|^001^|^Government Financial Statistic (GFS)^|0|^^|0|^^|^^|4|0|^00^|^^|0|0
^2026^|^01^|^527645^|^015^|^08^|^CD^|^6216^|^FAE^|^07^|^51^|^2^|^002^|^Rekomendasi Tarif Standar Biaya Masukan^|0|^^|0|^^|^^|2|0|^00^|^^|0|0
^2026^|^01^|^527645^|^015^|^08^|^WA^|^4715^|^EBA^|^07^|^51^|^2^|^001^|^Kerumahtanggaan^|0|^^|0|^^|^^|12|0|^00^|^^|0|0
^2026^|^01^|^527645^|^015^|^08^|^WA^|^4715^|^EBA^|^07^|^51^|^2^|^994^|^Layanan Perkantoran^|0|^^|0|^^|^^|12|0|^00^|^^|0|0
^2026^|^01^|^527645^|^015^|^08^|^WA^|^4715^|^EBA^|^07^|^51^|^2^|^002^|^Dukungan Pimpinan dan Keprotokoleran^|0|^^|0|^^|^^|12|0|^00^|^^|0|0
^2026^|^01^|^527645^|^015^|^08^|^WA^|^4715^|^EBD^|^07^|^51^|^2^|^Z36^|^Dokumen Pengelolaan Kinerja Organisasi^|0|^^|0|^^|^^|4|0|^00^|^^|0|0
^2026^|^01^|^527645^|^015^|^08^|^WA^|^4715^|^EBD^|^07^|^51^|^2^|^Z26^|^Laporan Keuangan Unit^|0|^^|0|^^|^^|2|0|^00^|^^|0|0
^2026^|^01^|^527645^|^015^|^08^|^WA^|^4718^|^BMB^|^07^|^51^|^2^|^002^|^Kehumasan^|0|^^|0|^^|^^|4|0|^00^|^^|0|0
^2026^|^01^|^527645^|^015^|^08^|^WA^|^4718^|^BMB^|^07^|^51^|^2^|^001^|^Pembinaan/Edukasi Publik^|0|^^|0|^^|^^|2|0|^00^|^^|0|0
^2026^|^01^|^527645^|^015^|^08^|^WA^|^4719^|^EBA^|^07^|^51^|^2^|^003^|^Rekomendasi Pengelolaan Organisasi^|0|^^|0|^^|^^|23|0|^00^|^^|0|0
^2026^|^01^|^527645^|^015^|^08^|^WA^|^4719^|^EBA^|^07^|^51^|^2^|^994^|^Layanan Perkantoran^|0|^^|0|^^|^^|12|0|^00^|^^|0|0
^2026^|^01^|^527645^|^015^|^08^|^WA^|^4719^|^EBA^|^07^|^51^|^2^|^005^|^Standar Mutu Layanan - ISO Mutu Layanan^|0|^^|0|^^|^^|24|0|^00^|^^|0|0
^2026^|^01^|^527645^|^015^|^08^|^WA^|^4719^|^EBC^|^07^|^51^|^2^|^001^|^Pengembangan SDM^|0|^^|0|^^|^^|68|0|^00^|^^|0|0
^2026^|^01^|^527645^|^015^|^08^|^WA^|^4722^|^EBD^|^07^|^51^|^2^|^001^|^Rekomendasi Penerapan Pengelolaan Risiko, Pengendalian dan Pengawasan Internal^|0|^^|0|^^|^^|2|0|^00^|^^|0|0
^2026^|^01^|^527670^|^015^|^08^|^CD^|^6212^|^BMB^|^07^|^57^|^2^|^001^|^Dukungan Pemberdayaan UMKM untuk Inklusi Pemanfaatan Digipay^|0|^^|0|^^|^^|1|0|^00^|^^|0|0
^2026^|^01^|^527670^|^015^|^08^|^CD^|^6212^|^FAC^|^07^|^57^|^2^|^001^|^Komunikasi dan Edukasi Implementasi Aplikasi^|0|^^|0|^^|^^|123|0|^00^|^^|0|0
^2026^|^01^|^527670^|^015^|^08^|^CD^|^6212^|^FAH^|^07^|^57^|^2^|^001^|^Edukasi Dalam Rangka Penyusunan Laporan Keuangan Tingkat Kuasa BUN^|0|^^|0|^^|^^|4|0|^00^|^^|0|0
^2026^|^01^|^527670^|^015^|^08^|^CD^|^6212^|^FAL^|^07^|^57^|^2^|^004^|^Konsultasi Pencairan Dana^|0|^^|0|^^|^^|8|0|^00^|^^|0|0
^2026^|^01^|^527670^|^015^|^08^|^CD^|^6213^|^FAC^|^07^|^57^|^2^|^001^|^Monev Pengembangan Kompetensi KPA, PPK, PPSPM, Bendahara dan Pengelola Perbendaharaan^|0|^^|0|^^|^^|6|0|^00^|^^|0|0
^2026^|^01^|^527670^|^015^|^08^|^CD^|^6213^|^FAE^|^07^|^57^|^2^|^009^|^Rekomendasi atas Kinerja Investasi Pemerintah^|0|^^|0|^^|^^|2|0|^00^|^^|0|0
^2026^|^01^|^527670^|^015^|^08^|^CD^|^6213^|^FAL^|^07^|^57^|^2^|^003^|^Reviu Belanja Pemerintah^|0|^^|0|^^|^^|1|0|^00^|^^|0|0
^2026^|^01^|^527670^|^015^|^08^|^CD^|^6214^|^FAL^|^07^|^57^|^2^|^002^|^Surat Perintah Pencairan/Penarikan/Repayment/Pengesahan Dana^|0|^^|0|^^|^^|2832|0|^00^|^^|0|0
^2026^|^01^|^527670^|^015^|^08^|^CD^|^6215^|^FAH^|^07^|^57^|^2^|^003^|^Laporan Keuangan BUN^|0|^^|0|^^|^^|4|0|^00^|^^|0|0
^2026^|^01^|^527670^|^015^|^08^|^WA^|^4715^|^EBA^|^07^|^57^|^2^|^001^|^Kerumahtanggaan^|0|^^|0|^^|^^|1|0|^00^|^^|0|0
^2026^|^01^|^527670^|^015^|^08^|^WA^|^4715^|^EBA^|^07^|^57^|^2^|^994^|^Layanan Perkantoran^|0|^^|0|^^|^^|1|0|^00^|^^|0|0
^2026^|^01^|^527670^|^015^|^08^|^WA^|^4715^|^EBA^|^07^|^57^|^2^|^002^|^Dukungan Pimpinan dan Keprotokoleran^|0|^^|0|^^|^^|1|0|^00^|^^|0|0
^2026^|^01^|^527670^|^015^|^08^|^WA^|^4715^|^EBD^|^07^|^57^|^2^|^Z36^|^Dokumen Pengelolaan Kinerja Organisasi^|0|^^|0|^^|^^|2|0|^00^|^^|0|0
^2026^|^01^|^527670^|^015^|^08^|^WA^|^4718^|^BMB^|^07^|^57^|^2^|^002^|^Kehumasan^|0|^^|0|^^|^^|1|0|^00^|^^|0|0
^2026^|^01^|^527670^|^015^|^08^|^WA^|^4718^|^BMB^|^07^|^57^|^2^|^001^|^Pembinaan/Edukasi Publik^|0|^^|0|^^|^^|2|0|^00^|^^|0|0
^2026^|^01^|^527670^|^015^|^08^|^WA^|^4719^|^EBA^|^07^|^57^|^2^|^994^|^Layanan Perkantoran^|0|^^|0|^^|^^|1|0|^00^|^^|0|0
^2026^|^01^|^527670^|^015^|^08^|^WA^|^4719^|^EBA^|^07^|^57^|^2^|^004^|^Hasil Survey/Rekomendasi Kepuasan Pengguna Layanan^|0|^^|0|^^|^^|2|0|^00^|^^|0|0
^2026^|^01^|^527670^|^015^|^08^|^WA^|^4719^|^EBC^|^07^|^57^|^2^|^001^|^Pengembangan SDM^|0|^^|0|^^|^^|21|0|^00^|^^|0|0
^2026^|^01^|^527687^|^015^|^08^|^CD^|^6212^|^BMB^|^07^|^61^|^2^|^001^|^Dukungan Pemberdayaan UMKM untuk Inklusi Pemanfaatan Digipay^|0|^^|0|^^|^^|1|0|^00^|^^|0|0
^2026^|^01^|^527687^|^015^|^08^|^CD^|^6212^|^FAC^|^07^|^61^|^2^|^001^|^Komunikasi dan Edukasi Implementasi Aplikasi^|0|^^|0|^^|^^|43|0|^00^|^^|0|0
^2026^|^01^|^527687^|^015^|^08^|^CD^|^6212^|^FAH^|^07^|^61^|^2^|^001^|^Edukasi Dalam Rangka Penyusunan Laporan Keuangan Tingkat Kuasa BUN^|0|^^|0|^^|^^|4|0|^00^|^^|0|0
^2026^|^01^|^527687^|^015^|^08^|^CD^|^6212^|^FAL^|^07^|^61^|^2^|^004^|^Konsultasi Pencairan Dana^|0|^^|0|^^|^^|9|0|^00^|^^|0|0
^2026^|^01^|^527687^|^015^|^08^|^CD^|^6213^|^FAC^|^07^|^61^|^2^|^001^|^Monev Pengembangan Kompetensi KPA, PPK, PPSPM, Bendahara dan Pengelola Perbendaharaan^|0|^^|0|^^|^^|9|0|^00^|^^|0|0
^2026^|^01^|^527687^|^015^|^08^|^CD^|^6213^|^FAE^|^07^|^61^|^2^|^009^|^Rekomendasi atas Kinerja Investasi Pemerintah^|0|^^|0|^^|^^|2|0|^00^|^^|0|0
^2026^|^01^|^527687^|^015^|^08^|^CD^|^6213^|^FAL^|^07^|^61^|^2^|^003^|^Reviu Belanja Pemerintah^|0|^^|0|^^|^^|1|0|^00^|^^|0|0
^2026^|^01^|^527687^|^015^|^08^|^CD^|^6214^|^FAL^|^07^|^61^|^2^|^002^|^Surat Perintah Pencairan/Penarikan/Repayment/Pengesahan Dana^|0|^^|0|^^|^^|1728|0|^00^|^^|0|0
^2026^|^01^|^527687^|^015^|^08^|^CD^|^6215^|^FAH^|^07^|^61^|^2^|^003^|^Laporan Keuangan BUN^|0|^^|0|^^|^^|4|0|^00^|^^|0|0
^2026^|^01^|^527687^|^015^|^08^|^WA^|^4715^|^EBA^|^07^|^61^|^2^|^001^|^Kerumahtanggaan^|0|^^|0|^^|^^|12|0|^00^|^^|0|0
^2026^|^01^|^527687^|^015^|^08^|^WA^|^4715^|^EBA^|^07^|^61^|^2^|^994^|^Layanan Perkantoran^|0|^^|0|^^|^^|12|0|^00^|^^|0|0
^2026^|^01^|^527687^|^015^|^08^|^WA^|^4715^|^EBA^|^07^|^61^|^2^|^002^|^Dukungan Pimpinan dan Keprotokoleran^|0|^^|0|^^|^^|12|0|^00^|^^|0|0
^2026^|^01^|^527687^|^015^|^08^|^WA^|^4715^|^EBD^|^07^|^61^|^2^|^Z36^|^Dokumen Pengelolaan Kinerja Organisasi^|0|^^|0|^^|^^|2|0|^00^|^^|0|0
^2026^|^01^|^527687^|^015^|^08^|^WA^|^4718^|^BMB^|^07^|^61^|^2^|^002^|^Kehumasan^|0|^^|0|^^|^^|1|0|^00^|^^|0|0
^2026^|^01^|^527687^|^015^|^08^|^WA^|^4718^|^BMB^|^07^|^61^|^2^|^001^|^Pembinaan/Edukasi Publik^|0|^^|0|^^|^^|2|0|^00^|^^|0|0
^2026^|^01^|^527687^|^015^|^08^|^WA^|^4719^|^EBA^|^07^|^61^|^2^|^004^|^Hasil Survey/Rekomendasi Kepuasan Pengguna Layanan^|0|^^|0|^^|^^|2|0|^00^|^^|0|0
^2026^|^01^|^527687^|^015^|^08^|^WA^|^4719^|^EBA^|^07^|^61^|^2^|^994^|^Layanan Perkantoran^|0|^^|0|^^|^^|12|0|^00^|^^|0|0
^2026^|^01^|^527687^|^015^|^08^|^WA^|^4719^|^EBC^|^07^|^61^|^2^|^001^|^Pengembangan SDM^|0|^^|0|^^|^^|14|0|^00^|^^|0|0
^2026^|^01^|^527666^|^015^|^08^|^CD^|^6212^|^BMB^|^07^|^54^|^2^|^001^|^Dukungan Pemberdayaan UMKM untuk Inklusi Pemanfaatan Digipay^|0|^^|0|^^|^^|2|0|^00^|^^|0|0
^2026^|^01^|^527666^|^015^|^08^|^CD^|^6212^|^FAC^|^07^|^54^|^2^|^001^|^Komunikasi dan Edukasi Implementasi Aplikasi^|0|^^|0|^^|^^|114|0|^00^|^^|0|0
^2026^|^01^|^527666^|^015^|^08^|^CD^|^6212^|^FAH^|^07^|^54^|^2^|^001^|^Edukasi Dalam Rangka Penyusunan Laporan Keuangan Tingkat Kuasa BUN^|0|^^|0|^^|^^|8|0|^00^|^^|0|0
^2026^|^01^|^527666^|^015^|^08^|^CD^|^6212^|^FAL^|^07^|^54^|^2^|^004^|^Konsultasi Pencairan Dana^|0|^^|0|^^|^^|32|0|^00^|^^|0|0
^2026^|^01^|^527666^|^015^|^08^|^CD^|^6213^|^FAC^|^07^|^54^|^2^|^001^|^Monev Pengembangan Kompetensi KPA, PPK, PPSPM, Bendahara dan Pengelola Perbendaharaan^|0|^^|0|^^|^^|30|0|^00^|^^|0|0
^2026^|^01^|^527666^|^015^|^08^|^CD^|^6213^|^FAE^|^07^|^54^|^2^|^009^|^Rekomendasi atas Kinerja Investasi Pemerintah^|0|^^|0|^^|^^|4|0|^00^|^^|0|0
^2026^|^01^|^527666^|^015^|^08^|^CD^|^6213^|^FAL^|^07^|^54^|^2^|^003^|^Reviu Belanja Pemerintah^|0|^^|0|^^|^^|2|0|^00^|^^|0|0
^2026^|^01^|^527666^|^015^|^08^|^CD^|^6214^|^FAL^|^07^|^54^|^2^|^002^|^Surat Perintah Pencairan/Penarikan/Repayment/Pengesahan Dana^|0|^^|0|^^|^^|2616|0|^00^|^^|0|0
^2026^|^01^|^527666^|^015^|^08^|^CD^|^6215^|^FAH^|^07^|^54^|^2^|^003^|^Laporan Keuangan BUN^|0|^^|0|^^|^^|8|0|^00^|^^|0|0
^2026^|^01^|^527666^|^015^|^08^|^WA^|^4715^|^EBA^|^07^|^54^|^2^|^001^|^Kerumahtanggaan^|0|^^|0|^^|^^|1|0|^00^|^^|0|0
^2026^|^01^|^527666^|^015^|^08^|^WA^|^4715^|^EBA^|^07^|^54^|^2^|^994^|^Layanan Perkantoran^|0|^^|0|^^|^^|12|0|^00^|^^|0|0
^2026^|^01^|^527666^|^015^|^08^|^WA^|^4715^|^EBA^|^07^|^54^|^2^|^002^|^Dukungan Pimpinan dan Keprotokoleran^|0|^^|0|^^|^^|1|0|^00^|^^|0|0
^2026^|^01^|^527666^|^015^|^08^|^WA^|^4715^|^EBD^|^07^|^54^|^2^|^Z36^|^Dokumen Pengelolaan Kinerja Organisasi^|0|^^|0|^^|^^|2|0|^00^|^^|0|0
^2026^|^01^|^527666^|^015^|^08^|^WA^|^4718^|^BMB^|^07^|^54^|^2^|^002^|^Kehumasan^|0|^^|0|^^|^^|2|0|^00^|^^|0|0
^2026^|^01^|^527666^|^015^|^08^|^WA^|^4718^|^BMB^|^07^|^54^|^2^|^001^|^Pembinaan/Edukasi Publik^|0|^^|0|^^|^^|4|0|^00^|^^|0|0
^2026^|^01^|^527666^|^015^|^08^|^WA^|^4719^|^EBA^|^07^|^54^|^2^|^994^|^Layanan Perkantoran^|0|^^|0|^^|^^|1|0|^00^|^^|0|0
^2026^|^01^|^527666^|^015^|^08^|^WA^|^4719^|^EBA^|^07^|^54^|^2^|^004^|^Hasil Survey/Rekomendasi Kepuasan Pengguna Layanan^|0|^^|0|^^|^^|4|0|^00^|^^|0|0
^2026^|^01^|^527666^|^015^|^08^|^WA^|^4719^|^EBC^|^07^|^54^|^2^|^001^|^Pengembangan SDM^|0|^^|0|^^|^^|32|0|^00^|^^|0|0
^2026^|^01^|^527741^|^015^|^08^|^CD^|^6212^|^BMB^|^07^|^52^|^2^|^001^|^Dukungan Pemberdayaan UMKM untuk Inklusi Pemanfaatan Digipay^|0|^^|0|^^|^^|1|0|^00^|^^|0|0
^2026^|^01^|^527741^|^015^|^08^|^CD^|^6212^|^FAC^|^07^|^52^|^2^|^001^|^Komunikasi dan Edukasi Implementasi Aplikasi^|0|^^|0|^^|^^|77|0|^00^|^^|0|0
^2026^|^01^|^527741^|^015^|^08^|^CD^|^6212^|^FAH^|^07^|^52^|^2^|^001^|^Edukasi Dalam Rangka Penyusunan Laporan Keuangan Tingkat Kuasa BUN^|0|^^|0|^^|^^|4|0|^00^|^^|0|0
^2026^|^01^|^527741^|^015^|^08^|^CD^|^6212^|^FAL^|^07^|^52^|^2^|^004^|^Konsultasi Pencairan Dana^|0|^^|0|^^|^^|6|0|^00^|^^|0|0
^2026^|^01^|^527741^|^015^|^08^|^CD^|^6213^|^FAC^|^07^|^52^|^2^|^001^|^Monev Pengembangan Kompetensi KPA, PPK, PPSPM, Bendahara dan Pengelola Perbendaharaan^|0|^^|0|^^|^^|4|0|^00^|^^|0|0
^2026^|^01^|^527741^|^015^|^08^|^CD^|^6213^|^FAE^|^07^|^52^|^2^|^009^|^Rekomendasi atas Kinerja Investasi Pemerintah^|0|^^|0|^^|^^|2|0|^00^|^^|0|0
^2026^|^01^|^527741^|^015^|^08^|^CD^|^6213^|^FAL^|^07^|^52^|^2^|^001^|^Monev Penerimaan dan Pengeluaran Kas^|0|^^|0|^^|^^|1|0|^00^|^^|0|0
^2026^|^01^|^527741^|^015^|^08^|^CD^|^6214^|^FAL^|^07^|^52^|^2^|^002^|^Surat Perintah Pencairan/Penarikan/Repayment/Pengesahan Dana^|0|^^|0|^^|^^|1776|0|^00^|^^|0|0
^2026^|^01^|^527741^|^015^|^08^|^CD^|^6215^|^FAH^|^07^|^52^|^2^|^003^|^Laporan Keuangan BUN^|0|^^|0|^^|^^|4|0|^00^|^^|0|0
^2026^|^01^|^527741^|^015^|^08^|^WA^|^4715^|^EBA^|^07^|^52^|^2^|^001^|^Kerumahtanggaan^|0|^^|0|^^|^^|1|0|^00^|^^|0|0
^2026^|^01^|^527741^|^015^|^08^|^WA^|^4715^|^EBA^|^07^|^52^|^2^|^994^|^Layanan Perkantoran^|0|^^|0|^^|^^|1|0|^00^|^^|0|0
^2026^|^01^|^527741^|^015^|^08^|^WA^|^4715^|^EBA^|^07^|^52^|^2^|^002^|^Dukungan Pimpinan dan Keprotokoleran^|0|^^|0|^^|^^|1|0|^00^|^^|0|0
^2026^|^01^|^527741^|^015^|^08^|^WA^|^4715^|^EBD^|^07^|^52^|^2^|^Z36^|^Dokumen Pengelolaan Kinerja Organisasi^|0|^^|0|^^|^^|2|0|^00^|^^|0|0
^2026^|^01^|^527741^|^015^|^08^|^WA^|^4718^|^BMB^|^07^|^52^|^2^|^002^|^Kehumasan^|0|^^|0|^^|^^|1|0|^00^|^^|0|0
^2026^|^01^|^527741^|^015^|^08^|^WA^|^4718^|^BMB^|^07^|^52^|^2^|^001^|^Pembinaan/Edukasi Publik^|0|^^|0|^^|^^|2|0|^00^|^^|0|0
^2026^|^01^|^527741^|^015^|^08^|^WA^|^4719^|^EBA^|^07^|^52^|^2^|^994^|^Layanan Perkantoran^|0|^^|0|^^|^^|1|0|^00^|^^|0|0
^2026^|^01^|^527741^|^015^|^08^|^WA^|^4719^|^EBA^|^07^|^52^|^2^|^004^|^Hasil Survey/Rekomendasi Kepuasan Pengguna Layanan^|0|^^|0|^^|^^|2|0|^00^|^^|0|0
^2026^|^01^|^527741^|^015^|^08^|^WA^|^4719^|^EBC^|^07^|^52^|^2^|^001^|^Pengembangan SDM^|0|^^|0|^^|^^|22|0|^00^|^^|0|0
^2026^|^01^|^527691^|^015^|^08^|^CD^|^6212^|^BMB^|^07^|^55^|^2^|^001^|^Dukungan Pemberdayaan UMKM untuk Inklusi Pemanfaatan Digipay^|0|^^|0|^^|^^|1|0|^00^|^^|0|0
^2026^|^01^|^527691^|^015^|^08^|^CD^|^6212^|^FAC^|^07^|^55^|^2^|^001^|^Komunikasi dan Edukasi Implementasi Aplikasi^|0|^^|0|^^|^^|24|0|^00^|^^|0|0
^2026^|^01^|^527691^|^015^|^08^|^CD^|^6212^|^FAH^|^07^|^55^|^2^|^001^|^Edukasi Dalam Rangka Penyusunan Laporan Keuangan Tingkat Kuasa BUN^|0|^^|0|^^|^^|4|0|^00^|^^|0|0
^2026^|^01^|^527691^|^015^|^08^|^CD^|^6212^|^FAL^|^07^|^55^|^2^|^004^|^Konsultasi Pencairan Dana^|0|^^|0|^^|^^|8|0|^00^|^^|0|0
^2026^|^01^|^527691^|^015^|^08^|^CD^|^6213^|^FAC^|^07^|^55^|^2^|^001^|^Monev Pengembangan Kompetensi KPA, PPK, PPSPM, Bendahara dan Pengelola Perbendaharaan^|0|^^|0|^^|^^|7|0|^00^|^^|0|0
^2026^|^01^|^527691^|^015^|^08^|^CD^|^6213^|^FAE^|^07^|^55^|^2^|^009^|^Rekomendasi atas Kinerja Investasi Pemerintah^|0|^^|0|^^|^^|2|0|^00^|^^|0|0
^2026^|^01^|^527691^|^015^|^08^|^CD^|^6213^|^FAL^|^07^|^55^|^2^|^003^|^Reviu Belanja Pemerintah^|0|^^|0|^^|^^|1|0|^00^|^^|0|0
^2026^|^01^|^527691^|^015^|^08^|^CD^|^6214^|^FAL^|^07^|^55^|^2^|^002^|^Surat Perintah Pencairan/Penarikan/Repayment/Pengesahan Dana^|0|^^|0|^^|^^|1008|0|^00^|^^|0|0
^2026^|^01^|^527691^|^015^|^08^|^CD^|^6215^|^FAH^|^07^|^55^|^2^|^003^|^Laporan Keuangan BUN^|0|^^|0|^^|^^|4|0|^00^|^^|0|0
^2026^|^01^|^527691^|^015^|^08^|^WA^|^4715^|^EBA^|^07^|^55^|^2^|^001^|^Kerumahtanggaan^|0|^^|0|^^|^^|12|0|^00^|^^|0|0
^2026^|^01^|^527691^|^015^|^08^|^WA^|^4715^|^EBA^|^07^|^55^|^2^|^994^|^Layanan Perkantoran^|0|^^|0|^^|^^|12|0|^00^|^^|0|0
^2026^|^01^|^527691^|^015^|^08^|^WA^|^4715^|^EBA^|^07^|^55^|^2^|^002^|^Dukungan Pimpinan dan Keprotokoleran^|0|^^|0|^^|^^|12|0|^00^|^^|0|0
^2026^|^01^|^527691^|^015^|^08^|^WA^|^4715^|^EBD^|^07^|^55^|^2^|^Z36^|^Dokumen Pengelolaan Kinerja Organisasi^|0|^^|0|^^|^^|2|0|^00^|^^|0|0
^2026^|^01^|^527691^|^015^|^08^|^WA^|^4718^|^BMB^|^07^|^55^|^2^|^002^|^Kehumasan^|0|^^|0|^^|^^|1|0|^00^|^^|0|0
^2026^|^01^|^527691^|^015^|^08^|^WA^|^4718^|^BMB^|^07^|^55^|^2^|^001^|^Pembinaan/Edukasi Publik^|0|^^|0|^^|^^|2|0|^00^|^^|0|0
^2026^|^01^|^527691^|^015^|^08^|^WA^|^4719^|^EBA^|^07^|^55^|^2^|^994^|^Layanan Perkantoran^|0|^^|0|^^|^^|12|0|^00^|^^|0|0
^2026^|^01^|^527691^|^015^|^08^|^WA^|^4719^|^EBA^|^07^|^55^|^2^|^004^|^Hasil Survey/Rekomendasi Kepuasan Pengguna Layanan^|0|^^|0|^^|^^|2|0|^00^|^^|0|0
^2026^|^01^|^527691^|^015^|^08^|^WA^|^4719^|^EBC^|^07^|^55^|^2^|^001^|^Pengembangan SDM^|0|^^|0|^^|^^|20|0|^00^|^^|0|0
^2026^|^01^|^527709^|^015^|^08^|^CD^|^6212^|^BMB^|^07^|^06^|^2^|^001^|^Dukungan Pemberdayaan UMKM untuk Inklusi Pemanfaatan Digipay^|0|^^|0|^^|^^|1|0|^00^|^^|0|0
^2026^|^01^|^527709^|^015^|^08^|^CD^|^6212^|^FAC^|^07^|^06^|^2^|^001^|^Komunikasi dan Edukasi Implementasi Aplikasi^|0|^^|0|^^|^^|30|0|^00^|^^|0|0
^2026^|^01^|^527709^|^015^|^08^|^CD^|^6212^|^FAH^|^07^|^06^|^2^|^001^|^Edukasi Dalam Rangka Penyusunan Laporan Keuangan Tingkat Kuasa BUN^|0|^^|0|^^|^^|4|0|^00^|^^|0|0
^2026^|^01^|^527709^|^015^|^08^|^CD^|^6212^|^FAL^|^07^|^06^|^2^|^004^|^Konsultasi Pencairan Dana^|0|^^|0|^^|^^|8|0|^00^|^^|0|0
^2026^|^01^|^527709^|^015^|^08^|^CD^|^6213^|^FAC^|^07^|^06^|^2^|^001^|^Monev Pengembangan Kompetensi KPA, PPK, PPSPM, Bendahara dan Pengelola Perbendaharaan^|0|^^|0|^^|^^|8|0|^00^|^^|0|0
^2026^|^01^|^527709^|^015^|^08^|^CD^|^6213^|^FAE^|^07^|^06^|^2^|^009^|^Rekomendasi atas Kinerja Investasi Pemerintah^|0|^^|0|^^|^^|2|0|^00^|^^|0|0
^2026^|^01^|^527709^|^015^|^08^|^CD^|^6213^|^FAL^|^07^|^06^|^2^|^003^|^Reviu Belanja Pemerintah^|0|^^|0|^^|^^|1|0|^00^|^^|0|0
^2026^|^01^|^527709^|^015^|^08^|^CD^|^6214^|^FAL^|^07^|^06^|^2^|^002^|^Surat Perintah Pencairan/Penarikan/Repayment/Pengesahan Dana^|0|^^|0|^^|^^|1272|0|^00^|^^|0|0
^2026^|^01^|^527709^|^015^|^08^|^CD^|^6215^|^FAH^|^07^|^06^|^2^|^003^|^Laporan Keuangan BUN^|0|^^|0|^^|^^|4|0|^00^|^^|0|0
^2026^|^01^|^527709^|^015^|^08^|^WA^|^4715^|^EBA^|^07^|^06^|^2^|^001^|^Kerumahtanggaan^|0|^^|0|^^|^^|12|0|^00^|^^|0|0
^2026^|^01^|^527709^|^015^|^08^|^WA^|^4715^|^EBA^|^07^|^06^|^2^|^994^|^Layanan Perkantoran^|0|^^|0|^^|^^|12|0|^00^|^^|0|0
^2026^|^01^|^527709^|^015^|^08^|^WA^|^4715^|^EBA^|^07^|^06^|^2^|^002^|^Dukungan Pimpinan dan Keprotokoleran^|0|^^|0|^^|^^|12|0|^00^|^^|0|0
^2026^|^01^|^527709^|^015^|^08^|^WA^|^4715^|^EBD^|^07^|^06^|^2^|^Z36^|^Dokumen Pengelolaan Kinerja Organisasi^|0|^^|0|^^|^^|2|0|^00^|^^|0|0
^2026^|^01^|^527709^|^015^|^08^|^WA^|^4718^|^BMB^|^07^|^06^|^2^|^002^|^Kehumasan^|0|^^|0|^^|^^|1|0|^00^|^^|0|0
^2026^|^01^|^527709^|^015^|^08^|^WA^|^4718^|^BMB^|^07^|^06^|^2^|^001^|^Pembinaan/Edukasi Publik^|0|^^|0|^^|^^|2|0|^00^|^^|0|0
^2026^|^01^|^527709^|^015^|^08^|^WA^|^4719^|^EBA^|^07^|^06^|^2^|^994^|^Layanan Perkantoran^|0|^^|0|^^|^^|12|0|^00^|^^|0|0
^2026^|^01^|^527709^|^015^|^08^|^WA^|^4719^|^EBA^|^07^|^06^|^2^|^004^|^Hasil Survey/Rekomendasi Kepuasan Pengguna Layanan^|0|^^|0|^^|^^|2|0|^00^|^^|0|0
^2026^|^01^|^527709^|^015^|^08^|^WA^|^4719^|^EBC^|^07^|^06^|^2^|^001^|^Pengembangan SDM^|0|^^|0|^^|^^|12|0|^00^|^^|0|0
^2026^|^01^|^527755^|^015^|^08^|^CD^|^6212^|^BMB^|^07^|^12^|^2^|^001^|^Dukungan Pemberdayaan UMKM untuk Inklusi Pemanfaatan Digipay^|0|^^|0|^^|^^|1|0|^00^|^^|0|0
^2026^|^01^|^527755^|^015^|^08^|^CD^|^6212^|^FAC^|^07^|^12^|^2^|^001^|^Komunikasi dan Edukasi Implementasi Aplikasi^|0|^^|0|^^|^^|41|0|^00^|^^|0|0
^2026^|^01^|^527755^|^015^|^08^|^CD^|^6212^|^FAH^|^07^|^12^|^2^|^001^|^Edukasi Dalam Rangka Penyusunan Laporan Keuangan Tingkat Kuasa BUN^|0|^^|0|^^|^^|4|0|^00^|^^|0|0
^2026^|^01^|^527755^|^015^|^08^|^CD^|^6212^|^FAL^|^07^|^12^|^2^|^004^|^Konsultasi Pencairan Dana^|0|^^|0|^^|^^|8|0|^00^|^^|0|0
^2026^|^01^|^527755^|^015^|^08^|^CD^|^6213^|^FAC^|^07^|^12^|^2^|^001^|^Monev Pengembangan Kompetensi KPA, PPK, PPSPM, Bendahara dan Pengelola Perbendaharaan^|0|^^|0|^^|^^|8|0|^00^|^^|0|0
^2026^|^01^|^527755^|^015^|^08^|^CD^|^6213^|^FAE^|^07^|^12^|^2^|^009^|^Rekomendasi atas Kinerja Investasi Pemerintah^|0|^^|0|^^|^^|2|0|^00^|^^|0|0
^2026^|^01^|^527755^|^015^|^08^|^CD^|^6213^|^FAL^|^07^|^12^|^2^|^003^|^Reviu Belanja Pemerintah^|0|^^|0|^^|^^|1|0|^00^|^^|0|0
^2026^|^01^|^527755^|^015^|^08^|^CD^|^6214^|^FAL^|^07^|^12^|^2^|^002^|^Surat Perintah Pencairan/Penarikan/Repayment/Pengesahan Dana^|0|^^|0|^^|^^|1752|0|^00^|^^|0|0
^2026^|^01^|^527755^|^015^|^08^|^CD^|^6215^|^FAH^|^07^|^12^|^2^|^003^|^Laporan Keuangan BUN^|0|^^|0|^^|^^|4|0|^00^|^^|0|0
^2026^|^01^|^527755^|^015^|^08^|^WA^|^4715^|^EBA^|^07^|^12^|^2^|^001^|^Kerumahtanggaan^|0|^^|0|^^|^^|12|0|^00^|^^|0|0
^2026^|^01^|^527755^|^015^|^08^|^WA^|^4715^|^EBA^|^07^|^12^|^2^|^994^|^Layanan Perkantoran^|0|^^|0|^^|^^|12|0|^00^|^^|0|0
^2026^|^01^|^527755^|^015^|^08^|^WA^|^4715^|^EBA^|^07^|^12^|^2^|^002^|^Dukungan Pimpinan dan Keprotokoleran^|0|^^|0|^^|^^|12|0|^00^|^^|0|0
^2026^|^01^|^527755^|^015^|^08^|^WA^|^4715^|^EBD^|^07^|^12^|^2^|^Z36^|^Dokumen Pengelolaan Kinerja Organisasi^|0|^^|0|^^|^^|2|0|^00^|^^|0|0
^2026^|^01^|^527755^|^015^|^08^|^WA^|^4718^|^BMB^|^07^|^12^|^2^|^002^|^Kehumasan^|0|^^|0|^^|^^|1|0|^00^|^^|0|0
^2026^|^01^|^527755^|^015^|^08^|^WA^|^4718^|^BMB^|^07^|^12^|^2^|^001^|^Pembinaan/Edukasi Publik^|0|^^|0|^^|^^|2|0|^00^|^^|0|0
^2026^|^01^|^527755^|^015^|^08^|^WA^|^4719^|^EBA^|^07^|^12^|^2^|^994^|^Layanan Perkantoran^|0|^^|0|^^|^^|12|0|^00^|^^|0|0
^2026^|^01^|^527755^|^015^|^08^|^WA^|^4719^|^EBA^|^07^|^12^|^2^|^004^|^Hasil Survey/Rekomendasi Kepuasan Pengguna Layanan^|0|^^|0|^^|^^|2|0|^00^|^^|0|0
^2026^|^01^|^527755^|^015^|^08^|^WA^|^4719^|^EBC^|^07^|^12^|^2^|^001^|^Pengembangan SDM^|0|^^|0|^^|^^|13|0|^00^|^^|0|0
^2026^|^01^|^527713^|^015^|^08^|^CD^|^6212^|^BMB^|^07^|^56^|^2^|^001^|^Dukungan Pemberdayaan UMKM untuk Inklusi Pemanfaatan Digipay^|0|^^|0|^^|^^|1|0|^00^|^^|0|0
^2026^|^01^|^527713^|^015^|^08^|^CD^|^6212^|^FAC^|^07^|^56^|^2^|^001^|^Komunikasi dan Edukasi Implementasi Aplikasi^|0|^^|0|^^|^^|27|0|^00^|^^|0|0
^2026^|^01^|^527713^|^015^|^08^|^CD^|^6212^|^FAH^|^07^|^56^|^2^|^001^|^Edukasi Dalam Rangka Penyusunan Laporan Keuangan Tingkat Kuasa BUN^|0|^^|0|^^|^^|4|0|^00^|^^|0|0
^2026^|^01^|^527713^|^015^|^08^|^CD^|^6212^|^FAL^|^07^|^56^|^2^|^004^|^Konsultasi Pencairan Dana^|0|^^|0|^^|^^|9|0|^00^|^^|0|0
^2026^|^01^|^527713^|^015^|^08^|^CD^|^6213^|^FAC^|^07^|^56^|^2^|^001^|^Monev Pengembangan Kompetensi KPA, PPK, PPSPM, Bendahara dan Pengelola Perbendaharaan^|0|^^|0|^^|^^|9|0|^00^|^^|0|0
^2026^|^01^|^527713^|^015^|^08^|^CD^|^6213^|^FAE^|^07^|^56^|^2^|^009^|^Rekomendasi atas Kinerja Investasi Pemerintah^|0|^^|0|^^|^^|2|0|^00^|^^|0|0
^2026^|^01^|^527713^|^015^|^08^|^CD^|^6213^|^FAL^|^07^|^56^|^2^|^003^|^Reviu Belanja Pemerintah^|0|^^|0|^^|^^|1|0|^00^|^^|0|0
^2026^|^01^|^527713^|^015^|^08^|^CD^|^6214^|^FAL^|^07^|^56^|^2^|^002^|^Surat Perintah Pencairan/Penarikan/Repayment/Pengesahan Dana^|0|^^|0|^^|^^|1176|0|^00^|^^|0|0
^2026^|^01^|^527713^|^015^|^08^|^CD^|^6215^|^FAH^|^07^|^56^|^2^|^003^|^Laporan Keuangan BUN^|0|^^|0|^^|^^|4|0|^00^|^^|0|0
^2026^|^01^|^527713^|^015^|^08^|^WA^|^4715^|^EBA^|^07^|^56^|^2^|^001^|^Kerumahtanggaan^|0|^^|0|^^|^^|12|0|^00^|^^|0|0
^2026^|^01^|^527713^|^015^|^08^|^WA^|^4715^|^EBA^|^07^|^56^|^2^|^994^|^Layanan Perkantoran^|0|^^|0|^^|^^|12|0|^00^|^^|0|0
^2026^|^01^|^527713^|^015^|^08^|^WA^|^4715^|^EBA^|^07^|^56^|^2^|^002^|^Dukungan Pimpinan dan Keprotokoleran^|0|^^|0|^^|^^|12|0|^00^|^^|0|0
^2026^|^01^|^527713^|^015^|^08^|^WA^|^4715^|^EBB^|^07^|^56^|^2^|^002^|^Peralatan Fasilitas Perkantoran^|0|^^|0|^^|^^|3|0|^00^|^^|0|0
^2026^|^01^|^527713^|^015^|^08^|^WA^|^4715^|^EBD^|^07^|^56^|^2^|^Z36^|^Dokumen Pengelolaan Kinerja Organisasi^|0|^^|0|^^|^^|2|0|^00^|^^|0|0
^2026^|^01^|^527713^|^015^|^08^|^WA^|^4718^|^BMB^|^07^|^56^|^2^|^002^|^Kehumasan^|0|^^|0|^^|^^|1|0|^00^|^^|0|0
^2026^|^01^|^527713^|^015^|^08^|^WA^|^4718^|^BMB^|^07^|^56^|^2^|^001^|^Pembinaan/Edukasi Publik^|0|^^|0|^^|^^|2|0|^00^|^^|0|0
^2026^|^01^|^527713^|^015^|^08^|^WA^|^4719^|^EBA^|^07^|^56^|^2^|^994^|^Layanan Perkantoran^|0|^^|0|^^|^^|12|0|^00^|^^|0|0
^2026^|^01^|^527713^|^015^|^08^|^WA^|^4719^|^EBA^|^07^|^56^|^2^|^004^|^Hasil Survey/Rekomendasi Kepuasan Pengguna Layanan^|0|^^|0|^^|^^|2|0|^00^|^^|0|0
^2026^|^01^|^527713^|^015^|^08^|^WA^|^4719^|^EBC^|^07^|^56^|^2^|^001^|^Pengembangan SDM^|0|^^|0|^^|^^|13|0|^00^|^^|0|0
^2026^|^01^|^527797^|^015^|^08^|^CD^|^6212^|^BMB^|^08^|^51^|^2^|^001^|^Dukungan Pemberdayaan UMKM untuk Inklusi Pemanfaatan Digipay^|0|^^|0|^^|^^|1|0|^00^|^^|0|0
^2026^|^01^|^527797^|^015^|^08^|^CD^|^6212^|^FAC^|^08^|^51^|^2^|^001^|^Komunikasi dan Edukasi Implementasi Aplikasi^|0|^^|0|^^|^^|90|0|^00^|^^|0|0
^2026^|^01^|^527797^|^015^|^08^|^CD^|^6212^|^FAH^|^08^|^51^|^2^|^001^|^Edukasi Dalam Rangka Penyusunan Laporan Keuangan Tingkat Kuasa BUN^|0|^^|0|^^|^^|4|0|^00^|^^|0|0
^2026^|^01^|^527797^|^015^|^08^|^CD^|^6212^|^FAL^|^08^|^51^|^2^|^004^|^Konsultasi Pencairan Dana^|0|^^|0|^^|^^|9|0|^00^|^^|0|0
^2026^|^01^|^527797^|^015^|^08^|^CD^|^6213^|^FAC^|^08^|^51^|^2^|^001^|^Monev Pengembangan Kompetensi KPA, PPK, PPSPM, Bendahara dan Pengelola Perbendaharaan^|0|^^|0|^^|^^|9|0|^00^|^^|0|0
^2026^|^01^|^527797^|^015^|^08^|^CD^|^6213^|^FAE^|^08^|^51^|^2^|^009^|^Rekomendasi atas Kinerja Investasi Pemerintah^|0|^^|0|^^|^^|2|0|^00^|^^|0|0
^2026^|^01^|^527797^|^015^|^08^|^CD^|^6213^|^FAL^|^08^|^51^|^2^|^003^|^Reviu Belanja Pemerintah^|0|^^|0|^^|^^|1|0|^00^|^^|0|0
^2026^|^01^|^527797^|^015^|^08^|^CD^|^6214^|^FAL^|^08^|^51^|^2^|^002^|^Surat Perintah Pencairan/Penarikan/Repayment/Pengesahan Dana^|0|^^|0|^^|^^|4008|0|^00^|^^|0|0
^2026^|^01^|^527797^|^015^|^08^|^CD^|^6215^|^FAH^|^08^|^51^|^2^|^003^|^Laporan Keuangan BUN^|0|^^|0|^^|^^|4|0|^00^|^^|0|0
^2026^|^01^|^527797^|^015^|^08^|^WA^|^4715^|^EBA^|^08^|^51^|^2^|^001^|^Kerumahtanggaan^|0|^^|0|^^|^^|12|0|^00^|^^|0|0
^2026^|^01^|^527797^|^015^|^08^|^WA^|^4715^|^EBA^|^08^|^51^|^2^|^994^|^Layanan Perkantoran^|0|^^|0|^^|^^|12|0|^00^|^^|0|0
^2026^|^01^|^527797^|^015^|^08^|^WA^|^4715^|^EBA^|^08^|^51^|^2^|^002^|^Dukungan Pimpinan dan Keprotokoleran^|0|^^|0|^^|^^|12|0|^00^|^^|0|0
^2026^|^01^|^527797^|^015^|^08^|^WA^|^4715^|^EBD^|^08^|^51^|^2^|^Z36^|^Dokumen Pengelolaan Kinerja Organisasi^|0|^^|0|^^|^^|2|0|^00^|^^|0|0
^2026^|^01^|^527797^|^015^|^08^|^WA^|^4718^|^BMB^|^08^|^51^|^2^|^002^|^Kehumasan^|0|^^|0|^^|^^|1|0|^00^|^^|0|0
^2026^|^01^|^527797^|^015^|^08^|^WA^|^4718^|^BMB^|^08^|^51^|^2^|^001^|^Pembinaan/Edukasi Publik^|0|^^|0|^^|^^|2|0|^00^|^^|0|0
^2026^|^01^|^527797^|^015^|^08^|^WA^|^4719^|^EBA^|^08^|^51^|^2^|^994^|^Layanan Perkantoran^|0|^^|0|^^|^^|1|0|^00^|^^|0|0
^2026^|^01^|^527797^|^015^|^08^|^WA^|^4719^|^EBA^|^08^|^51^|^2^|^004^|^Hasil Survey/Rekomendasi Kepuasan Pengguna Layanan^|0|^^|0|^^|^^|2|0|^00^|^^|0|0
^2026^|^01^|^527797^|^015^|^08^|^WA^|^4719^|^EBC^|^08^|^51^|^2^|^001^|^Pengembangan SDM^|0|^^|0|^^|^^|22|0|^00^|^^|0|0
^2026^|^01^|^527776^|^015^|^08^|^CD^|^6212^|^BMB^|^08^|^55^|^2^|^001^|^Dukungan Pemberdayaan UMKM untuk Inklusi Pemanfaatan Digipay^|0|^^|0|^^|^^|1|0|^00^|^^|0|0
^2026^|^01^|^527776^|^015^|^08^|^CD^|^6212^|^FAC^|^08^|^55^|^2^|^002^|^Bimbingan Teknis Pengelola Keuangan BLU^|0|^^|0|^^|^^|34|0|^00^|^^|0|0
^2026^|^01^|^527776^|^015^|^08^|^CD^|^6212^|^FAH^|^08^|^55^|^2^|^003^|^Komunikasi dan Edukasi Penyusunan LKKL dan LKBUN^|0|^^|0|^^|^^|4|0|^00^|^^|0|0
^2026^|^01^|^527776^|^015^|^08^|^CD^|^6212^|^FAH^|^08^|^55^|^2^|^002^|^Komunikasi dan Edukasi Dalam Rangka Penyusunan Government Financial Statistic (GFS)^|0|^^|0|^^|^^|7|0|^00^|^^|0|0
^2026^|^01^|^527776^|^015^|^08^|^CD^|^6212^|^FAL^|^08^|^55^|^2^|^001^|^Pembinaan Pelaksanaan Anggaran^|0|^^|0|^^|^^|8|0|^00^|^^|0|0
^2026^|^01^|^527776^|^015^|^08^|^CD^|^6213^|^ABA^|^08^|^55^|^2^|^001^|^Kajian atas Peluang Investasi dan Pinjaman Daerah^|0|^^|0|^^|^^|2|0|^00^|^^|0|0
^2026^|^01^|^527776^|^015^|^08^|^CD^|^6213^|^FAE^|^08^|^55^|^2^|^009^|^Rekomendasi atas Kinerja Investasi Pemerintah^|0|^^|0|^^|^^|2|0|^00^|^^|0|0
^2026^|^01^|^527776^|^015^|^08^|^CD^|^6213^|^FAE^|^08^|^55^|^2^|^008^|^ALCo Regional^|0|^^|0|^^|^^|2|0|^00^|^^|0|0
^2026^|^01^|^527776^|^015^|^08^|^CD^|^6213^|^FAL^|^08^|^55^|^2^|^003^|^Reviu Belanja Pemerintah^|0|^^|0|^^|^^|4|0|^00^|^^|0|0
^2026^|^01^|^527776^|^015^|^08^|^CD^|^6215^|^FAH^|^08^|^55^|^2^|^003^|^Laporan Keuangan BUN^|0|^^|0|^^|^^|4|0|^00^|^^|0|0
^2026^|^01^|^527776^|^015^|^08^|^CD^|^6215^|^FAH^|^08^|^55^|^2^|^001^|^Government Financial Statistic (GFS)^|0|^^|0|^^|^^|4|0|^00^|^^|0|0
^2026^|^01^|^527776^|^015^|^08^|^CD^|^6216^|^FAE^|^08^|^55^|^2^|^002^|^Rekomendasi Tarif Standar Biaya Masukan^|0|^^|0|^^|^^|1|0|^00^|^^|0|0
^2026^|^01^|^527776^|^015^|^08^|^WA^|^4715^|^EBA^|^08^|^55^|^2^|^001^|^Kerumahtanggaan^|0|^^|0|^^|^^|1|0|^00^|^^|0|0
^2026^|^01^|^527776^|^015^|^08^|^WA^|^4715^|^EBA^|^08^|^55^|^2^|^994^|^Layanan Perkantoran^|0|^^|0|^^|^^|1|0|^00^|^^|0|0
^2026^|^01^|^527776^|^015^|^08^|^WA^|^4715^|^EBA^|^08^|^55^|^2^|^002^|^Dukungan Pimpinan dan Keprotokoleran^|0|^^|0|^^|^^|1|0|^00^|^^|0|0
^2026^|^01^|^527776^|^015^|^08^|^WA^|^4715^|^EBB^|^08^|^55^|^2^|^004^|^Gedung/Bangunan^|0|^^|0|^^|^^|50|0|^00^|^^|0|0
^2026^|^01^|^527776^|^015^|^08^|^WA^|^4715^|^EBD^|^08^|^55^|^2^|^Z36^|^Dokumen Pengelolaan Kinerja Organisasi^|0|^^|0|^^|^^|4|0|^00^|^^|0|0
^2026^|^01^|^527776^|^015^|^08^|^WA^|^4715^|^EBD^|^08^|^55^|^2^|^Z26^|^Laporan Keuangan Unit^|0|^^|0|^^|^^|2|0|^00^|^^|0|0
^2026^|^01^|^527776^|^015^|^08^|^WA^|^4718^|^BMB^|^08^|^55^|^2^|^002^|^Kehumasan^|0|^^|0|^^|^^|4|0|^00^|^^|0|0
^2026^|^01^|^527776^|^015^|^08^|^WA^|^4718^|^BMB^|^08^|^55^|^2^|^001^|^Pembinaan/Edukasi Publik^|0|^^|0|^^|^^|2|0|^00^|^^|0|0
^2026^|^01^|^527776^|^015^|^08^|^WA^|^4719^|^EBA^|^08^|^55^|^2^|^003^|^Rekomendasi Pengelolaan Organisasi^|0|^^|0|^^|^^|13|0|^00^|^^|0|0
^2026^|^01^|^527776^|^015^|^08^|^WA^|^4719^|^EBA^|^08^|^55^|^2^|^994^|^Layanan Perkantoran^|0|^^|0|^^|^^|1|0|^00^|^^|0|0
^2026^|^01^|^527776^|^015^|^08^|^WA^|^4719^|^EBA^|^08^|^55^|^2^|^005^|^Standar Mutu Layanan - ISO Mutu Layanan^|0|^^|0|^^|^^|14|0|^00^|^^|0|0
^2026^|^01^|^527776^|^015^|^08^|^WA^|^4719^|^EBC^|^08^|^55^|^2^|^001^|^Pengembangan SDM^|0|^^|0|^^|^^|51|0|^00^|^^|0|0
^2026^|^01^|^527776^|^015^|^08^|^WA^|^4722^|^EBD^|^08^|^55^|^2^|^001^|^Rekomendasi Penerapan Pengelolaan Risiko, Pengendalian dan Pengawasan Internal^|0|^^|0|^^|^^|2|0|^00^|^^|0|0
^2026^|^01^|^527802^|^015^|^08^|^CD^|^6212^|^BMB^|^08^|^14^|^2^|^001^|^Dukungan Pemberdayaan UMKM untuk Inklusi Pemanfaatan Digipay^|0|^^|0|^^|^^|1|0|^00^|^^|0|0
^2026^|^01^|^527802^|^015^|^08^|^CD^|^6212^|^FAC^|^08^|^14^|^2^|^001^|^Komunikasi dan Edukasi Implementasi Aplikasi^|0|^^|0|^^|^^|35|0|^00^|^^|0|0
^2026^|^01^|^527802^|^015^|^08^|^CD^|^6212^|^FAH^|^08^|^14^|^2^|^001^|^Edukasi Dalam Rangka Penyusunan Laporan Keuangan Tingkat Kuasa BUN^|0|^^|0|^^|^^|4|0|^00^|^^|0|0
^2026^|^01^|^527802^|^015^|^08^|^CD^|^6212^|^FAL^|^08^|^14^|^2^|^004^|^Konsultasi Pencairan Dana^|0|^^|0|^^|^^|8|0|^00^|^^|0|0
^2026^|^01^|^527802^|^015^|^08^|^CD^|^6213^|^FAC^|^08^|^14^|^2^|^001^|^Monev Pengembangan Kompetensi KPA, PPK, PPSPM, Bendahara dan Pengelola Perbendaharaan^|0|^^|0|^^|^^|8|0|^00^|^^|0|0
^2026^|^01^|^527802^|^015^|^08^|^CD^|^6213^|^FAE^|^08^|^14^|^2^|^009^|^Rekomendasi atas Kinerja Investasi Pemerintah^|0|^^|0|^^|^^|2|0|^00^|^^|0|0
^2026^|^01^|^527802^|^015^|^08^|^CD^|^6213^|^FAL^|^08^|^14^|^2^|^003^|^Reviu Belanja Pemerintah^|0|^^|0|^^|^^|1|0|^00^|^^|0|0
^2026^|^01^|^527802^|^015^|^08^|^CD^|^6214^|^FAL^|^08^|^14^|^2^|^002^|^Surat Perintah Pencairan/Penarikan/Repayment/Pengesahan Dana^|0|^^|0|^^|^^|1536|0|^00^|^^|0|0
^2026^|^01^|^527802^|^015^|^08^|^CD^|^6215^|^FAH^|^08^|^14^|^2^|^003^|^Laporan Keuangan BUN^|0|^^|0|^^|^^|4|0|^00^|^^|0|0
^2026^|^01^|^527802^|^015^|^08^|^WA^|^4715^|^EBA^|^08^|^14^|^2^|^001^|^Kerumahtanggaan^|0|^^|0|^^|^^|12|0|^00^|^^|0|0
^2026^|^01^|^527802^|^015^|^08^|^WA^|^4715^|^EBA^|^08^|^14^|^2^|^994^|^Layanan Perkantoran^|0|^^|0|^^|^^|12|0|^00^|^^|0|0
^2026^|^01^|^527802^|^015^|^08^|^WA^|^4715^|^EBA^|^08^|^14^|^2^|^002^|^Dukungan Pimpinan dan Keprotokoleran^|0|^^|0|^^|^^|12|0|^00^|^^|0|0
^2026^|^01^|^527802^|^015^|^08^|^WA^|^4715^|^EBD^|^08^|^14^|^2^|^Z36^|^Dokumen Pengelolaan Kinerja Organisasi^|0|^^|0|^^|^^|2|0|^00^|^^|0|0
^2026^|^01^|^527802^|^015^|^08^|^WA^|^4718^|^BMB^|^08^|^14^|^2^|^002^|^Kehumasan^|0|^^|0|^^|^^|1|0|^00^|^^|0|0
^2026^|^01^|^527802^|^015^|^08^|^WA^|^4718^|^BMB^|^08^|^14^|^2^|^001^|^Pembinaan/Edukasi Publik^|0|^^|0|^^|^^|2|0|^00^|^^|0|0
^2026^|^01^|^527802^|^015^|^08^|^WA^|^4719^|^EBA^|^08^|^14^|^2^|^994^|^Layanan Perkantoran^|0|^^|0|^^|^^|12|0|^00^|^^|0|0
^2026^|^01^|^527802^|^015^|^08^|^WA^|^4719^|^EBA^|^08^|^14^|^2^|^004^|^Hasil Survey/Rekomendasi Kepuasan Pengguna Layanan^|0|^^|0|^^|^^|2|0|^00^|^^|0|0
^2026^|^01^|^527802^|^015^|^08^|^WA^|^4719^|^EBC^|^08^|^14^|^2^|^001^|^Pengembangan SDM^|0|^^|0|^^|^^|14|0|^00^|^^|0|0
^2026^|^01^|^527780^|^015^|^08^|^CD^|^6212^|^BMB^|^08^|^55^|^2^|^001^|^Dukungan Pemberdayaan UMKM untuk Inklusi Pemanfaatan Digipay^|0|^^|0|^^|^^|1|0|^00^|^^|0|0
^2026^|^01^|^527780^|^015^|^08^|^CD^|^6212^|^FAC^|^08^|^55^|^2^|^001^|^Komunikasi dan Edukasi Implementasi Aplikasi^|0|^^|0|^^|^^|107|0|^00^|^^|0|0
^2026^|^01^|^527780^|^015^|^08^|^CD^|^6212^|^FAH^|^08^|^55^|^2^|^001^|^Edukasi Dalam Rangka Penyusunan Laporan Keuangan Tingkat Kuasa BUN^|0|^^|0|^^|^^|4|0|^00^|^^|0|0
^2026^|^01^|^527780^|^015^|^08^|^CD^|^6212^|^FAL^|^08^|^55^|^2^|^004^|^Konsultasi Pencairan Dana^|0|^^|0|^^|^^|9|0|^00^|^^|0|0
^2026^|^01^|^527780^|^015^|^08^|^CD^|^6213^|^FAC^|^08^|^55^|^2^|^001^|^Monev Pengembangan Kompetensi KPA, PPK, PPSPM, Bendahara dan Pengelola Perbendaharaan^|0|^^|0|^^|^^|9|0|^00^|^^|0|0
^2026^|^01^|^527780^|^015^|^08^|^CD^|^6213^|^FAE^|^08^|^55^|^2^|^009^|^Rekomendasi atas Kinerja Investasi Pemerintah^|0|^^|0|^^|^^|2|0|^00^|^^|0|0
^2026^|^01^|^527780^|^015^|^08^|^CD^|^6213^|^FAL^|^08^|^55^|^2^|^003^|^Reviu Belanja Pemerintah^|0|^^|0|^^|^^|1|0|^00^|^^|0|0
^2026^|^01^|^527780^|^015^|^08^|^CD^|^6214^|^FAL^|^08^|^55^|^2^|^002^|^Surat Perintah Pencairan/Penarikan/Repayment/Pengesahan Dana^|0|^^|0|^^|^^|4896|0|^00^|^^|0|0
^2026^|^01^|^527780^|^015^|^08^|^CD^|^6215^|^FAH^|^08^|^55^|^2^|^003^|^Laporan Keuangan BUN^|0|^^|0|^^|^^|4|0|^00^|^^|0|0
^2026^|^01^|^527780^|^015^|^08^|^WA^|^4715^|^EBA^|^08^|^55^|^2^|^002^|^Dukungan Pimpinan dan Keprotokoleran^|0|^^|0|^^|^^|12|0|^00^|^^|0|0
^2026^|^01^|^527780^|^015^|^08^|^WA^|^4715^|^EBA^|^08^|^55^|^2^|^001^|^Kerumahtanggaan^|0|^^|0|^^|^^|12|0|^00^|^^|0|0
^2026^|^01^|^527780^|^015^|^08^|^WA^|^4715^|^EBA^|^08^|^55^|^2^|^994^|^Layanan Perkantoran^|0|^^|0|^^|^^|12|0|^00^|^^|0|0
^2026^|^01^|^527780^|^015^|^08^|^WA^|^4715^|^EBB^|^08^|^55^|^2^|^002^|^Peralatan Fasilitas Perkantoran^|0|^^|0|^^|^^|6|0|^00^|^^|0|0
^2026^|^01^|^527780^|^015^|^08^|^WA^|^4715^|^EBD^|^08^|^55^|^2^|^Z36^|^Dokumen Pengelolaan Kinerja Organisasi^|0|^^|0|^^|^^|2|0|^00^|^^|0|0
^2026^|^01^|^527780^|^015^|^08^|^WA^|^4718^|^BMB^|^08^|^55^|^2^|^002^|^Kehumasan^|0|^^|0|^^|^^|1|0|^00^|^^|0|0
^2026^|^01^|^527780^|^015^|^08^|^WA^|^4718^|^BMB^|^08^|^55^|^2^|^001^|^Pembinaan/Edukasi Publik^|0|^^|0|^^|^^|1|0|^00^|^^|0|0
^2026^|^01^|^527780^|^015^|^08^|^WA^|^4719^|^EBA^|^08^|^55^|^2^|^994^|^Layanan Perkantoran^|0|^^|0|^^|^^|12|0|^00^|^^|0|0
^2026^|^01^|^527780^|^015^|^08^|^WA^|^4719^|^EBA^|^08^|^55^|^2^|^004^|^Hasil Survey/Rekomendasi Kepuasan Pengguna Layanan^|0|^^|0|^^|^^|2|0|^00^|^^|0|0
^2026^|^01^|^527780^|^015^|^08^|^WA^|^4719^|^EBC^|^08^|^55^|^2^|^001^|^Pengembangan SDM^|0|^^|0|^^|^^|25|0|^00^|^^|0|0
^2026^|^01^|^527819^|^015^|^08^|^CD^|^6212^|^BMB^|^08^|^53^|^2^|^001^|^Dukungan Pemberdayaan UMKM untuk Inklusi Pemanfaatan Digipay^|0|^^|0|^^|^^|1|0|^00^|^^|0|0
^2026^|^01^|^527819^|^015^|^08^|^CD^|^6212^|^FAC^|^08^|^53^|^2^|^001^|^Komunikasi dan Edukasi Implementasi Aplikasi^|0|^^|0|^^|^^|68|0|^00^|^^|0|0
^2026^|^01^|^527819^|^015^|^08^|^CD^|^6212^|^FAH^|^08^|^53^|^2^|^001^|^Edukasi Dalam Rangka Penyusunan Laporan Keuangan Tingkat Kuasa BUN^|0|^^|0|^^|^^|4|0|^00^|^^|0|0
^2026^|^01^|^527819^|^015^|^08^|^CD^|^6212^|^FAL^|^08^|^53^|^2^|^004^|^Konsultasi Pencairan Dana^|0|^^|0|^^|^^|9|0|^00^|^^|0|0
^2026^|^01^|^527819^|^015^|^08^|^CD^|^6213^|^FAC^|^08^|^53^|^2^|^001^|^Monev Pengembangan Kompetensi KPA, PPK, PPSPM, Bendahara dan Pengelola Perbendaharaan^|0|^^|0|^^|^^|9|0|^00^|^^|0|0
^2026^|^01^|^527819^|^015^|^08^|^CD^|^6213^|^FAE^|^08^|^53^|^2^|^009^|^Rekomendasi atas Kinerja Investasi Pemerintah^|0|^^|0|^^|^^|2|0|^00^|^^|0|0
^2026^|^01^|^527819^|^015^|^08^|^CD^|^6213^|^FAL^|^08^|^53^|^2^|^003^|^Reviu Belanja Pemerintah^|0|^^|0|^^|^^|1|0|^00^|^^|0|0
^2026^|^01^|^527819^|^015^|^08^|^CD^|^6214^|^FAL^|^08^|^53^|^2^|^002^|^Surat Perintah Pencairan/Penarikan/Repayment/Pengesahan Dana^|0|^^|0|^^|^^|1560|0|^00^|^^|0|0
^2026^|^01^|^527819^|^015^|^08^|^CD^|^6215^|^FAH^|^08^|^53^|^2^|^003^|^Laporan Keuangan BUN^|0|^^|0|^^|^^|4|0|^00^|^^|0|0
^2026^|^01^|^527819^|^015^|^08^|^WA^|^4715^|^EBA^|^08^|^53^|^2^|^001^|^Kerumahtanggaan^|0|^^|0|^^|^^|1|0|^00^|^^|0|0
^2026^|^01^|^527819^|^015^|^08^|^WA^|^4715^|^EBA^|^08^|^53^|^2^|^994^|^Layanan Perkantoran^|0|^^|0|^^|^^|1|0|^00^|^^|0|0
^2026^|^01^|^527819^|^015^|^08^|^WA^|^4715^|^EBA^|^08^|^53^|^2^|^002^|^Dukungan Pimpinan dan Keprotokoleran^|0|^^|0|^^|^^|1|0|^00^|^^|0|0
^2026^|^01^|^527819^|^015^|^08^|^WA^|^4715^|^EBD^|^08^|^53^|^2^|^Z36^|^Dokumen Pengelolaan Kinerja Organisasi^|0|^^|0|^^|^^|2|0|^00^|^^|0|0
^2026^|^01^|^527819^|^015^|^08^|^WA^|^4718^|^BMB^|^08^|^53^|^2^|^002^|^Kehumasan^|0|^^|0|^^|^^|1|0|^00^|^^|0|0
^2026^|^01^|^527819^|^015^|^08^|^WA^|^4718^|^BMB^|^08^|^53^|^2^|^001^|^Pembinaan/Edukasi Publik^|0|^^|0|^^|^^|1|0|^00^|^^|0|0
^2026^|^01^|^527819^|^015^|^08^|^WA^|^4719^|^EBA^|^08^|^53^|^2^|^994^|^Layanan Perkantoran^|0|^^|0|^^|^^|1|0|^00^|^^|0|0
^2026^|^01^|^527819^|^015^|^08^|^WA^|^4719^|^EBA^|^08^|^53^|^2^|^004^|^Hasil Survey/Rekomendasi Kepuasan Pengguna Layanan^|0|^^|0|^^|^^|2|0|^00^|^^|0|0
^2026^|^01^|^527819^|^015^|^08^|^WA^|^4719^|^EBC^|^08^|^53^|^2^|^001^|^Pengembangan SDM^|0|^^|0|^^|^^|15|0|^00^|^^|0|0
